Mig Alley - Linux native port (Rowan engine)
  wmig ELF links (15 game unities + MFC UI + standalones + runtime).
  derived BOB_DRIVE_C=/home/admin/sgl/TUE/MigAlley/WP/drive_c (from cwd)
  cwd -> /home/admin/sgl/TUE/MigAlley/WP/drive_c/rowan/mig
  main module: Mig.exe resources loaded
  Driving CMIGApp::InitInstance()...
fluidsynth: warning: SDL3 not initialized, SDL3 audio driver won't be usable. Have you called SDL_Init(SDL_INIT_AUDIO) ?

(process:340744): GLib-GObject-CRITICAL **: 14:22:27.097: g_param_spec_enum: assertion 'g_enum_get_value (enum_class, default_value) != NULL' failed

(process:340744): GLib-GObject-CRITICAL **: 14:22:27.097: validate_pspec_to_install: assertion 'G_IS_PARAM_SPEC (pspec)' failed

(process:340744): GLib-GObject-CRITICAL **: 14:22:27.097: g_param_spec_ref_sink: assertion 'G_IS_PARAM_SPEC (pspec)' failed

(process:340744): GLib-GObject-CRITICAL **: 14:22:27.097: g_param_spec_unref: assertion 'G_IS_PARAM_SPEC (pspec)' failed
[agg] StaticTimeProc 1/s  impl=0 host=0 running=0 resync=0 served=0  -> AggregatorGetPackets 0/s
fluidsynth: Using PulseAudio driver
[mus] FluidSynth music ready (sf2 id=1)
[ALSOFT] (EE) Failed to create PipeWire event context (errno: 2)
fluidsynth: warning: Failed to set thread to high priority
[al] OpenAL ready: OpenAL Soft / OpenAL Soft
[vid] 2 display(s); centring 640x480 on display 0 (USABLE 1853x1048 at 67,32) -> window at (673,316)
[vid] swap interval -> 1 (vsync)
[vid] SDL2 window 640x480 + GL context: NVIDIA GeForce GTX 1660 SUPER/PCIe/SSE2 | 4.6.0 NVIDIA 595.84
[3d] IDirectDraw2::EnumDisplayModes called cb=0x817c6a8
[hw] display init: fSoftware=0 dddriver=-1
[maximize] OnGoBig -> frame and view moved to 1200x1080
[gdifont] loaded /home/admin/sgl/TUE/MigAlley/WP/drive_c/windows/Fonts/Intel.ttf (symbol cmap) (winAsc=1004 winDesc=217)
[gdifont] loaded /usr/share/fonts/truetype/liberation/LiberationSans-Regular.ttf (winAsc=1854 winDesc=434)
  InitInstance() returned 1
  Entering CMIGApp::Run()...
[typeseq] counts are MILLISECONDS (BOB_CLICKSEQ_MS)
[lbrefit] id=2063 rect w=105 -> painted w=247 (h=234)
[menu] ---- 4 clickable control(s) ----
[menu] #4@10CSystemBox  rect(0,0 24x24)  centre(12,12)  type=3  ""
[menu] #7@10CSystemBox  rect(0,24 24x24)  centre(12,36)  type=3  ""
[menu] #10@10CSystemBox  rect(24,0 48x48)  centre(48,24)  type=3  ""
[menu] #2063@14RFullPanelDial  rect(675,260 105x100)  centre(727,310)  type=1  ""
[menu]      row 0: [0] "Preferences"
[menu]      row 1: [0] "Single Player"
[menu]      row 2: [0] "Multi-Player"
[menu]      row 3: [0] "Load Game"
[menu]      row 4: [0] "Replay"
[menu]      row 5: [0] "Credits"
[menu]      row 6: [0] "Quit"
[clickseq] counts are MILLISECONDS (BOB_CLICKSEQ_MS)
[agg] StaticTimeProc 44/s  impl=0 host=0 running=0 resync=0 served=0  -> AggregatorGetPackets 0/s
[agg] StaticTimeProc 49/s  impl=0 host=0 running=0 resync=0 served=0  -> AggregatorGetPackets 0/s
[agg] StaticTimeProc 49/s  impl=0 host=0 running=0 resync=0 served=0  -> AggregatorGetPackets 0/s
[agg] StaticTimeProc 49/s  impl=0 host=0 running=0 resync=0 served=0  -> AggregatorGetPackets 0/s
[agg] StaticTimeProc 49/s  impl=0 host=0 running=0 resync=0 served=0  -> AggregatorGetPackets 0/s
[agg] StaticTimeProc 49/s  impl=0 host=0 running=0 resync=0 served=0  -> AggregatorGetPackets 0/s
[agg] StaticTimeProc 50/s  impl=0 host=0 running=0 resync=0 served=0  -> AggregatorGetPackets 0/s
[agg] StaticTimeProc 49/s  impl=0 host=0 running=0 resync=0 served=0  -> AggregatorGetPackets 0/s
[agg] StaticTimeProc 49/s  impl=0 host=0 running=0 resync=0 served=0  -> AggregatorGetPackets 0/s
[agg] StaticTimeProc 49/s  impl=0 host=0 running=0 resync=0 served=0  -> AggregatorGetPackets 0/s
[agg] StaticTimeProc 49/s  impl=0 host=0 running=0 resync=0 served=0  -> AggregatorGetPackets 0/s
[agg] StaticTimeProc 49/s  impl=0 host=0 running=0 resync=0 served=0  -> AggregatorGetPackets 0/s
[agg] StaticTimeProc 50/s  impl=0 host=0 running=0 resync=0 served=0  -> AggregatorGetPackets 0/s
[agg] StaticTimeProc 49/s  impl=0 host=0 running=0 resync=0 served=0  -> AggregatorGetPackets 0/s
[agg] StaticTimeProc 49/s  impl=0 host=0 running=0 resync=0 served=0  -> AggregatorGetPackets 0/s
[agg] StaticTimeProc 49/s  impl=0 host=0 running=0 resync=0 served=0  -> AggregatorGetPackets 0/s
[agg] StaticTimeProc 49/s  impl=0 host=0 running=0 resync=0 served=0  -> AggregatorGetPackets 0/s
[agg] StaticTimeProc 50/s  impl=0 host=0 running=0 resync=0 served=0  -> AggregatorGetPackets 0/s
[agg] StaticTimeProc 49/s  impl=0 host=0 running=0 resync=0 served=0  -> AggregatorGetPackets 0/s
[agg] StaticTimeProc 49/s  impl=0 host=0 running=0 resync=0 served=0  -> AggregatorGetPackets 0/s
[clickrow] row=2 -> (815,498)  [listbox (675,260) 105x100 origin=(763,416), 7 rows, listH=234 rowH=33]
[dplay] CoCreateInstance(CLSID_DirectPlay) -> 0xb3dc760
[dplay] EnumConnections -> 1 provider
[panelclear] transition #1: panel 0xaf59fa0 art 27905 -> 0xaf59fa0 art 27914
[lbrefit] id=2325 rect w=586 -> painted w=586 (h=230)
[menu] ---- 6 clickable control(s) ----
[menu] #4@10CSystemBox  rect(0,0 24x24)  centre(12,12)  type=3  ""
[menu] #7@10CSystemBox  rect(0,24 24x24)  centre(12,36)  type=3  ""
[menu] #10@10CSystemBox  rect(24,0 48x48)  centre(48,24)  type=3  ""
[menu] #2063@14RFullPanelDial  rect(25,720 591x36)  centre(320,738)  type=1  ""
[menu]      row 0: [0] "Back"  [1] "Create Game   "  [2] "Join Game    "
[menu] #2325@14CSelectService  rect(0,32 586x230)  centre(293,147)  type=1  ""
[menu]      row 0: [0] "Internet TCP/IP Connection For DirectPlay"
[menu] #2023@14CSelectService  rect(25,450 585x26)  centre(317,463)  type=2  "Select a Service"
[agg] StaticTimeProc 50/s  impl=0 host=0 running=0 resync=0 served=0  -> AggregatorGetPackets 0/s
[agg] StaticTimeProc 49/s  impl=0 host=0 running=0 resync=0 served=0  -> AggregatorGetPackets 0/s
[agg] StaticTimeProc 49/s  impl=0 host=0 running=0 resync=0 served=0  -> AggregatorGetPackets 0/s
[agg] StaticTimeProc 49/s  impl=0 host=0 running=0 resync=0 served=0  -> AggregatorGetPackets 0/s
[agg] StaticTimeProc 49/s  impl=0 host=0 running=0 resync=0 served=0  -> AggregatorGetPackets 0/s
[agg] StaticTimeProc 50/s  impl=0 host=0 running=0 resync=0 served=0  -> AggregatorGetPackets 0/s
[agg] StaticTimeProc 48/s  impl=0 host=0 running=0 resync=0 served=0  -> AggregatorGetPackets 0/s
[agg] StaticTimeProc 49/s  impl=0 host=0 running=0 resync=0 served=0  -> AggregatorGetPackets 0/s
[agg] StaticTimeProc 50/s  impl=0 host=0 running=0 resync=0 served=0  -> AggregatorGetPackets 0/s
[agg] StaticTimeProc 48/s  impl=0 host=0 running=0 resync=0 served=0  -> AggregatorGetPackets 0/s
[agg] StaticTimeProc 50/s  impl=0 host=0 running=0 resync=0 served=0  -> AggregatorGetPackets 0/s
[agg] StaticTimeProc 48/s  impl=0 host=0 running=0 resync=0 served=0  -> AggregatorGetPackets 0/s
[agg] StaticTimeProc 49/s  impl=0 host=0 running=0 resync=0 served=0  -> AggregatorGetPackets 0/s
[agg] StaticTimeProc 50/s  impl=0 host=0 running=0 resync=0 served=0  -> AggregatorGetPackets 0/s
[agg] StaticTimeProc 49/s  impl=0 host=0 running=0 resync=0 served=0  -> AggregatorGetPackets 0/s
[agg] StaticTimeProc 49/s  impl=0 host=0 running=0 resync=0 served=0  -> AggregatorGetPackets 0/s
[agg] StaticTimeProc 49/s  impl=0 host=0 running=0 resync=0 served=0  -> AggregatorGetPackets 0/s
[agg] StaticTimeProc 49/s  impl=0 host=0 running=0 resync=0 served=0  -> AggregatorGetPackets 0/s
[agg] StaticTimeProc 50/s  impl=0 host=0 running=0 resync=0 served=0  -> AggregatorGetPackets 0/s
[agg] StaticTimeProc 49/s  impl=0 host=0 running=0 resync=0 served=0  -> AggregatorGetPackets 0/s
[agg] StaticTimeProc 49/s  impl=0 host=0 running=0 resync=0 served=0  -> AggregatorGetPackets 0/s
[agg] StaticTimeProc 49/s  impl=0 host=0 running=0 resync=0 served=0  -> AggregatorGetPackets 0/s
[agg] StaticTimeProc 49/s  impl=0 host=0 running=0 resync=0 served=0  -> AggregatorGetPackets 0/s
[agg] StaticTimeProc 49/s  impl=0 host=0 running=0 resync=0 served=0  -> AggregatorGetPackets 0/s
[agg] StaticTimeProc 49/s  impl=0 host=0 running=0 resync=0 served=0  -> AggregatorGetPackets 0/s
[agg] StaticTimeProc 49/s  impl=0 host=0 running=0 resync=0 served=0  -> AggregatorGetPackets 0/s
[agg] StaticTimeProc 49/s  impl=0 host=0 running=0 resync=0 served=0  -> AggregatorGetPackets 0/s
[agg] StaticTimeProc 50/s  impl=0 host=0 running=0 resync=0 served=0  -> AggregatorGetPackets 0/s
[agg] StaticTimeProc 48/s  impl=0 host=0 running=0 resync=0 served=0  -> AggregatorGetPackets 0/s
[agg] StaticTimeProc 49/s  impl=0 host=0 running=0 resync=0 served=0  -> AggregatorGetPackets 0/s
[agg] StaticTimeProc 50/s  impl=0 host=0 running=0 resync=0 served=0  -> AggregatorGetPackets 0/s
[agg] StaticTimeProc 49/s  impl=0 host=0 running=0 resync=0 served=0  -> AggregatorGetPackets 0/s
[agg] StaticTimeProc 49/s  impl=0 host=0 running=0 resync=0 served=0  -> AggregatorGetPackets 0/s
[agg] StaticTimeProc 49/s  impl=0 host=0 running=0 resync=0 served=0  -> AggregatorGetPackets 0/s
[agg] StaticTimeProc 50/s  impl=0 host=0 running=0 resync=0 served=0  -> AggregatorGetPackets 0/s
[clickid] id=2063 col=-868 -> (546,892)  [type=1 rect(113,876 591x36) rel=0 drawOx=88]
[dplay] InitializeConnection (TCP/IP provider selected)
[dplay] EnumSessions: probing 127.0.0.1:47624
[dplay] EnumSessions: found "MiG Alley"
[agg] StaticTimeProc 49/s  impl=0 host=0 running=0 resync=0 served=0  -> AggregatorGetPackets 0/s
[dplay] EnumSessions -> 1 session(s)
[dplay] EnumSessions: probing 127.0.0.1:47624
[dplay] EnumSessions: found "MiG Alley"
[dplay] EnumSessions -> 1 session(s)
[lbrefit] id=2326 rect w=570 -> painted w=570 (h=230)
[menu] ---- 6 clickable control(s) ----
[menu] #4@10CSystemBox  rect(0,0 24x24)  centre(12,12)  type=3  ""
[menu] #7@10CSystemBox  rect(0,24 24x24)  centre(12,36)  type=3  ""
[menu] #10@10CSystemBox  rect(24,0 48x48)  centre(48,24)  type=3  ""
[menu] #2063@14RFullPanelDial  rect(25,720 218x36)  centre(134,738)  type=1  ""
[menu]      row 0: [0] "Back"  [1] "Select"
[menu] #2326@14CSelectSession  rect(0,32 570x230)  centre(285,147)  type=1  ""
[menu]      row 0: [0] "MiG Alley"
[menu] #2023@14CSelectSession  rect(25,450 603x26)  centre(326,463)  type=2  "Select a Session"
[dplay] EnumSessions: probing 127.0.0.1:47624
[dplay] EnumSessions: found "MiG Alley"
[dplay] EnumSessions -> 1 session(s)
[dplay] EnumSessions: probing 127.0.0.1:47624
[dplay] EnumSessions: found "MiG Alley"
[agg] StaticTimeProc 49/s  impl=0 host=0 running=0 resync=0 served=0  -> AggregatorGetPackets 0/s
[dplay] EnumSessions -> 1 session(s)
[dplay] EnumSessions: probing 127.0.0.1:47624
[dplay] EnumSessions: found "MiG Alley"
[dplay] EnumSessions -> 1 session(s)
[dplay] EnumSessions: probing 127.0.0.1:47624
[dplay] EnumSessions: found "MiG Alley"
[agg] StaticTimeProc 49/s  impl=0 host=0 running=0 resync=0 served=0  -> AggregatorGetPackets 0/s
[dplay] EnumSessions -> 1 session(s)
[dplay] EnumSessions: probing 127.0.0.1:47624
[dplay] EnumSessions: found "MiG Alley"
[dplay] EnumSessions -> 1 session(s)
[dplay] EnumSessions: probing 127.0.0.1:47624
[dplay] EnumSessions: found "MiG Alley"
[agg] StaticTimeProc 49/s  impl=0 host=0 running=0 resync=0 served=0  -> AggregatorGetPackets 0/s
[dplay] EnumSessions -> 1 session(s)
[dplay] EnumSessions: probing 127.0.0.1:47624
[dplay] EnumSessions: found "MiG Alley"
[dplay] EnumSessions -> 1 session(s)
[dplay] EnumSessions: probing 127.0.0.1:47624
[dplay] EnumSessions: found "MiG Alley"
[dplay] EnumSessions -> 1 session(s)
[dplay] EnumSessions: probing 127.0.0.1:47624
[dplay] EnumSessions: found "MiG Alley"
[agg] StaticTimeProc 50/s  impl=0 host=0 running=0 resync=0 served=0  -> AggregatorGetPackets 0/s
[dplay] EnumSessions -> 1 session(s)
[dplay] EnumSessions: probing 127.0.0.1:47624
[dplay] EnumSessions: found "MiG Alley"
[dplay] EnumSessions -> 1 session(s)
[dplay] EnumSessions: probing 127.0.0.1:47624
[dplay] EnumSessions: found "MiG Alley"
[agg] StaticTimeProc 49/s  impl=0 host=0 running=0 resync=0 served=0  -> AggregatorGetPackets 0/s
[dplay] EnumSessions -> 1 session(s)
[dplay] EnumSessions: probing 127.0.0.1:47624
[dplay] EnumSessions: found "MiG Alley"
[dplay] EnumSessions -> 1 session(s)
[dplay] EnumSessions: probing 127.0.0.1:47624
[dplay] EnumSessions: found "MiG Alley"
[dplay] EnumSessions -> 1 session(s)
[dplay] EnumSessions: probing 127.0.0.1:47624
[agg] StaticTimeProc 49/s  impl=0 host=0 running=0 resync=0 served=0  -> AggregatorGetPackets 0/s
[dplay] EnumSessions: found "MiG Alley"
[dplay] EnumSessions -> 1 session(s)
[dplay] EnumSessions: probing 127.0.0.1:47624
[dplay] EnumSessions: found "MiG Alley"
[dplay] EnumSessions -> 1 session(s)
[clickid] id=2326 col=-100 -> (398,646)  [type=1 rect(113,638 570x230) rel=0 drawOx=113]
[click] listbox id=2063 rect=(113,876,218,36) drawH=36 hitH=36 drawW=247 hit=(99..346) vs (398,646) miss
[click] listbox id=2326 rect=(113,638,570,230) drawH=230 hitH=230 drawW=570 hit=(113..683) vs (398,646) HIT
[click] file-listbox id=2326 hit local=(285,8) -> row=0 col=0
[dplay] EnumSessions: probing 127.0.0.1:47624
[dplay] EnumSessions: found "MiG Alley"
[agg] StaticTimeProc 50/s  impl=0 host=0 running=0 resync=0 served=0  -> AggregatorGetPackets 0/s
[dplay] EnumSessions -> 1 session(s)
[dplay] EnumSessions: probing 127.0.0.1:47624
[dplay] EnumSessions: found "MiG Alley"
[dplay] EnumSessions -> 1 session(s)
[dplay] EnumSessions: probing 127.0.0.1:47624
[dplay] EnumSessions: found "MiG Alley"
[agg] StaticTimeProc 49/s  impl=0 host=0 running=0 resync=0 served=0  -> AggregatorGetPackets 0/s
[dplay] EnumSessions -> 1 session(s)
[dplay] EnumSessions: probing 127.0.0.1:47624
[dplay] EnumSessions: found "MiG Alley"
[dplay] EnumSessions -> 1 session(s)
[dplay] EnumSessions: probing 127.0.0.1:47624
[dplay] EnumSessions: found "MiG Alley"
[dplay] EnumSessions -> 1 session(s)
[dplay] EnumSessions: probing 127.0.0.1:47624
[dplay] EnumSessions: found "MiG Alley"
[agg] StaticTimeProc 49/s  impl=0 host=0 running=0 resync=0 served=0  -> AggregatorGetPackets 0/s
[dplay] EnumSessions -> 1 session(s)
[dplay] EnumSessions: probing 127.0.0.1:47624
[dplay] EnumSessions: found "MiG Alley"
[dplay] EnumSessions -> 1 session(s)
[dplay] EnumSessions: probing 127.0.0.1:47624
[dplay] EnumSessions: found "MiG Alley"
[agg] StaticTimeProc 50/s  impl=0 host=0 running=0 resync=0 served=0  -> AggregatorGetPackets 0/s
[dplay] EnumSessions -> 1 session(s)
[dplay] EnumSessions: probing 127.0.0.1:47624
[dplay] EnumSessions: found "MiG Alley"
[dplay] EnumSessions -> 1 session(s)
[dplay] EnumSessions: probing 127.0.0.1:47624
[dplay] EnumSessions: found "MiG Alley"
[dplay] EnumSessions -> 1 session(s)
[agg] StaticTimeProc 49/s  impl=0 host=0 running=0 resync=0 served=0  -> AggregatorGetPackets 0/s
[clickid] id=2063 col=-612 -> (256,892)  [type=1 rect(113,876 218x36) rel=0 drawOx=88]
[dplay] UINewPlayer: PlayerName="temp name" (len 9)  SessionName="MiG Alley"  ServedGame=0  type=3
[dplay] EnumSessions: probing 127.0.0.1:47624
[dplay] EnumSessions: found "MiG Alley"
[dplay] EnumSessions -> 1 session(s)
[dplay] Open(JOIN) -> host 127.0.0.1:47624
[dplay] pump #0 (host=0) -- discovery is answered only from here
[dplay] host assigned us pid 4
[dplay] CreatePlayer "(unnamed)" -> pid 4
[dplay] Send 75 bytes pid 4 -> 0 (ok)
[dplay] pump #500 (host=0) -- discovery is answered only from here
[dplay] pump #1000 (host=0) -- discovery is answered only from here
[dplay] pump #1500 (host=0) -- discovery is answered only from here
[dplay] pump #2000 (host=0) -- discovery is answered only from here
[dplay] pump #2500 (host=0) -- discovery is answered only from here
[dplay] pump #3000 (host=0) -- discovery is answered only from here
[dplay] pump #3500 (host=0) -- discovery is answered only from here
[dplay] pump #4000 (host=0) -- discovery is answered only from here
[dplay] pump #4500 (host=0) -- discovery is answered only from here
[dplay] pump #5000 (host=0) -- discovery is answered only from here
[dplay] pump #5500 (host=0) -- discovery is answered only from here
[dplay] pump #6000 (host=0) -- discovery is answered only from here
[dplay] pump #6500 (host=0) -- discovery is answered only from here
[dplay] pump #7000 (host=0) -- discovery is answered only from here
[dplay] pump #7500 (host=0) -- discovery is answered only from here
[dplay] pump #8000 (host=0) -- discovery is answered only from here
[dplay] pump #8500 (host=0) -- discovery is answered only from here
[dplay] pump #9000 (host=0) -- discovery is answered only from here
[dplay] pump #9500 (host=0) -- discovery is answered only from here
[dplay] pump #10000 (host=0) -- discovery is answered only from here
[dplay] pump #10500 (host=0) -- discovery is answered only from here
[dplay] pump #11000 (host=0) -- discovery is answered only from here
[dplay] pump #11500 (host=0) -- discovery is answered only from here
[dplay] pump #12000 (host=0) -- discovery is answered only from here
[dplay] pump #12500 (host=0) -- discovery is answered only from here
[dplay] pump #13000 (host=0) -- discovery is answered only from here
[dplay] pump #13500 (host=0) -- discovery is answered only from here
[dplay] pump #14000 (host=0) -- discovery is answered only from here
[dplay] pump #14500 (host=0) -- discovery is answered only from here
[dplay] pump #15000 (host=0) -- discovery is answered only from here
[dplay] pump #15500 (host=0) -- discovery is answered only from here
[dplay] pump #16000 (host=0) -- discovery is answered only from here
[dplay] pump #16500 (host=0) -- discovery is answered only from here
[dplay] pump #17000 (host=0) -- discovery is answered only from here
[dplay] received 75 data bytes from pid 3
[dplay] Send 12 bytes pid 4 -> 0 (ok)
[dplay] pump #17500 (host=0) -- discovery is answered only from here
[dplay] pump #18000 (host=0) -- discovery is answered only from here
[dplay] pump #18500 (host=0) -- discovery is answered only from here
[dplay] pump #19000 (host=0) -- discovery is answered only from here
[dplay] pump #19500 (host=0) -- discovery is answered only from here
[dplay] pump #20000 (host=0) -- discovery is answered only from here
[dplay] pump #20500 (host=0) -- discovery is answered only from here
[dplay] pump #21000 (host=0) -- discovery is answered only from here
[dplay] pump #21500 (host=0) -- discovery is answered only from here
[dplay] pump #22000 (host=0) -- discovery is answered only from here
[dplay] pump #22500 (host=0) -- discovery is answered only from here
[dplay] pump #23000 (host=0) -- discovery is answered only from here
[dplay] pump #23500 (host=0) -- discovery is answered only from here
[dplay] pump #24000 (host=0) -- discovery is answered only from here
[dplay] pump #24500 (host=0) -- discovery is answered only from here
[dplay] pump #25000 (host=0) -- discovery is answered only from here
[dplay] pump #25500 (host=0) -- discovery is answered only from here
[dplay] pump #26000 (host=0) -- discovery is answered only from here
[dplay] pump #26500 (host=0) -- discovery is answered only from here
[dplay] pump #27000 (host=0) -- discovery is answered only from here
[dplay] pump #27500 (host=0) -- discovery is answered only from here
[dplay] pump #28000 (host=0) -- discovery is answered only from here
[dplay] pump #28500 (host=0) -- discovery is answered only from here
[dplay] pump #29000 (host=0) -- discovery is answered only from here
[dplay] pump #29500 (host=0) -- discovery is answered only from here
[dplay] pump #30000 (host=0) -- discovery is answered only from here
[dplay] pump #30500 (host=0) -- discovery is answered only from here
[dplay] pump #31000 (host=0) -- discovery is answered only from here
[dplay] pump #31500 (host=0) -- discovery is answered only from here
[dplay] pump #32000 (host=0) -- discovery is answered only from here
[dplay] pump #32500 (host=0) -- discovery is answered only from here
[dplay] pump #33000 (host=0) -- discovery is answered only from here
[dplay] pump #33500 (host=0) -- discovery is answered only from here
[dplay] pump #34000 (host=0) -- discovery is answered only from here
[dplay] pump #34500 (host=0) -- discovery is answered only from here
[dplay] pump #35000 (host=0) -- discovery is answered only from here
[dplay] pump #35500 (host=0) -- discovery is answered only from here
[dplay] pump #36000 (host=0) -- discovery is answered only from here
[dplay] pump #36500 (host=0) -- discovery is answered only from here
[dplay] pump #37000 (host=0) -- discovery is answered only from here
[dplay] pump #37500 (host=0) -- discovery is answered only from here
[dplay] pump #38000 (host=0) -- discovery is answered only from here
[dplay] received 12 data bytes from pid 3
[dplay] received 524 data bytes from pid 3
[dplay] received 524 data bytes from pid 3
[dplay] received 524 data bytes from pid 3
[menu] ---- 19 clickable control(s) ----
[menu] #4@10CSystemBox  rect(0,0 24x24)  centre(12,12)  type=3  ""
[menu] #7@10CSystemBox  rect(0,24 24x24)  centre(12,36)  type=3  ""
[menu] #10@10CSystemBox  rect(24,0 48x48)  centre(48,24)  type=3  ""
[menu] #2063@14RFullPanelDial  rect(25,720 474x36)  centre(262,738)  type=1  ""
[menu]      row 0: [0] "Back"  [1] "Continue"
[menu] #2321@11CLockerRoom  rect(118,400 283x26)  centre(259,413)  type=5  ""
[menu] #2021@11CLockerRoom  rect(25,400 67x26)  centre(58,413)  type=2  "Name"
[menu] #2320@11CLockerRoom  rect(118,427 283x26)  centre(259,440)  type=5  ""
[menu] #2022@11CLockerRoom  rect(25,427 84x26)  centre(67,440)  type=2  "Session"
[menu] #2023@11CLockerRoom  rect(26,547 148x26)  centre(100,560)  type=2  "GAME TYPE"
[menu] #2024@11CLockerRoom  rect(269,547 144x26)  centre(341,560)  type=2  "SELECT SIDE"
[menu] #2323@11CLockerRoom  rect(26,575 193x99)  centre(122,624)  type=8  ""
[menu] #2025@11CLockerRoom  rect(25,456 91x26)  centre(70,469)  type=2  "Password"
[menu] #2144@11CLockerRoom  rect(118,456 283x26)  centre(259,469)  type=5  ""
[menu] #2248@11CLockerRoom  rect(56,520 345x24)  centre(228,532)  type=2  "Add my name to the Host's Visitors Book"
[menu] #2346@11CLockerRoom  rect(26,521 24x24)  centre(38,533)  type=3  "2"
[menu] #1010@11CLockerRoom  rect(140,677 270x26)  centre(275,690)  type=4  ""
[menu] #1012@11CLockerRoom  rect(118,487 283x26)  centre(259,500)  type=4  ""
[menu] #1011@11CLockerRoom  rect(26,677 84x26)  centre(68,690)  type=2  "Scenario"
[menu] #2027@11CLockerRoom  rect(25,489 91x26)  centre(70,502)  type=2  "Data Rate"
[agg] StaticTimeProc 49/s  impl=0 host=0 running=0 resync=0 served=0  -> AggregatorGetPackets 0/s
[agg] StaticTimeProc 49/s  impl=0 host=0 running=0 resync=0 served=0  -> AggregatorGetPackets 0/s
[agg] StaticTimeProc 50/s  impl=0 host=0 running=0 resync=0 served=0  -> AggregatorGetPackets 0/s
[agg] StaticTimeProc 47/s  impl=0 host=0 running=0 resync=0 served=0  -> AggregatorGetPackets 0/s
[agg] StaticTimeProc 49/s  impl=0 host=0 running=0 resync=0 served=0  -> AggregatorGetPackets 0/s
[agg] StaticTimeProc 48/s  impl=0 host=0 running=0 resync=0 served=0  -> AggregatorGetPackets 0/s
[typeseq] entry 0 injected "Viper2" at ms 73006 -> focused=0
[agg] StaticTimeProc 48/s  impl=0 host=0 running=0 resync=0 served=0  -> AggregatorGetPackets 0/s
[clickid] id=2321 col=-1 -> (347,569)  [type=5 rect(206,556 283x26) rel=1 drawOx=113]
[click] edit id=2321 takes keyboard focus (topmost, before the list)
[agg] StaticTimeProc 48/s  impl=0 host=0 running=0 resync=0 served=0  -> AggregatorGetPackets 0/s
[agg] StaticTimeProc 49/s  impl=0 host=0 running=0 resync=0 served=0  -> AggregatorGetPackets 0/s
[agg] StaticTimeProc 49/s  impl=0 host=0 running=0 resync=0 served=0  -> AggregatorGetPackets 0/s
[agg] StaticTimeProc 49/s  impl=0 host=0 running=0 resync=0 served=0  -> AggregatorGetPackets 0/s
[agg] StaticTimeProc 49/s  impl=0 host=0 running=0 resync=0 served=0  -> AggregatorGetPackets 0/s
[agg] StaticTimeProc 50/s  impl=0 host=0 running=0 resync=0 served=0  -> AggregatorGetPackets 0/s
[agg] StaticTimeProc 49/s  impl=0 host=0 running=0 resync=0 served=0  -> AggregatorGetPackets 0/s
[agg] StaticTimeProc 49/s  impl=0 host=0 running=0 resync=0 served=0  -> AggregatorGetPackets 0/s
[clickid] id=2320 col=-1 -> (347,596)  [type=5 rect(206,583 283x26) rel=1 drawOx=113]
[click] edit id=2320 takes keyboard focus (topmost, before the list)
[agg] StaticTimeProc 49/s  impl=0 host=0 running=0 resync=0 served=0  -> AggregatorGetPackets 0/s
[agg] StaticTimeProc 50/s  impl=0 host=0 running=0 resync=0 served=0  -> AggregatorGetPackets 0/s
[agg] StaticTimeProc 49/s  impl=0 host=0 running=0 resync=0 served=0  -> AggregatorGetPackets 0/s
[typeseq] entry 1 injected "MAGAME" at ms 85015 -> focused=1
[agg] StaticTimeProc 49/s  impl=0 host=0 running=0 resync=0 served=0  -> AggregatorGetPackets 0/s
[agg] StaticTimeProc 49/s  impl=0 host=0 running=0 resync=0 served=0  -> AggregatorGetPackets 0/s
[agg] StaticTimeProc 49/s  impl=0 host=0 running=0 resync=0 served=0  -> AggregatorGetPackets 0/s
[agg] StaticTimeProc 49/s  impl=0 host=0 running=0 resync=0 served=0  -> AggregatorGetPackets 0/s
[agg] StaticTimeProc 49/s  impl=0 host=0 running=0 resync=0 served=0  -> AggregatorGetPackets 0/s
[agg] StaticTimeProc 49/s  impl=0 host=0 running=0 resync=0 served=0  -> AggregatorGetPackets 0/s
[agg] StaticTimeProc 49/s  impl=0 host=0 running=0 resync=0 served=0  -> AggregatorGetPackets 0/s
[agg] StaticTimeProc 50/s  impl=0 host=0 running=0 resync=0 served=0  -> AggregatorGetPackets 0/s
[agg] StaticTimeProc 49/s  impl=0 host=0 running=0 resync=0 served=0  -> AggregatorGetPackets 0/s
[agg] StaticTimeProc 49/s  impl=0 host=0 running=0 resync=0 served=0  -> AggregatorGetPackets 0/s
[agg] StaticTimeProc 49/s  impl=0 host=0 running=0 resync=0 served=0  -> AggregatorGetPackets 0/s
[clickid] id=2323 col=-100 -> (210,780)  [type=8 rect(114,731 193x99) rel=1 drawOx=113]
[click] listbox id=2063 rect=(113,876,474,36) drawH=36 hitH=36 drawW=247 hit=(113..587) vs (210,780) miss
[click] button id=4 rect=(0,0,24,24) centre=(12,12)
[click] button id=7 rect=(0,24,24,24) centre=(12,36)
[click] button id=10 rect=(24,0,48,48) centre=(48,24)
[radioclick] front-end id=2323 local=(96,49) of 193x99 -> hit=0 sel=-1 parent=11CLockerRoom
[click] button id=2346 rect=(114,677,24,24) centre=(126,689)
[click] combo box=(228,833,270,26) vs (210,780) miss
[click] combo box=(206,643,283,26) vs (210,780) miss
[agg] StaticTimeProc 49/s  impl=0 host=0 running=0 resync=0 served=0  -> AggregatorGetPackets 0/s
[agg] StaticTimeProc 49/s  impl=0 host=0 running=0 resync=0 served=0  -> AggregatorGetPackets 0/s
[agg] StaticTimeProc 49/s  impl=0 host=0 running=0 resync=0 served=0  -> AggregatorGetPackets 0/s
[agg] StaticTimeProc 49/s  impl=0 host=0 running=0 resync=0 served=0  -> AggregatorGetPackets 0/s
[agg] StaticTimeProc 49/s  impl=0 host=0 running=0 resync=0 served=0  -> AggregatorGetPackets 0/s
[agg] StaticTimeProc 49/s  impl=0 host=0 running=0 resync=0 served=0  -> AggregatorGetPackets 0/s
[agg] StaticTimeProc 49/s  impl=0 host=0 running=0 resync=0 served=0  -> AggregatorGetPackets 0/s
[agg] StaticTimeProc 49/s  impl=0 host=0 running=0 resync=0 served=0  -> AggregatorGetPackets 0/s
[agg] StaticTimeProc 50/s  impl=0 host=0 running=0 resync=0 served=0  -> AggregatorGetPackets 0/s
[agg] StaticTimeProc 49/s  impl=0 host=0 running=0 resync=0 served=0  -> AggregatorGetPackets 0/s
[agg] StaticTimeProc 49/s  impl=0 host=0 running=0 resync=0 served=0  -> AggregatorGetPackets 0/s
[agg] StaticTimeProc 49/s  impl=0 host=0 running=0 resync=0 served=0  -> AggregatorGetPackets 0/s
[agg] StaticTimeProc 49/s  impl=0 host=0 running=0 resync=0 served=0  -> AggregatorGetPackets 0/s
[agg] StaticTimeProc 49/s  impl=0 host=0 running=0 resync=0 served=0  -> AggregatorGetPackets 0/s
[agg] StaticTimeProc 50/s  impl=0 host=0 running=0 resync=0 served=0  -> AggregatorGetPackets 0/s
[agg] StaticTimeProc 49/s  impl=0 host=0 running=0 resync=0 served=0  -> AggregatorGetPackets 0/s
[agg] StaticTimeProc 49/s  impl=0 host=0 running=0 resync=0 served=0  -> AggregatorGetPackets 0/s
[agg] StaticTimeProc 49/s  impl=0 host=0 running=0 resync=0 served=0  -> AggregatorGetPackets 0/s
[agg] StaticTimeProc 49/s  impl=0 host=0 running=0 resync=0 served=0  -> AggregatorGetPackets 0/s
[agg] StaticTimeProc 49/s  impl=0 host=0 running=0 resync=0 served=0  -> AggregatorGetPackets 0/s
[agg] StaticTimeProc 49/s  impl=0 host=0 running=0 resync=0 served=0  -> AggregatorGetPackets 0/s
[agg] StaticTimeProc 49/s  impl=0 host=0 running=0 resync=0 served=0  -> AggregatorGetPackets 0/s
[agg] StaticTimeProc 49/s  impl=0 host=0 running=0 resync=0 served=0  -> AggregatorGetPackets 0/s
[agg] StaticTimeProc 49/s  impl=0 host=0 running=0 resync=0 served=0  -> AggregatorGetPackets 0/s
[clickid] id=2063 col=-612 -> (280,892)  [type=1 rect(113,876 474x36) rel=0 drawOx=88]
[dplay] UpDateDPlay: IDC_NAME hWnd=(nil) (GetCaption branch) -> "Player" len=6; editbox=0xb3eebe9
[dplay] Send 82 bytes pid 4 -> 0 (ok)
[dplay] received 12 data bytes from pid 3
[dplay] Send 12 bytes pid 4 -> 0 (ok)
[dplay] pump #38500 (host=0) -- discovery is answered only from here
[dplay] pump #39000 (host=0) -- discovery is answered only from here
[dplay] pump #39500 (host=0) -- discovery is answered only from here
[dplay] pump #40000 (host=0) -- discovery is answered only from here
[dplay] pump #40500 (host=0) -- discovery is answered only from here
[dplay] pump #41000 (host=0) -- discovery is answered only from here
[dplay] pump #41500 (host=0) -- discovery is answered only from here
[dplay] pump #42000 (host=0) -- discovery is answered only from here
[dplay] pump #42500 (host=0) -- discovery is answered only from here
[dplay] pump #43000 (host=0) -- discovery is answered only from here
[dplay] pump #43500 (host=0) -- discovery is answered only from here
[dplay] pump #44000 (host=0) -- discovery is answered only from here
[dplay] pump #44500 (host=0) -- discovery is answered only from here
[dplay] pump #45000 (host=0) -- discovery is answered only from here
[dplay] pump #45500 (host=0) -- discovery is answered only from here
[dplay] pump #46000 (host=0) -- discovery is answered only from here
[dplay] pump #46500 (host=0) -- discovery is answered only from here
[dplay] pump #47000 (host=0) -- discovery is answered only from here
[dplay] pump #47500 (host=0) -- discovery is answered only from here
[dplay] pump #48000 (host=0) -- discovery is answered only from here
[dplay] pump #48500 (host=0) -- discovery is answered only from here
[dplay] pump #49000 (host=0) -- discovery is answered only from here
[dplay] pump #49500 (host=0) -- discovery is answered only from here
[dplay] pump #50000 (host=0) -- discovery is answered only from here
[dplay] pump #50500 (host=0) -- discovery is answered only from here
[dplay] pump #51000 (host=0) -- discovery is answered only from here
[dplay] pump #51500 (host=0) -- discovery is answered only from here
[dplay] pump #52000 (host=0) -- discovery is answered only from here
[dplay] pump #52500 (host=0) -- discovery is answered only from here
[dplay] pump #53000 (host=0) -- discovery is answered only from here
[dplay] pump #53500 (host=0) -- discovery is answered only from here
[dplay] pump #54000 (host=0) -- discovery is answered only from here
[dplay] pump #54500 (host=0) -- discovery is answered only from here
[dplay] pump #55000 (host=0) -- discovery is answered only from here
[dplay] pump #55500 (host=0) -- discovery is answered only from here
[dplay] pump #56000 (host=0) -- discovery is answered only from here
[dplay] pump #56500 (host=0) -- discovery is answered only from here
[dplay] pump #57000 (host=0) -- discovery is answered only from here
[dplay] pump #57500 (host=0) -- discovery is answered only from here
[dplay] pump #58000 (host=0) -- discovery is answered only from here
[dplay] pump #58500 (host=0) -- discovery is answered only from here
[dplay] pump #59000 (host=0) -- discovery is answered only from here
[dplay] pump #59500 (host=0) -- discovery is answered only from here
[dplay] pump #60000 (host=0) -- discovery is answered only from here
[dplay] pump #60500 (host=0) -- discovery is answered only from here
[dplay] received 12 data bytes from pid 1
[dplay] Send 12 bytes pid 4 -> 0 (ok)
[dplay] adopted group 2 from the wire and joined player 4 to it
[group] AddPlayerToGroup player 4 -> group 2 : recorded (ngroups=1)
[dplay] AddPlayerToGroup player 4 -> group 2
[dplay] Send 12 bytes pid 4 -> 2 (ok)
[dplay] Send 189 bytes pid 4 -> 2 (ok)
[dplay] Send 189 bytes pid 4 -> 2 (ok)
[panelclear] transition #2: panel 0xaf59fa0 art 27914 -> 0xaf59fa0 art 27916
[lbrefit] id=2310 rect w=648 -> painted w=648 (h=237)
[lbrefit] id=2312 rect w=648 -> painted w=648 (h=121)
[menu] ---- 12 clickable control(s) ----
[menu] #4@10CSystemBox  rect(0,0 24x24)  centre(12,12)  type=3  ""
[menu] #7@10CSystemBox  rect(0,24 24x24)  centre(12,36)  type=3  ""
[menu] #10@10CSystemBox  rect(24,0 48x48)  centre(48,24)  type=3  ""
[menu] #2063@14RFullPanelDial  rect(25,720 565x36)  centre(307,738)  type=1  ""
[menu]      row 0: [0] "Quit"  [1] "Fly"  [2] "Radio"  [3] "Paint Shop"  [4] "Prefs"
[menu] #2310@10CReadyRoom  rect(0,32 648x237)  centre(324,150)  type=1  ""
[menu] #2021@10CReadyRoom  rect(342,15 67x26)  centre(375,28)  type=2  "Chat to:"
[menu] #2312@10CReadyRoom  rect(1,273 648x121)  centre(325,333)  type=1  ""
[menu] #2144@10CReadyRoom  rect(16,411 648x26)  centre(340,424)  type=5  ""
[menu] #2324@10CReadyRoom  rect(427,16 235x26)  centre(544,29)  type=8  ""
[menu] #2309@10CReadyRoom  rect(99,15 225x26)  centre(211,28)  type=2  "Invalid ID!"
[menu] #2023@10CReadyRoom  rect(15,15 81x26)  centre(55,28)  type=2  "Scenario:"
[menu] #0@13CRListBoxCtrl  rect(1,-16 207x16)  centre(104,-8)  type=9  ""
[menu] ---- 12 clickable control(s) ----
[menu] #4@10CSystemBox  rect(0,0 24x24)  centre(12,12)  type=3  ""
[menu] #7@10CSystemBox  rect(0,24 24x24)  centre(12,36)  type=3  ""
[menu] #10@10CSystemBox  rect(24,0 48x48)  centre(48,24)  type=3  ""
[menu] #2063@14RFullPanelDial  rect(25,720 565x36)  centre(307,738)  type=1  ""
[menu]      row 0: [0] "Quit"  [1] "Fly"  [2] "Radio"  [3] "Paint Shop"  [4] "Prefs"
[menu] #2310@10CReadyRoom  rect(0,32 648x237)  centre(324,150)  type=1  ""
[menu]      row 0: [1] "Name"  [2] "Aircraft"  [3] "Status"  [4] "Kills"  [5] "Losses"
[menu]      row 1: [0] "1"  [1] "Player"  [2] "F86 1"  [3] "Flight Line"  [4] "0"  [5] "0"
[menu] #2021@10CReadyRoom  rect(342,15 67x26)  centre(375,28)  type=2  "Chat to:"
[menu] #2312@10CReadyRoom  rect(1,273 648x121)  centre(325,333)  type=1  ""
[menu] #2144@10CReadyRoom  rect(16,411 648x26)  centre(340,424)  type=5  ""
[menu] #2324@10CReadyRoom  rect(427,16 235x26)  centre(544,29)  type=8  ""
[menu] #2309@10CReadyRoom  rect(99,15 225x26)  centre(211,28)  type=2  "1) Implode"
[menu] #2023@10CReadyRoom  rect(15,15 81x26)  centre(55,28)  type=2  "Scenario:"
[menu] #0@13CRListBoxCtrl  rect(1,-16 207x16)  centre(104,-8)  type=9  ""
[dplay] received 189 data bytes from pid 3
[dplay] received 29 data bytes from pid 3
[menu] ---- 12 clickable control(s) ----
[menu] #4@10CSystemBox  rect(0,0 24x24)  centre(12,12)  type=3  ""
[menu] #7@10CSystemBox  rect(0,24 24x24)  centre(12,36)  type=3  ""
[menu] #10@10CSystemBox  rect(24,0 48x48)  centre(48,24)  type=3  ""
[menu] #2063@14RFullPanelDial  rect(25,720 565x36)  centre(307,738)  type=1  ""
[menu]      row 0: [0] "Quit"  [1] "Fly"  [2] "Radio"  [3] "Paint Shop"  [4] "Prefs"
[menu] #2310@10CReadyRoom  rect(0,32 648x237)  centre(324,150)  type=1  ""
[menu]      row 0: [1] "Name"  [2] "Aircraft"  [3] "Status"  [4] "Kills"  [5] "Losses"
[menu]      row 1: [0] "1"  [1] "Player"  [2] "F86 1"  [3] "Flight Line"  [4] "0"  [5] "0"
[menu]      row 2: [0] "2"  [1] "Player"  [2] "F86 1"  [3] "Flight Line"  [4] "0"  [5] "0"
[menu] #2021@10CReadyRoom  rect(342,15 67x26)  centre(375,28)  type=2  "Chat to:"
[menu] #2312@10CReadyRoom  rect(1,273 648x121)  centre(325,333)  type=1  ""
[menu] #2144@10CReadyRoom  rect(16,411 648x26)  centre(340,424)  type=5  ""
[menu] #2324@10CReadyRoom  rect(427,16 235x26)  centre(544,29)  type=8  ""
[menu] #2309@10CReadyRoom  rect(99,15 225x26)  centre(211,28)  type=2  "1) Implode"
[menu] #2023@10CReadyRoom  rect(15,15 81x26)  centre(55,28)  type=2  "Scenario:"
[menu] #0@13CRListBoxCtrl  rect(1,-16 207x16)  centre(104,-8)  type=9  ""
[agg] StaticTimeProc 50/s  impl=0 host=0 running=0 resync=0 served=0  -> AggregatorGetPackets 0/s
[dplay] Send 16 bytes pid 4 -> 2 (ok)
[dplay] received 16 data bytes from pid 3
[dplay] Send 16 bytes pid 4 -> 2 (ok)
[dplay] received 16 data bytes from pid 3
[dplay] Send 16 bytes pid 4 -> 2 (ok)
[agg] StaticTimeProc 49/s  impl=0 host=0 running=0 resync=0 served=0  -> AggregatorGetPackets 0/s
[dplay] received 16 data bytes from pid 3
[dplay] Send 16 bytes pid 4 -> 2 (ok)
[dplay] received 16 data bytes from pid 3
[dplay] Send 16 bytes pid 4 -> 2 (ok)
[dplay] received 16 data bytes from pid 3
[agg] StaticTimeProc 49/s  impl=0 host=0 running=0 resync=0 served=0  -> AggregatorGetPackets 0/s
[dplay] Send 16 bytes pid 4 -> 2 (ok)
[dplay] received 16 data bytes from pid 3
[dplay] Send 16 bytes pid 4 -> 2 (ok)
[dplay] received 16 data bytes from pid 3
[agg] StaticTimeProc 49/s  impl=0 host=0 running=0 resync=0 served=0  -> AggregatorGetPackets 0/s
[dplay] Send 16 bytes pid 4 -> 2 (ok)
[dplay] received 16 data bytes from pid 3
[dplay] Send 16 bytes pid 4 -> 2 (ok)
[dplay] received 16 data bytes from pid 3
[dplay] Send 16 bytes pid 4 -> 2 (ok)
[dplay] received 16 data bytes from pid 3
[agg] StaticTimeProc 49/s  impl=0 host=0 running=0 resync=0 served=0  -> AggregatorGetPackets 0/s
[dplay] pump #61000 (host=0) -- discovery is answered only from here
[dplay] Send 16 bytes pid 4 -> 2 (ok)
[dplay] received 16 data bytes from pid 3
[dplay] Send 16 bytes pid 4 -> 2 (ok)
[dplay] received 16 data bytes from pid 3
[agg] StaticTimeProc 49/s  impl=0 host=0 running=0 resync=0 served=0  -> AggregatorGetPackets 0/s
[dplay] Send 16 bytes pid 4 -> 2 (ok)
[dplay] received 16 data bytes from pid 3
[dplay] Send 16 bytes pid 4 -> 2 (ok)
[dplay] received 16 data bytes from pid 3
[agg] StaticTimeProc 50/s  impl=0 host=0 running=0 resync=0 served=0  -> AggregatorGetPackets 0/s
[dplay] Send 16 bytes pid 4 -> 2 (ok)
[dplay] received 16 data bytes from pid 3
[dplay] Send 16 bytes pid 4 -> 2 (ok)
[dplay] received 16 data bytes from pid 3
[dplay] Send 16 bytes pid 4 -> 2 (ok)
[dplay] received 16 data bytes from pid 3
[agg] StaticTimeProc 49/s  impl=0 host=0 running=0 resync=0 served=0  -> AggregatorGetPackets 0/s
[dplay] Send 16 bytes pid 4 -> 2 (ok)
[dplay] received 16 data bytes from pid 3
[dplay] Send 16 bytes pid 4 -> 2 (ok)
[dplay] received 16 data bytes from pid 3
[agg] StaticTimeProc 49/s  impl=0 host=0 running=0 resync=0 served=0  -> AggregatorGetPackets 0/s
[dplay] Send 16 bytes pid 4 -> 2 (ok)
[dplay] received 16 data bytes from pid 3
[dplay] Send 16 bytes pid 4 -> 2 (ok)
[dplay] received 16 data bytes from pid 3
[agg] StaticTimeProc 49/s  impl=0 host=0 running=0 resync=0 served=0  -> AggregatorGetPackets 0/s
[dplay] Send 16 bytes pid 4 -> 2 (ok)
[dplay] received 16 data bytes from pid 3
[dplay] Send 16 bytes pid 4 -> 2 (ok)
[dplay] received 16 data bytes from pid 3
[dplay] Send 16 bytes pid 4 -> 2 (ok)
[dplay] received 16 data bytes from pid 3
[agg] StaticTimeProc 49/s  impl=0 host=0 running=0 resync=0 served=0  -> AggregatorGetPackets 0/s
[dplay] Send 16 bytes pid 4 -> 2 (ok)
[dplay] received 16 data bytes from pid 3
[dplay] Send 16 bytes pid 4 -> 2 (ok)
[dplay] received 16 data bytes from pid 3
[agg] StaticTimeProc 49/s  impl=0 host=0 running=0 resync=0 served=0  -> AggregatorGetPackets 0/s
[dplay] Send 16 bytes pid 4 -> 2 (ok)
[dplay] received 16 data bytes from pid 3
[dplay] Send 16 bytes pid 4 -> 2 (ok)
[dplay] received 16 data bytes from pid 3
[agg] StaticTimeProc 50/s  impl=0 host=0 running=0 resync=0 served=0  -> AggregatorGetPackets 0/s
[dplay] Send 16 bytes pid 4 -> 2 (ok)
[dplay] received 16 data bytes from pid 3
[dplay] Send 16 bytes pid 4 -> 2 (ok)
[dplay] received 16 data bytes from pid 3
[dplay] Send 16 bytes pid 4 -> 2 (ok)
[dplay] received 16 data bytes from pid 3
[agg] StaticTimeProc 49/s  impl=0 host=0 running=0 resync=0 served=0  -> AggregatorGetPackets 0/s
[dplay] Send 16 bytes pid 4 -> 2 (ok)
[dplay] received 16 data bytes from pid 3
[dplay] Send 16 bytes pid 4 -> 2 (ok)
[dplay] received 16 data bytes from pid 3
[agg] StaticTimeProc 49/s  impl=0 host=0 running=0 resync=0 served=0  -> AggregatorGetPackets 0/s
[dplay] Send 16 bytes pid 4 -> 2 (ok)
[dplay] pump #61500 (host=0) -- discovery is answered only from here
[dplay] received 16 data bytes from pid 3
[dplay] Send 16 bytes pid 4 -> 2 (ok)
[dplay] received 16 data bytes from pid 3
[dplay] Send 16 bytes pid 4 -> 2 (ok)
[agg] StaticTimeProc 49/s  impl=0 host=0 running=0 resync=0 served=0  -> AggregatorGetPackets 0/s
[dplay] received 16 data bytes from pid 3
[dplay] Send 16 bytes pid 4 -> 2 (ok)
[dplay] received 16 data bytes from pid 3
[dplay] Send 16 bytes pid 4 -> 2 (ok)
[dplay] received 16 data bytes from pid 3
[agg] StaticTimeProc 49/s  impl=0 host=0 running=0 resync=0 served=0  -> AggregatorGetPackets 0/s
[dplay] Send 16 bytes pid 4 -> 2 (ok)
[dplay] received 16 data bytes from pid 3
[dplay] Send 16 bytes pid 4 -> 2 (ok)
[dplay] received 16 data bytes from pid 3
[agg] StaticTimeProc 49/s  impl=0 host=0 running=0 resync=0 served=0  -> AggregatorGetPackets 0/s
[dplay] Send 16 bytes pid 4 -> 2 (ok)
[dplay] received 16 data bytes from pid 3
[dplay] Send 16 bytes pid 4 -> 2 (ok)
[dplay] received 16 data bytes from pid 3
[dplay] Send 16 bytes pid 4 -> 2 (ok)
[dplay] received 16 data bytes from pid 3
[agg] StaticTimeProc 49/s  impl=0 host=0 running=0 resync=0 served=0  -> AggregatorGetPackets 0/s
[dplay] Send 16 bytes pid 4 -> 2 (ok)
[dplay] received 16 data bytes from pid 3
[dplay] Send 16 bytes pid 4 -> 2 (ok)
[dplay] received 16 data bytes from pid 3
[agg] StaticTimeProc 50/s  impl=0 host=0 running=0 resync=0 served=0  -> AggregatorGetPackets 0/s
[dplay] Send 16 bytes pid 4 -> 2 (ok)
[dplay] received 16 data bytes from pid 3
[dplay] Send 16 bytes pid 4 -> 2 (ok)
[dplay] received 16 data bytes from pid 3
[agg] StaticTimeProc 49/s  impl=0 host=0 running=0 resync=0 served=0  -> AggregatorGetPackets 0/s
[dplay] Send 16 bytes pid 4 -> 2 (ok)
[dplay] received 16 data bytes from pid 3
[dplay] Send 16 bytes pid 4 -> 2 (ok)
[dplay] received 16 data bytes from pid 3
[dplay] Send 16 bytes pid 4 -> 2 (ok)
[dplay] received 16 data bytes from pid 3
[agg] StaticTimeProc 49/s  impl=0 host=0 running=0 resync=0 served=0  -> AggregatorGetPackets 0/s
[dplay] Send 16 bytes pid 4 -> 2 (ok)
[dplay] received 16 data bytes from pid 3
[dplay] Send 16 bytes pid 4 -> 2 (ok)
[dplay] received 16 data bytes from pid 3
[agg] StaticTimeProc 49/s  impl=0 host=0 running=0 resync=0 served=0  -> AggregatorGetPackets 0/s
[dplay] Send 16 bytes pid 4 -> 2 (ok)
[dplay] received 16 data bytes from pid 3
[dplay] Send 16 bytes pid 4 -> 2 (ok)
[dplay] received 16 data bytes from pid 3
[agg] StaticTimeProc 49/s  impl=0 host=0 running=0 resync=0 served=0  -> AggregatorGetPackets 0/s
[dplay] Send 16 bytes pid 4 -> 2 (ok)
[dplay] received 16 data bytes from pid 3
[dplay] Send 16 bytes pid 4 -> 2 (ok)
[dplay] received 16 data bytes from pid 3
[dplay] Send 16 bytes pid 4 -> 2 (ok)
[dplay] received 16 data bytes from pid 3
[agg] StaticTimeProc 49/s  impl=0 host=0 running=0 resync=0 served=0  -> AggregatorGetPackets 0/s
[dplay] pump #62000 (host=0) -- discovery is answered only from here
[dplay] Send 16 bytes pid 4 -> 2 (ok)
[dplay] received 16 data bytes from pid 3
[dplay] Send 16 bytes pid 4 -> 2 (ok)
[dplay] received 16 data bytes from pid 3
[agg] StaticTimeProc 50/s  impl=0 host=0 running=0 resync=0 served=0  -> AggregatorGetPackets 0/s
[dplay] Send 16 bytes pid 4 -> 2 (ok)
[dplay] received 16 data bytes from pid 3
[dplay] Send 16 bytes pid 4 -> 2 (ok)
[dplay] received 16 data bytes from pid 3
[agg] StaticTimeProc 49/s  impl=0 host=0 running=0 resync=0 served=0  -> AggregatorGetPackets 0/s
[dplay] Send 16 bytes pid 4 -> 2 (ok)
[dplay] received 16 data bytes from pid 3
[dplay] Send 16 bytes pid 4 -> 2 (ok)
[dplay] received 16 data bytes from pid 3
[dplay] Send 16 bytes pid 4 -> 2 (ok)
[dplay] received 16 data bytes from pid 3
[agg] StaticTimeProc 49/s  impl=0 host=0 running=0 resync=0 served=0  -> AggregatorGetPackets 0/s
[dplay] Send 16 bytes pid 4 -> 2 (ok)
[dplay] received 16 data bytes from pid 3
[dplay] Send 16 bytes pid 4 -> 2 (ok)
[dplay] received 16 data bytes from pid 3
[agg] StaticTimeProc 49/s  impl=0 host=0 running=0 resync=0 served=0  -> AggregatorGetPackets 0/s
[dplay] Send 16 bytes pid 4 -> 2 (ok)
[dplay] received 16 data bytes from pid 3
[dplay] Send 16 bytes pid 4 -> 2 (ok)
[dplay] received 16 data bytes from pid 3
[agg] StaticTimeProc 49/s  impl=0 host=0 running=0 resync=0 served=0  -> AggregatorGetPackets 0/s
[dplay] Send 16 bytes pid 4 -> 2 (ok)
[dplay] received 16 data bytes from pid 3
[dplay] Send 16 bytes pid 4 -> 2 (ok)
[dplay] received 16 data bytes from pid 3
[dplay] Send 16 bytes pid 4 -> 2 (ok)
[dplay] received 16 data bytes from pid 3
[agg] StaticTimeProc 49/s  impl=0 host=0 running=0 resync=0 served=0  -> AggregatorGetPackets 0/s
[dplay] Send 16 bytes pid 4 -> 2 (ok)
[dplay] received 16 data bytes from pid 3
[dplay] Send 16 bytes pid 4 -> 2 (ok)
[dplay] received 16 data bytes from pid 3
[agg] StaticTimeProc 49/s  impl=0 host=0 running=0 resync=0 served=0  -> AggregatorGetPackets 0/s
[dplay] Send 16 bytes pid 4 -> 2 (ok)
[dplay] received 16 data bytes from pid 3
[dplay] Send 16 bytes pid 4 -> 2 (ok)
[dplay] received 16 data bytes from pid 3
[agg] StaticTimeProc 49/s  impl=0 host=0 running=0 resync=0 served=0  -> AggregatorGetPackets 0/s
[dplay] Send 16 bytes pid 4 -> 2 (ok)
[dplay] received 16 data bytes from pid 3
[dplay] Send 16 bytes pid 4 -> 2 (ok)
[dplay] received 16 data bytes from pid 3
[dplay] Send 16 bytes pid 4 -> 2 (ok)
[dplay] received 16 data bytes from pid 3
[agg] StaticTimeProc 49/s  impl=0 host=0 running=0 resync=0 served=0  -> AggregatorGetPackets 0/s
[dplay] Send 16 bytes pid 4 -> 2 (ok)
[dplay] received 16 data bytes from pid 3
[dplay] Send 16 bytes pid 4 -> 2 (ok)
[dplay] received 16 data bytes from pid 3
[agg] StaticTimeProc 49/s  impl=0 host=0 running=0 resync=0 served=0  -> AggregatorGetPackets 0/s
[dplay] Send 16 bytes pid 4 -> 2 (ok)
[dplay] received 16 data bytes from pid 3
[dplay] pump #62500 (host=0) -- discovery is answered only from here
[dplay] Send 16 bytes pid 4 -> 2 (ok)
[dplay] received 16 data bytes from pid 3
[dplay] Send 16 bytes pid 4 -> 2 (ok)
[agg] StaticTimeProc 49/s  impl=0 host=0 running=0 resync=0 served=0  -> AggregatorGetPackets 0/s
[dplay] received 16 data bytes from pid 3
[dplay] Send 16 bytes pid 4 -> 2 (ok)
[dplay] received 16 data bytes from pid 3
[dplay] Send 16 bytes pid 4 -> 2 (ok)
[dplay] received 16 data bytes from pid 3
[agg] StaticTimeProc 49/s  impl=0 host=0 running=0 resync=0 served=0  -> AggregatorGetPackets 0/s
[dplay] Send 16 bytes pid 4 -> 2 (ok)
[dplay] received 16 data bytes from pid 3
[dplay] Send 16 bytes pid 4 -> 2 (ok)
[dplay] received 16 data bytes from pid 3
[agg] StaticTimeProc 49/s  impl=0 host=0 running=0 resync=0 served=0  -> AggregatorGetPackets 0/s
[dplay] Send 16 bytes pid 4 -> 2 (ok)
[dplay] received 16 data bytes from pid 3
[dplay] Send 16 bytes pid 4 -> 2 (ok)
[dplay] received 16 data bytes from pid 3
[dplay] Send 16 bytes pid 4 -> 2 (ok)
[dplay] received 16 data bytes from pid 3
[agg] StaticTimeProc 49/s  impl=0 host=0 running=0 resync=0 served=0  -> AggregatorGetPackets 0/s
[dplay] Send 16 bytes pid 4 -> 2 (ok)
[dplay] received 16 data bytes from pid 3
[dplay] Send 16 bytes pid 4 -> 2 (ok)
[dplay] received 16 data bytes from pid 3
[agg] StaticTimeProc 49/s  impl=0 host=0 running=0 resync=0 served=0  -> AggregatorGetPackets 0/s
[dplay] Send 16 bytes pid 4 -> 2 (ok)
[dplay] received 16 data bytes from pid 3
[dplay] received 189 data bytes from pid 3
[dplay] received 1292 data bytes from pid 3
[dplay] received 189 data bytes from pid 3
[dplay] received 29 data bytes from pid 3
[dplay] received 524 data bytes from pid 3
[dplay] received 114 data bytes from pid 3
[dplay] UINetworkSelectFly: Host=0 GameType=0 PlayerCreated=1
[dplay]   player 0 status=3
[dplay]   player 1 status=3
[dplay] Send 1292 bytes pid 4 -> 2 (ok)
[dplay] Send 189 bytes pid 4 -> 2 (ok)
[panelclear] transition #3: panel 0xaf59fa0 art 27916 -> 0xaf59fa0 art 0
[3d] Start3d(stat=4) status=1
[3d]   -> status=5 (waiting for DONESHEET=2)
[menu] ---- 5 clickable control(s) ----
[menu] #4@10CSystemBox  rect(0,0 24x24)  centre(12,12)  type=3  ""
[menu] #7@10CSystemBox  rect(0,24 24x24)  centre(12,36)  type=3  ""
[menu] #10@10CSystemBox  rect(24,0 48x48)  centre(48,24)  type=3  ""
[menu] #2063@14RFullPanelDial  rect(50,700 142x36)  centre(121,718)  type=1  ""
[menu]      row 0: [0] "Debrief"
[menu] #0@13CRListBoxCtrl  rect(1,-16 207x16)  centre(104,-8)  type=9  ""
[3d] Start3d(stat=2) status=5
[3d]   -> status=7 (7 = GOING)
[3d] Start3d(stat=4) status=8  <-- IGNORED: setup not started
[3d] flight-view active; setup3dstatus=8 (8=GOING: setup done, WM_GETSTRING posted)
[3d] driving Launch3d (OnGetString)...
[dplay] pump #63000 (host=0) -- discovery is answered only from here
[dplay] pump #63500 (host=0) -- discovery is answered only from here
[dplay] pump #64000 (host=0) -- discovery is answered only from here
[dplay] pump #64500 (host=0) -- discovery is answered only from here
[dplay] pump #65000 (host=0) -- discovery is answered only from here
[dplay] pump #65500 (host=0) -- discovery is answered only from here
[dplay] pump #66000 (host=0) -- discovery is answered only from here
[dplay] pump #66500 (host=0) -- discovery is answered only from here
[dplay] pump #67000 (host=0) -- discovery is answered only from here
[dplay] pump #67500 (host=0) -- discovery is answered only from here
[dplay] pump #68000 (host=0) -- discovery is answered only from here
[dplay] pump #68500 (host=0) -- discovery is answered only from here
[dplay] pump #69000 (host=0) -- discovery is answered only from here
[dplay] pump #69500 (host=0) -- discovery is answered only from here
[dplay] pump #70000 (host=0) -- discovery is answered only from here
[dplay] pump #70500 (host=0) -- discovery is answered only from here
[dplay] pump #71000 (host=0) -- discovery is answered only from here
[dplay] pump #71500 (host=0) -- discovery is answered only from here
[dplay] pump #72000 (host=0) -- discovery is answered only from here
[dplay] pump #72500 (host=0) -- discovery is answered only from here
[dplay] pump #73000 (host=0) -- discovery is answered only from here
[dplay] pump #73500 (host=0) -- discovery is answered only from here
[dplay] pump #74000 (host=0) -- discovery is answered only from here
[dplay] pump #74500 (host=0) -- discovery is answered only from here
[dplay] pump #75000 (host=0) -- discovery is answered only from here
[dplay] pump #75500 (host=0) -- discovery is answered only from here
[dplay] pump #76000 (host=0) -- discovery is answered only from here
[dplay] pump #76500 (host=0) -- discovery is answered only from here
[dplay] pump #77000 (host=0) -- discovery is answered only from here
[dplay] pump #77500 (host=0) -- discovery is answered only from here
[dplay] pump #78000 (host=0) -- discovery is answered only from here
[dplay] pump #78500 (host=0) -- discovery is answered only from here
[dplay] pump #79000 (host=0) -- discovery is answered only from here
[dplay] pump #79500 (host=0) -- discovery is answered only from here
[dplay] pump #80000 (host=0) -- discovery is answered only from here
[dplay] pump #80500 (host=0) -- discovery is answered only from here
[dplay] pump #81000 (host=0) -- discovery is answered only from here
[dplay] pump #81500 (host=0) -- discovery is answered only from here
[dplay] pump #82000 (host=0) -- discovery is answered only from here
[dplay] pump #82500 (host=0) -- discovery is answered only from here
[dplay] pump #83000 (host=0) -- discovery is answered only from here
[dplay] pump #83500 (host=0) -- discovery is answered only from here
[dplay] pump #84000 (host=0) -- discovery is answered only from here
[dplay] pump #84500 (host=0) -- discovery is answered only from here
[dplay] pump #85000 (host=0) -- discovery is answered only from here
[dplay] pump #85500 (host=0) -- discovery is answered only from here
[dplay] pump #86000 (host=0) -- discovery is answered only from here
[dplay] pump #86500 (host=0) -- discovery is answered only from here
[dplay] pump #87000 (host=0) -- discovery is answered only from here
[dplay] pump #87500 (host=0) -- discovery is answered only from here
[dplay] pump #88000 (host=0) -- discovery is answered only from here
[dplay] pump #88500 (host=0) -- discovery is answered only from here
[dplay] pump #89000 (host=0) -- discovery is answered only from here
[dplay] pump #89500 (host=0) -- discovery is answered only from here
[dplay] pump #90000 (host=0) -- discovery is answered only from here
[dplay] pump #90500 (host=0) -- discovery is answered only from here
[dplay] pump #91000 (host=0) -- discovery is answered only from here
[dplay] pump #91500 (host=0) -- discovery is answered only from here
[dplay] pump #92000 (host=0) -- discovery is answered only from here
[dplay] pump #92500 (host=0) -- discovery is answered only from here
[dplay] pump #93000 (host=0) -- discovery is answered only from here
[dplay] received 79 data bytes from pid 3
[dplay] pump #93500 (host=0) -- discovery is answered only from here
[dplay] pump #94000 (host=0) -- discovery is answered only from here
[dplay] pump #94500 (host=0) -- discovery is answered only from here
[dplay] pump #95000 (host=0) -- discovery is answered only from here
[dplay] pump #95500 (host=0) -- discovery is answered only from here
[dplay] pump #96000 (host=0) -- discovery is answered only from here
[dplay] pump #96500 (host=0) -- discovery is answered only from here
[dplay] pump #97000 (host=0) -- discovery is answered only from here
[dplay] pump #97500 (host=0) -- discovery is answered only from here
[dplay] pump #98000 (host=0) -- discovery is answered only from here
[dplay] pump #98500 (host=0) -- discovery is answered only from here
[dplay] pump #99000 (host=0) -- discovery is answered only from here
[dplay] pump #99500 (host=0) -- discovery is answered only from here
[dplay] pump #100000 (host=0) -- discovery is answered only from here
[dplay] pump #100500 (host=0) -- discovery is answered only from here
[dplay] pump #101000 (host=0) -- discovery is answered only from here
[dplay] pump #101500 (host=0) -- discovery is answered only from here
[dplay] pump #102000 (host=0) -- discovery is answered only from here
[dplay] pump #102500 (host=0) -- discovery is answered only from here
[dplay] pump #103000 (host=0) -- discovery is answered only from here
[dplay] pump #103500 (host=0) -- discovery is answered only from here
[dplay] received 87 data bytes from pid 3
[dplay] pump #104000 (host=0) -- discovery is answered only from here
[dplay] pump #104500 (host=0) -- discovery is answered only from here
[dplay] pump #105000 (host=0) -- discovery is answered only from here
[dplay] pump #105500 (host=0) -- discovery is answered only from here
[dplay] pump #106000 (host=0) -- discovery is answered only from here
[dplay] pump #106500 (host=0) -- discovery is answered only from here
[dplay] pump #107000 (host=0) -- discovery is answered only from here
[dplay] pump #107500 (host=0) -- discovery is answered only from here
[dplay] pump #108000 (host=0) -- discovery is answered only from here
[dplay] pump #108500 (host=0) -- discovery is answered only from here
[dplay] pump #109000 (host=0) -- discovery is answered only from here
[dplay] pump #109500 (host=0) -- discovery is answered only from here
[dplay] pump #110000 (host=0) -- discovery is answered only from here
[dplay] pump #110500 (host=0) -- discovery is answered only from here
[dplay] pump #111000 (host=0) -- discovery is answered only from here
[dplay] pump #111500 (host=0) -- discovery is answered only from here
[dplay] pump #112000 (host=0) -- discovery is answered only from here
[dplay] pump #112500 (host=0) -- discovery is answered only from here
[dplay] pump #113000 (host=0) -- discovery is answered only from here
[dplay] pump #113500 (host=0) -- discovery is answered only from here
[dplay] pump #114000 (host=0) -- discovery is answered only from here
[dplay] received 87 data bytes from pid 3
[dplay] pump #114500 (host=0) -- discovery is answered only from here
[dplay] pump #115000 (host=0) -- discovery is answered only from here
[dplay] pump #115500 (host=0) -- discovery is answered only from here
[dplay] pump #116000 (host=0) -- discovery is answered only from here
[dplay] pump #116500 (host=0) -- discovery is answered only from here
[dplay] pump #117000 (host=0) -- discovery is answered only from here
[dplay] pump #117500 (host=0) -- discovery is answered only from here
[dplay] pump #118000 (host=0) -- discovery is answered only from here
[dplay] pump #118500 (host=0) -- discovery is answered only from here
[dplay] pump #119000 (host=0) -- discovery is answered only from here
[dplay] pump #119500 (host=0) -- discovery is answered only from here
[dplay] pump #120000 (host=0) -- discovery is answered only from here
[dplay] pump #120500 (host=0) -- discovery is answered only from here
[dplay] pump #121000 (host=0) -- discovery is answered only from here
[dplay] pump #121500 (host=0) -- discovery is answered only from here
[dplay] pump #122000 (host=0) -- discovery is answered only from here
[dplay] pump #122500 (host=0) -- discovery is answered only from here
[dplay] pump #123000 (host=0) -- discovery is answered only from here
[dplay] pump #123500 (host=0) -- discovery is answered only from here
[dplay] pump #124000 (host=0) -- discovery is answered only from here
[dplay] pump #124500 (host=0) -- discovery is answered only from here
[dplay] pump #125000 (host=0) -- discovery is answered only from here
[dplay] received 87 data bytes from pid 3
[dplay] pump #125500 (host=0) -- discovery is answered only from here
[dplay] pump #126000 (host=0) -- discovery is answered only from here
[dplay] pump #126500 (host=0) -- discovery is answered only from here
[dplay] pump #127000 (host=0) -- discovery is answered only from here
[dplay] pump #127500 (host=0) -- discovery is answered only from here
[dplay] pump #128000 (host=0) -- discovery is answered only from here
[dplay] pump #128500 (host=0) -- discovery is answered only from here
[dplay] pump #129000 (host=0) -- discovery is answered only from here
[dplay] pump #129500 (host=0) -- discovery is answered only from here
[dplay] pump #130000 (host=0) -- discovery is answered only from here
[dplay] pump #130500 (host=0) -- discovery is answered only from here
[dplay] pump #131000 (host=0) -- discovery is answered only from here
[dplay] pump #131500 (host=0) -- discovery is answered only from here
[dplay] pump #132000 (host=0) -- discovery is answered only from here
[dplay] pump #132500 (host=0) -- discovery is answered only from here
[dplay] pump #133000 (host=0) -- discovery is answered only from here
[dplay] pump #133500 (host=0) -- discovery is answered only from here
[dplay] pump #134000 (host=0) -- discovery is answered only from here
[dplay] pump #134500 (host=0) -- discovery is answered only from here
[dplay] pump #135000 (host=0) -- discovery is answered only from here
[dplay] pump #135500 (host=0) -- discovery is answered only from here
[dplay] pump #136000 (host=0) -- discovery is answered only from here
[dplay] received 95 data bytes from pid 3
[dplay] pump #136500 (host=0) -- discovery is answered only from here
[dplay] pump #137000 (host=0) -- discovery is answered only from here
[dplay] pump #137500 (host=0) -- discovery is answered only from here
[dplay] pump #138000 (host=0) -- discovery is answered only from here
[dplay] pump #138500 (host=0) -- discovery is answered only from here
[dplay] pump #139000 (host=0) -- discovery is answered only from here
[dplay] pump #139500 (host=0) -- discovery is answered only from here
[dplay] pump #140000 (host=0) -- discovery is answered only from here
[dplay] pump #140500 (host=0) -- discovery is answered only from here
[dplay] pump #141000 (host=0) -- discovery is answered only from here
[dplay] pump #141500 (host=0) -- discovery is answered only from here
[dplay] pump #142000 (host=0) -- discovery is answered only from here
[dplay] pump #142500 (host=0) -- discovery is answered only from here
[dplay] pump #143000 (host=0) -- discovery is answered only from here
[dplay] pump #143500 (host=0) -- discovery is answered only from here
[dplay] pump #144000 (host=0) -- discovery is answered only from here
[dplay] pump #144500 (host=0) -- discovery is answered only from here
[dplay] pump #145000 (host=0) -- discovery is answered only from here
[dplay] pump #145500 (host=0) -- discovery is answered only from here
[dplay] pump #146000 (host=0) -- discovery is answered only from here
[dplay] pump #146500 (host=0) -- discovery is answered only from here
[dplay] pump #147000 (host=0) -- discovery is answered only from here
[dplay] received 103 data bytes from pid 3
[dplay] pump #147500 (host=0) -- discovery is answered only from here
[dplay] pump #148000 (host=0) -- discovery is answered only from here
[dplay] pump #148500 (host=0) -- discovery is answered only from here
[dplay] pump #149000 (host=0) -- discovery is answered only from here
[dplay] pump #149500 (host=0) -- discovery is answered only from here
[dplay] pump #150000 (host=0) -- discovery is answered only from here
[dplay] pump #150500 (host=0) -- discovery is answered only from here
[dplay] pump #151000 (host=0) -- discovery is answered only from here
[dplay] pump #151500 (host=0) -- discovery is answered only from here
[dplay] pump #152000 (host=0) -- discovery is answered only from here
[dplay] pump #152500 (host=0) -- discovery is answered only from here
[dplay] pump #153000 (host=0) -- discovery is answered only from here
[dplay] pump #153500 (host=0) -- discovery is answered only from here
[dplay] pump #154000 (host=0) -- discovery is answered only from here
[dplay] pump #154500 (host=0) -- discovery is answered only from here
[dplay] pump #155000 (host=0) -- discovery is answered only from here
[dplay] pump #155500 (host=0) -- discovery is answered only from here
[dplay] pump #156000 (host=0) -- discovery is answered only from here
[dplay] pump #156500 (host=0) -- discovery is answered only from here
[dplay] pump #157000 (host=0) -- discovery is answered only from here
[dplay] pump #157500 (host=0) -- discovery is answered only from here
[dplay] pump #158000 (host=0) -- discovery is answered only from here
[dplay] received 103 data bytes from pid 3
[dplay] pump #158500 (host=0) -- discovery is answered only from here
[dplay] pump #159000 (host=0) -- discovery is answered only from here
[dplay] pump #159500 (host=0) -- discovery is answered only from here
[dplay] pump #160000 (host=0) -- discovery is answered only from here
[dplay] pump #160500 (host=0) -- discovery is answered only from here
[dplay] pump #161000 (host=0) -- discovery is answered only from here
[dplay] pump #161500 (host=0) -- discovery is answered only from here
[dplay] pump #162000 (host=0) -- discovery is answered only from here
[dplay] pump #162500 (host=0) -- discovery is answered only from here
[dplay] pump #163000 (host=0) -- discovery is answered only from here
[dplay] pump #163500 (host=0) -- discovery is answered only from here
[dplay] pump #164000 (host=0) -- discovery is answered only from here
[dplay] pump #164500 (host=0) -- discovery is answered only from here
[dplay] pump #165000 (host=0) -- discovery is answered only from here
[dplay] pump #165500 (host=0) -- discovery is answered only from here
[dplay] pump #166000 (host=0) -- discovery is answered only from here
[dplay] pump #166500 (host=0) -- discovery is answered only from here
[dplay] pump #167000 (host=0) -- discovery is answered only from here
[dplay] pump #167500 (host=0) -- discovery is answered only from here
[dplay] pump #168000 (host=0) -- discovery is answered only from here
[dplay] pump #168500 (host=0) -- discovery is answered only from here
[dplay] received 103 data bytes from pid 3
[dplay] pump #169000 (host=0) -- discovery is answered only from here
[dplay] pump #169500 (host=0) -- discovery is answered only from here
[dplay] pump #170000 (host=0) -- discovery is answered only from here
[dplay] pump #170500 (host=0) -- discovery is answered only from here
[dplay] pump #171000 (host=0) -- discovery is answered only from here
[dplay] pump #171500 (host=0) -- discovery is answered only from here
[dplay] pump #172000 (host=0) -- discovery is answered only from here
[dplay] pump #172500 (host=0) -- discovery is answered only from here
[dplay] pump #173000 (host=0) -- discovery is answered only from here
[dplay] pump #173500 (host=0) -- discovery is answered only from here
[dplay] pump #174000 (host=0) -- discovery is answered only from here
[dplay] pump #174500 (host=0) -- discovery is answered only from here
[dplay] pump #175000 (host=0) -- discovery is answered only from here
[dplay] pump #175500 (host=0) -- discovery is answered only from here
[dplay] pump #176000 (host=0) -- discovery is answered only from here
[dplay] pump #176500 (host=0) -- discovery is answered only from here
[dplay] pump #177000 (host=0) -- discovery is answered only from here
[dplay] pump #177500 (host=0) -- discovery is answered only from here
[dplay] pump #178000 (host=0) -- discovery is answered only from here
[dplay] pump #178500 (host=0) -- discovery is answered only from here
[dplay] pump #179000 (host=0) -- discovery is answered only from here
[dplay] pump #179500 (host=0) -- discovery is answered only from here
[dplay] received 103 data bytes from pid 3
[dplay] pump #180000 (host=0) -- discovery is answered only from here
[dplay] pump #180500 (host=0) -- discovery is answered only from here
[dplay] pump #181000 (host=0) -- discovery is answered only from here
[dplay] pump #181500 (host=0) -- discovery is answered only from here
[dplay] pump #182000 (host=0) -- discovery is answered only from here
[dplay] pump #182500 (host=0) -- discovery is answered only from here
[dplay] pump #183000 (host=0) -- discovery is answered only from here
[dplay] pump #183500 (host=0) -- discovery is answered only from here
[dplay] pump #184000 (host=0) -- discovery is answered only from here
[dplay] pump #184500 (host=0) -- discovery is answered only from here
[dplay] pump #185000 (host=0) -- discovery is answered only from here
[dplay] pump #185500 (host=0) -- discovery is answered only from here
[dplay] pump #186000 (host=0) -- discovery is answered only from here
[dplay] pump #186500 (host=0) -- discovery is answered only from here
[dplay] pump #187000 (host=0) -- discovery is answered only from here
[dplay] pump #187500 (host=0) -- discovery is answered only from here
[dplay] pump #188000 (host=0) -- discovery is answered only from here
[dplay] pump #188500 (host=0) -- discovery is answered only from here
[dplay] pump #189000 (host=0) -- discovery is answered only from here
[dplay] pump #189500 (host=0) -- discovery is answered only from here
[dplay] pump #190000 (host=0) -- discovery is answered only from here
[dplay] received 103 data bytes from pid 3
[dplay] pump #190500 (host=0) -- discovery is answered only from here
[dplay] pump #191000 (host=0) -- discovery is answered only from here
[dplay] pump #191500 (host=0) -- discovery is answered only from here
[dplay] pump #192000 (host=0) -- discovery is answered only from here
[dplay] pump #192500 (host=0) -- discovery is answered only from here
[dplay] pump #193000 (host=0) -- discovery is answered only from here
[dplay] pump #193500 (host=0) -- discovery is answered only from here
[dplay] pump #194000 (host=0) -- discovery is answered only from here
[dplay] pump #194500 (host=0) -- discovery is answered only from here
[dplay] pump #195000 (host=0) -- discovery is answered only from here
[dplay] pump #195500 (host=0) -- discovery is answered only from here
[dplay] pump #196000 (host=0) -- discovery is answered only from here
[dplay] pump #196500 (host=0) -- discovery is answered only from here
[dplay] pump #197000 (host=0) -- discovery is answered only from here
[dplay] pump #197500 (host=0) -- discovery is answered only from here
[dplay] pump #198000 (host=0) -- discovery is answered only from here
[dplay] pump #198500 (host=0) -- discovery is answered only from here
[dplay] pump #199000 (host=0) -- discovery is answered only from here
[dplay] pump #199500 (host=0) -- discovery is answered only from here
[dplay] pump #200000 (host=0) -- discovery is answered only from here
[dplay] pump #200500 (host=0) -- discovery is answered only from here
[dplay] received 103 data bytes from pid 3
[dplay] pump #201000 (host=0) -- discovery is answered only from here
[dplay] pump #201500 (host=0) -- discovery is answered only from here
[dplay] pump #202000 (host=0) -- discovery is answered only from here
[dplay] pump #202500 (host=0) -- discovery is answered only from here
[dplay] pump #203000 (host=0) -- discovery is answered only from here
[dplay] pump #203500 (host=0) -- discovery is answered only from here
[dplay] pump #204000 (host=0) -- discovery is answered only from here
[dplay] pump #204500 (host=0) -- discovery is answered only from here
[dplay] pump #205000 (host=0) -- discovery is answered only from here
[dplay] pump #205500 (host=0) -- discovery is answered only from here
[dplay] pump #206000 (host=0) -- discovery is answered only from here
[dplay] pump #206500 (host=0) -- discovery is answered only from here
[dplay] pump #207000 (host=0) -- discovery is answered only from here
[dplay] pump #207500 (host=0) -- discovery is answered only from here
[dplay] pump #208000 (host=0) -- discovery is answered only from here
[dplay] pump #208500 (host=0) -- discovery is answered only from here
[dplay] pump #209000 (host=0) -- discovery is answered only from here
[dplay] pump #209500 (host=0) -- discovery is answered only from here
[dplay] pump #210000 (host=0) -- discovery is answered only from here
[dplay] pump #210500 (host=0) -- discovery is answered only from here
[dplay] pump #211000 (host=0) -- discovery is answered only from here
[dplay] pump #211500 (host=0) -- discovery is answered only from here
[dplay] received 167 data bytes from pid 3
[iamin] announcing entry (started with host, Joining=FALSE)
[iamin-wire] SENT from=4 to=2 len=16
[dplay] Send 16 bytes pid 4 -> 2 (ok)
[keybind] ./controls.cfg: applied 585 binding(s)
[layout] RTESTSH1: sizeof(Inst3d)=49 sizeof(View3d)=84 tmpinst=0xb3f68c0
[layout] STUB3D: sizeof(Inst3d)=49 off(viewedwin)=11 sizeof(View3d)=84 off(timeSinceLastMove)=68 inst=0xb3f68c0 viewedwin=0xb73c300
[hw] renderer: hardware (the player's saved choice)
[3d] IDirectDraw2::EnumDisplayModes called cb=0x817c6a8
[3d] wired logicalscreenptr=0xb998b010 (back-surface bits) NumberOfScreens=1
[3d] XX_SetGraphicsMode: DDCurrMode=0 colourdepth=16 BytesPerPixel=2 masks R=0xf800 G=0x7e0 B=0x1f bitcount=16
[overlay] GetSurfaceDimensions -> 640x480
[overlay] GetSurfaceDimensions -> 640x480
[agg] StaticTimeProc 49/s  impl=1 host=0 running=1 resync=0 served=0  -> AggregatorGetPackets 0/s
[overlay] GetSurfaceDimensions -> 640x480
[iamin-wire] QUEUED from=3 to=2 len=16
[dplay] received 16 data bytes from pid 3
[iamin-wire] DELIVERED caller=WINMOVE.CPP:4150 from=3 to=2 len=16 flags=0x2 toarg=4
[agg] InitSyncPhase received 1 msg/s  aggID=1  From seen: 3
[addplayer] slot=0 actype=0 id=3584 -> ConvertPtrUID FOUND (player will be made visible)
[agg] InitSyncPhase got-agg-packet 0/s  no-packet 1/s
[dplay] pump #212000 (host=0) -- discovery is answered only from here
[dplay] pump #212500 (host=0) -- discovery is answered only from here
[dplay] pump #213000 (host=0) -- discovery is answered only from here
[dplay] pump #213500 (host=0) -- discovery is answered only from here
[dplay] pump #214000 (host=0) -- discovery is answered only from here
[dplay] pump #214500 (host=0) -- discovery is answered only from here
[dplay] pump #215000 (host=0) -- discovery is answered only from here
[dplay] pump #215500 (host=0) -- discovery is answered only from here
[joy] opened 'Logitech Extreme 3D' axes=4 buttons=12 hats=1
[3d] Launch3d returned; tmpinst=0xb3f68c0 tmpview=0xb73c300
[peer] uid=3584 found=1 visible=1 dead=0 range=226m
[self] uid=3585 visible=1 dead=0
[accnt] CHANGE at call 0: aircraft=8 MAX=8 visible=2 dead=6
[accnt] aircraft in this world: now=8 MAX=8 visible=2 dead=6 (frame sample #0)
[dplay] received 5 data bytes from pid 1
[dplay] Send 14 bytes pid 4 -> 1 (ok)
[dplay] received 14 data bytes from pid 3
[dplay] received 5 data bytes from pid 1
[dplay] Send 14 bytes pid 4 -> 1 (ok)
[dplay] received 14 data bytes from pid 3
[dplay] received 5 data bytes from pid 1
[dplay] received 14 data bytes from pid 3
[dplay] Send 14 bytes pid 4 -> 1 (ok)
[agg] GATE num=0 CurrPlayers=2  aggCount=2 myFrame=2  IDCodes: 194 194 194 194 194 194 194 194  (DUMMY=196)
[dplay] Send 14 bytes pid 4 -> 1 (ok)
[dplay] received 14 data bytes from pid 3
[dplay] received 33 data bytes from pid 1
[dplay] Send 14 bytes pid 4 -> 1 (ok)
[dplay] received 19 data bytes from pid 1
[dplay] Send 14 bytes pid 4 -> 1 (ok)
[dplay] Send 14 bytes pid 4 -> 1 (ok)
[dplay] received 14 data bytes from pid 3
[dplay] received 19 data bytes from pid 1
[dplay] Send 14 bytes pid 4 -> 1 (ok)
[dplay] Send 14 bytes pid 4 -> 1 (ok)
[dplay] received 14 data bytes from pid 3
[dplay] received 19 data bytes from pid 1
[dplay] received 14 data bytes from pid 3
[dplay] Send 14 bytes pid 4 -> 1 (ok)
[dplay] Send 14 bytes pid 4 -> 1 (ok)
[dplay] received 14 data bytes from pid 3
[dplay] received 33 data bytes from pid 1
[dplay] received 19 data bytes from pid 1
[dplay] received 14 data bytes from pid 3
[dplay] Send 14 bytes pid 4 -> 1 (ok)
[dplay] Send 14 bytes pid 4 -> 1 (ok)
[dplay] received 14 data bytes from pid 3
[dplay] received 33 data bytes from pid 1
[dplay] received 19 data bytes from pid 1
[dplay] Send 14 bytes pid 4 -> 1 (ok)
[dplay] received 14 data bytes from pid 3
[dplay] received 19 data bytes from pid 1
[dplay] Send 14 bytes pid 4 -> 1 (ok)
[dplay] received 14 data bytes from pid 3
[dplay] received 14 data bytes from pid 3
[dplay] received 33 data bytes from pid 1
[dplay] received 19 data bytes from pid 1
[dplay] Send 14 bytes pid 4 -> 1 (ok)
[dplay] received 14 data bytes from pid 3
[agg] StaticTimeProc 49/s  impl=1 host=0 running=1 resync=0 served=0  -> AggregatorGetPackets 0/s
[dplay] received 19 data bytes from pid 1
[dplay] Send 14 bytes pid 4 -> 1 (ok)
[dplay] received 14 data bytes from pid 3
[dplay] received 19 data bytes from pid 1
[dplay] Send 14 bytes pid 4 -> 1 (ok)
[dplay] received 14 data bytes from pid 3
[dplay] Send 14 bytes pid 4 -> 1 (ok)
[dplay] received 19 data bytes from pid 1
[dplay] received 14 data bytes from pid 3
[dplay] Send 14 bytes pid 4 -> 1 (ok)
[dplay] received 19 data bytes from pid 1
[dplay] received 14 data bytes from pid 3
[dplay] Send 14 bytes pid 4 -> 1 (ok)
[dplay] received 19 data bytes from pid 1
[dplay] received 14 data bytes from pid 3
[dplay] Send 14 bytes pid 4 -> 1 (ok)
[dplay] received 14 data bytes from pid 3
[dplay] received 33 data bytes from pid 1
[dplay] Send 14 bytes pid 4 -> 1 (ok)
[dplay] received 14 data bytes from pid 3
[dplay] received 33 data bytes from pid 1
[dplay] Send 14 bytes pid 4 -> 1 (ok)
[dplay] received 14 data bytes from pid 3
[dplay] received 33 data bytes from pid 1
[dplay] Send 14 bytes pid 4 -> 1 (ok)
[dplay] received 14 data bytes from pid 3
[dplay] received 33 data bytes from pid 1
[dplay] Send 14 bytes pid 4 -> 1 (ok)
[dplay] received 14 data bytes from pid 3
[dplay] received 33 data bytes from pid 1
[dplay] Send 14 bytes pid 4 -> 1 (ok)
[dplay] received 14 data bytes from pid 3
[dplay] received 33 data bytes from pid 1
[dplay] Send 14 bytes pid 4 -> 1 (ok)
[dplay] received 14 data bytes from pid 3
[dplay] received 33 data bytes from pid 1
[agg] InitSyncPhase got-agg-packet 6/s  no-packet 4146/s
[dplay] Send 14 bytes pid 4 -> 1 (ok)
[dplay] received 14 data bytes from pid 3
[dplay] received 33 data bytes from pid 1
[agg] StaticTimeProc 49/s  impl=1 host=0 running=1 resync=0 served=0  -> AggregatorGetPackets 0/s
[dplay] Send 14 bytes pid 4 -> 1 (ok)
[dplay] received 14 data bytes from pid 3
[dplay] received 33 data bytes from pid 1
[dplay] Send 14 bytes pid 4 -> 1 (ok)
[dplay] received 14 data bytes from pid 3
[dplay] received 33 data bytes from pid 1
[dplay] Send 14 bytes pid 4 -> 1 (ok)
[dplay] received 14 data bytes from pid 3
[dplay] received 33 data bytes from pid 1
[dplay] Send 14 bytes pid 4 -> 1 (ok)
[dplay] received 14 data bytes from pid 3
[dplay] received 33 data bytes from pid 1
[dplay] Send 14 bytes pid 4 -> 1 (ok)
[dplay] received 14 data bytes from pid 3
[dplay] received 33 data bytes from pid 1
[dplay] Send 14 bytes pid 4 -> 1 (ok)
[dplay] received 14 data bytes from pid 3
[dplay] received 33 data bytes from pid 1
[dplay] Send 14 bytes pid 4 -> 1 (ok)
[dplay] received 14 data bytes from pid 3
[dplay] received 33 data bytes from pid 1
[dplay] Send 14 bytes pid 4 -> 1 (ok)
[dplay] received 14 data bytes from pid 3
[dplay] received 33 data bytes from pid 1
[dplay] Send 14 bytes pid 4 -> 1 (ok)
[dplay] received 14 data bytes from pid 3
[dplay] received 33 data bytes from pid 1
[dplay] received 19 data bytes from pid 1
[dplay] Send 14 bytes pid 4 -> 1 (ok)
[dplay] Send 14 bytes pid 4 -> 1 (ok)
[dplay] received 14 data bytes from pid 3
[dplay] received 14 data bytes from pid 3
[dplay] received 19 data bytes from pid 1
[dplay] Send 14 bytes pid 4 -> 1 (ok)
[dplay] received 14 data bytes from pid 3
[dplay] received 19 data bytes from pid 1
[dplay] Send 14 bytes pid 4 -> 1 (ok)
[dplay] received 14 data bytes from pid 3
[dplay] received 19 data bytes from pid 1
[dplay] received 14 data bytes from pid 3
[agg] InitSyncPhase received 17 msg/s  aggID=1  From seen: 1 3
[agg] InitSyncPhase got-agg-packet 1/s  no-packet 0/s
[dplay] Send 14 bytes pid 4 -> 1 (ok)
[agg] GATE num=0 CurrPlayers=2  aggCount=39 myFrame=41  IDCodes: 194 207 194 194 194 194 194 194  (DUMMY=196)
[agg] StaticTimeProc 49/s  impl=1 host=0 running=1 resync=0 served=0  -> AggregatorGetPackets 0/s
[dplay] Send 14 bytes pid 4 -> 1 (ok)
[dplay] received 14 data bytes from pid 3
[dplay] received 33 data bytes from pid 1
[dplay] received 19 data bytes from pid 1
[dplay] Send 14 bytes pid 4 -> 1 (ok)
[dplay] received 14 data bytes from pid 3
[dplay] received 19 data bytes from pid 1
[dplay] Send 14 bytes pid 4 -> 1 (ok)
[dplay] received 14 data bytes from pid 3
[dplay] received 19 data bytes from pid 1
[dplay] Send 14 bytes pid 4 -> 1 (ok)
[dplay] received 14 data bytes from pid 3
[dplay] received 19 data bytes from pid 1
[dplay] Send 14 bytes pid 4 -> 1 (ok)
[dplay] received 14 data bytes from pid 3
[dplay] received 19 data bytes from pid 1
[dplay] Send 14 bytes pid 4 -> 1 (ok)
[dplay] received 14 data bytes from pid 3
[dplay] received 19 data bytes from pid 1
[dplay] Send 14 bytes pid 4 -> 1 (ok)
[dplay] received 14 data bytes from pid 3
[dplay] received 19 data bytes from pid 1
[dplay] Send 14 bytes pid 4 -> 1 (ok)
[dplay] received 14 data bytes from pid 3
[dplay] received 19 data bytes from pid 1
[dplay] Send 14 bytes pid 4 -> 1 (ok)
[dplay] received 14 data bytes from pid 3
[dplay] pump #216000 (host=0) -- discovery is answered only from here
[dplay] received 19 data bytes from pid 1
[dplay] Send 14 bytes pid 4 -> 1 (ok)
[dplay] received 14 data bytes from pid 3
[dplay] received 19 data bytes from pid 1
[dplay] Send 14 bytes pid 4 -> 1 (ok)
[dplay] received 14 data bytes from pid 3
[dplay] received 19 data bytes from pid 1
[dplay] Send 14 bytes pid 4 -> 1 (ok)
[dplay] received 14 data bytes from pid 3
[dplay] received 19 data bytes from pid 1
[agg] InitSyncPhase got-agg-packet 0/s  no-packet 1/s
[dplay] Send 14 bytes pid 4 -> 1 (ok)
[agg] StaticTimeProc 49/s  impl=1 host=0 running=1 resync=0 served=0  -> AggregatorGetPackets 0/s
[dplay] received 14 data bytes from pid 3
[dplay] received 19 data bytes from pid 1
[dplay] Send 14 bytes pid 4 -> 1 (ok)
[dplay] received 14 data bytes from pid 3
[dplay] received 19 data bytes from pid 1
[dplay] Send 14 bytes pid 4 -> 1 (ok)
[dplay] received 14 data bytes from pid 3
[dplay] received 19 data bytes from pid 1
[dplay] Send 14 bytes pid 4 -> 1 (ok)
[dplay] received 14 data bytes from pid 3
[dplay] received 19 data bytes from pid 1
[dplay] Send 14 bytes pid 4 -> 1 (ok)
[dplay] received 14 data bytes from pid 3
[dplay] received 19 data bytes from pid 1
[dplay] Send 14 bytes pid 4 -> 1 (ok)
[dplay] received 14 data bytes from pid 3
[dplay] received 19 data bytes from pid 1
[dplay] Send 14 bytes pid 4 -> 1 (ok)
[dplay] received 14 data bytes from pid 3
[dplay] received 19 data bytes from pid 1
[dplay] Send 14 bytes pid 4 -> 1 (ok)
[dplay] received 14 data bytes from pid 3
[dplay] received 19 data bytes from pid 1
[dplay] Send 14 bytes pid 4 -> 1 (ok)
[dplay] received 14 data bytes from pid 3
[dplay] received 19 data bytes from pid 1
[dplay] Send 14 bytes pid 4 -> 1 (ok)
[dplay] received 14 data bytes from pid 3
[dplay] received 19 data bytes from pid 1
[dplay] Send 14 bytes pid 4 -> 1 (ok)
[dplay] received 14 data bytes from pid 3
[dplay] received 19 data bytes from pid 1
[dplay] Send 14 bytes pid 4 -> 1 (ok)
[dplay] received 14 data bytes from pid 3
[dplay] received 19 data bytes from pid 1
[dplay] Send 14 bytes pid 4 -> 1 (ok)
[dplay] received 14 data bytes from pid 3
[agg] InitSyncPhase got-agg-packet 0/s  no-packet 1/s
[agg] StaticTimeProc 50/s  impl=1 host=0 running=1 resync=0 served=0  -> AggregatorGetPackets 0/s
[dplay] received 19 data bytes from pid 1
[dplay] Send 14 bytes pid 4 -> 1 (ok)
[dplay] received 14 data bytes from pid 3
[dplay] received 19 data bytes from pid 1
[dplay] Send 14 bytes pid 4 -> 1 (ok)
[dplay] received 14 data bytes from pid 3
[dplay] received 19 data bytes from pid 1
[dplay] Send 14 bytes pid 4 -> 1 (ok)
[dplay] received 14 data bytes from pid 3
[dplay] received 19 data bytes from pid 1
[dplay] Send 14 bytes pid 4 -> 1 (ok)
[dplay] received 14 data bytes from pid 3
[dplay] received 19 data bytes from pid 1
[dplay] Send 14 bytes pid 4 -> 1 (ok)
[dplay] Send 14 bytes pid 4 -> 1 (ok)
[dplay] received 14 data bytes from pid 3
[dplay] received 14 data bytes from pid 3
[dplay] received 19 data bytes from pid 1
[dplay] Send 14 bytes pid 4 -> 1 (ok)
[dplay] received 14 data bytes from pid 3
[dplay] received 19 data bytes from pid 1
[dplay] Send 14 bytes pid 4 -> 1 (ok)
[dplay] received 14 data bytes from pid 3
[dplay] received 19 data bytes from pid 1
[dplay] Send 14 bytes pid 4 -> 1 (ok)
[dplay] received 14 data bytes from pid 3
[dplay] received 19 data bytes from pid 1
[dplay] Send 14 bytes pid 4 -> 1 (ok)
[dplay] received 14 data bytes from pid 3
[dplay] received 19 data bytes from pid 1
[dplay] Send 14 bytes pid 4 -> 1 (ok)
[dplay] received 14 data bytes from pid 3
[dplay] received 19 data bytes from pid 1
[dplay] Send 14 bytes pid 4 -> 1 (ok)
[dplay] received 14 data bytes from pid 3
[dplay] received 19 data bytes from pid 1
[dplay] Send 14 bytes pid 4 -> 1 (ok)
[dplay] received 14 data bytes from pid 3
[agg] InitSyncPhase got-agg-packet 0/s  no-packet 1/s
[dplay] received 19 data bytes from pid 1
[dplay] Send 14 bytes pid 4 -> 1 (ok)
[agg] StaticTimeProc 49/s  impl=1 host=0 running=1 resync=0 served=0  -> AggregatorGetPackets 0/s
[dplay] received 14 data bytes from pid 3
[dplay] received 19 data bytes from pid 1
[dplay] Send 14 bytes pid 4 -> 1 (ok)
[dplay] received 14 data bytes from pid 3
[dplay] received 19 data bytes from pid 1
[dplay] Send 14 bytes pid 4 -> 1 (ok)
[dplay] received 14 data bytes from pid 3
[dplay] Send 14 bytes pid 4 -> 1 (ok)
[dplay] received 19 data bytes from pid 1
[dplay] received 14 data bytes from pid 3
[dplay] Send 14 bytes pid 4 -> 1 (ok)
[dplay] received 19 data bytes from pid 1
[dplay] received 14 data bytes from pid 3
[dplay] Send 14 bytes pid 4 -> 1 (ok)
[dplay] received 14 data bytes from pid 3
[dplay] received 33 data bytes from pid 1
[dplay] Send 14 bytes pid 4 -> 1 (ok)
[dplay] received 14 data bytes from pid 3
[dplay] received 33 data bytes from pid 1
[dplay] Send 14 bytes pid 4 -> 1 (ok)
[dplay] received 14 data bytes from pid 3
[dplay] received 33 data bytes from pid 1
[dplay] Send 14 bytes pid 4 -> 1 (ok)
[dplay] received 14 data bytes from pid 3
[dplay] received 33 data bytes from pid 1
[dplay] Send 14 bytes pid 4 -> 1 (ok)
[dplay] received 14 data bytes from pid 3
[dplay] received 33 data bytes from pid 1
[dplay] Send 14 bytes pid 4 -> 1 (ok)
[dplay] received 14 data bytes from pid 3
[dplay] received 33 data bytes from pid 1
[dplay] Send 14 bytes pid 4 -> 1 (ok)
[dplay] received 14 data bytes from pid 3
[dplay] received 33 data bytes from pid 1
[dplay] Send 14 bytes pid 4 -> 1 (ok)
[dplay] received 14 data bytes from pid 3
[dplay] received 33 data bytes from pid 1
[agg] InitSyncPhase received 1 msg/s  aggID=1  From seen: 1
[agg] InitSyncPhase got-agg-packet 1/s  no-packet 0/s
[dplay] Send 14 bytes pid 4 -> 1 (ok)
[agg] GATE num=0 CurrPlayers=2  aggCount=89 myFrame=92  IDCodes: 207 207 194 194 194 194 194 194  (DUMMY=196)
[agg] StaticTimeProc 49/s  impl=1 host=0 running=1 resync=0 served=0  -> AggregatorGetPackets 0/s
[dplay] Send 14 bytes pid 4 -> 1 (ok)
[dplay] received 14 data bytes from pid 3
[dplay] received 33 data bytes from pid 1
[dplay] Send 14 bytes pid 4 -> 1 (ok)
[dplay] received 14 data bytes from pid 3
[dplay] received 33 data bytes from pid 1
[dplay] Send 14 bytes pid 4 -> 1 (ok)
[dplay] received 14 data bytes from pid 3
[dplay] received 33 data bytes from pid 1
[dplay] Send 14 bytes pid 4 -> 1 (ok)
[dplay] received 14 data bytes from pid 3
[dplay] received 33 data bytes from pid 1
[dplay] Send 14 bytes pid 4 -> 1 (ok)
[dplay] received 14 data bytes from pid 3
[dplay] received 33 data bytes from pid 1
[dplay] Send 14 bytes pid 4 -> 1 (ok)
[dplay] received 14 data bytes from pid 3
[dplay] received 33 data bytes from pid 1
[dplay] Send 14 bytes pid 4 -> 1 (ok)
[dplay] received 14 data bytes from pid 3
[dplay] received 33 data bytes from pid 1
[dplay] Send 14 bytes pid 4 -> 1 (ok)
[dplay] received 14 data bytes from pid 3
[dplay] received 33 data bytes from pid 1
[dplay] Send 14 bytes pid 4 -> 1 (ok)
[dplay] received 14 data bytes from pid 3
[dplay] received 33 data bytes from pid 1
[dplay] Send 14 bytes pid 4 -> 1 (ok)
[dplay] received 14 data bytes from pid 3
[dplay] received 33 data bytes from pid 1
[dplay] received 19 data bytes from pid 1
[dplay] Send 14 bytes pid 4 -> 1 (ok)
[dplay] received 14 data bytes from pid 3
[dplay] received 19 data bytes from pid 1
[dplay] Send 14 bytes pid 4 -> 1 (ok)
[dplay] received 14 data bytes from pid 3
[dplay] received 19 data bytes from pid 1
[agg] InitSyncPhase got-agg-packet 0/s  no-packet 1/s
[dplay] Send 14 bytes pid 4 -> 1 (ok)
[dplay] received 14 data bytes from pid 3
[agg] StaticTimeProc 50/s  impl=1 host=0 running=1 resync=0 served=0  -> AggregatorGetPackets 0/s
[dplay] received 19 data bytes from pid 1
[dplay] Send 14 bytes pid 4 -> 1 (ok)
[dplay] received 14 data bytes from pid 3
[dplay] received 19 data bytes from pid 1
[dplay] Send 14 bytes pid 4 -> 1 (ok)
[dplay] received 14 data bytes from pid 3
[dplay] received 19 data bytes from pid 1
[dplay] Send 14 bytes pid 4 -> 1 (ok)
[dplay] received 14 data bytes from pid 3
[dplay] received 19 data bytes from pid 1
[dplay] Send 14 bytes pid 4 -> 1 (ok)
[dplay] received 14 data bytes from pid 3
[dplay] received 19 data bytes from pid 1
[dplay] Send 14 bytes pid 4 -> 1 (ok)
[dplay] received 14 data bytes from pid 3
[dplay] received 19 data bytes from pid 1
[dplay] Send 14 bytes pid 4 -> 1 (ok)
[dplay] received 14 data bytes from pid 3
[dplay] received 19 data bytes from pid 1
[dplay] Send 14 bytes pid 4 -> 1 (ok)
[dplay] received 14 data bytes from pid 3
[dplay] received 19 data bytes from pid 1
[dplay] Send 14 bytes pid 4 -> 1 (ok)
[dplay] received 14 data bytes from pid 3
[dplay] received 19 data bytes from pid 1
[dplay] Send 14 bytes pid 4 -> 1 (ok)
[dplay] received 14 data bytes from pid 3
[dplay] received 19 data bytes from pid 1
[dplay] Send 14 bytes pid 4 -> 1 (ok)
[dplay] received 14 data bytes from pid 3
[dplay] received 19 data bytes from pid 1
[dplay] Send 14 bytes pid 4 -> 1 (ok)
[dplay] received 14 data bytes from pid 3
[dplay] received 19 data bytes from pid 1
[dplay] Send 14 bytes pid 4 -> 1 (ok)
[dplay] received 14 data bytes from pid 3
[agg] InitSyncPhase got-agg-packet 0/s  no-packet 1/s
[agg] StaticTimeProc 49/s  impl=1 host=0 running=1 resync=0 served=0  -> AggregatorGetPackets 0/s
[dplay] received 19 data bytes from pid 1
[dplay] Send 14 bytes pid 4 -> 1 (ok)
[dplay] received 14 data bytes from pid 3
[dplay] received 19 data bytes from pid 1
[dplay] Send 14 bytes pid 4 -> 1 (ok)
[dplay] received 14 data bytes from pid 3
[dplay] received 19 data bytes from pid 1
[dplay] Send 14 bytes pid 4 -> 1 (ok)
[dplay] received 14 data bytes from pid 3
[dplay] received 19 data bytes from pid 1
[dplay] Send 14 bytes pid 4 -> 1 (ok)
[dplay] received 14 data bytes from pid 3
[dplay] received 19 data bytes from pid 1
[dplay] pump #216500 (host=0) -- discovery is answered only from here
[dplay] Send 14 bytes pid 4 -> 1 (ok)
[dplay] received 14 data bytes from pid 3
[dplay] received 19 data bytes from pid 1
[dplay] Send 14 bytes pid 4 -> 1 (ok)
[dplay] received 14 data bytes from pid 3
[dplay] received 19 data bytes from pid 1
[dplay] Send 14 bytes pid 4 -> 1 (ok)
[dplay] received 14 data bytes from pid 3
[dplay] received 19 data bytes from pid 1
[dplay] Send 14 bytes pid 4 -> 1 (ok)
[dplay] received 14 data bytes from pid 3
[dplay] received 19 data bytes from pid 1
[dplay] Send 14 bytes pid 4 -> 1 (ok)
[dplay] received 14 data bytes from pid 3
[dplay] received 19 data bytes from pid 1
[dplay] Send 14 bytes pid 4 -> 1 (ok)
[dplay] received 14 data bytes from pid 3
[dplay] received 19 data bytes from pid 1
[dplay] Send 14 bytes pid 4 -> 1 (ok)
[dplay] received 14 data bytes from pid 3
[dplay] received 19 data bytes from pid 1
[dplay] Send 14 bytes pid 4 -> 1 (ok)
[dplay] received 14 data bytes from pid 3
[dplay] received 19 data bytes from pid 1
[agg] InitSyncPhase received 1 msg/s  aggID=1  From seen: 1
[agg] InitSyncPhase got-agg-packet 1/s  no-packet 0/s
[dplay] Send 14 bytes pid 4 -> 1 (ok)
[agg] GATE num=0 CurrPlayers=2  aggCount=127 myFrame=130  IDCodes: 194 207 194 194 194 194 194 194  (DUMMY=196)
[dplay] Send 14 bytes pid 4 -> 1 (ok)
[agg] StaticTimeProc 49/s  impl=1 host=0 running=1 resync=0 served=0  -> AggregatorGetPackets 0/s
[dplay] received 14 data bytes from pid 3
[dplay] received 19 data bytes from pid 1
[dplay] Send 14 bytes pid 4 -> 1 (ok)
[dplay] received 14 data bytes from pid 3
[dplay] received 19 data bytes from pid 1
[dplay] Send 14 bytes pid 4 -> 1 (ok)
[dplay] received 14 data bytes from pid 3
[dplay] received 19 data bytes from pid 1
[dplay] Send 14 bytes pid 4 -> 1 (ok)
[dplay] received 14 data bytes from pid 3
[dplay] received 5 data bytes from pid 1
[dplay] Send 14 bytes pid 4 -> 1 (ok)
[dplay] received 14 data bytes from pid 3
[dplay] received 5 data bytes from pid 1
[dplay] Send 14 bytes pid 4 -> 1 (ok)
[dplay] received 14 data bytes from pid 3
[dplay] received 5 data bytes from pid 1
[dplay] Send 14 bytes pid 4 -> 1 (ok)
[resync] BeginSyncPhase requested at WINMOVE.CPP:4827 Host=0 synched=0 csync=0
[dplay] Send 12 bytes pid 4 -> 0 (ok)
[dplay] Send 66 bytes pid 4 -> 2 (ok)
[dplay] received 57 data bytes from pid 3
[agg] InitSyncPhase got-agg-packet 0/s  no-packet 1/s
[dplay] pump #217000 (host=0) -- discovery is answered only from here
[dplay] pump #217500 (host=0) -- discovery is answered only from here
[dplay] pump #218000 (host=0) -- discovery is answered only from here
[dplay] pump #218500 (host=0) -- discovery is answered only from here
[dplay] pump #219000 (host=0) -- discovery is answered only from here
[dplay] pump #219500 (host=0) -- discovery is answered only from here
[dplay] pump #220000 (host=0) -- discovery is answered only from here
[dplay] pump #220500 (host=0) -- discovery is answered only from here
[dplay] pump #221000 (host=0) -- discovery is answered only from here
[agg] StaticTimeProc 49/s  impl=1 host=0 running=1 resync=0 served=0  -> AggregatorGetPackets 0/s
[agg] InitSyncPhase got-agg-packet 0/s  no-packet 4648/s
[dplay] pump #221500 (host=0) -- discovery is answered only from here
[dplay] pump #222000 (host=0) -- discovery is answered only from here
[dplay] pump #222500 (host=0) -- discovery is answered only from here
[dplay] pump #223000 (host=0) -- discovery is answered only from here
[dplay] pump #223500 (host=0) -- discovery is answered only from here
[dplay] pump #224000 (host=0) -- discovery is answered only from here
[dplay] pump #224500 (host=0) -- discovery is answered only from here
[dplay] pump #225000 (host=0) -- discovery is answered only from here
[dplay] pump #225500 (host=0) -- discovery is answered only from here
[dplay] pump #226000 (host=0) -- discovery is answered only from here
[dplay] pump #226500 (host=0) -- discovery is answered only from here
[dplay] pump #227000 (host=0) -- discovery is answered only from here
[dplay] pump #227500 (host=0) -- discovery is answered only from here
[dplay] pump #228000 (host=0) -- discovery is answered only from here
[dplay] pump #228500 (host=0) -- discovery is answered only from here
[dplay] pump #229000 (host=0) -- discovery is answered only from here
[dplay] pump #229500 (host=0) -- discovery is answered only from here
[dplay] pump #230000 (host=0) -- discovery is answered only from here
[dplay] pump #230500 (host=0) -- discovery is answered only from here
[dplay] pump #231000 (host=0) -- discovery is answered only from here
[dplay] pump #231500 (host=0) -- discovery is answered only from here
[dplay] pump #232000 (host=0) -- discovery is answered only from here
[dplay] pump #232500 (host=0) -- discovery is answered only from here
[dplay] pump #233000 (host=0) -- discovery is answered only from here
[dplay] pump #233500 (host=0) -- discovery is answered only from here
[dplay] pump #234000 (host=0) -- discovery is answered only from here
[dplay] pump #234500 (host=0) -- discovery is answered only from here
[dplay] pump #235000 (host=0) -- discovery is answered only from here
[dplay] pump #235500 (host=0) -- discovery is answered only from here
[dplay] pump #236000 (host=0) -- discovery is answered only from here
[dplay] pump #236500 (host=0) -- discovery is answered only from here
[dplay] pump #237000 (host=0) -- discovery is answered only from here
[dplay] pump #237500 (host=0) -- discovery is answered only from here
[dplay] pump #238000 (host=0) -- discovery is answered only from here
[dplay] pump #238500 (host=0) -- discovery is answered only from here
[dplay] pump #239000 (host=0) -- discovery is answered only from here
[dplay] pump #239500 (host=0) -- discovery is answered only from here
[dplay] pump #240000 (host=0) -- discovery is answered only from here
[dplay] pump #240500 (host=0) -- discovery is answered only from here
[dplay] pump #241000 (host=0) -- discovery is answered only from here
[dplay] pump #241500 (host=0) -- discovery is answered only from here
[dplay] pump #242000 (host=0) -- discovery is answered only from here
[dplay] pump #242500 (host=0) -- discovery is answered only from here
[dplay] pump #243000 (host=0) -- discovery is answered only from here
[dplay] pump #243500 (host=0) -- discovery is answered only from here
[dplay] pump #244000 (host=0) -- discovery is answered only from here
[dplay] pump #244500 (host=0) -- discovery is answered only from here
[dplay] pump #245000 (host=0) -- discovery is answered only from here
[dplay] pump #245500 (host=0) -- discovery is answered only from here
[dplay] pump #246000 (host=0) -- discovery is answered only from here
[dplay] pump #246500 (host=0) -- discovery is answered only from here
[dplay] pump #247000 (host=0) -- discovery is answered only from here
[dplay] pump #247500 (host=0) -- discovery is answered only from here
[dplay] pump #248000 (host=0) -- discovery is answered only from here
[dplay] pump #248500 (host=0) -- discovery is answered only from here
[dplay] pump #249000 (host=0) -- discovery is answered only from here
[dplay] pump #249500 (host=0) -- discovery is answered only from here
[dplay] pump #250000 (host=0) -- discovery is answered only from here
[dplay] pump #250500 (host=0) -- discovery is answered only from here
[dplay] pump #251000 (host=0) -- discovery is answered only from here
[dplay] pump #251500 (host=0) -- discovery is answered only from here
[dplay] pump #252000 (host=0) -- discovery is answered only from here
[dplay] pump #252500 (host=0) -- discovery is answered only from here
[dplay] pump #253000 (host=0) -- discovery is answered only from here
[dplay] pump #253500 (host=0) -- discovery is answered only from here
[dplay] pump #254000 (host=0) -- discovery is answered only from here
[dplay] pump #254500 (host=0) -- discovery is answered only from here
[dplay] pump #255000 (host=0) -- discovery is answered only from here
[dplay] pump #255500 (host=0) -- discovery is answered only from here
[dplay] pump #256000 (host=0) -- discovery is answered only from here
[dplay] pump #256500 (host=0) -- discovery is answered only from here
[dplay] pump #257000 (host=0) -- discovery is answered only from here
[dplay] pump #257500 (host=0) -- discovery is answered only from here
[dplay] pump #258000 (host=0) -- discovery is answered only from here
[dplay] pump #258500 (host=0) -- discovery is answered only from here
[dplay] pump #259000 (host=0) -- discovery is answered only from here
[dplay] pump #259500 (host=0) -- discovery is answered only from here
[dplay] pump #260000 (host=0) -- discovery is answered only from here
[dplay] pump #260500 (host=0) -- discovery is answered only from here
[dplay] pump #261000 (host=0) -- discovery is answered only from here
[dplay] pump #261500 (host=0) -- discovery is answered only from here
[dplay] pump #262000 (host=0) -- discovery is answered only from here
[dplay] pump #262500 (host=0) -- discovery is answered only from here
[dplay] pump #263000 (host=0) -- discovery is answered only from here
[dplay] pump #263500 (host=0) -- discovery is answered only from here
[dplay] pump #264000 (host=0) -- discovery is answered only from here
[dplay] pump #264500 (host=0) -- discovery is answered only from here
[dplay] pump #265000 (host=0) -- discovery is answered only from here
[dplay] pump #265500 (host=0) -- discovery is answered only from here
[dplay] pump #266000 (host=0) -- discovery is answered only from here
[dplay] pump #266500 (host=0) -- discovery is answered only from here
[dplay] pump #267000 (host=0) -- discovery is answered only from here
[dplay] pump #267500 (host=0) -- discovery is answered only from here
[dplay] pump #268000 (host=0) -- discovery is answered only from here
[dplay] pump #268500 (host=0) -- discovery is answered only from here
[dplay] pump #269000 (host=0) -- discovery is answered only from here
[dplay] pump #269500 (host=0) -- discovery is answered only from here
[dplay] pump #270000 (host=0) -- discovery is answered only from here
[dplay] pump #270500 (host=0) -- discovery is answered only from here
[dplay] pump #271000 (host=0) -- discovery is answered only from here
[dplay] pump #271500 (host=0) -- discovery is answered only from here
[dplay] pump #272000 (host=0) -- discovery is answered only from here
[dplay] pump #272500 (host=0) -- discovery is answered only from here
[dplay] pump #273000 (host=0) -- discovery is answered only from here
[dplay] pump #273500 (host=0) -- discovery is answered only from here
[dplay] pump #274000 (host=0) -- discovery is answered only from here
[dplay] pump #274500 (host=0) -- discovery is answered only from here
[dplay] pump #275000 (host=0) -- discovery is answered only from here
[dplay] pump #275500 (host=0) -- discovery is answered only from here
[dplay] pump #276000 (host=0) -- discovery is answered only from here
[dplay] pump #276500 (host=0) -- discovery is answered only from here
[dplay] pump #277000 (host=0) -- discovery is answered only from here
[dplay] pump #277500 (host=0) -- discovery is answered only from here
[dplay] pump #278000 (host=0) -- discovery is answered only from here
[dplay] pump #278500 (host=0) -- discovery is answered only from here
[dplay] pump #279000 (host=0) -- discovery is answered only from here
[dplay] pump #279500 (host=0) -- discovery is answered only from here
[dplay] received 5 data bytes from pid 1
[dplay] received 14 data bytes from pid 3
[agg] InitSyncPhase received 1 msg/s  aggID=1  From seen: 1
[dplay] Send 14 bytes pid 4 -> 1 (ok)
[agg] GATE num=0 CurrPlayers=2  aggCount=0 myFrame=0  IDCodes: 194 194 194 194 194 194 194 194  (DUMMY=196)
[dplay] pump #280000 (host=0) -- discovery is answered only from here
[dplay] pump #280500 (host=0) -- discovery is answered only from here
[dplay] pump #281000 (host=0) -- discovery is answered only from here
[dplay] pump #281500 (host=0) -- discovery is answered only from here
[dplay] pump #282000 (host=0) -- discovery is answered only from here
[dplay] pump #282500 (host=0) -- discovery is answered only from here
[dplay] pump #283000 (host=0) -- discovery is answered only from here
[dplay] pump #283500 (host=0) -- discovery is answered only from here
[dplay] pump #284000 (host=0) -- discovery is answered only from here
[dplay] pump #284500 (host=0) -- discovery is answered only from here
[dplay] pump #285000 (host=0) -- discovery is answered only from here
[dplay] pump #285500 (host=0) -- discovery is answered only from here
[dplay] pump #286000 (host=0) -- discovery is answered only from here
[dplay] pump #286500 (host=0) -- discovery is answered only from here
[dplay] pump #287000 (host=0) -- discovery is answered only from here
[dplay] pump #287500 (host=0) -- discovery is answered only from here
[dplay] pump #288000 (host=0) -- discovery is answered only from here
[dplay] pump #288500 (host=0) -- discovery is answered only from here
[dplay] pump #289000 (host=0) -- discovery is answered only from here
[dplay] pump #289500 (host=0) -- discovery is answered only from here
[dplay] pump #290000 (host=0) -- discovery is answered only from here
[dplay] pump #290500 (host=0) -- discovery is answered only from here
[dplay] pump #291000 (host=0) -- discovery is answered only from here
[dplay] pump #291500 (host=0) -- discovery is answered only from here
[dplay] pump #292000 (host=0) -- discovery is answered only from here
[dplay] pump #292500 (host=0) -- discovery is answered only from here
[dplay] pump #293000 (host=0) -- discovery is answered only from here
[dplay] pump #293500 (host=0) -- discovery is answered only from here
[dplay] pump #294000 (host=0) -- discovery is answered only from here
[dplay] pump #294500 (host=0) -- discovery is answered only from here
[dplay] pump #295000 (host=0) -- discovery is answered only from here
[dplay] pump #295500 (host=0) -- discovery is answered only from here
[dplay] pump #296000 (host=0) -- discovery is answered only from here
[dplay] pump #296500 (host=0) -- discovery is answered only from here
[dplay] pump #297000 (host=0) -- discovery is answered only from here
[dplay] pump #297500 (host=0) -- discovery is answered only from here
[dplay] pump #298000 (host=0) -- discovery is answered only from here
[dplay] pump #298500 (host=0) -- discovery is answered only from here
[dplay] pump #299000 (host=0) -- discovery is answered only from here
[dplay] pump #299500 (host=0) -- discovery is answered only from here
[dplay] pump #300000 (host=0) -- discovery is answered only from here
[dplay] pump #300500 (host=0) -- discovery is answered only from here
[dplay] pump #301000 (host=0) -- discovery is answered only from here
[dplay] pump #301500 (host=0) -- discovery is answered only from here
[dplay] pump #302000 (host=0) -- discovery is answered only from here
[dplay] pump #302500 (host=0) -- discovery is answered only from here
[dplay] pump #303000 (host=0) -- discovery is answered only from here
[dplay] pump #303500 (host=0) -- discovery is answered only from here
[dplay] pump #304000 (host=0) -- discovery is answered only from here
[dplay] pump #304500 (host=0) -- discovery is answered only from here
[dplay] pump #305000 (host=0) -- discovery is answered only from here
[dplay] pump #305500 (host=0) -- discovery is answered only from here
[dplay] pump #306000 (host=0) -- discovery is answered only from here
[dplay] pump #306500 (host=0) -- discovery is answered only from here
[dplay] pump #307000 (host=0) -- discovery is answered only from here
[dplay] pump #307500 (host=0) -- discovery is answered only from here
[dplay] pump #308000 (host=0) -- discovery is answered only from here
[dplay] pump #308500 (host=0) -- discovery is answered only from here
[dplay] pump #309000 (host=0) -- discovery is answered only from here
[dplay] pump #309500 (host=0) -- discovery is answered only from here
[dplay] pump #310000 (host=0) -- discovery is answered only from here
[dplay] pump #310500 (host=0) -- discovery is answered only from here
[dplay] pump #311000 (host=0) -- discovery is answered only from here
[dplay] pump #311500 (host=0) -- discovery is answered only from here
[dplay] pump #312000 (host=0) -- discovery is answered only from here
[dplay] pump #312500 (host=0) -- discovery is answered only from here
[dplay] pump #313000 (host=0) -- discovery is answered only from here
[dplay] pump #313500 (host=0) -- discovery is answered only from here
[dplay] pump #314000 (host=0) -- discovery is answered only from here
[dplay] pump #314500 (host=0) -- discovery is answered only from here
[dplay] pump #315000 (host=0) -- discovery is answered only from here
[dplay] pump #315500 (host=0) -- discovery is answered only from here
[dplay] pump #316000 (host=0) -- discovery is answered only from here
[dplay] pump #316500 (host=0) -- discovery is answered only from here
[dplay] pump #317000 (host=0) -- discovery is answered only from here
[dplay] pump #317500 (host=0) -- discovery is answered only from here
[dplay] pump #318000 (host=0) -- discovery is answered only from here
[dplay] pump #318500 (host=0) -- discovery is answered only from here
[dplay] pump #319000 (host=0) -- discovery is answered only from here
[dplay] pump #319500 (host=0) -- discovery is answered only from here
[dplay] pump #320000 (host=0) -- discovery is answered only from here
[dplay] pump #320500 (host=0) -- discovery is answered only from here
[dplay] pump #321000 (host=0) -- discovery is answered only from here
[dplay] pump #321500 (host=0) -- discovery is answered only from here
[dplay] pump #322000 (host=0) -- discovery is answered only from here
[dplay] pump #322500 (host=0) -- discovery is answered only from here
[dplay] pump #323000 (host=0) -- discovery is answered only from here
[dplay] pump #323500 (host=0) -- discovery is answered only from here
[dplay] pump #324000 (host=0) -- discovery is answered only from here
[dplay] pump #324500 (host=0) -- discovery is answered only from here
[dplay] pump #325000 (host=0) -- discovery is answered only from here
[dplay] pump #325500 (host=0) -- discovery is answered only from here
[dplay] pump #326000 (host=0) -- discovery is answered only from here
[dplay] pump #326500 (host=0) -- discovery is answered only from here
[dplay] pump #327000 (host=0) -- discovery is answered only from here
[dplay] pump #327500 (host=0) -- discovery is answered only from here
[dplay] pump #328000 (host=0) -- discovery is answered only from here
[dplay] pump #328500 (host=0) -- discovery is answered only from here
[dplay] pump #329000 (host=0) -- discovery is answered only from here
[dplay] pump #329500 (host=0) -- discovery is answered only from here
[dplay] pump #330000 (host=0) -- discovery is answered only from here
[dplay] pump #330500 (host=0) -- discovery is answered only from here
[dplay] pump #331000 (host=0) -- discovery is answered only from here
[dplay] pump #331500 (host=0) -- discovery is answered only from here
[dplay] pump #332000 (host=0) -- discovery is answered only from here
[dplay] pump #332500 (host=0) -- discovery is answered only from here
[dplay] pump #333000 (host=0) -- discovery is answered only from here
[dplay] pump #333500 (host=0) -- discovery is answered only from here
[dplay] pump #334000 (host=0) -- discovery is answered only from here
[dplay] pump #334500 (host=0) -- discovery is answered only from here
[dplay] pump #335000 (host=0) -- discovery is answered only from here
[dplay] pump #335500 (host=0) -- discovery is answered only from here
[dplay] pump #336000 (host=0) -- discovery is answered only from here
[dplay] pump #336500 (host=0) -- discovery is answered only from here
[dplay] pump #337000 (host=0) -- discovery is answered only from here
[dplay] pump #337500 (host=0) -- discovery is answered only from here
[dplay] pump #338000 (host=0) -- discovery is answered only from here
[dplay] pump #338500 (host=0) -- discovery is answered only from here
[dplay] pump #339000 (host=0) -- discovery is answered only from here
[dplay] pump #339500 (host=0) -- discovery is answered only from here
[dplay] pump #340000 (host=0) -- discovery is answered only from here
[dplay] pump #340500 (host=0) -- discovery is answered only from here
[dplay] pump #341000 (host=0) -- discovery is answered only from here
[dplay] pump #341500 (host=0) -- discovery is answered only from here
[dplay] pump #342000 (host=0) -- discovery is answered only from here
[dplay] pump #342500 (host=0) -- discovery is answered only from here
[dplay] pump #343000 (host=0) -- discovery is answered only from here
[dplay] pump #343500 (host=0) -- discovery is answered only from here
[dplay] pump #344000 (host=0) -- discovery is answered only from here
[dplay] pump #344500 (host=0) -- discovery is answered only from here
[dplay] pump #345000 (host=0) -- discovery is answered only from here
[dplay] received 14 data bytes from pid 3
[dplay] received 5 data bytes from pid 1
[dplay] Send 14 bytes pid 4 -> 1 (ok)
[dplay] pump #345500 (host=0) -- discovery is answered only from here
[dplay] pump #346000 (host=0) -- discovery is answered only from here
[dplay] pump #346500 (host=0) -- discovery is answered only from here
[dplay] pump #347000 (host=0) -- discovery is answered only from here
[dplay] pump #347500 (host=0) -- discovery is answered only from here
[dplay] pump #348000 (host=0) -- discovery is answered only from here
[dplay] pump #348500 (host=0) -- discovery is answered only from here
[dplay] pump #349000 (host=0) -- discovery is answered only from here
[dplay] pump #349500 (host=0) -- discovery is answered only from here
[dplay] pump #350000 (host=0) -- discovery is answered only from here
[dplay] pump #350500 (host=0) -- discovery is answered only from here
[dplay] pump #351000 (host=0) -- discovery is answered only from here
[dplay] pump #351500 (host=0) -- discovery is answered only from here
[dplay] pump #352000 (host=0) -- discovery is answered only from here
[dplay] pump #352500 (host=0) -- discovery is answered only from here
[dplay] pump #353000 (host=0) -- discovery is answered only from here
[dplay] pump #353500 (host=0) -- discovery is answered only from here
[dplay] pump #354000 (host=0) -- discovery is answered only from here
[dplay] pump #354500 (host=0) -- discovery is answered only from here
[dplay] pump #355000 (host=0) -- discovery is answered only from here
[dplay] pump #355500 (host=0) -- discovery is answered only from here
[dplay] pump #356000 (host=0) -- discovery is answered only from here
[dplay] pump #356500 (host=0) -- discovery is answered only from here
[dplay] pump #357000 (host=0) -- discovery is answered only from here
[dplay] pump #357500 (host=0) -- discovery is answered only from here
[dplay] pump #358000 (host=0) -- discovery is answered only from here
[dplay] pump #358500 (host=0) -- discovery is answered only from here
[dplay] pump #359000 (host=0) -- discovery is answered only from here
[dplay] pump #359500 (host=0) -- discovery is answered only from here
[dplay] pump #360000 (host=0) -- discovery is answered only from here
[dplay] pump #360500 (host=0) -- discovery is answered only from here
[dplay] pump #361000 (host=0) -- discovery is answered only from here
[dplay] pump #361500 (host=0) -- discovery is answered only from here
[dplay] pump #362000 (host=0) -- discovery is answered only from here
[dplay] pump #362500 (host=0) -- discovery is answered only from here
[dplay] pump #363000 (host=0) -- discovery is answered only from here
[dplay] pump #363500 (host=0) -- discovery is answered only from here
[dplay] pump #364000 (host=0) -- discovery is answered only from here
[dplay] pump #364500 (host=0) -- discovery is answered only from here
[dplay] pump #365000 (host=0) -- discovery is answered only from here
[dplay] pump #365500 (host=0) -- discovery is answered only from here
[dplay] pump #366000 (host=0) -- discovery is answered only from here
[dplay] pump #366500 (host=0) -- discovery is answered only from here
[dplay] pump #367000 (host=0) -- discovery is answered only from here
[dplay] pump #367500 (host=0) -- discovery is answered only from here
[dplay] pump #368000 (host=0) -- discovery is answered only from here
[dplay] pump #368500 (host=0) -- discovery is answered only from here
[dplay] pump #369000 (host=0) -- discovery is answered only from here
[dplay] pump #369500 (host=0) -- discovery is answered only from here
[dplay] pump #370000 (host=0) -- discovery is answered only from here
[dplay] pump #370500 (host=0) -- discovery is answered only from here
[dplay] pump #371000 (host=0) -- discovery is answered only from here
[dplay] pump #371500 (host=0) -- discovery is answered only from here
[dplay] pump #372000 (host=0) -- discovery is answered only from here
[dplay] pump #372500 (host=0) -- discovery is answered only from here
[dplay] pump #373000 (host=0) -- discovery is answered only from here
[dplay] pump #373500 (host=0) -- discovery is answered only from here
[dplay] pump #374000 (host=0) -- discovery is answered only from here
[dplay] pump #374500 (host=0) -- discovery is answered only from here
[dplay] pump #375000 (host=0) -- discovery is answered only from here
[dplay] pump #375500 (host=0) -- discovery is answered only from here
[dplay] pump #376000 (host=0) -- discovery is answered only from here
[dplay] pump #376500 (host=0) -- discovery is answered only from here
[dplay] pump #377000 (host=0) -- discovery is answered only from here
[dplay] pump #377500 (host=0) -- discovery is answered only from here
[dplay] pump #378000 (host=0) -- discovery is answered only from here
[dplay] pump #378500 (host=0) -- discovery is answered only from here
[dplay] pump #379000 (host=0) -- discovery is answered only from here
[dplay] pump #379500 (host=0) -- discovery is answered only from here
[dplay] pump #380000 (host=0) -- discovery is answered only from here
[dplay] pump #380500 (host=0) -- discovery is answered only from here
[dplay] pump #381000 (host=0) -- discovery is answered only from here
[dplay] pump #381500 (host=0) -- discovery is answered only from here
[dplay] pump #382000 (host=0) -- discovery is answered only from here
[dplay] pump #382500 (host=0) -- discovery is answered only from here
[dplay] pump #383000 (host=0) -- discovery is answered only from here
[dplay] pump #383500 (host=0) -- discovery is answered only from here
[dplay] pump #384000 (host=0) -- discovery is answered only from here
[dplay] pump #384500 (host=0) -- discovery is answered only from here
[dplay] pump #385000 (host=0) -- discovery is answered only from here
[dplay] pump #385500 (host=0) -- discovery is answered only from here
[dplay] pump #386000 (host=0) -- discovery is answered only from here
[dplay] pump #386500 (host=0) -- discovery is answered only from here
[dplay] pump #387000 (host=0) -- discovery is answered only from here
[dplay] pump #387500 (host=0) -- discovery is answered only from here
[dplay] pump #388000 (host=0) -- discovery is answered only from here
[dplay] pump #388500 (host=0) -- discovery is answered only from here
[dplay] pump #389000 (host=0) -- discovery is answered only from here
[dplay] pump #389500 (host=0) -- discovery is answered only from here
[dplay] pump #390000 (host=0) -- discovery is answered only from here
[dplay] pump #390500 (host=0) -- discovery is answered only from here
[dplay] pump #391000 (host=0) -- discovery is answered only from here
[dplay] pump #391500 (host=0) -- discovery is answered only from here
[dplay] pump #392000 (host=0) -- discovery is answered only from here
[dplay] pump #392500 (host=0) -- discovery is answered only from here
[dplay] pump #393000 (host=0) -- discovery is answered only from here
[dplay] pump #393500 (host=0) -- discovery is answered only from here
[dplay] pump #394000 (host=0) -- discovery is answered only from here
[dplay] pump #394500 (host=0) -- discovery is answered only from here
[dplay] pump #395000 (host=0) -- discovery is answered only from here
[dplay] pump #395500 (host=0) -- discovery is answered only from here
[dplay] pump #396000 (host=0) -- discovery is answered only from here
[dplay] pump #396500 (host=0) -- discovery is answered only from here
[dplay] pump #397000 (host=0) -- discovery is answered only from here
[dplay] pump #397500 (host=0) -- discovery is answered only from here
[dplay] pump #398000 (host=0) -- discovery is answered only from here
[dplay] pump #398500 (host=0) -- discovery is answered only from here
[dplay] pump #399000 (host=0) -- discovery is answered only from here
[dplay] pump #399500 (host=0) -- discovery is answered only from here
[dplay] pump #400000 (host=0) -- discovery is answered only from here
[dplay] pump #400500 (host=0) -- discovery is answered only from here
[dplay] pump #401000 (host=0) -- discovery is answered only from here
[dplay] pump #401500 (host=0) -- discovery is answered only from here
[dplay] pump #402000 (host=0) -- discovery is answered only from here
[dplay] pump #402500 (host=0) -- discovery is answered only from here
[dplay] pump #403000 (host=0) -- discovery is answered only from here
[dplay] pump #403500 (host=0) -- discovery is answered only from here
[dplay] pump #404000 (host=0) -- discovery is answered only from here
[dplay] pump #404500 (host=0) -- discovery is answered only from here
[dplay] pump #405000 (host=0) -- discovery is answered only from here
[dplay] pump #405500 (host=0) -- discovery is answered only from here
[dplay] pump #406000 (host=0) -- discovery is answered only from here
[dplay] pump #406500 (host=0) -- discovery is answered only from here
[dplay] pump #407000 (host=0) -- discovery is answered only from here
[dplay] pump #407500 (host=0) -- discovery is answered only from here
[dplay] pump #408000 (host=0) -- discovery is answered only from here
[dplay] pump #408500 (host=0) -- discovery is answered only from here
[dplay] pump #409000 (host=0) -- discovery is answered only from here
[dplay] pump #409500 (host=0) -- discovery is answered only from here
[dplay] pump #410000 (host=0) -- discovery is answered only from here
[dplay] pump #410500 (host=0) -- discovery is answered only from here
[dplay] received 14 data bytes from pid 3
[dplay] received 5 data bytes from pid 1
[dplay] Send 14 bytes pid 4 -> 1 (ok)
[dplay] pump #411000 (host=0) -- discovery is answered only from here
[dplay] pump #411500 (host=0) -- discovery is answered only from here
[dplay] pump #412000 (host=0) -- discovery is answered only from here
[dplay] pump #412500 (host=0) -- discovery is answered only from here
[dplay] pump #413000 (host=0) -- discovery is answered only from here
[dplay] pump #413500 (host=0) -- discovery is answered only from here
[dplay] pump #414000 (host=0) -- discovery is answered only from here
[dplay] pump #414500 (host=0) -- discovery is answered only from here
[dplay] pump #415000 (host=0) -- discovery is answered only from here
[dplay] pump #415500 (host=0) -- discovery is answered only from here
[dplay] pump #416000 (host=0) -- discovery is answered only from here
[dplay] pump #416500 (host=0) -- discovery is answered only from here
[dplay] pump #417000 (host=0) -- discovery is answered only from here
[dplay] pump #417500 (host=0) -- discovery is answered only from here
[dplay] pump #418000 (host=0) -- discovery is answered only from here
[dplay] pump #418500 (host=0) -- discovery is answered only from here
[dplay] pump #419000 (host=0) -- discovery is answered only from here
[dplay] pump #419500 (host=0) -- discovery is answered only from here
[dplay] pump #420000 (host=0) -- discovery is answered only from here
[dplay] pump #420500 (host=0) -- discovery is answered only from here
[dplay] pump #421000 (host=0) -- discovery is answered only from here
[dplay] pump #421500 (host=0) -- discovery is answered only from here
[dplay] pump #422000 (host=0) -- discovery is answered only from here
[dplay] pump #422500 (host=0) -- discovery is answered only from here
[dplay] pump #423000 (host=0) -- discovery is answered only from here
[dplay] pump #423500 (host=0) -- discovery is answered only from here
[dplay] pump #424000 (host=0) -- discovery is answered only from here
[dplay] pump #424500 (host=0) -- discovery is answered only from here
[dplay] pump #425000 (host=0) -- discovery is answered only from here
[dplay] pump #425500 (host=0) -- discovery is answered only from here
[dplay] pump #426000 (host=0) -- discovery is answered only from here
[dplay] pump #426500 (host=0) -- discovery is answered only from here
[dplay] pump #427000 (host=0) -- discovery is answered only from here
[dplay] pump #427500 (host=0) -- discovery is answered only from here
[dplay] pump #428000 (host=0) -- discovery is answered only from here
[dplay] pump #428500 (host=0) -- discovery is answered only from here
[dplay] pump #429000 (host=0) -- discovery is answered only from here
[dplay] pump #429500 (host=0) -- discovery is answered only from here
[dplay] pump #430000 (host=0) -- discovery is answered only from here
[dplay] pump #430500 (host=0) -- discovery is answered only from here
[dplay] pump #431000 (host=0) -- discovery is answered only from here
[dplay] pump #431500 (host=0) -- discovery is answered only from here
[dplay] pump #432000 (host=0) -- discovery is answered only from here
[dplay] pump #432500 (host=0) -- discovery is answered only from here
[dplay] pump #433000 (host=0) -- discovery is answered only from here
[dplay] pump #433500 (host=0) -- discovery is answered only from here
[dplay] pump #434000 (host=0) -- discovery is answered only from here
[dplay] pump #434500 (host=0) -- discovery is answered only from here
[dplay] pump #435000 (host=0) -- discovery is answered only from here
[dplay] pump #435500 (host=0) -- discovery is answered only from here
[dplay] pump #436000 (host=0) -- discovery is answered only from here
[dplay] pump #436500 (host=0) -- discovery is answered only from here
[dplay] pump #437000 (host=0) -- discovery is answered only from here
[dplay] pump #437500 (host=0) -- discovery is answered only from here
[dplay] pump #438000 (host=0) -- discovery is answered only from here
[dplay] pump #438500 (host=0) -- discovery is answered only from here
[dplay] pump #439000 (host=0) -- discovery is answered only from here
[dplay] pump #439500 (host=0) -- discovery is answered only from here
[dplay] pump #440000 (host=0) -- discovery is answered only from here
[dplay] pump #440500 (host=0) -- discovery is answered only from here
[dplay] pump #441000 (host=0) -- discovery is answered only from here
[dplay] pump #441500 (host=0) -- discovery is answered only from here
[dplay] pump #442000 (host=0) -- discovery is answered only from here
[dplay] pump #442500 (host=0) -- discovery is answered only from here
[dplay] pump #443000 (host=0) -- discovery is answered only from here
[dplay] pump #443500 (host=0) -- discovery is answered only from here
[dplay] pump #444000 (host=0) -- discovery is answered only from here
[dplay] pump #444500 (host=0) -- discovery is answered only from here
[dplay] pump #445000 (host=0) -- discovery is answered only from here
[dplay] pump #445500 (host=0) -- discovery is answered only from here
[dplay] pump #446000 (host=0) -- discovery is answered only from here
[dplay] pump #446500 (host=0) -- discovery is answered only from here
[dplay] pump #447000 (host=0) -- discovery is answered only from here
[dplay] pump #447500 (host=0) -- discovery is answered only from here
[dplay] pump #448000 (host=0) -- discovery is answered only from here
[dplay] pump #448500 (host=0) -- discovery is answered only from here
[dplay] pump #449000 (host=0) -- discovery is answered only from here
[dplay] pump #449500 (host=0) -- discovery is answered only from here
[dplay] pump #450000 (host=0) -- discovery is answered only from here
[dplay] pump #450500 (host=0) -- discovery is answered only from here
[dplay] pump #451000 (host=0) -- discovery is answered only from here
[dplay] pump #451500 (host=0) -- discovery is answered only from here
[dplay] pump #452000 (host=0) -- discovery is answered only from here
[dplay] pump #452500 (host=0) -- discovery is answered only from here
[dplay] pump #453000 (host=0) -- discovery is answered only from here
[dplay] pump #453500 (host=0) -- discovery is answered only from here
[dplay] pump #454000 (host=0) -- discovery is answered only from here
[dplay] pump #454500 (host=0) -- discovery is answered only from here
[dplay] pump #455000 (host=0) -- discovery is answered only from here
[dplay] pump #455500 (host=0) -- discovery is answered only from here
[dplay] pump #456000 (host=0) -- discovery is answered only from here
[dplay] pump #456500 (host=0) -- discovery is answered only from here
[dplay] pump #457000 (host=0) -- discovery is answered only from here
[dplay] pump #457500 (host=0) -- discovery is answered only from here
[dplay] pump #458000 (host=0) -- discovery is answered only from here
[dplay] pump #458500 (host=0) -- discovery is answered only from here
[dplay] pump #459000 (host=0) -- discovery is answered only from here
[dplay] pump #459500 (host=0) -- discovery is answered only from here
[dplay] pump #460000 (host=0) -- discovery is answered only from here
[dplay] pump #460500 (host=0) -- discovery is answered only from here
[dplay] pump #461000 (host=0) -- discovery is answered only from here
[dplay] pump #461500 (host=0) -- discovery is answered only from here
[dplay] pump #462000 (host=0) -- discovery is answered only from here
[dplay] pump #462500 (host=0) -- discovery is answered only from here
[dplay] pump #463000 (host=0) -- discovery is answered only from here
[dplay] pump #463500 (host=0) -- discovery is answered only from here
[dplay] pump #464000 (host=0) -- discovery is answered only from here
[dplay] pump #464500 (host=0) -- discovery is answered only from here
[dplay] pump #465000 (host=0) -- discovery is answered only from here
[dplay] pump #465500 (host=0) -- discovery is answered only from here
[dplay] pump #466000 (host=0) -- discovery is answered only from here
[dplay] pump #466500 (host=0) -- discovery is answered only from here
[dplay] pump #467000 (host=0) -- discovery is answered only from here
[dplay] pump #467500 (host=0) -- discovery is answered only from here
[dplay] pump #468000 (host=0) -- discovery is answered only from here
[dplay] pump #468500 (host=0) -- discovery is answered only from here
[dplay] pump #469000 (host=0) -- discovery is answered only from here
[dplay] pump #469500 (host=0) -- discovery is answered only from here
[dplay] pump #470000 (host=0) -- discovery is answered only from here
[dplay] pump #470500 (host=0) -- discovery is answered only from here
[dplay] pump #471000 (host=0) -- discovery is answered only from here
[dplay] pump #471500 (host=0) -- discovery is answered only from here
[dplay] pump #472000 (host=0) -- discovery is answered only from here
[dplay] pump #472500 (host=0) -- discovery is answered only from here
[dplay] pump #473000 (host=0) -- discovery is answered only from here
[dplay] received 14 data bytes from pid 3
[dplay] received 5 data bytes from pid 1
[dplay] Send 14 bytes pid 4 -> 1 (ok)
[dplay] pump #473500 (host=0) -- discovery is answered only from here
[dplay] pump #474000 (host=0) -- discovery is answered only from here
[dplay] pump #474500 (host=0) -- discovery is answered only from here
[dplay] pump #475000 (host=0) -- discovery is answered only from here
[dplay] pump #475500 (host=0) -- discovery is answered only from here
[dplay] pump #476000 (host=0) -- discovery is answered only from here
[dplay] pump #476500 (host=0) -- discovery is answered only from here
[dplay] pump #477000 (host=0) -- discovery is answered only from here
[dplay] pump #477500 (host=0) -- discovery is answered only from here
[dplay] pump #478000 (host=0) -- discovery is answered only from here
[dplay] pump #478500 (host=0) -- discovery is answered only from here
[dplay] pump #479000 (host=0) -- discovery is answered only from here
[dplay] pump #479500 (host=0) -- discovery is answered only from here
[dplay] pump #480000 (host=0) -- discovery is answered only from here
[dplay] pump #480500 (host=0) -- discovery is answered only from here
[dplay] pump #481000 (host=0) -- discovery is answered only from here
[dplay] pump #481500 (host=0) -- discovery is answered only from here
[dplay] pump #482000 (host=0) -- discovery is answered only from here
[dplay] pump #482500 (host=0) -- discovery is answered only from here
[dplay] pump #483000 (host=0) -- discovery is answered only from here
[dplay] pump #483500 (host=0) -- discovery is answered only from here
[dplay] pump #484000 (host=0) -- discovery is answered only from here
[dplay] pump #484500 (host=0) -- discovery is answered only from here
[dplay] pump #485000 (host=0) -- discovery is answered only from here
[dplay] pump #485500 (host=0) -- discovery is answered only from here
[dplay] pump #486000 (host=0) -- discovery is answered only from here
[dplay] pump #486500 (host=0) -- discovery is answered only from here
[dplay] pump #487000 (host=0) -- discovery is answered only from here
[dplay] pump #487500 (host=0) -- discovery is answered only from here
[dplay] pump #488000 (host=0) -- discovery is answered only from here
[dplay] pump #488500 (host=0) -- discovery is answered only from here
[dplay] pump #489000 (host=0) -- discovery is answered only from here
[dplay] pump #489500 (host=0) -- discovery is answered only from here
[dplay] pump #490000 (host=0) -- discovery is answered only from here
[dplay] pump #490500 (host=0) -- discovery is answered only from here
[dplay] pump #491000 (host=0) -- discovery is answered only from here
[dplay] pump #491500 (host=0) -- discovery is answered only from here
[dplay] pump #492000 (host=0) -- discovery is answered only from here
[dplay] pump #492500 (host=0) -- discovery is answered only from here
[dplay] pump #493000 (host=0) -- discovery is answered only from here
[dplay] pump #493500 (host=0) -- discovery is answered only from here
[dplay] pump #494000 (host=0) -- discovery is answered only from here
[dplay] pump #494500 (host=0) -- discovery is answered only from here
[dplay] pump #495000 (host=0) -- discovery is answered only from here
[dplay] pump #495500 (host=0) -- discovery is answered only from here
[dplay] pump #496000 (host=0) -- discovery is answered only from here
[dplay] pump #496500 (host=0) -- discovery is answered only from here
[dplay] pump #497000 (host=0) -- discovery is answered only from here
[dplay] pump #497500 (host=0) -- discovery is answered only from here
[dplay] pump #498000 (host=0) -- discovery is answered only from here
[dplay] pump #498500 (host=0) -- discovery is answered only from here
[dplay] pump #499000 (host=0) -- discovery is answered only from here
[dplay] pump #499500 (host=0) -- discovery is answered only from here
[dplay] pump #500000 (host=0) -- discovery is answered only from here
[dplay] pump #500500 (host=0) -- discovery is answered only from here
[dplay] pump #501000 (host=0) -- discovery is answered only from here
[dplay] pump #501500 (host=0) -- discovery is answered only from here
[dplay] pump #502000 (host=0) -- discovery is answered only from here
[dplay] pump #502500 (host=0) -- discovery is answered only from here
[dplay] pump #503000 (host=0) -- discovery is answered only from here
[dplay] pump #503500 (host=0) -- discovery is answered only from here
[dplay] pump #504000 (host=0) -- discovery is answered only from here
[dplay] pump #504500 (host=0) -- discovery is answered only from here
[dplay] pump #505000 (host=0) -- discovery is answered only from here
[dplay] pump #505500 (host=0) -- discovery is answered only from here
[dplay] pump #506000 (host=0) -- discovery is answered only from here
[dplay] pump #506500 (host=0) -- discovery is answered only from here
[dplay] pump #507000 (host=0) -- discovery is answered only from here
[dplay] pump #507500 (host=0) -- discovery is answered only from here
[dplay] pump #508000 (host=0) -- discovery is answered only from here
[dplay] pump #508500 (host=0) -- discovery is answered only from here
[dplay] pump #509000 (host=0) -- discovery is answered only from here
[dplay] pump #509500 (host=0) -- discovery is answered only from here
[dplay] pump #510000 (host=0) -- discovery is answered only from here
[dplay] pump #510500 (host=0) -- discovery is answered only from here
[dplay] pump #511000 (host=0) -- discovery is answered only from here
[dplay] pump #511500 (host=0) -- discovery is answered only from here
[dplay] pump #512000 (host=0) -- discovery is answered only from here
[dplay] pump #512500 (host=0) -- discovery is answered only from here
[dplay] pump #513000 (host=0) -- discovery is answered only from here
[dplay] pump #513500 (host=0) -- discovery is answered only from here
[dplay] pump #514000 (host=0) -- discovery is answered only from here
[dplay] pump #514500 (host=0) -- discovery is answered only from here
[dplay] pump #515000 (host=0) -- discovery is answered only from here
[dplay] pump #515500 (host=0) -- discovery is answered only from here
[dplay] pump #516000 (host=0) -- discovery is answered only from here
[dplay] pump #516500 (host=0) -- discovery is answered only from here
[dplay] pump #517000 (host=0) -- discovery is answered only from here
[dplay] pump #517500 (host=0) -- discovery is answered only from here
[dplay] pump #518000 (host=0) -- discovery is answered only from here
[dplay] pump #518500 (host=0) -- discovery is answered only from here
[dplay] pump #519000 (host=0) -- discovery is answered only from here
[dplay] pump #519500 (host=0) -- discovery is answered only from here
[dplay] pump #520000 (host=0) -- discovery is answered only from here
[dplay] pump #520500 (host=0) -- discovery is answered only from here
[dplay] pump #521000 (host=0) -- discovery is answered only from here
[dplay] pump #521500 (host=0) -- discovery is answered only from here
[dplay] pump #522000 (host=0) -- discovery is answered only from here
[dplay] pump #522500 (host=0) -- discovery is answered only from here
[dplay] pump #523000 (host=0) -- discovery is answered only from here
[dplay] pump #523500 (host=0) -- discovery is answered only from here
[dplay] pump #524000 (host=0) -- discovery is answered only from here
[dplay] pump #524500 (host=0) -- discovery is answered only from here
[dplay] pump #525000 (host=0) -- discovery is answered only from here
[dplay] pump #525500 (host=0) -- discovery is answered only from here
[dplay] pump #526000 (host=0) -- discovery is answered only from here
[dplay] pump #526500 (host=0) -- discovery is answered only from here
[dplay] pump #527000 (host=0) -- discovery is answered only from here
[dplay] pump #527500 (host=0) -- discovery is answered only from here
[dplay] pump #528000 (host=0) -- discovery is answered only from here
[dplay] pump #528500 (host=0) -- discovery is answered only from here
[dplay] pump #529000 (host=0) -- discovery is answered only from here
[dplay] pump #529500 (host=0) -- discovery is answered only from here
[dplay] pump #530000 (host=0) -- discovery is answered only from here
[dplay] pump #530500 (host=0) -- discovery is answered only from here
[dplay] pump #531000 (host=0) -- discovery is answered only from here
[dplay] pump #531500 (host=0) -- discovery is answered only from here
[dplay] pump #532000 (host=0) -- discovery is answered only from here
[dplay] pump #532500 (host=0) -- discovery is answered only from here
[dplay] pump #533000 (host=0) -- discovery is answered only from here
[dplay] pump #533500 (host=0) -- discovery is answered only from here
[dplay] pump #534000 (host=0) -- discovery is answered only from here
[dplay] pump #534500 (host=0) -- discovery is answered only from here
[dplay] pump #535000 (host=0) -- discovery is answered only from here
[dplay] pump #535500 (host=0) -- discovery is answered only from here
[dplay] pump #536000 (host=0) -- discovery is answered only from here
[dplay] pump #536500 (host=0) -- discovery is answered only from here
[dplay] pump #537000 (host=0) -- discovery is answered only from here
[dplay] received 5 data bytes from pid 1
[dplay] Send 14 bytes pid 4 -> 1 (ok)
[dplay] received 14 data bytes from pid 3
[dplay] pump #537500 (host=0) -- discovery is answered only from here
[dplay] pump #538000 (host=0) -- discovery is answered only from here
[dplay] pump #538500 (host=0) -- discovery is answered only from here
[dplay] pump #539000 (host=0) -- discovery is answered only from here
[dplay] pump #539500 (host=0) -- discovery is answered only from here
[dplay] pump #540000 (host=0) -- discovery is answered only from here
[dplay] pump #540500 (host=0) -- discovery is answered only from here
[dplay] pump #541000 (host=0) -- discovery is answered only from here
[dplay] pump #541500 (host=0) -- discovery is answered only from here
[dplay] pump #542000 (host=0) -- discovery is answered only from here
[dplay] pump #542500 (host=0) -- discovery is answered only from here
[dplay] pump #543000 (host=0) -- discovery is answered only from here
[dplay] pump #543500 (host=0) -- discovery is answered only from here
[dplay] pump #544000 (host=0) -- discovery is answered only from here
[dplay] pump #544500 (host=0) -- discovery is answered only from here
[dplay] pump #545000 (host=0) -- discovery is answered only from here
[dplay] pump #545500 (host=0) -- discovery is answered only from here
[dplay] pump #546000 (host=0) -- discovery is answered only from here
[dplay] pump #546500 (host=0) -- discovery is answered only from here
[dplay] pump #547000 (host=0) -- discovery is answered only from here
[dplay] pump #547500 (host=0) -- discovery is answered only from here
[dplay] pump #548000 (host=0) -- discovery is answered only from here
[dplay] pump #548500 (host=0) -- discovery is answered only from here
[dplay] pump #549000 (host=0) -- discovery is answered only from here
[dplay] pump #549500 (host=0) -- discovery is answered only from here
[dplay] pump #550000 (host=0) -- discovery is answered only from here
[dplay] pump #550500 (host=0) -- discovery is answered only from here
[dplay] pump #551000 (host=0) -- discovery is answered only from here
[dplay] pump #551500 (host=0) -- discovery is answered only from here
[dplay] pump #552000 (host=0) -- discovery is answered only from here
[dplay] pump #552500 (host=0) -- discovery is answered only from here
[dplay] pump #553000 (host=0) -- discovery is answered only from here
[dplay] pump #553500 (host=0) -- discovery is answered only from here
[dplay] pump #554000 (host=0) -- discovery is answered only from here
[dplay] pump #554500 (host=0) -- discovery is answered only from here
[dplay] pump #555000 (host=0) -- discovery is answered only from here
[dplay] pump #555500 (host=0) -- discovery is answered only from here
[dplay] pump #556000 (host=0) -- discovery is answered only from here
[dplay] pump #556500 (host=0) -- discovery is answered only from here
[dplay] pump #557000 (host=0) -- discovery is answered only from here
[dplay] pump #557500 (host=0) -- discovery is answered only from here
[dplay] pump #558000 (host=0) -- discovery is answered only from here
[dplay] pump #558500 (host=0) -- discovery is answered only from here
[dplay] pump #559000 (host=0) -- discovery is answered only from here
[dplay] pump #559500 (host=0) -- discovery is answered only from here
[dplay] pump #560000 (host=0) -- discovery is answered only from here
[dplay] pump #560500 (host=0) -- discovery is answered only from here
[dplay] pump #561000 (host=0) -- discovery is answered only from here
[dplay] pump #561500 (host=0) -- discovery is answered only from here
[dplay] pump #562000 (host=0) -- discovery is answered only from here
[dplay] pump #562500 (host=0) -- discovery is answered only from here
[dplay] pump #563000 (host=0) -- discovery is answered only from here
[dplay] pump #563500 (host=0) -- discovery is answered only from here
[dplay] pump #564000 (host=0) -- discovery is answered only from here
[dplay] pump #564500 (host=0) -- discovery is answered only from here
[dplay] pump #565000 (host=0) -- discovery is answered only from here
[dplay] pump #565500 (host=0) -- discovery is answered only from here
[dplay] pump #566000 (host=0) -- discovery is answered only from here
[dplay] pump #566500 (host=0) -- discovery is answered only from here
[dplay] pump #567000 (host=0) -- discovery is answered only from here
[dplay] pump #567500 (host=0) -- discovery is answered only from here
[dplay] pump #568000 (host=0) -- discovery is answered only from here
[dplay] pump #568500 (host=0) -- discovery is answered only from here
[dplay] pump #569000 (host=0) -- discovery is answered only from here
[dplay] pump #569500 (host=0) -- discovery is answered only from here
[dplay] pump #570000 (host=0) -- discovery is answered only from here
[dplay] pump #570500 (host=0) -- discovery is answered only from here
[dplay] pump #571000 (host=0) -- discovery is answered only from here
[dplay] pump #571500 (host=0) -- discovery is answered only from here
[dplay] pump #572000 (host=0) -- discovery is answered only from here
[dplay] pump #572500 (host=0) -- discovery is answered only from here
[dplay] pump #573000 (host=0) -- discovery is answered only from here
[dplay] pump #573500 (host=0) -- discovery is answered only from here
[dplay] pump #574000 (host=0) -- discovery is answered only from here
[dplay] pump #574500 (host=0) -- discovery is answered only from here
[dplay] pump #575000 (host=0) -- discovery is answered only from here
[dplay] pump #575500 (host=0) -- discovery is answered only from here
[dplay] pump #576000 (host=0) -- discovery is answered only from here
[dplay] pump #576500 (host=0) -- discovery is answered only from here
[dplay] pump #577000 (host=0) -- discovery is answered only from here
[dplay] pump #577500 (host=0) -- discovery is answered only from here
[dplay] pump #578000 (host=0) -- discovery is answered only from here
[dplay] pump #578500 (host=0) -- discovery is answered only from here
[dplay] pump #579000 (host=0) -- discovery is answered only from here
[dplay] pump #579500 (host=0) -- discovery is answered only from here
[dplay] pump #580000 (host=0) -- discovery is answered only from here
[dplay] pump #580500 (host=0) -- discovery is answered only from here
[dplay] pump #581000 (host=0) -- discovery is answered only from here
[dplay] pump #581500 (host=0) -- discovery is answered only from here
[dplay] pump #582000 (host=0) -- discovery is answered only from here
[dplay] pump #582500 (host=0) -- discovery is answered only from here
[dplay] pump #583000 (host=0) -- discovery is answered only from here
[dplay] pump #583500 (host=0) -- discovery is answered only from here
[dplay] pump #584000 (host=0) -- discovery is answered only from here
[dplay] pump #584500 (host=0) -- discovery is answered only from here
[dplay] pump #585000 (host=0) -- discovery is answered only from here
[dplay] pump #585500 (host=0) -- discovery is answered only from here
[dplay] pump #586000 (host=0) -- discovery is answered only from here
[dplay] pump #586500 (host=0) -- discovery is answered only from here
[dplay] pump #587000 (host=0) -- discovery is answered only from here
[dplay] pump #587500 (host=0) -- discovery is answered only from here
[dplay] pump #588000 (host=0) -- discovery is answered only from here
[dplay] pump #588500 (host=0) -- discovery is answered only from here
[dplay] pump #589000 (host=0) -- discovery is answered only from here
[dplay] pump #589500 (host=0) -- discovery is answered only from here
[dplay] pump #590000 (host=0) -- discovery is answered only from here
[dplay] pump #590500 (host=0) -- discovery is answered only from here
[dplay] pump #591000 (host=0) -- discovery is answered only from here
[dplay] pump #591500 (host=0) -- discovery is answered only from here
[dplay] pump #592000 (host=0) -- discovery is answered only from here
[dplay] pump #592500 (host=0) -- discovery is answered only from here
[dplay] pump #593000 (host=0) -- discovery is answered only from here
[dplay] pump #593500 (host=0) -- discovery is answered only from here
[dplay] pump #594000 (host=0) -- discovery is answered only from here
[dplay] pump #594500 (host=0) -- discovery is answered only from here
[dplay] pump #595000 (host=0) -- discovery is answered only from here
[dplay] pump #595500 (host=0) -- discovery is answered only from here
[dplay] pump #596000 (host=0) -- discovery is answered only from here
[dplay] pump #596500 (host=0) -- discovery is answered only from here
[dplay] pump #597000 (host=0) -- discovery is answered only from here
[dplay] pump #597500 (host=0) -- discovery is answered only from here
[dplay] received 5 data bytes from pid 1
[dplay] Send 14 bytes pid 4 -> 1 (ok)
[dplay] received 14 data bytes from pid 3
[dplay] pump #598000 (host=0) -- discovery is answered only from here
[dplay] pump #598500 (host=0) -- discovery is answered only from here
[dplay] pump #599000 (host=0) -- discovery is answered only from here
[dplay] pump #599500 (host=0) -- discovery is answered only from here
[dplay] pump #600000 (host=0) -- discovery is answered only from here
[dplay] pump #600500 (host=0) -- discovery is answered only from here
[dplay] pump #601000 (host=0) -- discovery is answered only from here
[dplay] pump #601500 (host=0) -- discovery is answered only from here
[dplay] pump #602000 (host=0) -- discovery is answered only from here
[dplay] pump #602500 (host=0) -- discovery is answered only from here
[dplay] pump #603000 (host=0) -- discovery is answered only from here
[dplay] pump #603500 (host=0) -- discovery is answered only from here
[dplay] pump #604000 (host=0) -- discovery is answered only from here
[dplay] pump #604500 (host=0) -- discovery is answered only from here
[dplay] pump #605000 (host=0) -- discovery is answered only from here
[dplay] pump #605500 (host=0) -- discovery is answered only from here
[dplay] pump #606000 (host=0) -- discovery is answered only from here
[dplay] pump #606500 (host=0) -- discovery is answered only from here
[dplay] pump #607000 (host=0) -- discovery is answered only from here
[dplay] pump #607500 (host=0) -- discovery is answered only from here
[dplay] pump #608000 (host=0) -- discovery is answered only from here
[dplay] pump #608500 (host=0) -- discovery is answered only from here
[dplay] pump #609000 (host=0) -- discovery is answered only from here
[dplay] pump #609500 (host=0) -- discovery is answered only from here
[dplay] pump #610000 (host=0) -- discovery is answered only from here
[dplay] pump #610500 (host=0) -- discovery is answered only from here
[dplay] pump #611000 (host=0) -- discovery is answered only from here
[dplay] pump #611500 (host=0) -- discovery is answered only from here
[dplay] pump #612000 (host=0) -- discovery is answered only from here
[dplay] pump #612500 (host=0) -- discovery is answered only from here
[dplay] pump #613000 (host=0) -- discovery is answered only from here
[dplay] pump #613500 (host=0) -- discovery is answered only from here
[dplay] pump #614000 (host=0) -- discovery is answered only from here
[dplay] pump #614500 (host=0) -- discovery is answered only from here
[dplay] pump #615000 (host=0) -- discovery is answered only from here
[dplay] pump #615500 (host=0) -- discovery is answered only from here
[dplay] pump #616000 (host=0) -- discovery is answered only from here
[dplay] pump #616500 (host=0) -- discovery is answered only from here
[dplay] pump #617000 (host=0) -- discovery is answered only from here
[dplay] pump #617500 (host=0) -- discovery is answered only from here
[dplay] pump #618000 (host=0) -- discovery is answered only from here
[dplay] pump #618500 (host=0) -- discovery is answered only from here
[dplay] pump #619000 (host=0) -- discovery is answered only from here
[dplay] pump #619500 (host=0) -- discovery is answered only from here
[dplay] pump #620000 (host=0) -- discovery is answered only from here
[dplay] pump #620500 (host=0) -- discovery is answered only from here
[dplay] pump #621000 (host=0) -- discovery is answered only from here
[dplay] pump #621500 (host=0) -- discovery is answered only from here
[dplay] pump #622000 (host=0) -- discovery is answered only from here
[dplay] pump #622500 (host=0) -- discovery is answered only from here
[dplay] pump #623000 (host=0) -- discovery is answered only from here
[dplay] pump #623500 (host=0) -- discovery is answered only from here
[dplay] pump #624000 (host=0) -- discovery is answered only from here
[dplay] pump #624500 (host=0) -- discovery is answered only from here
[dplay] pump #625000 (host=0) -- discovery is answered only from here
[dplay] pump #625500 (host=0) -- discovery is answered only from here
[dplay] pump #626000 (host=0) -- discovery is answered only from here
[dplay] pump #626500 (host=0) -- discovery is answered only from here
[dplay] pump #627000 (host=0) -- discovery is answered only from here
[dplay] pump #627500 (host=0) -- discovery is answered only from here
[dplay] pump #628000 (host=0) -- discovery is answered only from here
[dplay] pump #628500 (host=0) -- discovery is answered only from here
[dplay] pump #629000 (host=0) -- discovery is answered only from here
[dplay] pump #629500 (host=0) -- discovery is answered only from here
[dplay] pump #630000 (host=0) -- discovery is answered only from here
[dplay] pump #630500 (host=0) -- discovery is answered only from here
[dplay] pump #631000 (host=0) -- discovery is answered only from here
[dplay] pump #631500 (host=0) -- discovery is answered only from here
[dplay] pump #632000 (host=0) -- discovery is answered only from here
[dplay] pump #632500 (host=0) -- discovery is answered only from here
[dplay] pump #633000 (host=0) -- discovery is answered only from here
[dplay] pump #633500 (host=0) -- discovery is answered only from here
[dplay] pump #634000 (host=0) -- discovery is answered only from here
[dplay] pump #634500 (host=0) -- discovery is answered only from here
[dplay] pump #635000 (host=0) -- discovery is answered only from here
[dplay] pump #635500 (host=0) -- discovery is answered only from here
[dplay] pump #636000 (host=0) -- discovery is answered only from here
[dplay] pump #636500 (host=0) -- discovery is answered only from here
[dplay] pump #637000 (host=0) -- discovery is answered only from here
[dplay] pump #637500 (host=0) -- discovery is answered only from here
[dplay] pump #638000 (host=0) -- discovery is answered only from here
[dplay] pump #638500 (host=0) -- discovery is answered only from here
[dplay] pump #639000 (host=0) -- discovery is answered only from here
[dplay] pump #639500 (host=0) -- discovery is answered only from here
[dplay] pump #640000 (host=0) -- discovery is answered only from here
[dplay] pump #640500 (host=0) -- discovery is answered only from here
[dplay] pump #641000 (host=0) -- discovery is answered only from here
[dplay] pump #641500 (host=0) -- discovery is answered only from here
[dplay] pump #642000 (host=0) -- discovery is answered only from here
[dplay] pump #642500 (host=0) -- discovery is answered only from here
[dplay] pump #643000 (host=0) -- discovery is answered only from here
[dplay] pump #643500 (host=0) -- discovery is answered only from here
[dplay] pump #644000 (host=0) -- discovery is answered only from here
[dplay] pump #644500 (host=0) -- discovery is answered only from here
[dplay] pump #645000 (host=0) -- discovery is answered only from here
[dplay] pump #645500 (host=0) -- discovery is answered only from here
[dplay] pump #646000 (host=0) -- discovery is answered only from here
[dplay] pump #646500 (host=0) -- discovery is answered only from here
[dplay] pump #647000 (host=0) -- discovery is answered only from here
[dplay] pump #647500 (host=0) -- discovery is answered only from here
[dplay] pump #648000 (host=0) -- discovery is answered only from here
[dplay] pump #648500 (host=0) -- discovery is answered only from here
[dplay] pump #649000 (host=0) -- discovery is answered only from here
[dplay] pump #649500 (host=0) -- discovery is answered only from here
[dplay] pump #650000 (host=0) -- discovery is answered only from here
[dplay] pump #650500 (host=0) -- discovery is answered only from here
[dplay] pump #651000 (host=0) -- discovery is answered only from here
[dplay] pump #651500 (host=0) -- discovery is answered only from here
[dplay] pump #652000 (host=0) -- discovery is answered only from here
[dplay] pump #652500 (host=0) -- discovery is answered only from here
[dplay] pump #653000 (host=0) -- discovery is answered only from here
[dplay] pump #653500 (host=0) -- discovery is answered only from here
[dplay] pump #654000 (host=0) -- discovery is answered only from here
[dplay] pump #654500 (host=0) -- discovery is answered only from here
[dplay] pump #655000 (host=0) -- discovery is answered only from here
[dplay] pump #655500 (host=0) -- discovery is answered only from here
[dplay] pump #656000 (host=0) -- discovery is answered only from here
[dplay] pump #656500 (host=0) -- discovery is answered only from here
[dplay] pump #657000 (host=0) -- discovery is answered only from here
[dplay] pump #657500 (host=0) -- discovery is answered only from here
[dplay] pump #658000 (host=0) -- discovery is answered only from here
[dplay] pump #658500 (host=0) -- discovery is answered only from here
[dplay] received 5 data bytes from pid 1
[dplay] received 14 data bytes from pid 3
[dplay] Send 14 bytes pid 4 -> 1 (ok)
[dplay] pump #659000 (host=0) -- discovery is answered only from here
[dplay] pump #659500 (host=0) -- discovery is answered only from here
[dplay] pump #660000 (host=0) -- discovery is answered only from here
[dplay] pump #660500 (host=0) -- discovery is answered only from here
[dplay] pump #661000 (host=0) -- discovery is answered only from here
[dplay] pump #661500 (host=0) -- discovery is answered only from here
[dplay] pump #662000 (host=0) -- discovery is answered only from here
[dplay] pump #662500 (host=0) -- discovery is answered only from here
[dplay] pump #663000 (host=0) -- discovery is answered only from here
[dplay] pump #663500 (host=0) -- discovery is answered only from here
[dplay] pump #664000 (host=0) -- discovery is answered only from here
[dplay] pump #664500 (host=0) -- discovery is answered only from here
[dplay] pump #665000 (host=0) -- discovery is answered only from here
[dplay] pump #665500 (host=0) -- discovery is answered only from here
[dplay] pump #666000 (host=0) -- discovery is answered only from here
[dplay] pump #666500 (host=0) -- discovery is answered only from here
[dplay] pump #667000 (host=0) -- discovery is answered only from here
[dplay] pump #667500 (host=0) -- discovery is answered only from here
[dplay] pump #668000 (host=0) -- discovery is answered only from here
[dplay] pump #668500 (host=0) -- discovery is answered only from here
[dplay] pump #669000 (host=0) -- discovery is answered only from here
[dplay] pump #669500 (host=0) -- discovery is answered only from here
[dplay] pump #670000 (host=0) -- discovery is answered only from here
[dplay] pump #670500 (host=0) -- discovery is answered only from here
[dplay] pump #671000 (host=0) -- discovery is answered only from here
[dplay] pump #671500 (host=0) -- discovery is answered only from here
[dplay] pump #672000 (host=0) -- discovery is answered only from here
[dplay] pump #672500 (host=0) -- discovery is answered only from here
[dplay] pump #673000 (host=0) -- discovery is answered only from here
[dplay] pump #673500 (host=0) -- discovery is answered only from here
[dplay] pump #674000 (host=0) -- discovery is answered only from here
[dplay] pump #674500 (host=0) -- discovery is answered only from here
[dplay] pump #675000 (host=0) -- discovery is answered only from here
[dplay] pump #675500 (host=0) -- discovery is answered only from here
[dplay] pump #676000 (host=0) -- discovery is answered only from here
[dplay] pump #676500 (host=0) -- discovery is answered only from here
[dplay] pump #677000 (host=0) -- discovery is answered only from here
[dplay] pump #677500 (host=0) -- discovery is answered only from here
[dplay] pump #678000 (host=0) -- discovery is answered only from here
[dplay] pump #678500 (host=0) -- discovery is answered only from here
[dplay] pump #679000 (host=0) -- discovery is answered only from here
[dplay] pump #679500 (host=0) -- discovery is answered only from here
[dplay] pump #680000 (host=0) -- discovery is answered only from here
[dplay] pump #680500 (host=0) -- discovery is answered only from here
[dplay] pump #681000 (host=0) -- discovery is answered only from here
[dplay] pump #681500 (host=0) -- discovery is answered only from here
[dplay] pump #682000 (host=0) -- discovery is answered only from here
[dplay] pump #682500 (host=0) -- discovery is answered only from here
[dplay] pump #683000 (host=0) -- discovery is answered only from here
[dplay] pump #683500 (host=0) -- discovery is answered only from here
[dplay] pump #684000 (host=0) -- discovery is answered only from here
[dplay] pump #684500 (host=0) -- discovery is answered only from here
[dplay] pump #685000 (host=0) -- discovery is answered only from here
[dplay] pump #685500 (host=0) -- discovery is answered only from here
[dplay] pump #686000 (host=0) -- discovery is answered only from here
[dplay] pump #686500 (host=0) -- discovery is answered only from here
[dplay] pump #687000 (host=0) -- discovery is answered only from here
[dplay] pump #687500 (host=0) -- discovery is answered only from here
[dplay] pump #688000 (host=0) -- discovery is answered only from here
[dplay] pump #688500 (host=0) -- discovery is answered only from here
[dplay] pump #689000 (host=0) -- discovery is answered only from here
[dplay] pump #689500 (host=0) -- discovery is answered only from here
[dplay] pump #690000 (host=0) -- discovery is answered only from here
[dplay] pump #690500 (host=0) -- discovery is answered only from here
[dplay] pump #691000 (host=0) -- discovery is answered only from here
[dplay] pump #691500 (host=0) -- discovery is answered only from here
[dplay] pump #692000 (host=0) -- discovery is answered only from here
[dplay] pump #692500 (host=0) -- discovery is answered only from here
[dplay] pump #693000 (host=0) -- discovery is answered only from here
[dplay] pump #693500 (host=0) -- discovery is answered only from here
[dplay] pump #694000 (host=0) -- discovery is answered only from here
[dplay] pump #694500 (host=0) -- discovery is answered only from here
[dplay] pump #695000 (host=0) -- discovery is answered only from here
[dplay] pump #695500 (host=0) -- discovery is answered only from here
[dplay] pump #696000 (host=0) -- discovery is answered only from here
[dplay] pump #696500 (host=0) -- discovery is answered only from here
[dplay] pump #697000 (host=0) -- discovery is answered only from here
[dplay] pump #697500 (host=0) -- discovery is answered only from here
[dplay] pump #698000 (host=0) -- discovery is answered only from here
[dplay] pump #698500 (host=0) -- discovery is answered only from here
[dplay] pump #699000 (host=0) -- discovery is answered only from here
[dplay] pump #699500 (host=0) -- discovery is answered only from here
[dplay] pump #700000 (host=0) -- discovery is answered only from here
[dplay] pump #700500 (host=0) -- discovery is answered only from here
[dplay] pump #701000 (host=0) -- discovery is answered only from here
[dplay] pump #701500 (host=0) -- discovery is answered only from here
[dplay] pump #702000 (host=0) -- discovery is answered only from here
[dplay] pump #702500 (host=0) -- discovery is answered only from here
[dplay] pump #703000 (host=0) -- discovery is answered only from here
[dplay] pump #703500 (host=0) -- discovery is answered only from here
[dplay] pump #704000 (host=0) -- discovery is answered only from here
[dplay] pump #704500 (host=0) -- discovery is answered only from here
[dplay] pump #705000 (host=0) -- discovery is answered only from here
[dplay] pump #705500 (host=0) -- discovery is answered only from here
[dplay] pump #706000 (host=0) -- discovery is answered only from here
[dplay] pump #706500 (host=0) -- discovery is answered only from here
[dplay] pump #707000 (host=0) -- discovery is answered only from here
[dplay] pump #707500 (host=0) -- discovery is answered only from here
[dplay] pump #708000 (host=0) -- discovery is answered only from here
[dplay] pump #708500 (host=0) -- discovery is answered only from here
[dplay] pump #709000 (host=0) -- discovery is answered only from here
[dplay] pump #709500 (host=0) -- discovery is answered only from here
[dplay] pump #710000 (host=0) -- discovery is answered only from here
[dplay] pump #710500 (host=0) -- discovery is answered only from here
[dplay] pump #711000 (host=0) -- discovery is answered only from here
[dplay] pump #711500 (host=0) -- discovery is answered only from here
[dplay] pump #712000 (host=0) -- discovery is answered only from here
[dplay] pump #712500 (host=0) -- discovery is answered only from here
[dplay] pump #713000 (host=0) -- discovery is answered only from here
[dplay] pump #713500 (host=0) -- discovery is answered only from here
[dplay] pump #714000 (host=0) -- discovery is answered only from here
[dplay] pump #714500 (host=0) -- discovery is answered only from here
[dplay] pump #715000 (host=0) -- discovery is answered only from here
[dplay] pump #715500 (host=0) -- discovery is answered only from here
[dplay] pump #716000 (host=0) -- discovery is answered only from here
[dplay] pump #716500 (host=0) -- discovery is answered only from here
[dplay] pump #717000 (host=0) -- discovery is answered only from here
[dplay] pump #717500 (host=0) -- discovery is answered only from here
[dplay] pump #718000 (host=0) -- discovery is answered only from here
[dplay] pump #718500 (host=0) -- discovery is answered only from here
[dplay] pump #719000 (host=0) -- discovery is answered only from here
[dplay] pump #719500 (host=0) -- discovery is answered only from here
[dplay] pump #720000 (host=0) -- discovery is answered only from here
[dplay] pump #720500 (host=0) -- discovery is answered only from here
[dplay] pump #721000 (host=0) -- discovery is answered only from here
[dplay] pump #721500 (host=0) -- discovery is answered only from here
[dplay] pump #722000 (host=0) -- discovery is answered only from here
[dplay] pump #722500 (host=0) -- discovery is answered only from here
[dplay] pump #723000 (host=0) -- discovery is answered only from here
[dplay] pump #723500 (host=0) -- discovery is answered only from here
[dplay] pump #724000 (host=0) -- discovery is answered only from here
[dplay] pump #724500 (host=0) -- discovery is answered only from here
[dplay] pump #725000 (host=0) -- discovery is answered only from here
[dplay] received 14 data bytes from pid 3
[dplay] received 5 data bytes from pid 1
[dplay] Send 14 bytes pid 4 -> 1 (ok)
[dplay] pump #725500 (host=0) -- discovery is answered only from here
[dplay] pump #726000 (host=0) -- discovery is answered only from here
[dplay] pump #726500 (host=0) -- discovery is answered only from here
[dplay] pump #727000 (host=0) -- discovery is answered only from here
[dplay] pump #727500 (host=0) -- discovery is answered only from here
[dplay] pump #728000 (host=0) -- discovery is answered only from here
[dplay] pump #728500 (host=0) -- discovery is answered only from here
[dplay] pump #729000 (host=0) -- discovery is answered only from here
[dplay] pump #729500 (host=0) -- discovery is answered only from here
[dplay] pump #730000 (host=0) -- discovery is answered only from here
[dplay] pump #730500 (host=0) -- discovery is answered only from here
[dplay] pump #731000 (host=0) -- discovery is answered only from here
[dplay] pump #731500 (host=0) -- discovery is answered only from here
[dplay] pump #732000 (host=0) -- discovery is answered only from here
[dplay] pump #732500 (host=0) -- discovery is answered only from here
[dplay] pump #733000 (host=0) -- discovery is answered only from here
[dplay] pump #733500 (host=0) -- discovery is answered only from here
[dplay] pump #734000 (host=0) -- discovery is answered only from here
[dplay] pump #734500 (host=0) -- discovery is answered only from here
[dplay] pump #735000 (host=0) -- discovery is answered only from here
[dplay] pump #735500 (host=0) -- discovery is answered only from here
[dplay] pump #736000 (host=0) -- discovery is answered only from here
[dplay] pump #736500 (host=0) -- discovery is answered only from here
[dplay] pump #737000 (host=0) -- discovery is answered only from here
[dplay] pump #737500 (host=0) -- discovery is answered only from here
[dplay] pump #738000 (host=0) -- discovery is answered only from here
[dplay] pump #738500 (host=0) -- discovery is answered only from here
[dplay] pump #739000 (host=0) -- discovery is answered only from here
[dplay] pump #739500 (host=0) -- discovery is answered only from here
[dplay] pump #740000 (host=0) -- discovery is answered only from here
[dplay] pump #740500 (host=0) -- discovery is answered only from here
[dplay] pump #741000 (host=0) -- discovery is answered only from here
[dplay] pump #741500 (host=0) -- discovery is answered only from here
[dplay] pump #742000 (host=0) -- discovery is answered only from here
[dplay] received 14 data bytes from pid 3
[dplay] received 33 data bytes from pid 1
[dplay] Send 14 bytes pid 4 -> 1 (ok)
[dplay] pump #742500 (host=0) -- discovery is answered only from here
[dplay] pump #743000 (host=0) -- discovery is answered only from here
[dplay] pump #743500 (host=0) -- discovery is answered only from here
[dplay] pump #744000 (host=0) -- discovery is answered only from here
[dplay] pump #744500 (host=0) -- discovery is answered only from here
[dplay] pump #745000 (host=0) -- discovery is answered only from here
[dplay] pump #745500 (host=0) -- discovery is answered only from here
[dplay] pump #746000 (host=0) -- discovery is answered only from here
[dplay] pump #746500 (host=0) -- discovery is answered only from here
[dplay] pump #747000 (host=0) -- discovery is answered only from here
[dplay] pump #747500 (host=0) -- discovery is answered only from here
[dplay] pump #748000 (host=0) -- discovery is answered only from here
[dplay] pump #748500 (host=0) -- discovery is answered only from here
[dplay] pump #749000 (host=0) -- discovery is answered only from here
[dplay] pump #749500 (host=0) -- discovery is answered only from here
[dplay] pump #750000 (host=0) -- discovery is answered only from here
[dplay] pump #750500 (host=0) -- discovery is answered only from here
[dplay] received 14 data bytes from pid 3
[dplay] received 33 data bytes from pid 1
[dplay] Send 14 bytes pid 4 -> 1 (ok)
[agg] GATE2 num=0 CurrPlayers=2  aggCount=9 myFrame=10  IDCodes: 196 196 194 194 194 194 194 194  (INITPACK=195)
[dplay] pump #751000 (host=0) -- discovery is answered only from here
[dplay] pump #751500 (host=0) -- discovery is answered only from here
[dplay] pump #752000 (host=0) -- discovery is answered only from here
[dplay] pump #752500 (host=0) -- discovery is answered only from here
[dplay] pump #753000 (host=0) -- discovery is answered only from here
[dplay] pump #753500 (host=0) -- discovery is answered only from here
[dplay] pump #754000 (host=0) -- discovery is answered only from here
[dplay] pump #754500 (host=0) -- discovery is answered only from here
[dplay] pump #755000 (host=0) -- discovery is answered only from here
[dplay] pump #755500 (host=0) -- discovery is answered only from here
[dplay] pump #756000 (host=0) -- discovery is answered only from here
[dplay] pump #756500 (host=0) -- discovery is answered only from here
[dplay] pump #757000 (host=0) -- discovery is answered only from here
[dplay] pump #757500 (host=0) -- discovery is answered only from here
[dplay] pump #758000 (host=0) -- discovery is answered only from here
[dplay] pump #758500 (host=0) -- discovery is answered only from here
[dplay] pump #759000 (host=0) -- discovery is answered only from here
[dplay] pump #759500 (host=0) -- discovery is answered only from here
[dplay] pump #760000 (host=0) -- discovery is answered only from here
[dplay] pump #760500 (host=0) -- discovery is answered only from here
[dplay] pump #761000 (host=0) -- discovery is answered only from here
[dplay] pump #761500 (host=0) -- discovery is answered only from here
[dplay] pump #762000 (host=0) -- discovery is answered only from here
[dplay] pump #762500 (host=0) -- discovery is answered only from here
[dplay] pump #763000 (host=0) -- discovery is answered only from here
[dplay] pump #763500 (host=0) -- discovery is answered only from here
[dplay] pump #764000 (host=0) -- discovery is answered only from here
[dplay] pump #764500 (host=0) -- discovery is answered only from here
[dplay] pump #765000 (host=0) -- discovery is answered only from here
[dplay] pump #765500 (host=0) -- discovery is answered only from here
[dplay] pump #766000 (host=0) -- discovery is answered only from here
[dplay] pump #766500 (host=0) -- discovery is answered only from here
[dplay] pump #767000 (host=0) -- discovery is answered only from here
[dplay] pump #767500 (host=0) -- discovery is answered only from here
[dplay] pump #768000 (host=0) -- discovery is answered only from here
[dplay] pump #768500 (host=0) -- discovery is answered only from here
[dplay] pump #769000 (host=0) -- discovery is answered only from here
[dplay] pump #769500 (host=0) -- discovery is answered only from here
[dplay] pump #770000 (host=0) -- discovery is answered only from here
[dplay] pump #770500 (host=0) -- discovery is answered only from here
[dplay] received 33 data bytes from pid 1
[dplay] received 14 data bytes from pid 3
[dplay] Send 14 bytes pid 4 -> 1 (ok)
[dplay] received 33 data bytes from pid 1
[dplay] Send 14 bytes pid 4 -> 1 (ok)
[dplay] received 14 data bytes from pid 3
[dplay] received 33 data bytes from pid 1
[dplay] Send 14 bytes pid 4 -> 1 (ok)
[dplay] received 14 data bytes from pid 3
[dplay] received 33 data bytes from pid 1
[dplay] Send 14 bytes pid 4 -> 1 (ok)
[dplay] received 14 data bytes from pid 3
[dplay] received 33 data bytes from pid 1
[agg] StaticTimeProc 50/s  impl=1 host=0 running=1 resync=0 served=0  -> AggregatorGetPackets 0/s
[dplay] Send 14 bytes pid 4 -> 1 (ok)
[dplay] received 14 data bytes from pid 3
[dplay] received 33 data bytes from pid 1
[dplay] Send 14 bytes pid 4 -> 1 (ok)
[dplay] received 14 data bytes from pid 3
[dplay] received 33 data bytes from pid 1
[dplay] Send 14 bytes pid 4 -> 1 (ok)
[dplay] received 14 data bytes from pid 3
[dplay] received 33 data bytes from pid 1
[dplay] Send 14 bytes pid 4 -> 1 (ok)
[dplay] received 14 data bytes from pid 3
[dplay] received 33 data bytes from pid 1
[dplay] Send 14 bytes pid 4 -> 1 (ok)
[dplay] received 14 data bytes from pid 3
[dplay] received 33 data bytes from pid 1
[dplay] Send 14 bytes pid 4 -> 1 (ok)
[dplay] received 14 data bytes from pid 3
[dplay] received 33 data bytes from pid 1
[dplay] Send 14 bytes pid 4 -> 1 (ok)
[dplay] received 14 data bytes from pid 3
[dplay] received 33 data bytes from pid 1
[dplay] Send 14 bytes pid 4 -> 1 (ok)
[dplay] received 14 data bytes from pid 3
[dplay] received 33 data bytes from pid 1
[dplay] Send 14 bytes pid 4 -> 1 (ok)
[dplay] received 14 data bytes from pid 3
[dplay] received 33 data bytes from pid 1
[dplay] Send 14 bytes pid 4 -> 1 (ok)
[dplay] received 14 data bytes from pid 3
[dplay] received 33 data bytes from pid 1
[dplay] Send 14 bytes pid 4 -> 1 (ok)
[dplay] received 14 data bytes from pid 3
[dplay] received 33 data bytes from pid 1
[dplay] Send 14 bytes pid 4 -> 1 (ok)
[dplay] received 14 data bytes from pid 3
[dplay] received 33 data bytes from pid 1
[dplay] Send 14 bytes pid 4 -> 1 (ok)
[agg] StaticTimeProc 49/s  impl=1 host=0 running=1 resync=0 served=0  -> AggregatorGetPackets 0/s
[dplay] received 14 data bytes from pid 3
[dplay] received 33 data bytes from pid 1
[dplay] Send 14 bytes pid 4 -> 1 (ok)
[dplay] received 14 data bytes from pid 3
[dplay] received 33 data bytes from pid 1
[dplay] Send 14 bytes pid 4 -> 1 (ok)
[dplay] received 14 data bytes from pid 3
[dplay] received 33 data bytes from pid 1
[dplay] Send 14 bytes pid 4 -> 1 (ok)
[dplay] received 14 data bytes from pid 3
[dplay] received 33 data bytes from pid 1
[dplay] Send 14 bytes pid 4 -> 1 (ok)
[dplay] received 14 data bytes from pid 3
[dplay] received 33 data bytes from pid 1
[dplay] Send 14 bytes pid 4 -> 1 (ok)
[dplay] received 14 data bytes from pid 3
[accnt] aircraft in this world: now=8 MAX=8 visible=2 dead=6 (frame sample #1)
[dplay] received 33 data bytes from pid 1
[dplay] Send 14 bytes pid 4 -> 1 (ok)
[dplay] received 14 data bytes from pid 3
[dplay] received 33 data bytes from pid 1
[dplay] Send 14 bytes pid 4 -> 1 (ok)
[dplay] received 14 data bytes from pid 3
[dplay] received 33 data bytes from pid 1
[dplay] Send 14 bytes pid 4 -> 1 (ok)
[dplay] received 14 data bytes from pid 3
[dplay] received 33 data bytes from pid 1
[dplay] Send 14 bytes pid 4 -> 1 (ok)
[dplay] received 14 data bytes from pid 3
[dplay] received 33 data bytes from pid 1
[dplay] Send 14 bytes pid 4 -> 1 (ok)
[dplay] received 14 data bytes from pid 3
[dplay] received 33 data bytes from pid 1
[dplay] Send 14 bytes pid 4 -> 1 (ok)
[dplay] received 14 data bytes from pid 3
[dplay] received 33 data bytes from pid 1
[dplay] Send 14 bytes pid 4 -> 1 (ok)
[dplay] received 14 data bytes from pid 3
[dplay] received 33 data bytes from pid 1
[agg] StaticTimeProc 49/s  impl=1 host=0 running=1 resync=0 served=0  -> AggregatorGetPackets 0/s
[dplay] Send 14 bytes pid 4 -> 1 (ok)
[dplay] received 14 data bytes from pid 3
[dplay] received 33 data bytes from pid 1
[dplay] Send 14 bytes pid 4 -> 1 (ok)
[dplay] received 14 data bytes from pid 3
[dplay] received 33 data bytes from pid 1
[dplay] Send 14 bytes pid 4 -> 1 (ok)
[dplay] received 14 data bytes from pid 3
[dplay] received 33 data bytes from pid 1
[dplay] Send 14 bytes pid 4 -> 1 (ok)
[dplay] received 19 data bytes from pid 1
[dplay] received 14 data bytes from pid 3
[dplay] Send 14 bytes pid 4 -> 1 (ok)
[dplay] received 33 data bytes from pid 1
[dplay] received 14 data bytes from pid 3
[dplay] Send 14 bytes pid 4 -> 1 (ok)
[dplay] received 33 data bytes from pid 1
[dplay] received 14 data bytes from pid 3
[dplay] Send 14 bytes pid 4 -> 1 (ok)
[dplay] received 14 data bytes from pid 3
[dplay] received 33 data bytes from pid 1
[dplay] Send 14 bytes pid 4 -> 1 (ok)
[dplay] received 14 data bytes from pid 3
[dplay] received 33 data bytes from pid 1
[dplay] Send 14 bytes pid 4 -> 1 (ok)
[dplay] received 14 data bytes from pid 3
[dplay] received 33 data bytes from pid 1
[dplay] Send 14 bytes pid 4 -> 1 (ok)
[dplay] received 14 data bytes from pid 3
[dplay] received 33 data bytes from pid 1
[dplay] Send 14 bytes pid 4 -> 1 (ok)
[dplay] received 14 data bytes from pid 3
[dplay] received 33 data bytes from pid 1
[dplay] Send 14 bytes pid 4 -> 1 (ok)
[dplay] received 14 data bytes from pid 3
[dplay] received 33 data bytes from pid 1
[agg] StaticTimeProc 49/s  impl=1 host=0 running=1 resync=0 served=0  -> AggregatorGetPackets 0/s
[dplay] Send 14 bytes pid 4 -> 1 (ok)
[dplay] received 14 data bytes from pid 3
[dplay] received 33 data bytes from pid 1
[dplay] Send 14 bytes pid 4 -> 1 (ok)
[dplay] received 14 data bytes from pid 3
[dplay] received 33 data bytes from pid 1
[dplay] Send 14 bytes pid 4 -> 1 (ok)
[dplay] received 14 data bytes from pid 3
[dplay] received 33 data bytes from pid 1
[dplay] Send 14 bytes pid 4 -> 1 (ok)
[dplay] received 14 data bytes from pid 3
[dplay] received 33 data bytes from pid 1
[dplay] Send 14 bytes pid 4 -> 1 (ok)
[dplay] received 14 data bytes from pid 3
[dplay] received 33 data bytes from pid 1
[dplay] Send 14 bytes pid 4 -> 1 (ok)
[dplay] received 14 data bytes from pid 3
[dplay] received 33 data bytes from pid 1
[dplay] Send 14 bytes pid 4 -> 1 (ok)
[dplay] received 14 data bytes from pid 3
[dplay] received 33 data bytes from pid 1
[dplay] Send 14 bytes pid 4 -> 1 (ok)
[dplay] received 14 data bytes from pid 3
[dplay] received 33 data bytes from pid 1
[dplay] Send 14 bytes pid 4 -> 1 (ok)
[dplay] received 14 data bytes from pid 3
[dplay] received 33 data bytes from pid 1
[dplay] Send 14 bytes pid 4 -> 1 (ok)
[dplay] received 33 data bytes from pid 1
[dplay] received 14 data bytes from pid 3
[dplay] received 19 data bytes from pid 1
[dplay] Send 14 bytes pid 4 -> 1 (ok)
[dplay] received 14 data bytes from pid 3
[dplay] received 33 data bytes from pid 1
[dplay] Send 14 bytes pid 4 -> 1 (ok)
[dplay] received 14 data bytes from pid 3
[dplay] received 33 data bytes from pid 1
[dplay] Send 14 bytes pid 4 -> 1 (ok)
[dplay] received 14 data bytes from pid 3
[dplay] received 33 data bytes from pid 1
[agg] StaticTimeProc 49/s  impl=1 host=0 running=1 resync=0 served=0  -> AggregatorGetPackets 0/s
[dplay] Send 14 bytes pid 4 -> 1 (ok)
[dplay] received 14 data bytes from pid 3
[dplay] received 33 data bytes from pid 1
[dplay] Send 14 bytes pid 4 -> 1 (ok)
[dplay] received 14 data bytes from pid 3
[dplay] received 33 data bytes from pid 1
[dplay] Send 14 bytes pid 4 -> 1 (ok)
[dplay] received 14 data bytes from pid 3
[dplay] received 33 data bytes from pid 1
[dplay] pump #771000 (host=0) -- discovery is answered only from here
[dplay] Send 14 bytes pid 4 -> 1 (ok)
[dplay] received 14 data bytes from pid 3
[dplay] received 33 data bytes from pid 1
[dplay] Send 14 bytes pid 4 -> 1 (ok)
[dplay] received 14 data bytes from pid 3
[dplay] received 33 data bytes from pid 1
[dplay] Send 14 bytes pid 4 -> 1 (ok)
[dplay] received 14 data bytes from pid 3
[dplay] received 33 data bytes from pid 1
[dplay] Send 14 bytes pid 4 -> 1 (ok)
[dplay] received 14 data bytes from pid 3
[dplay] received 33 data bytes from pid 1
[dplay] Send 14 bytes pid 4 -> 1 (ok)
[dplay] received 14 data bytes from pid 3
[dplay] received 33 data bytes from pid 1
[dplay] Send 14 bytes pid 4 -> 1 (ok)
[dplay] received 14 data bytes from pid 3
[dplay] received 33 data bytes from pid 1
[dplay] Send 14 bytes pid 4 -> 1 (ok)
[dplay] received 14 data bytes from pid 3
[dplay] received 33 data bytes from pid 1
[dplay] Send 14 bytes pid 4 -> 1 (ok)
[dplay] received 14 data bytes from pid 3
[dplay] received 33 data bytes from pid 1
[dplay] Send 14 bytes pid 4 -> 1 (ok)
[dplay] received 14 data bytes from pid 3
[dplay] received 33 data bytes from pid 1
[dplay] Send 14 bytes pid 4 -> 1 (ok)
[agg] StaticTimeProc 50/s  impl=1 host=0 running=1 resync=0 served=0  -> AggregatorGetPackets 0/s
[dplay] received 14 data bytes from pid 3
[dplay] received 33 data bytes from pid 1
[dplay] Send 14 bytes pid 4 -> 1 (ok)
[dplay] received 14 data bytes from pid 3
[dplay] received 33 data bytes from pid 1
[dplay] Send 14 bytes pid 4 -> 1 (ok)
[dplay] received 14 data bytes from pid 3
[dplay] received 33 data bytes from pid 1
[dplay] Send 14 bytes pid 4 -> 1 (ok)
[dplay] received 14 data bytes from pid 3
[dplay] received 33 data bytes from pid 1
[dplay] Send 14 bytes pid 4 -> 1 (ok)
[dplay] received 14 data bytes from pid 3
[dplay] received 33 data bytes from pid 1
[dplay] Send 14 bytes pid 4 -> 1 (ok)
[dplay] received 14 data bytes from pid 3
[dplay] received 33 data bytes from pid 1
[dplay] Send 14 bytes pid 4 -> 1 (ok)
[dplay] received 14 data bytes from pid 3
[dplay] received 33 data bytes from pid 1
[dplay] Send 14 bytes pid 4 -> 1 (ok)
[dplay] received 14 data bytes from pid 3
[dplay] received 33 data bytes from pid 1
[dplay] Send 14 bytes pid 4 -> 1 (ok)
[dplay] received 14 data bytes from pid 3
[dplay] received 33 data bytes from pid 1
[dplay] Send 14 bytes pid 4 -> 1 (ok)
[dplay] received 14 data bytes from pid 3
[dplay] received 33 data bytes from pid 1
[dplay] Send 14 bytes pid 4 -> 1 (ok)
[dplay] received 14 data bytes from pid 3
[dplay] received 33 data bytes from pid 1
[dplay] Send 14 bytes pid 4 -> 1 (ok)
[dplay] received 14 data bytes from pid 3
[dplay] received 33 data bytes from pid 1
[dplay] Send 14 bytes pid 4 -> 1 (ok)
[dplay] received 14 data bytes from pid 3
[dplay] received 33 data bytes from pid 1
[agg] StaticTimeProc 49/s  impl=1 host=0 running=1 resync=0 served=0  -> AggregatorGetPackets 0/s
[dplay] Send 14 bytes pid 4 -> 1 (ok)
[dplay] received 14 data bytes from pid 3
[dplay] received 33 data bytes from pid 1
[dplay] Send 14 bytes pid 4 -> 1 (ok)
[dplay] received 14 data bytes from pid 3
[dplay] received 33 data bytes from pid 1
[dplay] Send 14 bytes pid 4 -> 1 (ok)
[dplay] received 14 data bytes from pid 3
[dplay] received 33 data bytes from pid 1
[dplay] Send 14 bytes pid 4 -> 1 (ok)
[dplay] received 14 data bytes from pid 3
[dplay] received 33 data bytes from pid 1
[dplay] Send 14 bytes pid 4 -> 1 (ok)
[dplay] received 14 data bytes from pid 3
[dplay] received 33 data bytes from pid 1
[dplay] Send 14 bytes pid 4 -> 1 (ok)
[dplay] received 14 data bytes from pid 3
[dplay] received 33 data bytes from pid 1
[dplay] Send 14 bytes pid 4 -> 1 (ok)
[dplay] received 14 data bytes from pid 3
[dplay] received 33 data bytes from pid 1
[dplay] Send 14 bytes pid 4 -> 1 (ok)
[dplay] received 14 data bytes from pid 3
[dplay] received 33 data bytes from pid 1
[dplay] Send 14 bytes pid 4 -> 1 (ok)
[dplay] received 14 data bytes from pid 3
[dplay] received 33 data bytes from pid 1
[dplay] Send 14 bytes pid 4 -> 1 (ok)
[dplay] received 14 data bytes from pid 3
[dplay] received 33 data bytes from pid 1
[dplay] Send 14 bytes pid 4 -> 1 (ok)
[dplay] received 14 data bytes from pid 3
[dplay] received 33 data bytes from pid 1
[dplay] Send 14 bytes pid 4 -> 1 (ok)
[dplay] received 14 data bytes from pid 3
[dplay] received 33 data bytes from pid 1
[agg] StaticTimeProc 49/s  impl=1 host=0 running=1 resync=0 served=0  -> AggregatorGetPackets 0/s
[dplay] Send 14 bytes pid 4 -> 1 (ok)
[dplay] received 14 data bytes from pid 3
[dplay] received 33 data bytes from pid 1
[dplay] Send 14 bytes pid 4 -> 1 (ok)
[dplay] received 14 data bytes from pid 3
[dplay] received 33 data bytes from pid 1
[dplay] Send 14 bytes pid 4 -> 1 (ok)
[dplay] received 14 data bytes from pid 3
[dplay] received 33 data bytes from pid 1
[dplay] Send 14 bytes pid 4 -> 1 (ok)
[dplay] received 14 data bytes from pid 3
[dplay] received 33 data bytes from pid 1
[dplay] Send 14 bytes pid 4 -> 1 (ok)
[dplay] received 14 data bytes from pid 3
[dplay] received 33 data bytes from pid 1
[dplay] Send 14 bytes pid 4 -> 1 (ok)
[dplay] received 19 data bytes from pid 1
[dplay] received 14 data bytes from pid 3
[dplay] Send 14 bytes pid 4 -> 1 (ok)
[dplay] received 33 data bytes from pid 1
[dplay] received 14 data bytes from pid 3
[dplay] Send 14 bytes pid 4 -> 1 (ok)
[dplay] received 14 data bytes from pid 3
[dplay] received 33 data bytes from pid 1
[dplay] Send 14 bytes pid 4 -> 1 (ok)
[dplay] received 14 data bytes from pid 3
[dplay] received 33 data bytes from pid 1
[dplay] Send 14 bytes pid 4 -> 1 (ok)
[dplay] received 14 data bytes from pid 3
[dplay] received 33 data bytes from pid 1
[dplay] Send 14 bytes pid 4 -> 1 (ok)
[dplay] received 14 data bytes from pid 3
[dplay] received 33 data bytes from pid 1
[dplay] Send 14 bytes pid 4 -> 1 (ok)
[dplay] received 14 data bytes from pid 3
[dplay] received 33 data bytes from pid 1
[dplay] Send 14 bytes pid 4 -> 1 (ok)
[dplay] received 14 data bytes from pid 3
[dplay] received 33 data bytes from pid 1
[agg] StaticTimeProc 49/s  impl=1 host=0 running=1 resync=0 served=0  -> AggregatorGetPackets 0/s
[dplay] Send 14 bytes pid 4 -> 1 (ok)
[dplay] received 14 data bytes from pid 3
[dplay] received 33 data bytes from pid 1
[dplay] Send 14 bytes pid 4 -> 1 (ok)
[dplay] received 14 data bytes from pid 3
[dplay] received 33 data bytes from pid 1
[dplay] Send 14 bytes pid 4 -> 1 (ok)
[dplay] received 14 data bytes from pid 3
[dplay] received 33 data bytes from pid 1
[dplay] Send 14 bytes pid 4 -> 1 (ok)
[dplay] received 14 data bytes from pid 3
[dplay] received 33 data bytes from pid 1
[dplay] Send 14 bytes pid 4 -> 1 (ok)
[dplay] received 14 data bytes from pid 3
[dplay] received 33 data bytes from pid 1
[dplay] Send 14 bytes pid 4 -> 1 (ok)
[dplay] received 33 data bytes from pid 1
[dplay] received 14 data bytes from pid 3
[dplay] received 19 data bytes from pid 1
[dplay] Send 14 bytes pid 4 -> 1 (ok)
[dplay] received 14 data bytes from pid 3
[dplay] received 33 data bytes from pid 1
[dplay] Send 14 bytes pid 4 -> 1 (ok)
[dplay] received 14 data bytes from pid 3
[dplay] received 33 data bytes from pid 1
[dplay] Send 14 bytes pid 4 -> 1 (ok)
[dplay] received 14 data bytes from pid 3
[dplay] received 33 data bytes from pid 1
[dplay] Send 14 bytes pid 4 -> 1 (ok)
[dplay] received 14 data bytes from pid 3
[dplay] received 33 data bytes from pid 1
[dplay] Send 14 bytes pid 4 -> 1 (ok)
[dplay] received 14 data bytes from pid 3
[dplay] received 33 data bytes from pid 1
[dplay] Send 14 bytes pid 4 -> 1 (ok)
[dplay] received 14 data bytes from pid 3
[dplay] received 33 data bytes from pid 1
[dplay] Send 14 bytes pid 4 -> 1 (ok)
[agg] StaticTimeProc 50/s  impl=1 host=0 running=1 resync=0 served=0  -> AggregatorGetPackets 0/s
[dplay] received 14 data bytes from pid 3
[dplay] received 33 data bytes from pid 1
[dplay] Send 14 bytes pid 4 -> 1 (ok)
[dplay] received 14 data bytes from pid 3
[dplay] received 33 data bytes from pid 1
[dplay] Send 14 bytes pid 4 -> 1 (ok)
[dplay] received 14 data bytes from pid 3
[dplay] received 33 data bytes from pid 1
[dplay] Send 14 bytes pid 4 -> 1 (ok)
[dplay] received 14 data bytes from pid 3
[dplay] received 33 data bytes from pid 1
[dplay] Send 14 bytes pid 4 -> 1 (ok)
[dplay] received 14 data bytes from pid 3
[dplay] received 33 data bytes from pid 1
[dplay] Send 14 bytes pid 4 -> 1 (ok)
[dplay] received 14 data bytes from pid 3
[dplay] received 33 data bytes from pid 1
[dplay] Send 14 bytes pid 4 -> 1 (ok)
[dplay] received 14 data bytes from pid 3
[dplay] received 33 data bytes from pid 1
[dplay] Send 14 bytes pid 4 -> 1 (ok)
[dplay] received 14 data bytes from pid 3
[dplay] received 33 data bytes from pid 1
[dplay] Send 14 bytes pid 4 -> 1 (ok)
[dplay] received 14 data bytes from pid 3
[dplay] received 33 data bytes from pid 1
[dplay] Send 14 bytes pid 4 -> 1 (ok)
[dplay] received 14 data bytes from pid 3
[dplay] received 33 data bytes from pid 1
[dplay] Send 14 bytes pid 4 -> 1 (ok)
[dplay] received 14 data bytes from pid 3
[dplay] received 33 data bytes from pid 1
[dplay] Send 14 bytes pid 4 -> 1 (ok)
[dplay] received 14 data bytes from pid 3
[dplay] received 33 data bytes from pid 1
[dplay] pump #771500 (host=0) -- discovery is answered only from here
[dplay] Send 14 bytes pid 4 -> 1 (ok)
[dplay] received 14 data bytes from pid 3
[dplay] received 33 data bytes from pid 1
[agg] StaticTimeProc 49/s  impl=1 host=0 running=1 resync=0 served=0  -> AggregatorGetPackets 0/s
[dplay] Send 14 bytes pid 4 -> 1 (ok)
[dplay] received 14 data bytes from pid 3
[dplay] received 33 data bytes from pid 1
[dplay] Send 14 bytes pid 4 -> 1 (ok)
[dplay] received 14 data bytes from pid 3
[dplay] received 33 data bytes from pid 1
[dplay] Send 14 bytes pid 4 -> 1 (ok)
[dplay] received 14 data bytes from pid 3
[dplay] received 33 data bytes from pid 1
[dplay] Send 14 bytes pid 4 -> 1 (ok)
[dplay] received 14 data bytes from pid 3
[dplay] received 33 data bytes from pid 1
[dplay] Send 14 bytes pid 4 -> 1 (ok)
[dplay] received 14 data bytes from pid 3
[dplay] received 33 data bytes from pid 1
[dplay] Send 14 bytes pid 4 -> 1 (ok)
[dplay] received 14 data bytes from pid 3
[dplay] received 33 data bytes from pid 1
[dplay] Send 14 bytes pid 4 -> 1 (ok)
[dplay] received 14 data bytes from pid 3
[dplay] received 33 data bytes from pid 1
[dplay] Send 14 bytes pid 4 -> 1 (ok)
[dplay] received 14 data bytes from pid 3
[dplay] received 33 data bytes from pid 1
[dplay] Send 14 bytes pid 4 -> 1 (ok)
[dplay] received 14 data bytes from pid 3
[dplay] received 33 data bytes from pid 1
[dplay] Send 14 bytes pid 4 -> 1 (ok)
[dplay] received 14 data bytes from pid 3
[dplay] received 33 data bytes from pid 1
[dplay] Send 14 bytes pid 4 -> 1 (ok)
[dplay] received 14 data bytes from pid 3
[dplay] received 33 data bytes from pid 1
[dplay] Send 14 bytes pid 4 -> 1 (ok)
[dplay] received 14 data bytes from pid 3
[dplay] received 33 data bytes from pid 1
[agg] StaticTimeProc 49/s  impl=1 host=0 running=1 resync=0 served=0  -> AggregatorGetPackets 0/s
[dplay] Send 14 bytes pid 4 -> 1 (ok)
[dplay] received 14 data bytes from pid 3
[dplay] received 33 data bytes from pid 1
[dplay] Send 14 bytes pid 4 -> 1 (ok)
[dplay] received 14 data bytes from pid 3
[dplay] received 33 data bytes from pid 1
[dplay] Send 14 bytes pid 4 -> 1 (ok)
[dplay] received 14 data bytes from pid 3
[dplay] received 33 data bytes from pid 1
[dplay] Send 14 bytes pid 4 -> 1 (ok)
[dplay] received 14 data bytes from pid 3
[dplay] received 33 data bytes from pid 1
[dplay] Send 14 bytes pid 4 -> 1 (ok)
[dplay] received 14 data bytes from pid 3
[dplay] received 33 data bytes from pid 1
[dplay] Send 14 bytes pid 4 -> 1 (ok)
[dplay] received 14 data bytes from pid 3
[dplay] received 33 data bytes from pid 1
[dplay] Send 14 bytes pid 4 -> 1 (ok)
[dplay] received 14 data bytes from pid 3
[dplay] received 33 data bytes from pid 1
[dplay] Send 14 bytes pid 4 -> 1 (ok)
[dplay] received 14 data bytes from pid 3
[dplay] received 33 data bytes from pid 1
[dplay] Send 14 bytes pid 4 -> 1 (ok)
[dplay] received 14 data bytes from pid 3
[dplay] received 33 data bytes from pid 1
[dplay] Send 14 bytes pid 4 -> 1 (ok)
[dplay] received 14 data bytes from pid 3
[dplay] received 33 data bytes from pid 1
[dplay] Send 14 bytes pid 4 -> 1 (ok)
[dplay] received 14 data bytes from pid 3
[dplay] received 33 data bytes from pid 1
[dplay] Send 14 bytes pid 4 -> 1 (ok)
[dplay] received 14 data bytes from pid 3
[dplay] received 33 data bytes from pid 1
[dplay] Send 14 bytes pid 4 -> 1 (ok)
[dplay] received 14 data bytes from pid 3
[dplay] received 33 data bytes from pid 1
[agg] StaticTimeProc 49/s  impl=1 host=0 running=1 resync=0 served=0  -> AggregatorGetPackets 0/s
[dplay] Send 14 bytes pid 4 -> 1 (ok)
[dplay] received 14 data bytes from pid 3
[dplay] received 33 data bytes from pid 1
[dplay] Send 14 bytes pid 4 -> 1 (ok)
[dplay] received 14 data bytes from pid 3
[dplay] received 33 data bytes from pid 1
[dplay] Send 14 bytes pid 4 -> 1 (ok)
[dplay] received 14 data bytes from pid 3
[dplay] received 33 data bytes from pid 1
[dplay] Send 14 bytes pid 4 -> 1 (ok)
[dplay] received 14 data bytes from pid 3
[dplay] received 33 data bytes from pid 1
[dplay] Send 14 bytes pid 4 -> 1 (ok)
[dplay] received 14 data bytes from pid 3
[dplay] received 33 data bytes from pid 1
[dplay] Send 14 bytes pid 4 -> 1 (ok)
[dplay] received 19 data bytes from pid 1
[dplay] received 14 data bytes from pid 3
[dplay] Send 14 bytes pid 4 -> 1 (ok)
[dplay] received 33 data bytes from pid 1
[dplay] received 14 data bytes from pid 3
[dplay] Send 14 bytes pid 4 -> 1 (ok)
[dplay] received 14 data bytes from pid 3
[dplay] received 33 data bytes from pid 1
[dplay] Send 14 bytes pid 4 -> 1 (ok)
[dplay] received 14 data bytes from pid 3
[dplay] received 33 data bytes from pid 1
[dplay] Send 14 bytes pid 4 -> 1 (ok)
[dplay] received 14 data bytes from pid 3
[dplay] received 33 data bytes from pid 1
[dplay] Send 14 bytes pid 4 -> 1 (ok)
[dplay] received 14 data bytes from pid 3
[dplay] received 33 data bytes from pid 1
[dplay] Send 14 bytes pid 4 -> 1 (ok)
[dplay] received 14 data bytes from pid 3
[dplay] received 33 data bytes from pid 1
[dplay] Send 14 bytes pid 4 -> 1 (ok)
[agg] StaticTimeProc 50/s  impl=1 host=0 running=1 resync=0 served=0  -> AggregatorGetPackets 0/s
[dplay] received 14 data bytes from pid 3
[dplay] received 33 data bytes from pid 1
[dplay] Send 14 bytes pid 4 -> 1 (ok)
[dplay] received 14 data bytes from pid 3
[dplay] received 33 data bytes from pid 1
[dplay] Send 14 bytes pid 4 -> 1 (ok)
[dplay] received 14 data bytes from pid 3
[dplay] received 33 data bytes from pid 1
[dplay] Send 14 bytes pid 4 -> 1 (ok)
[dplay] received 14 data bytes from pid 3
[dplay] received 33 data bytes from pid 1
[dplay] Send 14 bytes pid 4 -> 1 (ok)
[dplay] received 14 data bytes from pid 3
[dplay] received 33 data bytes from pid 1
[dplay] Send 14 bytes pid 4 -> 1 (ok)
[dplay] received 14 data bytes from pid 3
[dplay] received 33 data bytes from pid 1
[accnt] aircraft in this world: now=8 MAX=8 visible=2 dead=6 (frame sample #2)
[dplay] Send 14 bytes pid 4 -> 1 (ok)
[dplay] received 14 data bytes from pid 3
[dplay] received 33 data bytes from pid 1
[dplay] Send 14 bytes pid 4 -> 1 (ok)
[dplay] received 14 data bytes from pid 3
[dplay] received 33 data bytes from pid 1
[dplay] Send 14 bytes pid 4 -> 1 (ok)
[dplay] received 14 data bytes from pid 3
[dplay] received 33 data bytes from pid 1
[dplay] Send 14 bytes pid 4 -> 1 (ok)
[dplay] received 33 data bytes from pid 1
[dplay] received 14 data bytes from pid 3
[dplay] received 19 data bytes from pid 1
[dplay] Send 14 bytes pid 4 -> 1 (ok)
[dplay] received 14 data bytes from pid 3
[dplay] received 33 data bytes from pid 1
[dplay] Send 14 bytes pid 4 -> 1 (ok)
[dplay] received 14 data bytes from pid 3
[dplay] received 33 data bytes from pid 1
[dplay] Send 14 bytes pid 4 -> 1 (ok)
[dplay] received 14 data bytes from pid 3
[dplay] received 33 data bytes from pid 1
[agg] StaticTimeProc 49/s  impl=1 host=0 running=1 resync=0 served=0  -> AggregatorGetPackets 0/s
[dplay] Send 14 bytes pid 4 -> 1 (ok)
[dplay] received 14 data bytes from pid 3
[dplay] received 33 data bytes from pid 1
[dplay] Send 14 bytes pid 4 -> 1 (ok)
[dplay] received 14 data bytes from pid 3
[dplay] received 33 data bytes from pid 1
[dplay] Send 14 bytes pid 4 -> 1 (ok)
[dplay] received 14 data bytes from pid 3
[dplay] received 33 data bytes from pid 1
[dplay] Send 14 bytes pid 4 -> 1 (ok)
[dplay] received 14 data bytes from pid 3
[dplay] received 33 data bytes from pid 1
[dplay] Send 14 bytes pid 4 -> 1 (ok)
[dplay] received 14 data bytes from pid 3
[dplay] received 33 data bytes from pid 1
[dplay] Send 14 bytes pid 4 -> 1 (ok)
[dplay] received 14 data bytes from pid 3
[dplay] received 33 data bytes from pid 1
[dplay] Send 14 bytes pid 4 -> 1 (ok)
[dplay] received 14 data bytes from pid 3
[dplay] received 33 data bytes from pid 1
[dplay] Send 14 bytes pid 4 -> 1 (ok)
[dplay] received 14 data bytes from pid 3
[dplay] received 33 data bytes from pid 1
[dplay] Send 14 bytes pid 4 -> 1 (ok)
[dplay] received 14 data bytes from pid 3
[dplay] received 33 data bytes from pid 1
[dplay] Send 14 bytes pid 4 -> 1 (ok)
[dplay] received 14 data bytes from pid 3
[dplay] received 33 data bytes from pid 1
[dplay] Send 14 bytes pid 4 -> 1 (ok)
[dplay] received 14 data bytes from pid 3
[dplay] received 33 data bytes from pid 1
[dplay] Send 14 bytes pid 4 -> 1 (ok)
[dplay] received 14 data bytes from pid 3
[dplay] received 33 data bytes from pid 1
[dplay] Send 14 bytes pid 4 -> 1 (ok)
[agg] StaticTimeProc 49/s  impl=1 host=0 running=1 resync=0 served=0  -> AggregatorGetPackets 0/s
[dplay] received 14 data bytes from pid 3
[dplay] received 33 data bytes from pid 1
[dplay] Send 14 bytes pid 4 -> 1 (ok)
[dplay] received 14 data bytes from pid 3
[dplay] received 33 data bytes from pid 1
[dplay] Send 14 bytes pid 4 -> 1 (ok)
[dplay] received 14 data bytes from pid 3
[dplay] received 33 data bytes from pid 1
[dplay] Send 14 bytes pid 4 -> 1 (ok)
[dplay] received 14 data bytes from pid 3
[dplay] received 33 data bytes from pid 1
[dplay] Send 14 bytes pid 4 -> 1 (ok)
[dplay] received 14 data bytes from pid 3
[dplay] received 33 data bytes from pid 1
[dplay] Send 14 bytes pid 4 -> 1 (ok)
[dplay] received 14 data bytes from pid 3
[dplay] received 33 data bytes from pid 1
[dplay] Send 14 bytes pid 4 -> 1 (ok)
[dplay] received 14 data bytes from pid 3
[dplay] received 33 data bytes from pid 1
[dplay] Send 14 bytes pid 4 -> 1 (ok)
[dplay] received 14 data bytes from pid 3
[dplay] received 33 data bytes from pid 1
[dplay] Send 14 bytes pid 4 -> 1 (ok)
[dplay] received 14 data bytes from pid 3
[dplay] received 33 data bytes from pid 1
[dplay] pump #772000 (host=0) -- discovery is answered only from here
[dplay] Send 14 bytes pid 4 -> 1 (ok)
[dplay] received 14 data bytes from pid 3
[dplay] received 33 data bytes from pid 1
[dplay] Send 14 bytes pid 4 -> 1 (ok)
[dplay] received 14 data bytes from pid 3
[dplay] received 33 data bytes from pid 1
[dplay] Send 14 bytes pid 4 -> 1 (ok)
[dplay] received 14 data bytes from pid 3
[dplay] received 33 data bytes from pid 1
[dplay] Send 14 bytes pid 4 -> 1 (ok)
[dplay] received 14 data bytes from pid 3
[dplay] received 33 data bytes from pid 1
[agg] StaticTimeProc 49/s  impl=1 host=0 running=1 resync=0 served=0  -> AggregatorGetPackets 0/s
[dplay] Send 14 bytes pid 4 -> 1 (ok)
[dplay] received 14 data bytes from pid 3
[dplay] received 33 data bytes from pid 1
[dplay] Send 14 bytes pid 4 -> 1 (ok)
[dplay] received 14 data bytes from pid 3
[dplay] received 33 data bytes from pid 1
[dplay] Send 14 bytes pid 4 -> 1 (ok)
[dplay] received 14 data bytes from pid 3
[dplay] received 33 data bytes from pid 1
[dplay] Send 14 bytes pid 4 -> 1 (ok)
[dplay] received 14 data bytes from pid 3
[dplay] received 33 data bytes from pid 1
[dplay] Send 14 bytes pid 4 -> 1 (ok)
[dplay] received 14 data bytes from pid 3
[dplay] received 33 data bytes from pid 1
[dplay] Send 14 bytes pid 4 -> 1 (ok)
[dplay] received 14 data bytes from pid 3
[dplay] received 33 data bytes from pid 1
[dplay] Send 14 bytes pid 4 -> 1 (ok)
[dplay] received 14 data bytes from pid 3
[dplay] received 33 data bytes from pid 1
[dplay] Send 14 bytes pid 4 -> 1 (ok)
[dplay] received 14 data bytes from pid 3
[dplay] received 33 data bytes from pid 1
[dplay] Send 14 bytes pid 4 -> 1 (ok)
[dplay] received 14 data bytes from pid 3
[dplay] received 33 data bytes from pid 1
[dplay] Send 14 bytes pid 4 -> 1 (ok)
[dplay] received 14 data bytes from pid 3
[dplay] received 33 data bytes from pid 1
[dplay] Send 14 bytes pid 4 -> 1 (ok)
[dplay] received 14 data bytes from pid 3
[dplay] received 33 data bytes from pid 1
[dplay] Send 14 bytes pid 4 -> 1 (ok)
[dplay] received 14 data bytes from pid 3
[dplay] received 33 data bytes from pid 1
[dplay] Send 14 bytes pid 4 -> 1 (ok)
[agg] StaticTimeProc 50/s  impl=1 host=0 running=1 resync=0 served=0  -> AggregatorGetPackets 0/s
[dplay] received 14 data bytes from pid 3
[dplay] received 33 data bytes from pid 1
[dplay] Send 14 bytes pid 4 -> 1 (ok)
[dplay] received 14 data bytes from pid 3
[dplay] received 33 data bytes from pid 1
[dplay] Send 14 bytes pid 4 -> 1 (ok)
[dplay] received 14 data bytes from pid 3
[dplay] received 33 data bytes from pid 1
[dplay] Send 14 bytes pid 4 -> 1 (ok)
[dplay] received 14 data bytes from pid 3
[dplay] received 33 data bytes from pid 1
[dplay] Send 14 bytes pid 4 -> 1 (ok)
[dplay] received 14 data bytes from pid 3
[dplay] received 33 data bytes from pid 1
[dplay] Send 14 bytes pid 4 -> 1 (ok)
[dplay] received 19 data bytes from pid 1
[dplay] received 14 data bytes from pid 3
[dplay] Send 14 bytes pid 4 -> 1 (ok)
[dplay] received 33 data bytes from pid 1
[dplay] received 14 data bytes from pid 3
[dplay] Send 14 bytes pid 4 -> 1 (ok)
[dplay] received 14 data bytes from pid 3
[dplay] received 33 data bytes from pid 1
[dplay] Send 14 bytes pid 4 -> 1 (ok)
[dplay] received 14 data bytes from pid 3
[dplay] received 33 data bytes from pid 1
[dplay] Send 14 bytes pid 4 -> 1 (ok)
[dplay] received 14 data bytes from pid 3
[dplay] received 33 data bytes from pid 1
[dplay] Send 14 bytes pid 4 -> 1 (ok)
[dplay] received 14 data bytes from pid 3
[dplay] received 33 data bytes from pid 1
[dplay] Send 14 bytes pid 4 -> 1 (ok)
[dplay] received 14 data bytes from pid 3
[dplay] received 33 data bytes from pid 1
[dplay] Send 14 bytes pid 4 -> 1 (ok)
[dplay] received 14 data bytes from pid 3
[dplay] received 33 data bytes from pid 1
[agg] StaticTimeProc 49/s  impl=1 host=0 running=1 resync=0 served=0  -> AggregatorGetPackets 0/s
[dplay] Send 14 bytes pid 4 -> 1 (ok)
[dplay] received 14 data bytes from pid 3
[dplay] received 33 data bytes from pid 1
[dplay] Send 14 bytes pid 4 -> 1 (ok)
[dplay] received 14 data bytes from pid 3
[dplay] received 33 data bytes from pid 1
[dplay] Send 14 bytes pid 4 -> 1 (ok)
[dplay] received 14 data bytes from pid 3
[dplay] received 33 data bytes from pid 1
[dplay] Send 14 bytes pid 4 -> 1 (ok)
[dplay] received 14 data bytes from pid 3
[dplay] received 33 data bytes from pid 1
[dplay] Send 14 bytes pid 4 -> 1 (ok)
[dplay] received 14 data bytes from pid 3
[dplay] received 33 data bytes from pid 1
[dplay] Send 14 bytes pid 4 -> 1 (ok)
[dplay] received 33 data bytes from pid 1
[dplay] received 14 data bytes from pid 3
[dplay] received 19 data bytes from pid 1
[dplay] Send 14 bytes pid 4 -> 1 (ok)
[dplay] received 14 data bytes from pid 3
[dplay] received 33 data bytes from pid 1
[dplay] Send 14 bytes pid 4 -> 1 (ok)
[dplay] received 14 data bytes from pid 3
[dplay] received 33 data bytes from pid 1
[dplay] Send 14 bytes pid 4 -> 1 (ok)
[dplay] received 14 data bytes from pid 3
[dplay] received 33 data bytes from pid 1
[dplay] Send 14 bytes pid 4 -> 1 (ok)
[dplay] received 14 data bytes from pid 3
[dplay] received 33 data bytes from pid 1
[dplay] Send 14 bytes pid 4 -> 1 (ok)
[dplay] received 14 data bytes from pid 3
[dplay] received 33 data bytes from pid 1
[dplay] Send 14 bytes pid 4 -> 1 (ok)
[dplay] received 14 data bytes from pid 3
[dplay] received 33 data bytes from pid 1
[agg] StaticTimeProc 49/s  impl=1 host=0 running=1 resync=0 served=0  -> AggregatorGetPackets 0/s
[dplay] Send 14 bytes pid 4 -> 1 (ok)
[dplay] received 14 data bytes from pid 3
[dplay] received 33 data bytes from pid 1
[dplay] Send 14 bytes pid 4 -> 1 (ok)
[dplay] received 14 data bytes from pid 3
[dplay] received 33 data bytes from pid 1
[dplay] Send 14 bytes pid 4 -> 1 (ok)
[dplay] received 14 data bytes from pid 3
[dplay] received 33 data bytes from pid 1
[dplay] Send 14 bytes pid 4 -> 1 (ok)
[dplay] received 14 data bytes from pid 3
[dplay] received 33 data bytes from pid 1
[dplay] Send 14 bytes pid 4 -> 1 (ok)
[dplay] received 14 data bytes from pid 3
[dplay] received 33 data bytes from pid 1
[dplay] Send 14 bytes pid 4 -> 1 (ok)
[dplay] received 14 data bytes from pid 3
[dplay] received 33 data bytes from pid 1
[dplay] Send 14 bytes pid 4 -> 1 (ok)
[dplay] received 14 data bytes from pid 3
[dplay] received 33 data bytes from pid 1
[dplay] Send 14 bytes pid 4 -> 1 (ok)
[dplay] received 14 data bytes from pid 3
[dplay] received 33 data bytes from pid 1
[dplay] Send 14 bytes pid 4 -> 1 (ok)
[dplay] received 14 data bytes from pid 3
[dplay] received 33 data bytes from pid 1
[dplay] Send 14 bytes pid 4 -> 1 (ok)
[dplay] received 14 data bytes from pid 3
[dplay] received 33 data bytes from pid 1
[dplay] Send 14 bytes pid 4 -> 1 (ok)
[dplay] received 14 data bytes from pid 3
[dplay] received 33 data bytes from pid 1
[dplay] Send 14 bytes pid 4 -> 1 (ok)
[dplay] received 14 data bytes from pid 3
[dplay] received 33 data bytes from pid 1
[dplay] Send 14 bytes pid 4 -> 1 (ok)
[dplay] received 14 data bytes from pid 3
[dplay] received 33 data bytes from pid 1
[agg] StaticTimeProc 50/s  impl=1 host=0 running=1 resync=0 served=0  -> AggregatorGetPackets 0/s
[dplay] Send 14 bytes pid 4 -> 1 (ok)
[dplay] received 14 data bytes from pid 3
[dplay] received 33 data bytes from pid 1
[dplay] Send 14 bytes pid 4 -> 1 (ok)
[dplay] received 14 data bytes from pid 3
[dplay] received 33 data bytes from pid 1
[dplay] Send 14 bytes pid 4 -> 1 (ok)
[dplay] received 14 data bytes from pid 3
[dplay] received 33 data bytes from pid 1
[dplay] Send 14 bytes pid 4 -> 1 (ok)
[dplay] received 14 data bytes from pid 3
[dplay] received 33 data bytes from pid 1
[dplay] Send 14 bytes pid 4 -> 1 (ok)
[dplay] received 14 data bytes from pid 3
[dplay] received 33 data bytes from pid 1
[dplay] Send 14 bytes pid 4 -> 1 (ok)
[dplay] received 14 data bytes from pid 3
[dplay] received 33 data bytes from pid 1
[dplay] Send 14 bytes pid 4 -> 1 (ok)
[dplay] received 14 data bytes from pid 3
[dplay] received 33 data bytes from pid 1
[dplay] Send 14 bytes pid 4 -> 1 (ok)
[dplay] received 14 data bytes from pid 3
[dplay] received 33 data bytes from pid 1
[dplay] Send 14 bytes pid 4 -> 1 (ok)
[dplay] received 14 data bytes from pid 3
[dplay] received 33 data bytes from pid 1
[dplay] Send 14 bytes pid 4 -> 1 (ok)
[dplay] received 14 data bytes from pid 3
[dplay] received 33 data bytes from pid 1
[dplay] Send 14 bytes pid 4 -> 1 (ok)
[dplay] received 14 data bytes from pid 3
[dplay] received 33 data bytes from pid 1
[dplay] Send 14 bytes pid 4 -> 1 (ok)
[dplay] received 14 data bytes from pid 3
[dplay] received 33 data bytes from pid 1
[dplay] Send 14 bytes pid 4 -> 1 (ok)
[agg] StaticTimeProc 49/s  impl=1 host=0 running=1 resync=0 served=0  -> AggregatorGetPackets 0/s
[dplay] received 14 data bytes from pid 3
[dplay] received 33 data bytes from pid 1
[dplay] Send 14 bytes pid 4 -> 1 (ok)
[dplay] received 14 data bytes from pid 3
[dplay] received 33 data bytes from pid 1
[dplay] Send 14 bytes pid 4 -> 1 (ok)
[dplay] received 14 data bytes from pid 3
[dplay] received 33 data bytes from pid 1
[dplay] Send 14 bytes pid 4 -> 1 (ok)
[dplay] received 14 data bytes from pid 3
[dplay] received 33 data bytes from pid 1
[dplay] Send 14 bytes pid 4 -> 1 (ok)
[dplay] received 14 data bytes from pid 3
[dplay] received 33 data bytes from pid 1
[dplay] pump #772500 (host=0) -- discovery is answered only from here
[dplay] Send 14 bytes pid 4 -> 1 (ok)
[dplay] received 14 data bytes from pid 3
[dplay] received 33 data bytes from pid 1
[dplay] Send 14 bytes pid 4 -> 1 (ok)
[dplay] received 14 data bytes from pid 3
[dplay] received 33 data bytes from pid 1
[dplay] Send 14 bytes pid 4 -> 1 (ok)
[dplay] received 14 data bytes from pid 3
[dplay] received 33 data bytes from pid 1
[dplay] Send 14 bytes pid 4 -> 1 (ok)
[dplay] received 14 data bytes from pid 3
[dplay] received 33 data bytes from pid 1
[dplay] Send 14 bytes pid 4 -> 1 (ok)
[dplay] received 14 data bytes from pid 3
[dplay] received 33 data bytes from pid 1
[dplay] Send 14 bytes pid 4 -> 1 (ok)
[dplay] received 14 data bytes from pid 3
[dplay] received 33 data bytes from pid 1
[dplay] Send 14 bytes pid 4 -> 1 (ok)
[dplay] received 14 data bytes from pid 3
[dplay] received 33 data bytes from pid 1
[dplay] Send 14 bytes pid 4 -> 1 (ok)
[dplay] received 14 data bytes from pid 3
[dplay] received 33 data bytes from pid 1
[agg] StaticTimeProc 49/s  impl=1 host=0 running=1 resync=0 served=0  -> AggregatorGetPackets 0/s
[dplay] Send 14 bytes pid 4 -> 1 (ok)
[dplay] received 14 data bytes from pid 3
[dplay] received 33 data bytes from pid 1
[dplay] Send 14 bytes pid 4 -> 1 (ok)
[dplay] received 14 data bytes from pid 3
[dplay] received 33 data bytes from pid 1
[dplay] Send 14 bytes pid 4 -> 1 (ok)
[dplay] received 14 data bytes from pid 3
[dplay] received 33 data bytes from pid 1
[dplay] Send 14 bytes pid 4 -> 1 (ok)
[dplay] received 14 data bytes from pid 3
[dplay] received 33 data bytes from pid 1
[dplay] Send 14 bytes pid 4 -> 1 (ok)
[dplay] received 19 data bytes from pid 1
[dplay] received 14 data bytes from pid 3
[dplay] Send 14 bytes pid 4 -> 1 (ok)
[dplay] received 33 data bytes from pid 1
[dplay] received 14 data bytes from pid 3
[dplay] Send 14 bytes pid 4 -> 1 (ok)
[dplay] received 33 data bytes from pid 1
[dplay] received 14 data bytes from pid 3
[dplay] Send 14 bytes pid 4 -> 1 (ok)
[dplay] received 14 data bytes from pid 3
[dplay] received 33 data bytes from pid 1
[dplay] Send 14 bytes pid 4 -> 1 (ok)
[dplay] received 14 data bytes from pid 3
[dplay] received 33 data bytes from pid 1
[dplay] Send 14 bytes pid 4 -> 1 (ok)
[dplay] received 14 data bytes from pid 3
[dplay] received 33 data bytes from pid 1
[dplay] Send 14 bytes pid 4 -> 1 (ok)
[dplay] received 14 data bytes from pid 3
[dplay] received 33 data bytes from pid 1
[dplay] Send 14 bytes pid 4 -> 1 (ok)
[dplay] received 14 data bytes from pid 3
[dplay] received 33 data bytes from pid 1
[agg] StaticTimeProc 49/s  impl=1 host=0 running=1 resync=0 served=0  -> AggregatorGetPackets 0/s
[dplay] Send 14 bytes pid 4 -> 1 (ok)
[dplay] received 14 data bytes from pid 3
[dplay] received 33 data bytes from pid 1
[dplay] Send 14 bytes pid 4 -> 1 (ok)
[dplay] received 14 data bytes from pid 3
[dplay] received 33 data bytes from pid 1
[dplay] Send 14 bytes pid 4 -> 1 (ok)
[dplay] received 14 data bytes from pid 3
[dplay] received 33 data bytes from pid 1
[dplay] received 19 data bytes from pid 1
[dplay] Send 14 bytes pid 4 -> 1 (ok)
[dplay] received 14 data bytes from pid 3
[dplay] received 33 data bytes from pid 1
[dplay] Send 14 bytes pid 4 -> 1 (ok)
[dplay] received 14 data bytes from pid 3
[dplay] received 33 data bytes from pid 1
[dplay] Send 14 bytes pid 4 -> 1 (ok)
[dplay] received 14 data bytes from pid 3
[dplay] received 33 data bytes from pid 1
[dplay] Send 14 bytes pid 4 -> 1 (ok)
[dplay] received 14 data bytes from pid 3
[dplay] received 33 data bytes from pid 1
[dplay] Send 14 bytes pid 4 -> 1 (ok)
[dplay] received 14 data bytes from pid 3
[dplay] received 33 data bytes from pid 1
[dplay] Send 14 bytes pid 4 -> 1 (ok)
[dplay] received 14 data bytes from pid 3
[dplay] received 33 data bytes from pid 1
[dplay] Send 14 bytes pid 4 -> 1 (ok)
[dplay] received 14 data bytes from pid 3
[dplay] received 33 data bytes from pid 1
[dplay] Send 14 bytes pid 4 -> 1 (ok)
[dplay] received 14 data bytes from pid 3
[dplay] received 33 data bytes from pid 1
[dplay] Send 14 bytes pid 4 -> 1 (ok)
[dplay] received 14 data bytes from pid 3
[dplay] received 33 data bytes from pid 1
[dplay] Send 14 bytes pid 4 -> 1 (ok)
[dplay] received 14 data bytes from pid 3
[agg] StaticTimeProc 49/s  impl=1 host=0 running=1 resync=0 served=0  -> AggregatorGetPackets 0/s
[dplay] received 33 data bytes from pid 1
[dplay] Send 14 bytes pid 4 -> 1 (ok)
[dplay] received 14 data bytes from pid 3
[dplay] received 33 data bytes from pid 1
[dplay] Send 14 bytes pid 4 -> 1 (ok)
[dplay] received 14 data bytes from pid 3
[dplay] received 33 data bytes from pid 1
[dplay] Send 14 bytes pid 4 -> 1 (ok)
[dplay] received 14 data bytes from pid 3
[dplay] received 33 data bytes from pid 1
[self] uid=3585 visible=0 dead=1
[accnt] CHANGE at call 1743: aircraft=8 MAX=8 visible=1 dead=7
[dplay] Send 14 bytes pid 4 -> 1 (ok)
[dplay] received 14 data bytes from pid 3
[dplay] received 33 data bytes from pid 1
[dplay] Send 14 bytes pid 4 -> 1 (ok)
[dplay] received 14 data bytes from pid 3
[dplay] received 33 data bytes from pid 1
[dplay] Send 14 bytes pid 4 -> 1 (ok)
[dplay] received 14 data bytes from pid 3
[dplay] received 33 data bytes from pid 1
[dplay] Send 14 bytes pid 4 -> 1 (ok)
[dplay] received 14 data bytes from pid 3
[dplay] received 33 data bytes from pid 1
[dplay] Send 14 bytes pid 4 -> 1 (ok)
[dplay] received 14 data bytes from pid 3
[dplay] received 33 data bytes from pid 1
[dplay] Send 14 bytes pid 4 -> 1 (ok)
[dplay] received 14 data bytes from pid 3
[dplay] received 33 data bytes from pid 1
[dplay] Send 14 bytes pid 4 -> 1 (ok)
[dplay] received 14 data bytes from pid 3
[dplay] received 33 data bytes from pid 1
[dplay] Send 14 bytes pid 4 -> 1 (ok)
[dplay] received 14 data bytes from pid 3
[dplay] received 33 data bytes from pid 1
[self] uid=3585 visible=1 dead=1
[accnt] CHANGE at call 1773: aircraft=8 MAX=8 visible=2 dead=7
[dplay] Send 14 bytes pid 4 -> 1 (ok)
[dplay] received 14 data bytes from pid 3
[dplay] received 33 data bytes from pid 1
[agg] StaticTimeProc 49/s  impl=1 host=0 running=1 resync=0 served=0  -> AggregatorGetPackets 0/s
[dplay] Send 14 bytes pid 4 -> 1 (ok)
[dplay] received 14 data bytes from pid 3
[dplay] received 33 data bytes from pid 1
[dplay] Send 14 bytes pid 4 -> 1 (ok)
[dplay] received 14 data bytes from pid 3
[dplay] received 33 data bytes from pid 1
[dplay] Send 14 bytes pid 4 -> 1 (ok)
[dplay] received 14 data bytes from pid 3
[dplay] received 33 data bytes from pid 1
[dplay] Send 14 bytes pid 4 -> 1 (ok)
[dplay] received 14 data bytes from pid 3
[dplay] received 33 data bytes from pid 1
[dplay] Send 14 bytes pid 4 -> 1 (ok)
[dplay] received 14 data bytes from pid 3
[dplay] received 33 data bytes from pid 1
[dplay] Send 14 bytes pid 4 -> 1 (ok)
[dplay] received 14 data bytes from pid 3
[accnt] aircraft in this world: now=8 MAX=8 visible=2 dead=7 (frame sample #3)
[dplay] received 33 data bytes from pid 1
[dplay] Send 14 bytes pid 4 -> 1 (ok)
[dplay] received 14 data bytes from pid 3
[dplay] received 33 data bytes from pid 1
[dplay] Send 14 bytes pid 4 -> 1 (ok)
[dplay] received 14 data bytes from pid 3
[dplay] received 33 data bytes from pid 1
[dplay] Send 14 bytes pid 4 -> 1 (ok)
[dplay] received 14 data bytes from pid 3
[dplay] received 33 data bytes from pid 1
[dplay] Send 14 bytes pid 4 -> 1 (ok)
[dplay] received 14 data bytes from pid 3
[dplay] received 33 data bytes from pid 1
[dplay] Send 14 bytes pid 4 -> 1 (ok)
[dplay] received 14 data bytes from pid 3
[dplay] received 33 data bytes from pid 1
[dplay] Send 14 bytes pid 4 -> 1 (ok)
[dplay] received 14 data bytes from pid 3
[dplay] received 33 data bytes from pid 1
[dplay] Send 14 bytes pid 4 -> 1 (ok)
[dplay] received 14 data bytes from pid 3
[dplay] received 33 data bytes from pid 1
[agg] StaticTimeProc 50/s  impl=1 host=0 running=1 resync=0 served=0  -> AggregatorGetPackets 0/s
[dplay] Send 14 bytes pid 4 -> 1 (ok)
[dplay] received 14 data bytes from pid 3
[dplay] received 33 data bytes from pid 1
[dplay] Send 14 bytes pid 4 -> 1 (ok)
[dplay] received 14 data bytes from pid 3
[dplay] received 33 data bytes from pid 1
[dplay] Send 14 bytes pid 4 -> 1 (ok)
[dplay] received 14 data bytes from pid 3
[dplay] received 33 data bytes from pid 1
[dplay] Send 14 bytes pid 4 -> 1 (ok)
[dplay] received 14 data bytes from pid 3
[dplay] received 33 data bytes from pid 1
[dplay] Send 14 bytes pid 4 -> 1 (ok)
[dplay] received 14 data bytes from pid 3
[dplay] received 33 data bytes from pid 1
[dplay] Send 14 bytes pid 4 -> 1 (ok)
[dplay] received 14 data bytes from pid 3
[dplay] received 33 data bytes from pid 1
[dplay] Send 14 bytes pid 4 -> 1 (ok)
[dplay] received 14 data bytes from pid 3
[dplay] received 33 data bytes from pid 1
[dplay] Send 14 bytes pid 4 -> 1 (ok)
[dplay] received 14 data bytes from pid 3
[dplay] received 33 data bytes from pid 1
[dplay] Send 14 bytes pid 4 -> 1 (ok)
[dplay] received 19 data bytes from pid 1
[dplay] received 14 data bytes from pid 3
[dplay] Send 14 bytes pid 4 -> 1 (ok)
[dplay] received 33 data bytes from pid 1
[dplay] received 14 data bytes from pid 3
[dplay] Send 14 bytes pid 4 -> 1 (ok)
[dplay] received 14 data bytes from pid 3
[dplay] received 33 data bytes from pid 1
[dplay] Send 14 bytes pid 4 -> 1 (ok)
[dplay] received 14 data bytes from pid 3
[dplay] received 33 data bytes from pid 1
[agg] StaticTimeProc 49/s  impl=1 host=0 running=1 resync=0 served=0  -> AggregatorGetPackets 0/s
[dplay] Send 14 bytes pid 4 -> 1 (ok)
[dplay] received 14 data bytes from pid 3
[dplay] received 33 data bytes from pid 1
[dplay] Send 14 bytes pid 4 -> 1 (ok)
[dplay] received 14 data bytes from pid 3
[dplay] received 33 data bytes from pid 1
[dplay] pump #773000 (host=0) -- discovery is answered only from here
[dplay] Send 14 bytes pid 4 -> 1 (ok)
[dplay] received 14 data bytes from pid 3
[dplay] received 33 data bytes from pid 1
[dplay] Send 14 bytes pid 4 -> 1 (ok)
[dplay] received 14 data bytes from pid 3
[dplay] received 33 data bytes from pid 1
[dplay] Send 14 bytes pid 4 -> 1 (ok)
[dplay] received 14 data bytes from pid 3
[dplay] received 33 data bytes from pid 1
[dplay] Send 14 bytes pid 4 -> 1 (ok)
[dplay] received 14 data bytes from pid 3
[dplay] received 33 data bytes from pid 1
[dplay] Send 14 bytes pid 4 -> 1 (ok)
[dplay] received 14 data bytes from pid 3
[dplay] received 33 data bytes from pid 1
[dplay] Send 14 bytes pid 4 -> 1 (ok)
[dplay] received 14 data bytes from pid 3
[dplay] received 33 data bytes from pid 1
[dplay] Send 14 bytes pid 4 -> 1 (ok)
[dplay] received 14 data bytes from pid 3
[dplay] received 33 data bytes from pid 1
[dplay] Send 14 bytes pid 4 -> 1 (ok)
[dplay] received 14 data bytes from pid 3
[dplay] received 33 data bytes from pid 1
[dplay] Send 14 bytes pid 4 -> 1 (ok)
[dplay] received 33 data bytes from pid 1
[dplay] received 14 data bytes from pid 3
[dplay] received 19 data bytes from pid 1
[dplay] Send 14 bytes pid 4 -> 1 (ok)
[dplay] received 14 data bytes from pid 3
[dplay] received 33 data bytes from pid 1
[dplay] Send 14 bytes pid 4 -> 1 (ok)
[dplay] received 14 data bytes from pid 3
[agg] StaticTimeProc 49/s  impl=1 host=0 running=1 resync=0 served=0  -> AggregatorGetPackets 0/s
[dplay] received 33 data bytes from pid 1
[dplay] Send 14 bytes pid 4 -> 1 (ok)
[dplay] received 14 data bytes from pid 3
[dplay] received 33 data bytes from pid 1
[dplay] Send 14 bytes pid 4 -> 1 (ok)
[dplay] received 14 data bytes from pid 3
[dplay] received 33 data bytes from pid 1
[dplay] Send 14 bytes pid 4 -> 1 (ok)
[dplay] received 14 data bytes from pid 3
[dplay] received 33 data bytes from pid 1
[dplay] Send 14 bytes pid 4 -> 1 (ok)
[dplay] received 14 data bytes from pid 3
[dplay] received 33 data bytes from pid 1
[dplay] Send 14 bytes pid 4 -> 1 (ok)
[dplay] received 14 data bytes from pid 3
[dplay] received 33 data bytes from pid 1
[dplay] Send 14 bytes pid 4 -> 1 (ok)
[dplay] received 14 data bytes from pid 3
[dplay] received 33 data bytes from pid 1
[dplay] Send 14 bytes pid 4 -> 1 (ok)
[dplay] received 14 data bytes from pid 3
[dplay] received 33 data bytes from pid 1
[dplay] Send 14 bytes pid 4 -> 1 (ok)
[dplay] received 14 data bytes from pid 3
[dplay] received 33 data bytes from pid 1
[dplay] Send 14 bytes pid 4 -> 1 (ok)
[dplay] received 14 data bytes from pid 3
[dplay] received 33 data bytes from pid 1
[dplay] Send 14 bytes pid 4 -> 1 (ok)
[dplay] received 14 data bytes from pid 3
[dplay] received 33 data bytes from pid 1
[dplay] Send 14 bytes pid 4 -> 1 (ok)
[dplay] received 14 data bytes from pid 3
[dplay] received 33 data bytes from pid 1
[dplay] Send 14 bytes pid 4 -> 1 (ok)
[dplay] received 14 data bytes from pid 3
[dplay] received 33 data bytes from pid 1
[dplay] Send 14 bytes pid 4 -> 1 (ok)
[agg] StaticTimeProc 50/s  impl=1 host=0 running=1 resync=0 served=0  -> AggregatorGetPackets 0/s
[dplay] received 14 data bytes from pid 3
[dplay] received 33 data bytes from pid 1
[dplay] Send 14 bytes pid 4 -> 1 (ok)
[dplay] received 14 data bytes from pid 3
[dplay] received 33 data bytes from pid 1
[dplay] Send 14 bytes pid 4 -> 1 (ok)
[dplay] received 14 data bytes from pid 3
[dplay] received 33 data bytes from pid 1
[dplay] Send 14 bytes pid 4 -> 1 (ok)
[dplay] received 14 data bytes from pid 3
[dplay] received 33 data bytes from pid 1
[dplay] Send 14 bytes pid 4 -> 1 (ok)
[dplay] received 14 data bytes from pid 3
[self] uid=3585 visible=1 dead=0
[accnt] CHANGE at call 1996: aircraft=8 MAX=8 visible=2 dead=6
[dplay] received 33 data bytes from pid 1
[dplay] Send 14 bytes pid 4 -> 1 (ok)
[dplay] received 14 data bytes from pid 3
[dplay] received 33 data bytes from pid 1
[dplay] Send 14 bytes pid 4 -> 1 (ok)
[dplay] received 14 data bytes from pid 3
[dplay] received 33 data bytes from pid 1
[dplay] Send 14 bytes pid 4 -> 1 (ok)
[dplay] received 14 data bytes from pid 3
[dplay] received 33 data bytes from pid 1
[dplay] Send 14 bytes pid 4 -> 1 (ok)
[dplay] received 14 data bytes from pid 3
[dplay] received 33 data bytes from pid 1
[dplay] Send 14 bytes pid 4 -> 1 (ok)
[dplay] received 14 data bytes from pid 3
[dplay] received 33 data bytes from pid 1
[dplay] Send 14 bytes pid 4 -> 1 (ok)
[dplay] received 14 data bytes from pid 3
[dplay] received 33 data bytes from pid 1
[dplay] Send 14 bytes pid 4 -> 1 (ok)
[dplay] received 14 data bytes from pid 3
[dplay] received 33 data bytes from pid 1
[dplay] Send 14 bytes pid 4 -> 1 (ok)
[dplay] received 14 data bytes from pid 3
[dplay] received 33 data bytes from pid 1
[agg] StaticTimeProc 49/s  impl=1 host=0 running=1 resync=0 served=0  -> AggregatorGetPackets 0/s
[dplay] Send 14 bytes pid 4 -> 1 (ok)
[dplay] received 14 data bytes from pid 3
[dplay] received 33 data bytes from pid 1
[dplay] Send 14 bytes pid 4 -> 1 (ok)
[dplay] received 14 data bytes from pid 3
[dplay] received 33 data bytes from pid 1
[dplay] Send 14 bytes pid 4 -> 1 (ok)
[dplay] received 14 data bytes from pid 3
[dplay] received 33 data bytes from pid 1
[dplay] Send 14 bytes pid 4 -> 1 (ok)
[dplay] received 14 data bytes from pid 3
[dplay] received 33 data bytes from pid 1
[dplay] Send 14 bytes pid 4 -> 1 (ok)
[dplay] received 14 data bytes from pid 3
[dplay] received 33 data bytes from pid 1
[dplay] Send 14 bytes pid 4 -> 1 (ok)
[dplay] received 14 data bytes from pid 3
[dplay] received 33 data bytes from pid 1
[dplay] Send 14 bytes pid 4 -> 1 (ok)
[dplay] received 14 data bytes from pid 3
[dplay] received 33 data bytes from pid 1
[dplay] Send 14 bytes pid 4 -> 1 (ok)
[dplay] received 14 data bytes from pid 3
[dplay] received 33 data bytes from pid 1
[dplay] Send 14 bytes pid 4 -> 1 (ok)
[dplay] received 14 data bytes from pid 3
[dplay] received 33 data bytes from pid 1
[dplay] Send 14 bytes pid 4 -> 1 (ok)
[dplay] received 14 data bytes from pid 3
[dplay] received 33 data bytes from pid 1
[dplay] Send 14 bytes pid 4 -> 1 (ok)
[dplay] received 14 data bytes from pid 3
[dplay] received 33 data bytes from pid 1
[dplay] Send 14 bytes pid 4 -> 1 (ok)
[dplay] received 14 data bytes from pid 3
[dplay] received 33 data bytes from pid 1
[agg] StaticTimeProc 49/s  impl=1 host=0 running=1 resync=0 served=0  -> AggregatorGetPackets 0/s
[dplay] Send 14 bytes pid 4 -> 1 (ok)
[dplay] received 14 data bytes from pid 3
[dplay] received 33 data bytes from pid 1
[dplay] Send 14 bytes pid 4 -> 1 (ok)
[dplay] received 14 data bytes from pid 3
[dplay] received 33 data bytes from pid 1
[dplay] Send 14 bytes pid 4 -> 1 (ok)
[dplay] received 14 data bytes from pid 3
[dplay] received 33 data bytes from pid 1
[dplay] Send 14 bytes pid 4 -> 1 (ok)
[dplay] received 14 data bytes from pid 3
[dplay] received 33 data bytes from pid 1
[dplay] Send 14 bytes pid 4 -> 1 (ok)
[dplay] received 14 data bytes from pid 3
[dplay] received 33 data bytes from pid 1
[dplay] Send 14 bytes pid 4 -> 1 (ok)
[dplay] received 14 data bytes from pid 3
[dplay] received 33 data bytes from pid 1
[dplay] Send 14 bytes pid 4 -> 1 (ok)
[dplay] received 14 data bytes from pid 3
[dplay] received 33 data bytes from pid 1
[dplay] Send 14 bytes pid 4 -> 1 (ok)
[dplay] received 14 data bytes from pid 3
[dplay] received 33 data bytes from pid 1
[dplay] Send 14 bytes pid 4 -> 1 (ok)
[dplay] received 14 data bytes from pid 3
[dplay] received 33 data bytes from pid 1
[dplay] Send 14 bytes pid 4 -> 1 (ok)
[dplay] received 14 data bytes from pid 3
[dplay] received 33 data bytes from pid 1
[dplay] Send 14 bytes pid 4 -> 1 (ok)
[dplay] received 19 data bytes from pid 1
[dplay] received 14 data bytes from pid 3
[dplay] Send 14 bytes pid 4 -> 1 (ok)
[dplay] received 33 data bytes from pid 1
[dplay] received 14 data bytes from pid 3
[dplay] Send 14 bytes pid 4 -> 1 (ok)
[dplay] received 33 data bytes from pid 1
[dplay] received 14 data bytes from pid 3
[agg] StaticTimeProc 49/s  impl=1 host=0 running=1 resync=0 served=0  -> AggregatorGetPackets 0/s
[dplay] Send 14 bytes pid 4 -> 1 (ok)
[dplay] received 14 data bytes from pid 3
[dplay] received 33 data bytes from pid 1
[dplay] Send 14 bytes pid 4 -> 1 (ok)
[dplay] received 14 data bytes from pid 3
[dplay] received 33 data bytes from pid 1
[dplay] Send 14 bytes pid 4 -> 1 (ok)
[dplay] received 14 data bytes from pid 3
[dplay] received 33 data bytes from pid 1
[dplay] Send 14 bytes pid 4 -> 1 (ok)
[dplay] received 14 data bytes from pid 3
[dplay] received 33 data bytes from pid 1
[dplay] Send 14 bytes pid 4 -> 1 (ok)
[dplay] received 14 data bytes from pid 3
[dplay] received 33 data bytes from pid 1
[dplay] Send 14 bytes pid 4 -> 1 (ok)
[dplay] received 14 data bytes from pid 3
[dplay] received 33 data bytes from pid 1
[dplay] Send 14 bytes pid 4 -> 1 (ok)
[dplay] received 14 data bytes from pid 3
[dplay] received 33 data bytes from pid 1
[dplay] Send 14 bytes pid 4 -> 1 (ok)
[dplay] received 14 data bytes from pid 3
[dplay] received 33 data bytes from pid 1
[dplay] Send 14 bytes pid 4 -> 1 (ok)
[dplay] received 14 data bytes from pid 3
[dplay] received 33 data bytes from pid 1
[dplay] Send 14 bytes pid 4 -> 1 (ok)
[dplay] received 14 data bytes from pid 3
[dplay] received 33 data bytes from pid 1
[dplay] pump #773500 (host=0) -- discovery is answered only from here
[dplay] Send 14 bytes pid 4 -> 1 (ok)
[dplay] received 14 data bytes from pid 3
[dplay] received 33 data bytes from pid 1
[dplay] Send 14 bytes pid 4 -> 1 (ok)
[dplay] received 14 data bytes from pid 3
[dplay] received 33 data bytes from pid 1
[dplay] Send 14 bytes pid 4 -> 1 (ok)
[agg] StaticTimeProc 50/s  impl=1 host=0 running=1 resync=0 served=0  -> AggregatorGetPackets 0/s
[dplay] received 14 data bytes from pid 3
[dplay] received 33 data bytes from pid 1
[dplay] Send 14 bytes pid 4 -> 1 (ok)
[dplay] received 14 data bytes from pid 3
[dplay] received 33 data bytes from pid 1
[dplay] Send 14 bytes pid 4 -> 1 (ok)
[dplay] received 33 data bytes from pid 1
[dplay] received 14 data bytes from pid 3
[dplay] received 19 data bytes from pid 1
[dplay] Send 14 bytes pid 4 -> 1 (ok)
[dplay] received 14 data bytes from pid 3
[dplay] received 33 data bytes from pid 1
[dplay] Send 14 bytes pid 4 -> 1 (ok)
[dplay] received 14 data bytes from pid 3
[dplay] received 33 data bytes from pid 1
[dplay] Send 14 bytes pid 4 -> 1 (ok)
[dplay] received 14 data bytes from pid 3
[dplay] received 33 data bytes from pid 1
[dplay] Send 14 bytes pid 4 -> 1 (ok)
[dplay] received 14 data bytes from pid 3
[dplay] received 33 data bytes from pid 1
[dplay] Send 14 bytes pid 4 -> 1 (ok)
[dplay] received 14 data bytes from pid 3
[dplay] received 33 data bytes from pid 1
[dplay] Send 14 bytes pid 4 -> 1 (ok)
[dplay] received 14 data bytes from pid 3
[dplay] received 33 data bytes from pid 1
[dplay] Send 14 bytes pid 4 -> 1 (ok)
[dplay] received 14 data bytes from pid 3
[dplay] received 33 data bytes from pid 1
[dplay] Send 14 bytes pid 4 -> 1 (ok)
[dplay] received 14 data bytes from pid 3
[dplay] received 33 data bytes from pid 1
[dplay] Send 14 bytes pid 4 -> 1 (ok)
[dplay] received 14 data bytes from pid 3
[dplay] received 33 data bytes from pid 1
[dplay] Send 14 bytes pid 4 -> 1 (ok)
[dplay] received 14 data bytes from pid 3
[dplay] received 33 data bytes from pid 1
[agg] StaticTimeProc 49/s  impl=1 host=0 running=1 resync=0 served=0  -> AggregatorGetPackets 0/s
[dplay] Send 14 bytes pid 4 -> 1 (ok)
[dplay] received 14 data bytes from pid 3
[dplay] received 33 data bytes from pid 1
[dplay] Send 14 bytes pid 4 -> 1 (ok)
[dplay] received 14 data bytes from pid 3
[dplay] received 33 data bytes from pid 1
[dplay] Send 14 bytes pid 4 -> 1 (ok)
[dplay] received 14 data bytes from pid 3
[dplay] received 33 data bytes from pid 1
[dplay] Send 14 bytes pid 4 -> 1 (ok)
[dplay] received 14 data bytes from pid 3
[dplay] received 33 data bytes from pid 1
[dplay] Send 14 bytes pid 4 -> 1 (ok)
[dplay] received 14 data bytes from pid 3
[dplay] received 33 data bytes from pid 1
[dplay] Send 14 bytes pid 4 -> 1 (ok)
[dplay] received 14 data bytes from pid 3
[dplay] received 33 data bytes from pid 1
[dplay] Send 14 bytes pid 4 -> 1 (ok)
[dplay] received 14 data bytes from pid 3
[dplay] received 33 data bytes from pid 1
[dplay] Send 14 bytes pid 4 -> 1 (ok)
[dplay] received 14 data bytes from pid 3
[dplay] received 33 data bytes from pid 1
[dplay] Send 14 bytes pid 4 -> 1 (ok)
[dplay] received 14 data bytes from pid 3
[dplay] received 33 data bytes from pid 1
[dplay] Send 14 bytes pid 4 -> 1 (ok)
[dplay] received 14 data bytes from pid 3
[dplay] received 33 data bytes from pid 1
[dplay] Send 14 bytes pid 4 -> 1 (ok)
[dplay] received 14 data bytes from pid 3
[dplay] received 33 data bytes from pid 1
[dplay] Send 14 bytes pid 4 -> 1 (ok)
[dplay] received 14 data bytes from pid 3
[dplay] received 33 data bytes from pid 1
[agg] StaticTimeProc 49/s  impl=1 host=0 running=1 resync=0 served=0  -> AggregatorGetPackets 0/s
[dplay] received 14 data bytes from pid 3
[dplay] Send 14 bytes pid 4 -> 1 (ok)
[dplay] received 33 data bytes from pid 1
[dplay] Send 14 bytes pid 4 -> 1 (ok)
[dplay] received 14 data bytes from pid 3
[dplay] received 33 data bytes from pid 1
[dplay] Send 14 bytes pid 4 -> 1 (ok)
[dplay] received 14 data bytes from pid 3
[dplay] received 33 data bytes from pid 1
[dplay] Send 14 bytes pid 4 -> 1 (ok)
[dplay] received 14 data bytes from pid 3
[dplay] received 33 data bytes from pid 1
[dplay] Send 14 bytes pid 4 -> 1 (ok)
[dplay] received 14 data bytes from pid 3
[dplay] received 33 data bytes from pid 1
[dplay] Send 14 bytes pid 4 -> 1 (ok)
[dplay] received 14 data bytes from pid 3
[dplay] received 33 data bytes from pid 1
[dplay] Send 14 bytes pid 4 -> 1 (ok)
[dplay] received 14 data bytes from pid 3
[dplay] received 33 data bytes from pid 1
[dplay] Send 14 bytes pid 4 -> 1 (ok)
[dplay] received 14 data bytes from pid 3
[dplay] received 33 data bytes from pid 1
[dplay] Send 14 bytes pid 4 -> 1 (ok)
[dplay] received 14 data bytes from pid 3
[dplay] received 33 data bytes from pid 1
[dplay] Send 14 bytes pid 4 -> 1 (ok)
[dplay] received 14 data bytes from pid 3
[dplay] received 33 data bytes from pid 1
[dplay] Send 14 bytes pid 4 -> 1 (ok)
[dplay] received 14 data bytes from pid 3
[dplay] received 33 data bytes from pid 1
[dplay] Send 14 bytes pid 4 -> 1 (ok)
[dplay] received 14 data bytes from pid 3
[dplay] received 33 data bytes from pid 1
[dplay] Send 14 bytes pid 4 -> 1 (ok)
[dplay] received 14 data bytes from pid 3
[dplay] received 33 data bytes from pid 1
[agg] StaticTimeProc 49/s  impl=1 host=0 running=1 resync=0 served=0  -> AggregatorGetPackets 0/s
[dplay] Send 14 bytes pid 4 -> 1 (ok)
[dplay] received 14 data bytes from pid 3
[dplay] received 33 data bytes from pid 1
[dplay] Send 14 bytes pid 4 -> 1 (ok)
[dplay] received 14 data bytes from pid 3
[dplay] received 33 data bytes from pid 1
[dplay] Send 14 bytes pid 4 -> 1 (ok)
[dplay] received 14 data bytes from pid 3
[dplay] received 33 data bytes from pid 1
[dplay] Send 14 bytes pid 4 -> 1 (ok)
[dplay] received 14 data bytes from pid 3
[dplay] received 33 data bytes from pid 1
[dplay] Send 14 bytes pid 4 -> 1 (ok)
[dplay] received 14 data bytes from pid 3
[dplay] received 33 data bytes from pid 1
[dplay] Send 14 bytes pid 4 -> 1 (ok)
[dplay] received 14 data bytes from pid 3
[dplay] received 33 data bytes from pid 1
[dplay] Send 14 bytes pid 4 -> 1 (ok)
[dplay] received 14 data bytes from pid 3
[dplay] received 33 data bytes from pid 1
[dplay] Send 14 bytes pid 4 -> 1 (ok)
[dplay] received 14 data bytes from pid 3
[dplay] received 33 data bytes from pid 1
[dplay] Send 14 bytes pid 4 -> 1 (ok)
[dplay] received 14 data bytes from pid 3
[dplay] received 33 data bytes from pid 1
[dplay] Send 14 bytes pid 4 -> 1 (ok)
[dplay] received 14 data bytes from pid 3
[dplay] received 33 data bytes from pid 1
[dplay] Send 14 bytes pid 4 -> 1 (ok)
[dplay] received 14 data bytes from pid 3
[dplay] received 33 data bytes from pid 1
[dplay] Send 14 bytes pid 4 -> 1 (ok)
[dplay] received 14 data bytes from pid 3
[dplay] received 33 data bytes from pid 1
[dplay] Send 14 bytes pid 4 -> 1 (ok)
[agg] StaticTimeProc 50/s  impl=1 host=0 running=1 resync=0 served=0  -> AggregatorGetPackets 0/s
[dplay] received 14 data bytes from pid 3
[dplay] received 33 data bytes from pid 1
[dplay] Send 14 bytes pid 4 -> 1 (ok)
[dplay] received 19 data bytes from pid 1
[dplay] received 14 data bytes from pid 3
[dplay] Send 14 bytes pid 4 -> 1 (ok)
[dplay] received 33 data bytes from pid 1
[dplay] received 14 data bytes from pid 3
[dplay] Send 14 bytes pid 4 -> 1 (ok)
[dplay] received 33 data bytes from pid 1
[dplay] received 14 data bytes from pid 3
[dplay] Send 14 bytes pid 4 -> 1 (ok)
[dplay] received 14 data bytes from pid 3
[dplay] received 33 data bytes from pid 1
[dplay] Send 14 bytes pid 4 -> 1 (ok)
[dplay] received 14 data bytes from pid 3
[dplay] received 33 data bytes from pid 1
[accnt] aircraft in this world: now=8 MAX=8 visible=2 dead=6 (frame sample #4)
[dplay] Send 14 bytes pid 4 -> 1 (ok)
[dplay] received 14 data bytes from pid 3
[dplay] received 33 data bytes from pid 1
[dplay] Send 14 bytes pid 4 -> 1 (ok)
[dplay] received 14 data bytes from pid 3
[dplay] received 33 data bytes from pid 1
[dplay] Send 14 bytes pid 4 -> 1 (ok)
[dplay] received 14 data bytes from pid 3
[dplay] received 33 data bytes from pid 1
[dplay] Send 14 bytes pid 4 -> 1 (ok)
[dplay] received 14 data bytes from pid 3
[dplay] received 33 data bytes from pid 1
[dplay] Send 14 bytes pid 4 -> 1 (ok)
[dplay] received 14 data bytes from pid 3
[dplay] received 33 data bytes from pid 1
[dplay] Send 14 bytes pid 4 -> 1 (ok)
[dplay] received 14 data bytes from pid 3
[dplay] received 33 data bytes from pid 1
[dplay] Send 14 bytes pid 4 -> 1 (ok)
[dplay] received 14 data bytes from pid 3
[dplay] received 33 data bytes from pid 1
[agg] StaticTimeProc 49/s  impl=1 host=0 running=1 resync=0 served=0  -> AggregatorGetPackets 0/s
[dplay] Send 14 bytes pid 4 -> 1 (ok)
[dplay] received 14 data bytes from pid 3
[dplay] received 33 data bytes from pid 1
[dplay] Send 14 bytes pid 4 -> 1 (ok)
[dplay] received 14 data bytes from pid 3
[dplay] received 33 data bytes from pid 1
[dplay] Send 14 bytes pid 4 -> 1 (ok)
[dplay] received 14 data bytes from pid 3
[dplay] received 33 data bytes from pid 1
[dplay] Send 14 bytes pid 4 -> 1 (ok)
[dplay] received 14 data bytes from pid 3
[dplay] received 33 data bytes from pid 1
[dplay] Send 14 bytes pid 4 -> 1 (ok)
[dplay] received 14 data bytes from pid 3
[dplay] received 33 data bytes from pid 1
[dplay] Send 14 bytes pid 4 -> 1 (ok)
[dplay] received 14 data bytes from pid 3
[dplay] received 33 data bytes from pid 1
[dplay] Send 14 bytes pid 4 -> 1 (ok)
[dplay] pump #774000 (host=0) -- discovery is answered only from here
[dplay] received 33 data bytes from pid 1
[dplay] received 14 data bytes from pid 3
[dplay] received 19 data bytes from pid 1
[dplay] Send 14 bytes pid 4 -> 1 (ok)
[dplay] received 14 data bytes from pid 3
[dplay] received 33 data bytes from pid 1
[dplay] Send 14 bytes pid 4 -> 1 (ok)
[dplay] received 14 data bytes from pid 3
[dplay] received 33 data bytes from pid 1
[dplay] Send 14 bytes pid 4 -> 1 (ok)
[dplay] received 14 data bytes from pid 3
[dplay] received 33 data bytes from pid 1
[dplay] Send 14 bytes pid 4 -> 1 (ok)
[dplay] received 14 data bytes from pid 3
[dplay] received 33 data bytes from pid 1
[dplay] Send 14 bytes pid 4 -> 1 (ok)
[dplay] received 14 data bytes from pid 3
[dplay] received 33 data bytes from pid 1
[agg] StaticTimeProc 49/s  impl=1 host=0 running=1 resync=0 served=0  -> AggregatorGetPackets 0/s
[dplay] Send 14 bytes pid 4 -> 1 (ok)
[dplay] received 14 data bytes from pid 3
[dplay] received 33 data bytes from pid 1
[dplay] Send 14 bytes pid 4 -> 1 (ok)
[dplay] received 14 data bytes from pid 3
[dplay] received 33 data bytes from pid 1
[dplay] Send 14 bytes pid 4 -> 1 (ok)
[dplay] received 14 data bytes from pid 3
[dplay] received 33 data bytes from pid 1
[dplay] Send 14 bytes pid 4 -> 1 (ok)
[dplay] received 14 data bytes from pid 3
[dplay] received 33 data bytes from pid 1
[dplay] Send 14 bytes pid 4 -> 1 (ok)
[dplay] received 14 data bytes from pid 3
[dplay] received 33 data bytes from pid 1
[dplay] Send 14 bytes pid 4 -> 1 (ok)
[dplay] received 14 data bytes from pid 3
[dplay] received 33 data bytes from pid 1
[dplay] Send 14 bytes pid 4 -> 1 (ok)
[dplay] received 14 data bytes from pid 3
[dplay] received 33 data bytes from pid 1
[dplay] Send 14 bytes pid 4 -> 1 (ok)
[dplay] received 14 data bytes from pid 3
[dplay] received 33 data bytes from pid 1
[dplay] Send 14 bytes pid 4 -> 1 (ok)
[dplay] received 14 data bytes from pid 3
[dplay] received 33 data bytes from pid 1
[dplay] Send 14 bytes pid 4 -> 1 (ok)
[dplay] received 14 data bytes from pid 3
[dplay] received 33 data bytes from pid 1
[dplay] Send 14 bytes pid 4 -> 1 (ok)
[dplay] received 14 data bytes from pid 3
[dplay] received 33 data bytes from pid 1
[dplay] Send 14 bytes pid 4 -> 1 (ok)
[dplay] received 14 data bytes from pid 3
[dplay] received 33 data bytes from pid 1
[dplay] Send 14 bytes pid 4 -> 1 (ok)
[dplay] received 14 data bytes from pid 3
[dplay] received 33 data bytes from pid 1
[agg] StaticTimeProc 50/s  impl=1 host=0 running=1 resync=0 served=0  -> AggregatorGetPackets 0/s
[dplay] Send 14 bytes pid 4 -> 1 (ok)
[dplay] received 14 data bytes from pid 3
[dplay] received 33 data bytes from pid 1
[dplay] Send 14 bytes pid 4 -> 1 (ok)
[dplay] received 14 data bytes from pid 3
[dplay] received 33 data bytes from pid 1
[dplay] Send 14 bytes pid 4 -> 1 (ok)
[dplay] received 14 data bytes from pid 3
[dplay] received 33 data bytes from pid 1
[dplay] Send 14 bytes pid 4 -> 1 (ok)
[dplay] received 14 data bytes from pid 3
[dplay] received 33 data bytes from pid 1
[dplay] Send 14 bytes pid 4 -> 1 (ok)
[dplay] received 14 data bytes from pid 3
[dplay] received 33 data bytes from pid 1
[dplay] Send 14 bytes pid 4 -> 1 (ok)
[dplay] received 14 data bytes from pid 3
[dplay] received 33 data bytes from pid 1
[dplay] Send 14 bytes pid 4 -> 1 (ok)
[dplay] received 14 data bytes from pid 3
[dplay] received 33 data bytes from pid 1
[dplay] Send 14 bytes pid 4 -> 1 (ok)
[dplay] received 14 data bytes from pid 3
[dplay] received 33 data bytes from pid 1
[dplay] Send 14 bytes pid 4 -> 1 (ok)
[dplay] received 14 data bytes from pid 3
[dplay] received 33 data bytes from pid 1
[dplay] Send 14 bytes pid 4 -> 1 (ok)
[dplay] received 14 data bytes from pid 3
[dplay] received 33 data bytes from pid 1
[dplay] Send 14 bytes pid 4 -> 1 (ok)
[dplay] received 14 data bytes from pid 3
[dplay] received 33 data bytes from pid 1
[dplay] Send 14 bytes pid 4 -> 1 (ok)
[dplay] received 14 data bytes from pid 3
[dplay] received 33 data bytes from pid 1
[agg] StaticTimeProc 49/s  impl=1 host=0 running=1 resync=0 served=0  -> AggregatorGetPackets 0/s
[dplay] Send 14 bytes pid 4 -> 1 (ok)
[dplay] received 14 data bytes from pid 3
[dplay] received 33 data bytes from pid 1
[dplay] Send 14 bytes pid 4 -> 1 (ok)
[dplay] received 14 data bytes from pid 3
[dplay] received 33 data bytes from pid 1
[peer] uid=3584 found=1 visible=0 dead=0 range=4783m
[accnt] CHANGE at call 2585: aircraft=8 MAX=8 visible=1 dead=6
[dplay] Send 14 bytes pid 4 -> 1 (ok)
[dplay] received 14 data bytes from pid 3
[dplay] received 33 data bytes from pid 1
[peer] uid=3584 found=1 visible=1 dead=0 range=4777m
[accnt] CHANGE at call 2589: aircraft=8 MAX=8 visible=2 dead=6
[dplay] Send 14 bytes pid 4 -> 1 (ok)
[dplay] received 14 data bytes from pid 3
[dplay] received 33 data bytes from pid 1
[dplay] Send 14 bytes pid 4 -> 1 (ok)
[dplay] received 14 data bytes from pid 3
[dplay] received 33 data bytes from pid 1
[dplay] Send 14 bytes pid 4 -> 1 (ok)
[dplay] received 14 data bytes from pid 3
[dplay] received 33 data bytes from pid 1
[dplay] Send 14 bytes pid 4 -> 1 (ok)
[dplay] received 14 data bytes from pid 3
[dplay] received 33 data bytes from pid 1
[dplay] Send 14 bytes pid 4 -> 1 (ok)
[dplay] received 14 data bytes from pid 3
[dplay] received 33 data bytes from pid 1
[dplay] Send 14 bytes pid 4 -> 1 (ok)
[dplay] received 14 data bytes from pid 3
[dplay] received 33 data bytes from pid 1
[dplay] Send 14 bytes pid 4 -> 1 (ok)
[dplay] received 14 data bytes from pid 3
[dplay] received 33 data bytes from pid 1
[dplay] Send 14 bytes pid 4 -> 1 (ok)
[dplay] received 14 data bytes from pid 3
[dplay] received 33 data bytes from pid 1
[dplay] Send 14 bytes pid 4 -> 1 (ok)
[dplay] received 14 data bytes from pid 3
[dplay] received 33 data bytes from pid 1
[dplay] Send 14 bytes pid 4 -> 1 (ok)
[dplay] received 14 data bytes from pid 3
[dplay] received 33 data bytes from pid 1
[agg] StaticTimeProc 49/s  impl=1 host=0 running=1 resync=0 served=0  -> AggregatorGetPackets 0/s
[dplay] Send 14 bytes pid 4 -> 1 (ok)
[dplay] received 14 data bytes from pid 3
[dplay] received 33 data bytes from pid 1
[dplay] Send 14 bytes pid 4 -> 1 (ok)
[dplay] received 14 data bytes from pid 3
[dplay] received 33 data bytes from pid 1
[dplay] Send 14 bytes pid 4 -> 1 (ok)
[dplay] received 14 data bytes from pid 3
[dplay] received 33 data bytes from pid 1
[dplay] Send 14 bytes pid 4 -> 1 (ok)
[dplay] received 14 data bytes from pid 3
[dplay] received 33 data bytes from pid 1
[dplay] Send 14 bytes pid 4 -> 1 (ok)
[dplay] received 14 data bytes from pid 3
[dplay] received 33 data bytes from pid 1
[dplay] Send 14 bytes pid 4 -> 1 (ok)
[dplay] received 14 data bytes from pid 3
[dplay] received 33 data bytes from pid 1
[dplay] Send 14 bytes pid 4 -> 1 (ok)
[dplay] received 19 data bytes from pid 1
[dplay] received 14 data bytes from pid 3
[dplay] Send 14 bytes pid 4 -> 1 (ok)
[dplay] received 33 data bytes from pid 1
[dplay] received 14 data bytes from pid 3
[dplay] Send 14 bytes pid 4 -> 1 (ok)
[dplay] received 14 data bytes from pid 3
[dplay] received 33 data bytes from pid 1
[dplay] Send 14 bytes pid 4 -> 1 (ok)
[dplay] received 14 data bytes from pid 3
[dplay] received 33 data bytes from pid 1
[dplay] Send 14 bytes pid 4 -> 1 (ok)
[dplay] received 14 data bytes from pid 3
[dplay] received 33 data bytes from pid 1
[dplay] Send 14 bytes pid 4 -> 1 (ok)
[dplay] received 14 data bytes from pid 3
[dplay] received 33 data bytes from pid 1
[dplay] Send 14 bytes pid 4 -> 1 (ok)
[agg] StaticTimeProc 50/s  impl=1 host=0 running=1 resync=0 served=0  -> AggregatorGetPackets 0/s
[dplay] received 14 data bytes from pid 3
[dplay] received 33 data bytes from pid 1
[dplay] Send 14 bytes pid 4 -> 1 (ok)
[dplay] received 14 data bytes from pid 3
[dplay] received 33 data bytes from pid 1
[dplay] Send 14 bytes pid 4 -> 1 (ok)
[dplay] received 14 data bytes from pid 3
[dplay] received 33 data bytes from pid 1
[dplay] Send 14 bytes pid 4 -> 1 (ok)
[dplay] received 14 data bytes from pid 3
[dplay] received 33 data bytes from pid 1
[dplay] Send 14 bytes pid 4 -> 1 (ok)
[dplay] received 14 data bytes from pid 3
[dplay] received 33 data bytes from pid 1
[dplay] Send 14 bytes pid 4 -> 1 (ok)
[dplay] received 14 data bytes from pid 3
[dplay] received 33 data bytes from pid 1
[dplay] Send 14 bytes pid 4 -> 1 (ok)
[dplay] received 14 data bytes from pid 3
[dplay] received 33 data bytes from pid 1
[dplay] Send 14 bytes pid 4 -> 1 (ok)
[dplay] received 14 data bytes from pid 3
[dplay] received 33 data bytes from pid 1
[dplay] Send 14 bytes pid 4 -> 1 (ok)
[dplay] received 14 data bytes from pid 3
[dplay] received 33 data bytes from pid 1
[dplay] Send 14 bytes pid 4 -> 1 (ok)
[dplay] received 14 data bytes from pid 3
[dplay] received 33 data bytes from pid 1
[dplay] Send 14 bytes pid 4 -> 1 (ok)
[dplay] received 14 data bytes from pid 3
[dplay] received 33 data bytes from pid 1
[dplay] Send 14 bytes pid 4 -> 1 (ok)
[dplay] received 14 data bytes from pid 3
[dplay] received 33 data bytes from pid 1
[dplay] Send 14 bytes pid 4 -> 1 (ok)
[dplay] received 14 data bytes from pid 3
[agg] StaticTimeProc 49/s  impl=1 host=0 running=1 resync=0 served=0  -> AggregatorGetPackets 0/s
[dplay] received 33 data bytes from pid 1
[dplay] Send 14 bytes pid 4 -> 1 (ok)
[dplay] received 33 data bytes from pid 1
[dplay] received 14 data bytes from pid 3
[dplay] received 19 data bytes from pid 1
[dplay] Send 14 bytes pid 4 -> 1 (ok)
[dplay] received 14 data bytes from pid 3
[dplay] received 33 data bytes from pid 1
[dplay] Send 14 bytes pid 4 -> 1 (ok)
[dplay] received 14 data bytes from pid 3
[dplay] received 33 data bytes from pid 1
[dplay] pump #774500 (host=0) -- discovery is answered only from here
[dplay] Send 14 bytes pid 4 -> 1 (ok)
[dplay] received 14 data bytes from pid 3
[dplay] received 33 data bytes from pid 1
[dplay] Send 14 bytes pid 4 -> 1 (ok)
[dplay] received 14 data bytes from pid 3
[dplay] received 33 data bytes from pid 1
[dplay] Send 14 bytes pid 4 -> 1 (ok)
[dplay] received 14 data bytes from pid 3
[dplay] received 33 data bytes from pid 1
[dplay] Send 14 bytes pid 4 -> 1 (ok)
[dplay] received 14 data bytes from pid 3
[dplay] received 33 data bytes from pid 1
[dplay] Send 14 bytes pid 4 -> 1 (ok)
[dplay] received 14 data bytes from pid 3
[dplay] received 33 data bytes from pid 1
[dplay] Send 14 bytes pid 4 -> 1 (ok)
[dplay] received 14 data bytes from pid 3
[dplay] received 33 data bytes from pid 1
[dplay] Send 14 bytes pid 4 -> 1 (ok)
[dplay] received 14 data bytes from pid 3
[dplay] received 33 data bytes from pid 1
[dplay] Send 14 bytes pid 4 -> 1 (ok)
[dplay] received 14 data bytes from pid 3
[dplay] received 33 data bytes from pid 1
[dplay] Send 14 bytes pid 4 -> 1 (ok)
[dplay] received 14 data bytes from pid 3
[dplay] received 33 data bytes from pid 1
[agg] StaticTimeProc 49/s  impl=1 host=0 running=1 resync=0 served=0  -> AggregatorGetPackets 0/s
[dplay] Send 14 bytes pid 4 -> 1 (ok)
[dplay] received 14 data bytes from pid 3
[dplay] received 33 data bytes from pid 1
[dplay] Send 14 bytes pid 4 -> 1 (ok)
[dplay] received 14 data bytes from pid 3
[dplay] received 33 data bytes from pid 1
[dplay] Send 14 bytes pid 4 -> 1 (ok)
[dplay] received 14 data bytes from pid 3
[dplay] received 33 data bytes from pid 1
[dplay] Send 14 bytes pid 4 -> 1 (ok)
[dplay] received 14 data bytes from pid 3
[dplay] received 33 data bytes from pid 1
[dplay] Send 14 bytes pid 4 -> 1 (ok)
[dplay] received 14 data bytes from pid 3
[dplay] received 33 data bytes from pid 1
[dplay] Send 14 bytes pid 4 -> 1 (ok)
[dplay] received 14 data bytes from pid 3
[dplay] received 33 data bytes from pid 1
[dplay] Send 14 bytes pid 4 -> 1 (ok)
[dplay] received 14 data bytes from pid 3
[dplay] received 33 data bytes from pid 1
[dplay] Send 14 bytes pid 4 -> 1 (ok)
[dplay] received 14 data bytes from pid 3
[dplay] received 33 data bytes from pid 1
[dplay] Send 14 bytes pid 4 -> 1 (ok)
[dplay] received 14 data bytes from pid 3
[dplay] received 33 data bytes from pid 1
[dplay] Send 14 bytes pid 4 -> 1 (ok)
[dplay] received 14 data bytes from pid 3
[dplay] received 33 data bytes from pid 1
[dplay] Send 14 bytes pid 4 -> 1 (ok)
[dplay] received 14 data bytes from pid 3
[dplay] received 33 data bytes from pid 1
[dplay] Send 14 bytes pid 4 -> 1 (ok)
[dplay] received 14 data bytes from pid 3
[dplay] received 33 data bytes from pid 1
[dplay] Send 14 bytes pid 4 -> 1 (ok)
[dplay] received 14 data bytes from pid 3
[agg] StaticTimeProc 49/s  impl=1 host=0 running=1 resync=0 served=0  -> AggregatorGetPackets 0/s
[dplay] received 33 data bytes from pid 1
[dplay] Send 14 bytes pid 4 -> 1 (ok)
[dplay] received 14 data bytes from pid 3
[dplay] received 33 data bytes from pid 1
[dplay] Send 14 bytes pid 4 -> 1 (ok)
[dplay] received 14 data bytes from pid 3
[dplay] received 33 data bytes from pid 1
[dplay] Send 14 bytes pid 4 -> 1 (ok)
[dplay] received 14 data bytes from pid 3
[dplay] received 33 data bytes from pid 1
[dplay] Send 14 bytes pid 4 -> 1 (ok)
[dplay] received 14 data bytes from pid 3
[dplay] received 33 data bytes from pid 1
[dplay] Send 14 bytes pid 4 -> 1 (ok)
[dplay] received 14 data bytes from pid 3
[dplay] received 33 data bytes from pid 1
[dplay] Send 14 bytes pid 4 -> 1 (ok)
[dplay] received 14 data bytes from pid 3
[dplay] received 33 data bytes from pid 1
[dplay] Send 14 bytes pid 4 -> 1 (ok)
[dplay] received 14 data bytes from pid 3
[dplay] received 33 data bytes from pid 1
[dplay] Send 14 bytes pid 4 -> 1 (ok)
[dplay] received 14 data bytes from pid 3
[dplay] received 33 data bytes from pid 1
[dplay] Send 14 bytes pid 4 -> 1 (ok)
[dplay] received 14 data bytes from pid 3
[dplay] received 33 data bytes from pid 1
[dplay] Send 14 bytes pid 4 -> 1 (ok)
[dplay] received 14 data bytes from pid 3
[dplay] received 33 data bytes from pid 1
[dplay] Send 14 bytes pid 4 -> 1 (ok)
[dplay] received 14 data bytes from pid 3
[dplay] received 33 data bytes from pid 1
[dplay] Send 14 bytes pid 4 -> 1 (ok)
[dplay] received 19 data bytes from pid 1
[dplay] received 14 data bytes from pid 3
[agg] StaticTimeProc 49/s  impl=1 host=0 running=1 resync=0 served=0  -> AggregatorGetPackets 0/s
[dplay] Send 14 bytes pid 4 -> 1 (ok)
[dplay] received 33 data bytes from pid 1
[dplay] received 14 data bytes from pid 3
[dplay] Send 14 bytes pid 4 -> 1 (ok)
[dplay] received 14 data bytes from pid 3
[dplay] received 33 data bytes from pid 1
[dplay] Send 14 bytes pid 4 -> 1 (ok)
[dplay] received 14 data bytes from pid 3
[dplay] received 33 data bytes from pid 1
[dplay] Send 14 bytes pid 4 -> 1 (ok)
[dplay] received 14 data bytes from pid 3
[dplay] received 33 data bytes from pid 1
[dplay] Send 14 bytes pid 4 -> 1 (ok)
[dplay] received 14 data bytes from pid 3
[dplay] received 33 data bytes from pid 1
[dplay] Send 14 bytes pid 4 -> 1 (ok)
[dplay] received 14 data bytes from pid 3
[dplay] received 33 data bytes from pid 1
[dplay] Send 14 bytes pid 4 -> 1 (ok)
[dplay] received 14 data bytes from pid 3
[dplay] received 33 data bytes from pid 1
[dplay] Send 14 bytes pid 4 -> 1 (ok)
[dplay] received 14 data bytes from pid 3
[dplay] received 33 data bytes from pid 1
[dplay] Send 14 bytes pid 4 -> 1 (ok)
[dplay] received 14 data bytes from pid 3
[dplay] received 33 data bytes from pid 1
[dplay] Send 14 bytes pid 4 -> 1 (ok)
[dplay] received 14 data bytes from pid 3
[dplay] received 33 data bytes from pid 1
[dplay] Send 14 bytes pid 4 -> 1 (ok)
[dplay] received 14 data bytes from pid 3
[dplay] received 33 data bytes from pid 1
[dplay] Send 14 bytes pid 4 -> 1 (ok)
[dplay] received 14 data bytes from pid 3
[dplay] received 33 data bytes from pid 1
[dplay] Send 14 bytes pid 4 -> 1 (ok)
[dplay] received 14 data bytes from pid 3
[dplay] received 33 data bytes from pid 1
[agg] StaticTimeProc 49/s  impl=1 host=0 running=1 resync=0 served=0  -> AggregatorGetPackets 0/s
[dplay] Send 14 bytes pid 4 -> 1 (ok)
[dplay] received 14 data bytes from pid 3
[dplay] received 33 data bytes from pid 1
[dplay] Send 14 bytes pid 4 -> 1 (ok)
[dplay] received 33 data bytes from pid 1
[dplay] received 14 data bytes from pid 3
[dplay] received 19 data bytes from pid 1
[dplay] Send 14 bytes pid 4 -> 1 (ok)
[dplay] received 14 data bytes from pid 3
[dplay] received 33 data bytes from pid 1
[dplay] Send 14 bytes pid 4 -> 1 (ok)
[dplay] received 14 data bytes from pid 3
[dplay] received 33 data bytes from pid 1
[dplay] Send 14 bytes pid 4 -> 1 (ok)
[dplay] received 14 data bytes from pid 3
[dplay] received 33 data bytes from pid 1
[dplay] Send 14 bytes pid 4 -> 1 (ok)
[dplay] received 14 data bytes from pid 3
[dplay] received 33 data bytes from pid 1
[dplay] Send 14 bytes pid 4 -> 1 (ok)
[dplay] received 14 data bytes from pid 3
[dplay] received 33 data bytes from pid 1
[dplay] Send 14 bytes pid 4 -> 1 (ok)
[dplay] received 14 data bytes from pid 3
[dplay] received 33 data bytes from pid 1
[dplay] Send 14 bytes pid 4 -> 1 (ok)
[dplay] received 14 data bytes from pid 3
[dplay] received 33 data bytes from pid 1
[dplay] Send 14 bytes pid 4 -> 1 (ok)
[dplay] received 14 data bytes from pid 3
[dplay] received 33 data bytes from pid 1
[dplay] Send 14 bytes pid 4 -> 1 (ok)
[dplay] received 14 data bytes from pid 3
[dplay] received 33 data bytes from pid 1
[dplay] Send 14 bytes pid 4 -> 1 (ok)
[dplay] received 14 data bytes from pid 3
[dplay] received 33 data bytes from pid 1
[dplay] Send 14 bytes pid 4 -> 1 (ok)
[agg] StaticTimeProc 50/s  impl=1 host=0 running=1 resync=0 served=0  -> AggregatorGetPackets 0/s
[dplay] received 14 data bytes from pid 3
[dplay] received 33 data bytes from pid 1
[dplay] Send 14 bytes pid 4 -> 1 (ok)
[dplay] received 14 data bytes from pid 3
[dplay] received 33 data bytes from pid 1
[dplay] Send 14 bytes pid 4 -> 1 (ok)
[dplay] received 14 data bytes from pid 3
[dplay] received 33 data bytes from pid 1
[dplay] Send 14 bytes pid 4 -> 1 (ok)
[dplay] received 14 data bytes from pid 3
[dplay] received 33 data bytes from pid 1
[dplay] Send 14 bytes pid 4 -> 1 (ok)
[dplay] received 14 data bytes from pid 3
[dplay] received 33 data bytes from pid 1
[dplay] Send 14 bytes pid 4 -> 1 (ok)
[dplay] received 14 data bytes from pid 3
[dplay] received 33 data bytes from pid 1
[accnt] aircraft in this world: now=8 MAX=8 visible=2 dead=6 (frame sample #5)
[dplay] Send 14 bytes pid 4 -> 1 (ok)
[dplay] received 14 data bytes from pid 3
[dplay] received 33 data bytes from pid 1
[dplay] Send 14 bytes pid 4 -> 1 (ok)
[dplay] received 14 data bytes from pid 3
[dplay] received 33 data bytes from pid 1
[dplay] Send 14 bytes pid 4 -> 1 (ok)
[dplay] received 14 data bytes from pid 3
[dplay] received 33 data bytes from pid 1
[dplay] Send 14 bytes pid 4 -> 1 (ok)
[dplay] received 14 data bytes from pid 3
[dplay] received 33 data bytes from pid 1
[dplay] Send 14 bytes pid 4 -> 1 (ok)
[dplay] received 14 data bytes from pid 3
[dplay] received 33 data bytes from pid 1
[dplay] Send 14 bytes pid 4 -> 1 (ok)
[dplay] received 14 data bytes from pid 3
[dplay] received 33 data bytes from pid 1
[dplay] pump #775000 (host=0) -- discovery is answered only from here
[dplay] Send 14 bytes pid 4 -> 1 (ok)
[dplay] received 14 data bytes from pid 3
[dplay] received 33 data bytes from pid 1
[agg] StaticTimeProc 49/s  impl=1 host=0 running=1 resync=0 served=0  -> AggregatorGetPackets 0/s
[dplay] Send 14 bytes pid 4 -> 1 (ok)
[dplay] received 14 data bytes from pid 3
[dplay] received 33 data bytes from pid 1
[dplay] Send 14 bytes pid 4 -> 1 (ok)
[dplay] received 14 data bytes from pid 3
[dplay] received 33 data bytes from pid 1
[dplay] Send 14 bytes pid 4 -> 1 (ok)
[dplay] received 14 data bytes from pid 3
[dplay] received 33 data bytes from pid 1
[dplay] Send 14 bytes pid 4 -> 1 (ok)
[dplay] received 14 data bytes from pid 3
[dplay] received 33 data bytes from pid 1
[dplay] Send 14 bytes pid 4 -> 1 (ok)
[dplay] received 14 data bytes from pid 3
[dplay] received 33 data bytes from pid 1
[dplay] Send 14 bytes pid 4 -> 1 (ok)
[dplay] received 14 data bytes from pid 3
[dplay] received 33 data bytes from pid 1
[dplay] Send 14 bytes pid 4 -> 1 (ok)
[dplay] received 14 data bytes from pid 3
[dplay] received 33 data bytes from pid 1
[dplay] Send 14 bytes pid 4 -> 1 (ok)
[dplay] received 14 data bytes from pid 3
[dplay] received 33 data bytes from pid 1
[dplay] Send 14 bytes pid 4 -> 1 (ok)
[dplay] received 14 data bytes from pid 3
[dplay] received 33 data bytes from pid 1
[dplay] Send 14 bytes pid 4 -> 1 (ok)
[dplay] received 14 data bytes from pid 3
[dplay] received 33 data bytes from pid 1
[dplay] Send 14 bytes pid 4 -> 1 (ok)
[dplay] received 14 data bytes from pid 3
[dplay] received 33 data bytes from pid 1
[dplay] Send 14 bytes pid 4 -> 1 (ok)
[dplay] received 14 data bytes from pid 3
[dplay] received 33 data bytes from pid 1
[agg] StaticTimeProc 49/s  impl=1 host=0 running=1 resync=0 served=0  -> AggregatorGetPackets 0/s
[dplay] Send 14 bytes pid 4 -> 1 (ok)
[dplay] received 14 data bytes from pid 3
[dplay] received 33 data bytes from pid 1
[dplay] Send 14 bytes pid 4 -> 1 (ok)
[dplay] received 14 data bytes from pid 3
[dplay] received 33 data bytes from pid 1
[dplay] Send 14 bytes pid 4 -> 1 (ok)
[dplay] received 14 data bytes from pid 3
[dplay] received 33 data bytes from pid 1
[dplay] Send 14 bytes pid 4 -> 1 (ok)
[dplay] received 14 data bytes from pid 3
[dplay] received 33 data bytes from pid 1
[dplay] Send 14 bytes pid 4 -> 1 (ok)
[dplay] received 14 data bytes from pid 3
[dplay] received 33 data bytes from pid 1
[dplay] Send 14 bytes pid 4 -> 1 (ok)
[dplay] received 14 data bytes from pid 3
[dplay] received 33 data bytes from pid 1
[dplay] Send 14 bytes pid 4 -> 1 (ok)
[dplay] received 14 data bytes from pid 3
[dplay] received 33 data bytes from pid 1
[dplay] Send 14 bytes pid 4 -> 1 (ok)
[dplay] received 14 data bytes from pid 3
[dplay] received 33 data bytes from pid 1
[dplay] Send 14 bytes pid 4 -> 1 (ok)
[dplay] received 14 data bytes from pid 3
[dplay] received 33 data bytes from pid 1
[dplay] Send 14 bytes pid 4 -> 1 (ok)
[dplay] received 14 data bytes from pid 3
[dplay] received 33 data bytes from pid 1
[dplay] Send 14 bytes pid 4 -> 1 (ok)
[dplay] received 19 data bytes from pid 1
[dplay] received 14 data bytes from pid 3
[dplay] Send 14 bytes pid 4 -> 1 (ok)
[dplay] received 33 data bytes from pid 1
[dplay] received 14 data bytes from pid 3
[dplay] Send 14 bytes pid 4 -> 1 (ok)
[dplay] received 33 data bytes from pid 1
[dplay] received 14 data bytes from pid 3
[agg] StaticTimeProc 50/s  impl=1 host=0 running=1 resync=0 served=0  -> AggregatorGetPackets 0/s
[dplay] Send 14 bytes pid 4 -> 1 (ok)
[dplay] received 14 data bytes from pid 3
[dplay] received 33 data bytes from pid 1
[self] uid=3585 visible=1 dead=1
[accnt] CHANGE at call 3134: aircraft=8 MAX=8 visible=2 dead=7
[dplay] Send 14 bytes pid 4 -> 1 (ok)
[dplay] received 14 data bytes from pid 3
[dplay] received 33 data bytes from pid 1
[dplay] Send 14 bytes pid 4 -> 1 (ok)
[dplay] received 14 data bytes from pid 3
[dplay] received 33 data bytes from pid 1
[dplay] Send 14 bytes pid 4 -> 1 (ok)
[dplay] received 14 data bytes from pid 3
[dplay] received 33 data bytes from pid 1
[dplay] Send 14 bytes pid 4 -> 1 (ok)
[dplay] received 14 data bytes from pid 3
[dplay] received 33 data bytes from pid 1
[dplay] Send 14 bytes pid 4 -> 1 (ok)
[dplay] received 14 data bytes from pid 3
[dplay] received 33 data bytes from pid 1
[dplay] Send 14 bytes pid 4 -> 1 (ok)
[dplay] received 14 data bytes from pid 3
[dplay] received 33 data bytes from pid 1
[dplay] Send 14 bytes pid 4 -> 1 (ok)
[dplay] received 14 data bytes from pid 3
[dplay] received 33 data bytes from pid 1
[dplay] Send 14 bytes pid 4 -> 1 (ok)
[dplay] received 14 data bytes from pid 3
[dplay] received 33 data bytes from pid 1
[dplay] Send 14 bytes pid 4 -> 1 (ok)
[dplay] received 14 data bytes from pid 3
[dplay] received 33 data bytes from pid 1
[dplay] Send 14 bytes pid 4 -> 1 (ok)
[dplay] received 14 data bytes from pid 3
[dplay] received 33 data bytes from pid 1
[dplay] Send 14 bytes pid 4 -> 1 (ok)
[dplay] received 33 data bytes from pid 1
[dplay] received 14 data bytes from pid 3
[dplay] received 19 data bytes from pid 1
[agg] StaticTimeProc 49/s  impl=1 host=0 running=1 resync=0 served=0  -> AggregatorGetPackets 0/s
[dplay] Send 14 bytes pid 4 -> 1 (ok)
[dplay] received 14 data bytes from pid 3
[dplay] received 33 data bytes from pid 1
[dplay] Send 14 bytes pid 4 -> 1 (ok)
[dplay] received 14 data bytes from pid 3
[dplay] received 33 data bytes from pid 1
[dplay] Send 14 bytes pid 4 -> 1 (ok)
[dplay] received 14 data bytes from pid 3
[dplay] received 33 data bytes from pid 1
[dplay] Send 14 bytes pid 4 -> 1 (ok)
[dplay] received 14 data bytes from pid 3
[dplay] received 33 data bytes from pid 1
[dplay] Send 14 bytes pid 4 -> 1 (ok)
[dplay] received 14 data bytes from pid 3
[dplay] received 33 data bytes from pid 1
[dplay] Send 14 bytes pid 4 -> 1 (ok)
[dplay] received 14 data bytes from pid 3
[dplay] received 33 data bytes from pid 1
[dplay] Send 14 bytes pid 4 -> 1 (ok)
[dplay] received 14 data bytes from pid 3
[dplay] received 33 data bytes from pid 1
[dplay] Send 14 bytes pid 4 -> 1 (ok)
[dplay] received 14 data bytes from pid 3
[dplay] received 33 data bytes from pid 1
[dplay] Send 14 bytes pid 4 -> 1 (ok)
[dplay] received 14 data bytes from pid 3
[dplay] received 33 data bytes from pid 1
[dplay] Send 14 bytes pid 4 -> 1 (ok)
[dplay] received 14 data bytes from pid 3
[dplay] received 33 data bytes from pid 1
[dplay] Send 14 bytes pid 4 -> 1 (ok)
[dplay] received 14 data bytes from pid 3
[dplay] received 33 data bytes from pid 1
[dplay] Send 14 bytes pid 4 -> 1 (ok)
[dplay] received 14 data bytes from pid 3
[dplay] received 33 data bytes from pid 1
[dplay] Send 14 bytes pid 4 -> 1 (ok)
[dplay] received 14 data bytes from pid 3
[dplay] received 33 data bytes from pid 1
[agg] StaticTimeProc 50/s  impl=1 host=0 running=1 resync=0 served=0  -> AggregatorGetPackets 0/s
[dplay] Send 14 bytes pid 4 -> 1 (ok)
[dplay] received 14 data bytes from pid 3
[dplay] received 33 data bytes from pid 1
[dplay] Send 14 bytes pid 4 -> 1 (ok)
[dplay] received 14 data bytes from pid 3
[dplay] received 33 data bytes from pid 1
[dplay] Send 14 bytes pid 4 -> 1 (ok)
[dplay] received 14 data bytes from pid 3
[dplay] received 33 data bytes from pid 1
[dplay] Send 14 bytes pid 4 -> 1 (ok)
[dplay] received 14 data bytes from pid 3
[dplay] received 33 data bytes from pid 1
[dplay] Send 14 bytes pid 4 -> 1 (ok)
[dplay] received 14 data bytes from pid 3
[dplay] received 33 data bytes from pid 1
[dplay] Send 14 bytes pid 4 -> 1 (ok)
[dplay] received 14 data bytes from pid 3
[dplay] received 33 data bytes from pid 1
[dplay] Send 14 bytes pid 4 -> 1 (ok)
[dplay] received 14 data bytes from pid 3
[dplay] received 33 data bytes from pid 1
[dplay] Send 14 bytes pid 4 -> 1 (ok)
[dplay] received 14 data bytes from pid 3
[dplay] received 33 data bytes from pid 1
[dplay] Send 14 bytes pid 4 -> 1 (ok)
[dplay] received 14 data bytes from pid 3
[dplay] received 33 data bytes from pid 1
[dplay] Send 14 bytes pid 4 -> 1 (ok)
[dplay] received 14 data bytes from pid 3
[dplay] received 33 data bytes from pid 1
[dplay] Send 14 bytes pid 4 -> 1 (ok)
[dplay] received 14 data bytes from pid 3
[dplay] received 33 data bytes from pid 1
[dplay] Send 14 bytes pid 4 -> 1 (ok)
[dplay] received 14 data bytes from pid 3
[dplay] received 33 data bytes from pid 1
[dplay] Send 14 bytes pid 4 -> 1 (ok)
[agg] StaticTimeProc 49/s  impl=1 host=0 running=1 resync=0 served=0  -> AggregatorGetPackets 0/s
[dplay] received 14 data bytes from pid 3
[dplay] received 33 data bytes from pid 1
[dplay] Send 14 bytes pid 4 -> 1 (ok)
[dplay] received 14 data bytes from pid 3
[dplay] received 33 data bytes from pid 1
[dplay] Send 14 bytes pid 4 -> 1 (ok)
[dplay] received 14 data bytes from pid 3
[dplay] received 33 data bytes from pid 1
[dplay] Send 14 bytes pid 4 -> 1 (ok)
[dplay] received 14 data bytes from pid 3
[dplay] received 33 data bytes from pid 1
[dplay] Send 14 bytes pid 4 -> 1 (ok)
[dplay] received 14 data bytes from pid 3
[dplay] received 33 data bytes from pid 1
[dplay] Send 14 bytes pid 4 -> 1 (ok)
[dplay] received 14 data bytes from pid 3
[dplay] received 33 data bytes from pid 1
[dplay] Send 14 bytes pid 4 -> 1 (ok)
[dplay] received 14 data bytes from pid 3
[dplay] received 33 data bytes from pid 1
[dplay] Send 14 bytes pid 4 -> 1 (ok)
[dplay] received 14 data bytes from pid 3
[dplay] received 33 data bytes from pid 1
[dplay] Send 14 bytes pid 4 -> 1 (ok)
[dplay] received 14 data bytes from pid 3
[dplay] received 33 data bytes from pid 1
[dplay] pump #775500 (host=0) -- discovery is answered only from here
[dplay] Send 14 bytes pid 4 -> 1 (ok)
[dplay] received 14 data bytes from pid 3
[dplay] received 33 data bytes from pid 1
[dplay] Send 14 bytes pid 4 -> 1 (ok)
[dplay] received 14 data bytes from pid 3
[dplay] received 33 data bytes from pid 1
[dplay] Send 14 bytes pid 4 -> 1 (ok)
[dplay] received 14 data bytes from pid 3
[dplay] received 33 data bytes from pid 1
[dplay] Send 14 bytes pid 4 -> 1 (ok)
[dplay] received 14 data bytes from pid 3
[dplay] received 33 data bytes from pid 1
[agg] StaticTimeProc 49/s  impl=1 host=0 running=1 resync=0 served=0  -> AggregatorGetPackets 0/s
[dplay] Send 14 bytes pid 4 -> 1 (ok)
[dplay] received 14 data bytes from pid 3
[dplay] received 33 data bytes from pid 1
[dplay] Send 14 bytes pid 4 -> 1 (ok)
[dplay] received 14 data bytes from pid 3
[dplay] received 33 data bytes from pid 1
[dplay] Send 14 bytes pid 4 -> 1 (ok)
[dplay] received 14 data bytes from pid 3
[dplay] received 33 data bytes from pid 1
[dplay] Send 14 bytes pid 4 -> 1 (ok)
[dplay] received 14 data bytes from pid 3
[dplay] received 33 data bytes from pid 1
[dplay] Send 14 bytes pid 4 -> 1 (ok)
[dplay] received 14 data bytes from pid 3
[dplay] received 33 data bytes from pid 1
[dplay] Send 14 bytes pid 4 -> 1 (ok)
[dplay] received 14 data bytes from pid 3
[dplay] received 33 data bytes from pid 1
[dplay] Send 14 bytes pid 4 -> 1 (ok)
[dplay] received 19 data bytes from pid 1
[dplay] received 14 data bytes from pid 3
[dplay] Send 14 bytes pid 4 -> 1 (ok)
[dplay] received 33 data bytes from pid 1
[dplay] received 14 data bytes from pid 3
[dplay] Send 14 bytes pid 4 -> 1 (ok)
[dplay] received 33 data bytes from pid 1
[dplay] received 14 data bytes from pid 3
[dplay] Send 14 bytes pid 4 -> 1 (ok)
[dplay] received 14 data bytes from pid 3
[dplay] received 33 data bytes from pid 1
[dplay] Send 14 bytes pid 4 -> 1 (ok)
[dplay] received 14 data bytes from pid 3
[dplay] received 33 data bytes from pid 1
[dplay] Send 14 bytes pid 4 -> 1 (ok)
[dplay] received 14 data bytes from pid 3
[dplay] received 33 data bytes from pid 1
[agg] StaticTimeProc 49/s  impl=1 host=0 running=1 resync=0 served=0  -> AggregatorGetPackets 0/s
[dplay] Send 14 bytes pid 4 -> 1 (ok)
[dplay] received 14 data bytes from pid 3
[dplay] received 33 data bytes from pid 1
[dplay] Send 14 bytes pid 4 -> 1 (ok)
[dplay] received 14 data bytes from pid 3
[dplay] received 33 data bytes from pid 1
[dplay] Send 14 bytes pid 4 -> 1 (ok)
[dplay] received 14 data bytes from pid 3
[dplay] received 33 data bytes from pid 1
[dplay] Send 14 bytes pid 4 -> 1 (ok)
[dplay] received 14 data bytes from pid 3
[dplay] received 33 data bytes from pid 1
[dplay] Send 14 bytes pid 4 -> 1 (ok)
[dplay] received 14 data bytes from pid 3
[dplay] received 33 data bytes from pid 1
[self] uid=3585 visible=1 dead=0
[accnt] CHANGE at call 3398: aircraft=8 MAX=8 visible=2 dead=6
[dplay] Send 14 bytes pid 4 -> 1 (ok)
[dplay] received 14 data bytes from pid 3
[dplay] received 33 data bytes from pid 1
[dplay] Send 14 bytes pid 4 -> 1 (ok)
[dplay] received 14 data bytes from pid 3
[dplay] received 33 data bytes from pid 1
[dplay] Send 14 bytes pid 4 -> 1 (ok)
[dplay] received 14 data bytes from pid 3
[dplay] received 33 data bytes from pid 1
[dplay] Send 14 bytes pid 4 -> 1 (ok)
[dplay] received 14 data bytes from pid 3
[dplay] received 33 data bytes from pid 1
[dplay] Send 14 bytes pid 4 -> 1 (ok)
[dplay] received 14 data bytes from pid 3
[dplay] received 33 data bytes from pid 1
[dplay] Send 14 bytes pid 4 -> 1 (ok)
[dplay] received 14 data bytes from pid 3
[dplay] received 33 data bytes from pid 1
[dplay] Send 14 bytes pid 4 -> 1 (ok)
[dplay] received 14 data bytes from pid 3
[dplay] received 33 data bytes from pid 1
[dplay] Send 14 bytes pid 4 -> 1 (ok)
[dplay] received 33 data bytes from pid 1
[dplay] received 14 data bytes from pid 3
[dplay] received 19 data bytes from pid 1
[agg] StaticTimeProc 50/s  impl=1 host=0 running=1 resync=0 served=0  -> AggregatorGetPackets 0/s
[dplay] Send 14 bytes pid 4 -> 1 (ok)
[dplay] received 14 data bytes from pid 3
[dplay] received 33 data bytes from pid 1
[dplay] received 14 data bytes from pid 3
[dplay] Send 14 bytes pid 4 -> 1 (ok)
[dplay] received 33 data bytes from pid 1
[dplay] Send 14 bytes pid 4 -> 1 (ok)
[dplay] received 14 data bytes from pid 3
[dplay] received 33 data bytes from pid 1
[dplay] Send 14 bytes pid 4 -> 1 (ok)
[dplay] received 14 data bytes from pid 3
[dplay] received 33 data bytes from pid 1
[dplay] Send 14 bytes pid 4 -> 1 (ok)
[dplay] received 14 data bytes from pid 3
[dplay] received 33 data bytes from pid 1
[dplay] Send 14 bytes pid 4 -> 1 (ok)
[dplay] received 14 data bytes from pid 3
[dplay] received 33 data bytes from pid 1
[dplay] Send 14 bytes pid 4 -> 1 (ok)
[dplay] received 14 data bytes from pid 3
[dplay] received 33 data bytes from pid 1
[dplay] Send 14 bytes pid 4 -> 1 (ok)
[dplay] received 14 data bytes from pid 3
[dplay] received 33 data bytes from pid 1
[dplay] Send 14 bytes pid 4 -> 1 (ok)
[dplay] received 14 data bytes from pid 3
[dplay] received 33 data bytes from pid 1
[dplay] Send 14 bytes pid 4 -> 1 (ok)
[dplay] received 14 data bytes from pid 3
[dplay] received 33 data bytes from pid 1
[dplay] Send 14 bytes pid 4 -> 1 (ok)
[dplay] received 14 data bytes from pid 3
[dplay] received 33 data bytes from pid 1
[dplay] Send 14 bytes pid 4 -> 1 (ok)
[dplay] received 14 data bytes from pid 3
[dplay] received 33 data bytes from pid 1
[agg] StaticTimeProc 49/s  impl=1 host=0 running=1 resync=0 served=0  -> AggregatorGetPackets 0/s
[dplay] Send 14 bytes pid 4 -> 1 (ok)
[dplay] received 14 data bytes from pid 3
[dplay] received 33 data bytes from pid 1
[dplay] Send 14 bytes pid 4 -> 1 (ok)
[dplay] received 14 data bytes from pid 3
[dplay] received 33 data bytes from pid 1
[dplay] Send 14 bytes pid 4 -> 1 (ok)
[dplay] received 14 data bytes from pid 3
[dplay] received 33 data bytes from pid 1
[dplay] Send 14 bytes pid 4 -> 1 (ok)
[dplay] received 14 data bytes from pid 3
[dplay] received 33 data bytes from pid 1
[dplay] Send 14 bytes pid 4 -> 1 (ok)
[dplay] received 14 data bytes from pid 3
[dplay] received 33 data bytes from pid 1
[dplay] Send 14 bytes pid 4 -> 1 (ok)
[dplay] received 14 data bytes from pid 3
[dplay] received 33 data bytes from pid 1
[dplay] Send 14 bytes pid 4 -> 1 (ok)
[dplay] received 14 data bytes from pid 3
[dplay] received 33 data bytes from pid 1
[dplay] Send 14 bytes pid 4 -> 1 (ok)
[dplay] received 14 data bytes from pid 3
[dplay] received 33 data bytes from pid 1
[dplay] Send 14 bytes pid 4 -> 1 (ok)
[dplay] received 14 data bytes from pid 3
[dplay] received 33 data bytes from pid 1
[dplay] Send 14 bytes pid 4 -> 1 (ok)
[dplay] received 14 data bytes from pid 3
[dplay] received 33 data bytes from pid 1
[dplay] Send 14 bytes pid 4 -> 1 (ok)
[dplay] received 14 data bytes from pid 3
[dplay] received 33 data bytes from pid 1
[dplay] Send 14 bytes pid 4 -> 1 (ok)
[dplay] received 14 data bytes from pid 3
[dplay] received 33 data bytes from pid 1
[dplay] Send 14 bytes pid 4 -> 1 (ok)
[dplay] received 14 data bytes from pid 3
[dplay] received 33 data bytes from pid 1
[agg] StaticTimeProc 49/s  impl=1 host=0 running=1 resync=0 served=0  -> AggregatorGetPackets 0/s
[dplay] Send 14 bytes pid 4 -> 1 (ok)
[dplay] received 14 data bytes from pid 3
[dplay] received 33 data bytes from pid 1
[dplay] Send 14 bytes pid 4 -> 1 (ok)
[dplay] received 14 data bytes from pid 3
[dplay] received 33 data bytes from pid 1
[dplay] Send 14 bytes pid 4 -> 1 (ok)
[dplay] received 14 data bytes from pid 3
[dplay] received 33 data bytes from pid 1
[dplay] Send 14 bytes pid 4 -> 1 (ok)
[dplay] received 14 data bytes from pid 3
[dplay] received 33 data bytes from pid 1
[dplay] Send 14 bytes pid 4 -> 1 (ok)
[dplay] received 14 data bytes from pid 3
[dplay] received 33 data bytes from pid 1
[dplay] Send 14 bytes pid 4 -> 1 (ok)
[dplay] received 14 data bytes from pid 3
[dplay] received 33 data bytes from pid 1
[dplay] Send 14 bytes pid 4 -> 1 (ok)
[dplay] received 14 data bytes from pid 3
[dplay] received 33 data bytes from pid 1
[dplay] Send 14 bytes pid 4 -> 1 (ok)
[dplay] received 14 data bytes from pid 3
[dplay] received 33 data bytes from pid 1
[dplay] Send 14 bytes pid 4 -> 1 (ok)
[dplay] received 14 data bytes from pid 3
[dplay] received 33 data bytes from pid 1
[dplay] Send 14 bytes pid 4 -> 1 (ok)
[dplay] received 14 data bytes from pid 3
[dplay] received 33 data bytes from pid 1
[dplay] Send 14 bytes pid 4 -> 1 (ok)
[dplay] received 14 data bytes from pid 3
[dplay] received 33 data bytes from pid 1
[dplay] Send 14 bytes pid 4 -> 1 (ok)
[dplay] received 14 data bytes from pid 3
[dplay] received 33 data bytes from pid 1
[dplay] Send 14 bytes pid 4 -> 1 (ok)
[agg] StaticTimeProc 50/s  impl=1 host=0 running=1 resync=0 served=0  -> AggregatorGetPackets 0/s
[dplay] received 14 data bytes from pid 3
[dplay] received 33 data bytes from pid 1
[dplay] Send 14 bytes pid 4 -> 1 (ok)
[dplay] received 14 data bytes from pid 3
[dplay] received 33 data bytes from pid 1
[dplay] Send 14 bytes pid 4 -> 1 (ok)
[dplay] received 14 data bytes from pid 3
[dplay] received 33 data bytes from pid 1
[dplay] Send 14 bytes pid 4 -> 1 (ok)
[dplay] received 14 data bytes from pid 3
[dplay] received 33 data bytes from pid 1
[dplay] Send 14 bytes pid 4 -> 1 (ok)
[dplay] received 14 data bytes from pid 3
[dplay] received 33 data bytes from pid 1
[dplay] pump #776000 (host=0) -- discovery is answered only from here
[dplay] Send 14 bytes pid 4 -> 1 (ok)
[dplay] received 19 data bytes from pid 1
[dplay] received 14 data bytes from pid 3
[accnt] aircraft in this world: now=8 MAX=8 visible=2 dead=6 (frame sample #6)
[dplay] Send 14 bytes pid 4 -> 1 (ok)
[dplay] received 33 data bytes from pid 1
[dplay] received 14 data bytes from pid 3
[dplay] Send 14 bytes pid 4 -> 1 (ok)
[dplay] received 33 data bytes from pid 1
[dplay] received 14 data bytes from pid 3
[dplay] Send 14 bytes pid 4 -> 1 (ok)
[dplay] received 14 data bytes from pid 3
[dplay] received 33 data bytes from pid 1
[dplay] Send 14 bytes pid 4 -> 1 (ok)
[dplay] received 14 data bytes from pid 3
[dplay] received 33 data bytes from pid 1
[dplay] Send 14 bytes pid 4 -> 1 (ok)
[dplay] received 14 data bytes from pid 3
[dplay] received 33 data bytes from pid 1
[dplay] Send 14 bytes pid 4 -> 1 (ok)
[dplay] received 14 data bytes from pid 3
[dplay] received 33 data bytes from pid 1
[dplay] Send 14 bytes pid 4 -> 1 (ok)
[dplay] received 14 data bytes from pid 3
[dplay] received 33 data bytes from pid 1
[agg] StaticTimeProc 49/s  impl=1 host=0 running=1 resync=0 served=0  -> AggregatorGetPackets 0/s
[dplay] Send 14 bytes pid 4 -> 1 (ok)
[dplay] received 14 data bytes from pid 3
[dplay] received 33 data bytes from pid 1
[dplay] Send 14 bytes pid 4 -> 1 (ok)
[dplay] received 14 data bytes from pid 3
[dplay] received 33 data bytes from pid 1
[dplay] Send 14 bytes pid 4 -> 1 (ok)
[dplay] received 14 data bytes from pid 3
[dplay] received 33 data bytes from pid 1
[dplay] Send 14 bytes pid 4 -> 1 (ok)
[dplay] received 14 data bytes from pid 3
[dplay] received 33 data bytes from pid 1
[dplay] Send 14 bytes pid 4 -> 1 (ok)
[dplay] received 14 data bytes from pid 3
[dplay] received 33 data bytes from pid 1
[dplay] Send 14 bytes pid 4 -> 1 (ok)
[dplay] received 14 data bytes from pid 3
[dplay] received 33 data bytes from pid 1
[dplay] Send 14 bytes pid 4 -> 1 (ok)
[dplay] received 14 data bytes from pid 3
[dplay] received 33 data bytes from pid 1
[dplay] Send 14 bytes pid 4 -> 1 (ok)
[dplay] received 14 data bytes from pid 3
[dplay] received 33 data bytes from pid 1
[dplay] Send 14 bytes pid 4 -> 1 (ok)
[dplay] received 14 data bytes from pid 3
[dplay] received 33 data bytes from pid 1
[dplay] Send 14 bytes pid 4 -> 1 (ok)
[dplay] received 14 data bytes from pid 3
[dplay] received 33 data bytes from pid 1
[dplay] Send 14 bytes pid 4 -> 1 (ok)
[dplay] received 33 data bytes from pid 1
[dplay] received 14 data bytes from pid 3
[dplay] received 19 data bytes from pid 1
[dplay] Send 14 bytes pid 4 -> 1 (ok)
[dplay] received 14 data bytes from pid 3
[dplay] received 33 data bytes from pid 1
[agg] StaticTimeProc 49/s  impl=1 host=0 running=1 resync=0 served=0  -> AggregatorGetPackets 0/s
[dplay] Send 14 bytes pid 4 -> 1 (ok)
[dplay] received 14 data bytes from pid 3
[dplay] received 33 data bytes from pid 1
[dplay] Send 14 bytes pid 4 -> 1 (ok)
[dplay] received 14 data bytes from pid 3
[dplay] received 33 data bytes from pid 1
[dplay] Send 14 bytes pid 4 -> 1 (ok)
[dplay] received 14 data bytes from pid 3
[dplay] received 33 data bytes from pid 1
[dplay] Send 14 bytes pid 4 -> 1 (ok)
[dplay] received 14 data bytes from pid 3
[dplay] received 33 data bytes from pid 1
[dplay] Send 14 bytes pid 4 -> 1 (ok)
[dplay] received 14 data bytes from pid 3
[dplay] received 33 data bytes from pid 1
[dplay] Send 14 bytes pid 4 -> 1 (ok)
[dplay] received 14 data bytes from pid 3
[dplay] received 33 data bytes from pid 1
[dplay] Send 14 bytes pid 4 -> 1 (ok)
[dplay] received 14 data bytes from pid 3
[dplay] received 33 data bytes from pid 1
[dplay] Send 14 bytes pid 4 -> 1 (ok)
[dplay] received 14 data bytes from pid 3
[dplay] received 33 data bytes from pid 1
[dplay] Send 14 bytes pid 4 -> 1 (ok)
[dplay] received 14 data bytes from pid 3
[dplay] received 33 data bytes from pid 1
[dplay] Send 14 bytes pid 4 -> 1 (ok)
[dplay] received 14 data bytes from pid 3
[dplay] received 33 data bytes from pid 1
[dplay] Send 14 bytes pid 4 -> 1 (ok)
[dplay] received 14 data bytes from pid 3
[dplay] received 33 data bytes from pid 1
[dplay] Send 14 bytes pid 4 -> 1 (ok)
[dplay] received 14 data bytes from pid 3
[dplay] received 33 data bytes from pid 1
[dplay] Send 14 bytes pid 4 -> 1 (ok)
[dplay] received 14 data bytes from pid 3
[dplay] received 33 data bytes from pid 1
[agg] StaticTimeProc 49/s  impl=1 host=0 running=1 resync=0 served=0  -> AggregatorGetPackets 0/s
[dplay] Send 14 bytes pid 4 -> 1 (ok)
[dplay] received 14 data bytes from pid 3
[dplay] received 33 data bytes from pid 1
[dplay] Send 14 bytes pid 4 -> 1 (ok)
[dplay] received 14 data bytes from pid 3
[dplay] received 33 data bytes from pid 1
[dplay] Send 14 bytes pid 4 -> 1 (ok)
[dplay] received 14 data bytes from pid 3
[dplay] received 33 data bytes from pid 1
[dplay] Send 14 bytes pid 4 -> 1 (ok)
[dplay] received 14 data bytes from pid 3
[dplay] received 33 data bytes from pid 1
[dplay] Send 14 bytes pid 4 -> 1 (ok)
[dplay] received 14 data bytes from pid 3
[dplay] received 33 data bytes from pid 1
[dplay] Send 14 bytes pid 4 -> 1 (ok)
[dplay] received 14 data bytes from pid 3
[dplay] received 33 data bytes from pid 1
[dplay] Send 14 bytes pid 4 -> 1 (ok)
[dplay] received 14 data bytes from pid 3
[dplay] received 33 data bytes from pid 1
[dplay] Send 14 bytes pid 4 -> 1 (ok)
[dplay] received 14 data bytes from pid 3
[dplay] received 33 data bytes from pid 1
[dplay] Send 14 bytes pid 4 -> 1 (ok)
[dplay] received 14 data bytes from pid 3
[dplay] received 33 data bytes from pid 1
[dplay] Send 14 bytes pid 4 -> 1 (ok)
[dplay] received 14 data bytes from pid 3
[dplay] received 33 data bytes from pid 1
[dplay] Send 14 bytes pid 4 -> 1 (ok)
[dplay] received 14 data bytes from pid 3
[dplay] received 33 data bytes from pid 1
[dplay] Send 14 bytes pid 4 -> 1 (ok)
[dplay] received 14 data bytes from pid 3
[dplay] received 33 data bytes from pid 1
[dplay] Send 14 bytes pid 4 -> 1 (ok)
[agg] StaticTimeProc 50/s  impl=1 host=0 running=1 resync=0 served=0  -> AggregatorGetPackets 0/s
[dplay] received 14 data bytes from pid 3
[dplay] received 33 data bytes from pid 1
[dplay] Send 14 bytes pid 4 -> 1 (ok)
[dplay] received 14 data bytes from pid 3
[dplay] received 33 data bytes from pid 1
[dplay] Send 14 bytes pid 4 -> 1 (ok)
[dplay] received 14 data bytes from pid 3
[dplay] received 33 data bytes from pid 1
[dplay] Send 14 bytes pid 4 -> 1 (ok)
[dplay] received 14 data bytes from pid 3
[dplay] received 33 data bytes from pid 1
[dplay] Send 14 bytes pid 4 -> 1 (ok)
[dplay] received 14 data bytes from pid 3
[dplay] received 33 data bytes from pid 1
[dplay] Send 14 bytes pid 4 -> 1 (ok)
[dplay] received 14 data bytes from pid 3
[dplay] received 33 data bytes from pid 1
[dplay] Send 14 bytes pid 4 -> 1 (ok)
[dplay] received 14 data bytes from pid 3
[dplay] received 33 data bytes from pid 1
[dplay] Send 14 bytes pid 4 -> 1 (ok)
[dplay] received 14 data bytes from pid 3
[dplay] received 33 data bytes from pid 1
[dplay] Send 14 bytes pid 4 -> 1 (ok)
[dplay] received 14 data bytes from pid 3
[dplay] received 33 data bytes from pid 1
[dplay] Send 14 bytes pid 4 -> 1 (ok)
[dplay] received 14 data bytes from pid 3
[dplay] received 33 data bytes from pid 1
[dplay] Send 14 bytes pid 4 -> 1 (ok)
[dplay] received 14 data bytes from pid 3
[dplay] received 33 data bytes from pid 1
[dplay] Send 14 bytes pid 4 -> 1 (ok)
[dplay] received 14 data bytes from pid 3
[dplay] received 33 data bytes from pid 1
[dplay] Send 14 bytes pid 4 -> 1 (ok)
[dplay] received 14 data bytes from pid 3
[dplay] received 33 data bytes from pid 1
[agg] StaticTimeProc 49/s  impl=1 host=0 running=1 resync=0 served=0  -> AggregatorGetPackets 0/s
[dplay] Send 14 bytes pid 4 -> 1 (ok)
[dplay] received 14 data bytes from pid 3
[dplay] received 33 data bytes from pid 1
[dplay] Send 14 bytes pid 4 -> 1 (ok)
[dplay] received 14 data bytes from pid 3
[dplay] received 33 data bytes from pid 1
[dplay] Send 14 bytes pid 4 -> 1 (ok)
[dplay] received 14 data bytes from pid 3
[dplay] received 33 data bytes from pid 1
[dplay] Send 14 bytes pid 4 -> 1 (ok)
[dplay] received 14 data bytes from pid 3
[dplay] received 33 data bytes from pid 1
[dplay] Send 14 bytes pid 4 -> 1 (ok)
[dplay] received 14 data bytes from pid 3
[dplay] received 33 data bytes from pid 1
[dplay] Send 14 bytes pid 4 -> 1 (ok)
[dplay] received 14 data bytes from pid 3
[dplay] received 33 data bytes from pid 1
[dplay] Send 14 bytes pid 4 -> 1 (ok)
[dplay] received 19 data bytes from pid 1
[dplay] received 14 data bytes from pid 3
[dplay] Send 14 bytes pid 4 -> 1 (ok)
[dplay] received 33 data bytes from pid 1
[dplay] received 14 data bytes from pid 3
[dplay] Send 14 bytes pid 4 -> 1 (ok)
[dplay] received 14 data bytes from pid 3
[dplay] received 33 data bytes from pid 1
[dplay] Send 14 bytes pid 4 -> 1 (ok)
[dplay] received 14 data bytes from pid 3
[dplay] received 33 data bytes from pid 1
[dplay] Send 14 bytes pid 4 -> 1 (ok)
[dplay] received 14 data bytes from pid 3
[dplay] received 33 data bytes from pid 1
[dplay] Send 14 bytes pid 4 -> 1 (ok)
[dplay] received 14 data bytes from pid 3
[dplay] received 33 data bytes from pid 1
[agg] StaticTimeProc 49/s  impl=1 host=0 running=1 resync=0 served=0  -> AggregatorGetPackets 0/s
[dplay] Send 14 bytes pid 4 -> 1 (ok)
[dplay] received 14 data bytes from pid 3
[dplay] received 33 data bytes from pid 1
[dplay] Send 14 bytes pid 4 -> 1 (ok)
[dplay] received 14 data bytes from pid 3
[dplay] received 33 data bytes from pid 1
[dplay] pump #776500 (host=0) -- discovery is answered only from here
[dplay] Send 14 bytes pid 4 -> 1 (ok)
[dplay] received 14 data bytes from pid 3
[dplay] received 33 data bytes from pid 1
[dplay] Send 14 bytes pid 4 -> 1 (ok)
[dplay] received 14 data bytes from pid 3
[dplay] received 33 data bytes from pid 1
[dplay] Send 14 bytes pid 4 -> 1 (ok)
[dplay] received 14 data bytes from pid 3
[dplay] received 33 data bytes from pid 1
[dplay] Send 14 bytes pid 4 -> 1 (ok)
[dplay] received 14 data bytes from pid 3
[dplay] received 33 data bytes from pid 1
[dplay] Send 14 bytes pid 4 -> 1 (ok)
[dplay] received 14 data bytes from pid 3
[dplay] received 33 data bytes from pid 1
[dplay] Send 14 bytes pid 4 -> 1 (ok)
[dplay] received 14 data bytes from pid 3
[dplay] received 33 data bytes from pid 1
[dplay] Send 14 bytes pid 4 -> 1 (ok)
[dplay] received 33 data bytes from pid 1
[dplay] received 14 data bytes from pid 3
[dplay] received 19 data bytes from pid 1
[dplay] Send 14 bytes pid 4 -> 1 (ok)
[dplay] received 14 data bytes from pid 3
[dplay] received 33 data bytes from pid 1
[dplay] Send 14 bytes pid 4 -> 1 (ok)
[dplay] received 14 data bytes from pid 3
[dplay] received 33 data bytes from pid 1
[dplay] Send 14 bytes pid 4 -> 1 (ok)
[dplay] received 14 data bytes from pid 3
[dplay] received 33 data bytes from pid 1
[dplay] Send 14 bytes pid 4 -> 1 (ok)
[dplay] received 14 data bytes from pid 3
[dplay] received 33 data bytes from pid 1
[agg] StaticTimeProc 50/s  impl=1 host=0 running=1 resync=0 served=0  -> AggregatorGetPackets 0/s
[dplay] Send 14 bytes pid 4 -> 1 (ok)
[dplay] received 14 data bytes from pid 3
[dplay] received 33 data bytes from pid 1
[dplay] Send 14 bytes pid 4 -> 1 (ok)
[dplay] received 14 data bytes from pid 3
[dplay] received 33 data bytes from pid 1
[dplay] Send 14 bytes pid 4 -> 1 (ok)
[dplay] received 14 data bytes from pid 3
[dplay] received 33 data bytes from pid 1
[dplay] Send 14 bytes pid 4 -> 1 (ok)
[dplay] received 14 data bytes from pid 3
[dplay] received 33 data bytes from pid 1
[dplay] Send 14 bytes pid 4 -> 1 (ok)
[dplay] received 14 data bytes from pid 3
[dplay] received 33 data bytes from pid 1
[dplay] Send 14 bytes pid 4 -> 1 (ok)
[dplay] received 14 data bytes from pid 3
[dplay] received 33 data bytes from pid 1
[dplay] Send 14 bytes pid 4 -> 1 (ok)
[dplay] received 14 data bytes from pid 3
[dplay] received 33 data bytes from pid 1
[dplay] Send 14 bytes pid 4 -> 1 (ok)
[dplay] received 14 data bytes from pid 3
[dplay] received 33 data bytes from pid 1
[dplay] Send 14 bytes pid 4 -> 1 (ok)
[dplay] received 14 data bytes from pid 3
[dplay] received 33 data bytes from pid 1
[dplay] Send 14 bytes pid 4 -> 1 (ok)
[dplay] received 14 data bytes from pid 3
[dplay] received 33 data bytes from pid 1
[dplay] Send 14 bytes pid 4 -> 1 (ok)
[dplay] received 14 data bytes from pid 3
[dplay] received 33 data bytes from pid 1
[dplay] Send 14 bytes pid 4 -> 1 (ok)
[dplay] received 14 data bytes from pid 3
[dplay] received 33 data bytes from pid 1
[agg] StaticTimeProc 49/s  impl=1 host=0 running=1 resync=0 served=0  -> AggregatorGetPackets 0/s
[dplay] Send 14 bytes pid 4 -> 1 (ok)
[dplay] received 14 data bytes from pid 3
[dplay] received 33 data bytes from pid 1
[dplay] Send 14 bytes pid 4 -> 1 (ok)
[dplay] received 14 data bytes from pid 3
[dplay] received 33 data bytes from pid 1
[dplay] Send 14 bytes pid 4 -> 1 (ok)
[dplay] received 14 data bytes from pid 3
[dplay] received 33 data bytes from pid 1
[dplay] Send 14 bytes pid 4 -> 1 (ok)
[dplay] received 14 data bytes from pid 3
[dplay] received 33 data bytes from pid 1
[dplay] Send 14 bytes pid 4 -> 1 (ok)
[dplay] received 14 data bytes from pid 3
[dplay] received 33 data bytes from pid 1
[dplay] Send 14 bytes pid 4 -> 1 (ok)
[dplay] received 14 data bytes from pid 3
[dplay] received 33 data bytes from pid 1
[dplay] Send 14 bytes pid 4 -> 1 (ok)
[dplay] received 14 data bytes from pid 3
[dplay] received 33 data bytes from pid 1
[dplay] Send 14 bytes pid 4 -> 1 (ok)
[dplay] received 14 data bytes from pid 3
[dplay] received 33 data bytes from pid 1
[dplay] Send 14 bytes pid 4 -> 1 (ok)
[dplay] received 14 data bytes from pid 3
[dplay] received 33 data bytes from pid 1
[dplay] Send 14 bytes pid 4 -> 1 (ok)
[dplay] received 14 data bytes from pid 3
[dplay] received 33 data bytes from pid 1
[dplay] Send 14 bytes pid 4 -> 1 (ok)
[dplay] received 14 data bytes from pid 3
[dplay] received 33 data bytes from pid 1
[dplay] Send 14 bytes pid 4 -> 1 (ok)
[dplay] received 14 data bytes from pid 3
[dplay] received 33 data bytes from pid 1
[dplay] Send 14 bytes pid 4 -> 1 (ok)
[dplay] received 14 data bytes from pid 3
[dplay] received 33 data bytes from pid 1
[agg] StaticTimeProc 49/s  impl=1 host=0 running=1 resync=0 served=0  -> AggregatorGetPackets 0/s
[dplay] Send 14 bytes pid 4 -> 1 (ok)
[dplay] received 14 data bytes from pid 3
[dplay] received 33 data bytes from pid 1
[dplay] Send 14 bytes pid 4 -> 1 (ok)
[dplay] received 14 data bytes from pid 3
[dplay] received 33 data bytes from pid 1
[dplay] Send 14 bytes pid 4 -> 1 (ok)
[dplay] received 14 data bytes from pid 3
[dplay] received 33 data bytes from pid 1
[dplay] Send 14 bytes pid 4 -> 1 (ok)
[dplay] received 14 data bytes from pid 3
[dplay] received 33 data bytes from pid 1
[dplay] Send 14 bytes pid 4 -> 1 (ok)
[dplay] received 14 data bytes from pid 3
[dplay] received 33 data bytes from pid 1
[dplay] Send 14 bytes pid 4 -> 1 (ok)
[dplay] received 14 data bytes from pid 3
[dplay] received 33 data bytes from pid 1
[dplay] Send 14 bytes pid 4 -> 1 (ok)
[dplay] received 14 data bytes from pid 3
[dplay] received 33 data bytes from pid 1
[dplay] Send 14 bytes pid 4 -> 1 (ok)
[dplay] received 14 data bytes from pid 3
[dplay] received 33 data bytes from pid 1
[dplay] Send 14 bytes pid 4 -> 1 (ok)
[dplay] received 14 data bytes from pid 3
[dplay] received 33 data bytes from pid 1
[dplay] Send 14 bytes pid 4 -> 1 (ok)
[dplay] received 14 data bytes from pid 3
[dplay] received 33 data bytes from pid 1
[dplay] Send 14 bytes pid 4 -> 1 (ok)
[dplay] received 14 data bytes from pid 3
[dplay] received 33 data bytes from pid 1
[dplay] Send 14 bytes pid 4 -> 1 (ok)
[dplay] received 14 data bytes from pid 3
[dplay] received 33 data bytes from pid 1
[agg] StaticTimeProc 49/s  impl=1 host=0 running=1 resync=0 served=0  -> AggregatorGetPackets 0/s
[dplay] Send 14 bytes pid 4 -> 1 (ok)
[dplay] received 14 data bytes from pid 3
[dplay] received 33 data bytes from pid 1
[dplay] Send 14 bytes pid 4 -> 1 (ok)
[dplay] received 14 data bytes from pid 3
[dplay] received 33 data bytes from pid 1
[dplay] Send 14 bytes pid 4 -> 1 (ok)
[dplay] received 14 data bytes from pid 3
[dplay] received 33 data bytes from pid 1
[dplay] Send 14 bytes pid 4 -> 1 (ok)
[dplay] received 19 data bytes from pid 1
[dplay] received 14 data bytes from pid 3
[dplay] Send 14 bytes pid 4 -> 1 (ok)
[dplay] received 33 data bytes from pid 1
[dplay] received 14 data bytes from pid 3
[dplay] Send 14 bytes pid 4 -> 1 (ok)
[dplay] received 14 data bytes from pid 3
[dplay] received 33 data bytes from pid 1
[dplay] Send 14 bytes pid 4 -> 1 (ok)
[dplay] received 14 data bytes from pid 3
[dplay] received 33 data bytes from pid 1
[dplay] Send 14 bytes pid 4 -> 1 (ok)
[dplay] received 14 data bytes from pid 3
[dplay] received 33 data bytes from pid 1
[dplay] Send 14 bytes pid 4 -> 1 (ok)
[dplay] received 14 data bytes from pid 3
[dplay] received 33 data bytes from pid 1
[dplay] Send 14 bytes pid 4 -> 1 (ok)
[dplay] received 14 data bytes from pid 3
[dplay] received 33 data bytes from pid 1
[dplay] Send 14 bytes pid 4 -> 1 (ok)
[dplay] received 14 data bytes from pid 3
[dplay] received 33 data bytes from pid 1
[dplay] Send 14 bytes pid 4 -> 1 (ok)
[dplay] received 14 data bytes from pid 3
[dplay] received 33 data bytes from pid 1
[dplay] Send 14 bytes pid 4 -> 1 (ok)
[dplay] received 14 data bytes from pid 3
[dplay] received 33 data bytes from pid 1
[agg] StaticTimeProc 50/s  impl=1 host=0 running=1 resync=0 served=0  -> AggregatorGetPackets 0/s
[dplay] Send 14 bytes pid 4 -> 1 (ok)
[dplay] received 14 data bytes from pid 3
[dplay] received 33 data bytes from pid 1
[dplay] Send 14 bytes pid 4 -> 1 (ok)
[dplay] received 14 data bytes from pid 3
[dplay] received 33 data bytes from pid 1
[dplay] Send 14 bytes pid 4 -> 1 (ok)
[dplay] received 14 data bytes from pid 3
[dplay] received 33 data bytes from pid 1
[dplay] Send 14 bytes pid 4 -> 1 (ok)
[dplay] received 33 data bytes from pid 1
[dplay] received 14 data bytes from pid 3
[dplay] received 19 data bytes from pid 1
[dplay] Send 14 bytes pid 4 -> 1 (ok)
[dplay] received 14 data bytes from pid 3
[dplay] received 33 data bytes from pid 1
[dplay] Send 14 bytes pid 4 -> 1 (ok)
[dplay] received 14 data bytes from pid 3
[dplay] received 33 data bytes from pid 1
[dplay] Send 14 bytes pid 4 -> 1 (ok)
[dplay] received 14 data bytes from pid 3
[dplay] received 33 data bytes from pid 1
[dplay] Send 14 bytes pid 4 -> 1 (ok)
[dplay] received 14 data bytes from pid 3
[dplay] received 33 data bytes from pid 1
[dplay] Send 14 bytes pid 4 -> 1 (ok)
[dplay] received 14 data bytes from pid 3
[dplay] received 33 data bytes from pid 1
[dplay] Send 14 bytes pid 4 -> 1 (ok)
[dplay] received 14 data bytes from pid 3
[dplay] received 33 data bytes from pid 1
[dplay] pump #777000 (host=0) -- discovery is answered only from here
[dplay] Send 14 bytes pid 4 -> 1 (ok)
[dplay] received 14 data bytes from pid 3
[dplay] received 33 data bytes from pid 1
[dplay] Send 14 bytes pid 4 -> 1 (ok)
[dplay] received 14 data bytes from pid 3
[dplay] received 33 data bytes from pid 1
[dplay] Send 14 bytes pid 4 -> 1 (ok)
[agg] StaticTimeProc 49/s  impl=1 host=0 running=1 resync=0 served=0  -> AggregatorGetPackets 0/s
[dplay] received 14 data bytes from pid 3
[dplay] received 33 data bytes from pid 1
[dplay] Send 14 bytes pid 4 -> 1 (ok)
[dplay] received 14 data bytes from pid 3
[dplay] received 33 data bytes from pid 1
[dplay] Send 14 bytes pid 4 -> 1 (ok)
[dplay] received 14 data bytes from pid 3
[dplay] received 33 data bytes from pid 1
[dplay] Send 14 bytes pid 4 -> 1 (ok)
[dplay] received 14 data bytes from pid 3
[dplay] received 33 data bytes from pid 1
[dplay] Send 14 bytes pid 4 -> 1 (ok)
[dplay] received 14 data bytes from pid 3
[dplay] received 33 data bytes from pid 1
[dplay] Send 14 bytes pid 4 -> 1 (ok)
[dplay] received 14 data bytes from pid 3
[dplay] received 33 data bytes from pid 1
[accnt] aircraft in this world: now=8 MAX=8 visible=2 dead=6 (frame sample #7)
[dplay] Send 14 bytes pid 4 -> 1 (ok)
[dplay] received 14 data bytes from pid 3
[dplay] received 33 data bytes from pid 1
[dplay] Send 14 bytes pid 4 -> 1 (ok)
[dplay] received 14 data bytes from pid 3
[dplay] received 33 data bytes from pid 1
[dplay] Send 14 bytes pid 4 -> 1 (ok)
[dplay] received 14 data bytes from pid 3
[dplay] received 33 data bytes from pid 1
[dplay] Send 14 bytes pid 4 -> 1 (ok)
[dplay] received 14 data bytes from pid 3
[dplay] received 33 data bytes from pid 1
[dplay] Send 14 bytes pid 4 -> 1 (ok)
[dplay] received 14 data bytes from pid 3
[dplay] received 33 data bytes from pid 1
[dplay] Send 14 bytes pid 4 -> 1 (ok)
[dplay] received 14 data bytes from pid 3
[dplay] received 33 data bytes from pid 1
[dplay] Send 14 bytes pid 4 -> 1 (ok)
[dplay] received 14 data bytes from pid 3
[dplay] received 33 data bytes from pid 1
[agg] StaticTimeProc 49/s  impl=1 host=0 running=1 resync=0 served=0  -> AggregatorGetPackets 0/s
[dplay] Send 14 bytes pid 4 -> 1 (ok)
[dplay] received 14 data bytes from pid 3
[dplay] received 33 data bytes from pid 1
[dplay] Send 14 bytes pid 4 -> 1 (ok)
[dplay] received 14 data bytes from pid 3
[dplay] received 33 data bytes from pid 1
[dplay] Send 14 bytes pid 4 -> 1 (ok)
[dplay] received 14 data bytes from pid 3
[dplay] received 33 data bytes from pid 1
[dplay] Send 14 bytes pid 4 -> 1 (ok)
[dplay] received 14 data bytes from pid 3
[dplay] received 33 data bytes from pid 1
[dplay] Send 14 bytes pid 4 -> 1 (ok)
[dplay] received 14 data bytes from pid 3
[dplay] received 33 data bytes from pid 1
[dplay] Send 14 bytes pid 4 -> 1 (ok)
[dplay] received 14 data bytes from pid 3
[dplay] received 33 data bytes from pid 1
[dplay] Send 14 bytes pid 4 -> 1 (ok)
[dplay] received 14 data bytes from pid 3
[dplay] received 33 data bytes from pid 1
[dplay] Send 14 bytes pid 4 -> 1 (ok)
[dplay] received 14 data bytes from pid 3
[dplay] received 33 data bytes from pid 1
[dplay] Send 14 bytes pid 4 -> 1 (ok)
[dplay] received 14 data bytes from pid 3
[dplay] received 33 data bytes from pid 1
[dplay] Send 14 bytes pid 4 -> 1 (ok)
[dplay] received 14 data bytes from pid 3
[dplay] received 33 data bytes from pid 1
[dplay] Send 14 bytes pid 4 -> 1 (ok)
[dplay] received 14 data bytes from pid 3
[dplay] received 33 data bytes from pid 1
[dplay] Send 14 bytes pid 4 -> 1 (ok)
[dplay] received 14 data bytes from pid 3
[dplay] received 33 data bytes from pid 1
[agg] StaticTimeProc 49/s  impl=1 host=0 running=1 resync=0 served=0  -> AggregatorGetPackets 0/s
[dplay] Send 14 bytes pid 4 -> 1 (ok)
[dplay] received 14 data bytes from pid 3
[dplay] received 33 data bytes from pid 1
[dplay] Send 14 bytes pid 4 -> 1 (ok)
[dplay] received 14 data bytes from pid 3
[dplay] received 33 data bytes from pid 1
[dplay] Send 14 bytes pid 4 -> 1 (ok)
[dplay] received 14 data bytes from pid 3
[dplay] received 33 data bytes from pid 1
[dplay] Send 14 bytes pid 4 -> 1 (ok)
[dplay] received 14 data bytes from pid 3
[dplay] received 33 data bytes from pid 1
[dplay] Send 14 bytes pid 4 -> 1 (ok)
[dplay] received 14 data bytes from pid 3
[dplay] received 33 data bytes from pid 1
[dplay] Send 14 bytes pid 4 -> 1 (ok)
[dplay] received 14 data bytes from pid 3
[dplay] received 33 data bytes from pid 1
[dplay] Send 14 bytes pid 4 -> 1 (ok)
[dplay] received 14 data bytes from pid 3
[dplay] received 33 data bytes from pid 1
[dplay] Send 14 bytes pid 4 -> 1 (ok)
[dplay] received 14 data bytes from pid 3
[dplay] received 33 data bytes from pid 1
[dplay] Send 14 bytes pid 4 -> 1 (ok)
[dplay] received 14 data bytes from pid 3
[dplay] received 33 data bytes from pid 1
[dplay] Send 14 bytes pid 4 -> 1 (ok)
[dplay] received 14 data bytes from pid 3
[dplay] received 33 data bytes from pid 1
[dplay] Send 14 bytes pid 4 -> 1 (ok)
[dplay] received 14 data bytes from pid 3
[dplay] received 33 data bytes from pid 1
[dplay] Send 14 bytes pid 4 -> 1 (ok)
[dplay] received 14 data bytes from pid 3
[dplay] received 33 data bytes from pid 1
[dplay] Send 14 bytes pid 4 -> 1 (ok)
[dplay] received 14 data bytes from pid 3
[dplay] received 33 data bytes from pid 1
[agg] StaticTimeProc 50/s  impl=1 host=0 running=1 resync=0 served=0  -> AggregatorGetPackets 0/s
[dplay] Send 14 bytes pid 4 -> 1 (ok)
[dplay] received 14 data bytes from pid 3
[dplay] received 33 data bytes from pid 1
[dplay] Send 14 bytes pid 4 -> 1 (ok)
[dplay] received 14 data bytes from pid 3
[dplay] received 33 data bytes from pid 1
[dplay] Send 14 bytes pid 4 -> 1 (ok)
[dplay] received 14 data bytes from pid 3
[dplay] received 33 data bytes from pid 1
[dplay] Send 14 bytes pid 4 -> 1 (ok)
[dplay] received 19 data bytes from pid 1
[dplay] received 14 data bytes from pid 3
[dplay] Send 14 bytes pid 4 -> 1 (ok)
[dplay] received 33 data bytes from pid 1
[dplay] received 14 data bytes from pid 3
[dplay] Send 14 bytes pid 4 -> 1 (ok)
[dplay] received 33 data bytes from pid 1
[dplay] received 14 data bytes from pid 3
[dplay] Send 14 bytes pid 4 -> 1 (ok)
[dplay] received 14 data bytes from pid 3
[dplay] received 33 data bytes from pid 1
[dplay] Send 14 bytes pid 4 -> 1 (ok)
[dplay] received 14 data bytes from pid 3
[dplay] received 33 data bytes from pid 1
[dplay] Send 14 bytes pid 4 -> 1 (ok)
[dplay] received 14 data bytes from pid 3
[dplay] received 33 data bytes from pid 1
[dplay] Send 14 bytes pid 4 -> 1 (ok)
[dplay] received 14 data bytes from pid 3
[dplay] received 33 data bytes from pid 1
[dplay] Send 14 bytes pid 4 -> 1 (ok)
[dplay] received 14 data bytes from pid 3
[dplay] received 33 data bytes from pid 1
[dplay] Send 14 bytes pid 4 -> 1 (ok)
[dplay] received 14 data bytes from pid 3
[dplay] received 33 data bytes from pid 1
[agg] StaticTimeProc 49/s  impl=1 host=0 running=1 resync=0 served=0  -> AggregatorGetPackets 0/s
[dplay] Send 14 bytes pid 4 -> 1 (ok)
[dplay] received 14 data bytes from pid 3
[dplay] received 33 data bytes from pid 1
[dplay] Send 14 bytes pid 4 -> 1 (ok)
[dplay] received 14 data bytes from pid 3
[dplay] received 33 data bytes from pid 1
[dplay] Send 14 bytes pid 4 -> 1 (ok)
[dplay] received 14 data bytes from pid 3
[dplay] received 33 data bytes from pid 1
[dplay] Send 14 bytes pid 4 -> 1 (ok)
[dplay] received 14 data bytes from pid 3
[dplay] received 33 data bytes from pid 1
[dplay] Send 14 bytes pid 4 -> 1 (ok)
[dplay] received 14 data bytes from pid 3
[dplay] received 33 data bytes from pid 1
[dplay] Send 14 bytes pid 4 -> 1 (ok)
[dplay] received 14 data bytes from pid 3
[dplay] received 33 data bytes from pid 1
[dplay] Send 14 bytes pid 4 -> 1 (ok)
[dplay] received 14 data bytes from pid 3
[dplay] received 33 data bytes from pid 1
[dplay] Send 14 bytes pid 4 -> 1 (ok)
[dplay] received 14 data bytes from pid 3
[dplay] received 33 data bytes from pid 1
[dplay] Send 14 bytes pid 4 -> 1 (ok)
[dplay] received 14 data bytes from pid 3
[dplay] received 33 data bytes from pid 1
[dplay] Send 14 bytes pid 4 -> 1 (ok)
[dplay] received 33 data bytes from pid 1
[dplay] received 14 data bytes from pid 3
[dplay] received 19 data bytes from pid 1
[dplay] Send 14 bytes pid 4 -> 1 (ok)
[dplay] received 14 data bytes from pid 3
[dplay] received 33 data bytes from pid 1
[dplay] Send 14 bytes pid 4 -> 1 (ok)
[dplay] received 14 data bytes from pid 3
[dplay] received 33 data bytes from pid 1
[dplay] Send 14 bytes pid 4 -> 1 (ok)
[dplay] received 14 data bytes from pid 3
[dplay] received 33 data bytes from pid 1
[agg] StaticTimeProc 49/s  impl=1 host=0 running=1 resync=0 served=0  -> AggregatorGetPackets 0/s
[dplay] Send 14 bytes pid 4 -> 1 (ok)
[dplay] received 14 data bytes from pid 3
[dplay] received 33 data bytes from pid 1
[dplay] Send 14 bytes pid 4 -> 1 (ok)
[dplay] received 14 data bytes from pid 3
[dplay] received 33 data bytes from pid 1
[dplay] Send 14 bytes pid 4 -> 1 (ok)
[dplay] received 14 data bytes from pid 3
[dplay] received 33 data bytes from pid 1
[dplay] Send 14 bytes pid 4 -> 1 (ok)
[dplay] received 14 data bytes from pid 3
[dplay] received 33 data bytes from pid 1
[dplay] Send 14 bytes pid 4 -> 1 (ok)
[dplay] received 14 data bytes from pid 3
[dplay] received 33 data bytes from pid 1
[dplay] Send 14 bytes pid 4 -> 1 (ok)
[dplay] received 14 data bytes from pid 3
[dplay] received 33 data bytes from pid 1
[dplay] pump #777500 (host=0) -- discovery is answered only from here
[dplay] Send 14 bytes pid 4 -> 1 (ok)
[dplay] received 14 data bytes from pid 3
[dplay] received 33 data bytes from pid 1
[dplay] Send 14 bytes pid 4 -> 1 (ok)
[dplay] received 14 data bytes from pid 3
[dplay] received 33 data bytes from pid 1
[dplay] Send 14 bytes pid 4 -> 1 (ok)
[dplay] received 14 data bytes from pid 3
[dplay] received 33 data bytes from pid 1
[dplay] Send 14 bytes pid 4 -> 1 (ok)
[dplay] received 14 data bytes from pid 3
[dplay] received 33 data bytes from pid 1
[dplay] Send 14 bytes pid 4 -> 1 (ok)
[dplay] received 14 data bytes from pid 3
[dplay] received 33 data bytes from pid 1
[dplay] Send 14 bytes pid 4 -> 1 (ok)
[dplay] received 14 data bytes from pid 3
[dplay] received 33 data bytes from pid 1
[dplay] Send 14 bytes pid 4 -> 1 (ok)
[agg] StaticTimeProc 50/s  impl=1 host=0 running=1 resync=0 served=0  -> AggregatorGetPackets 0/s
[dplay] received 14 data bytes from pid 3
[dplay] received 33 data bytes from pid 1
[dplay] Send 14 bytes pid 4 -> 1 (ok)
[dplay] received 14 data bytes from pid 3
[dplay] received 33 data bytes from pid 1
[dplay] Send 14 bytes pid 4 -> 1 (ok)
[dplay] received 14 data bytes from pid 3
[dplay] received 33 data bytes from pid 1
[dplay] Send 14 bytes pid 4 -> 1 (ok)
[dplay] received 14 data bytes from pid 3
[dplay] received 33 data bytes from pid 1
[dplay] Send 14 bytes pid 4 -> 1 (ok)
[dplay] received 14 data bytes from pid 3
[dplay] received 33 data bytes from pid 1
[dplay] Send 14 bytes pid 4 -> 1 (ok)
[dplay] received 14 data bytes from pid 3
[dplay] received 33 data bytes from pid 1
[dplay] Send 14 bytes pid 4 -> 1 (ok)
[dplay] received 14 data bytes from pid 3
[dplay] received 33 data bytes from pid 1
[dplay] Send 14 bytes pid 4 -> 1 (ok)
[dplay] received 14 data bytes from pid 3
[dplay] received 33 data bytes from pid 1
[dplay] Send 14 bytes pid 4 -> 1 (ok)
[dplay] received 14 data bytes from pid 3
[dplay] received 33 data bytes from pid 1
[dplay] Send 14 bytes pid 4 -> 1 (ok)
[dplay] received 14 data bytes from pid 3
[dplay] received 33 data bytes from pid 1
[dplay] Send 14 bytes pid 4 -> 1 (ok)
[dplay] received 14 data bytes from pid 3
[dplay] received 33 data bytes from pid 1
[dplay] Send 14 bytes pid 4 -> 1 (ok)
[dplay] received 14 data bytes from pid 3
[dplay] received 33 data bytes from pid 1
[dplay] Send 14 bytes pid 4 -> 1 (ok)
[dplay] received 14 data bytes from pid 3
[dplay] received 33 data bytes from pid 1
[agg] StaticTimeProc 49/s  impl=1 host=0 running=1 resync=0 served=0  -> AggregatorGetPackets 0/s
[dplay] Send 14 bytes pid 4 -> 1 (ok)
[dplay] received 14 data bytes from pid 3
[dplay] received 33 data bytes from pid 1
[dplay] Send 14 bytes pid 4 -> 1 (ok)
[dplay] received 14 data bytes from pid 3
[dplay] received 33 data bytes from pid 1
[dplay] Send 14 bytes pid 4 -> 1 (ok)
[dplay] received 14 data bytes from pid 3
[dplay] received 33 data bytes from pid 1
[dplay] Send 14 bytes pid 4 -> 1 (ok)
[dplay] received 14 data bytes from pid 3
[dplay] received 33 data bytes from pid 1
[dplay] Send 14 bytes pid 4 -> 1 (ok)
[dplay] received 14 data bytes from pid 3
[dplay] received 33 data bytes from pid 1
[peer] uid=3584 found=1 visible=1 dead=1 range=3407m
[accnt] CHANGE at call 4549: aircraft=8 MAX=8 visible=2 dead=7
[dplay] Send 14 bytes pid 4 -> 1 (ok)
[dplay] received 14 data bytes from pid 3
[dplay] received 33 data bytes from pid 1
[dplay] Send 14 bytes pid 4 -> 1 (ok)
[dplay] received 14 data bytes from pid 3
[dplay] received 33 data bytes from pid 1
[dplay] Send 14 bytes pid 4 -> 1 (ok)
[dplay] received 14 data bytes from pid 3
[dplay] received 33 data bytes from pid 1
[dplay] Send 14 bytes pid 4 -> 1 (ok)
[dplay] received 14 data bytes from pid 3
[dplay] received 33 data bytes from pid 1
[dplay] Send 14 bytes pid 4 -> 1 (ok)
[dplay] received 14 data bytes from pid 3
[dplay] received 33 data bytes from pid 1
[dplay] Send 14 bytes pid 4 -> 1 (ok)
[dplay] received 14 data bytes from pid 3
[dplay] received 33 data bytes from pid 1
[peer] uid=3584 found=1 visible=0 dead=1 range=3406m
[accnt] CHANGE at call 4573: aircraft=8 MAX=8 visible=1 dead=7
[dplay] Send 14 bytes pid 4 -> 1 (ok)
[dplay] received 14 data bytes from pid 3
[dplay] received 33 data bytes from pid 1
[peer] uid=3584 found=1 visible=1 dead=1 range=3407m
[accnt] CHANGE at call 4577: aircraft=8 MAX=8 visible=2 dead=7
[agg] StaticTimeProc 49/s  impl=1 host=0 running=1 resync=0 served=0  -> AggregatorGetPackets 0/s
[dplay] Send 14 bytes pid 4 -> 1 (ok)
[dplay] received 14 data bytes from pid 3
[dplay] received 33 data bytes from pid 1
[dplay] Send 14 bytes pid 4 -> 1 (ok)
[dplay] received 14 data bytes from pid 3
[dplay] received 33 data bytes from pid 1
[dplay] Send 14 bytes pid 4 -> 1 (ok)
[dplay] received 14 data bytes from pid 3
[dplay] received 33 data bytes from pid 1
[dplay] Send 14 bytes pid 4 -> 1 (ok)
[dplay] received 14 data bytes from pid 3
[dplay] received 33 data bytes from pid 1
[dplay] Send 14 bytes pid 4 -> 1 (ok)
[dplay] received 14 data bytes from pid 3
[dplay] received 33 data bytes from pid 1
[dplay] Send 14 bytes pid 4 -> 1 (ok)
[dplay] received 19 data bytes from pid 1
[dplay] received 14 data bytes from pid 3
[dplay] Send 14 bytes pid 4 -> 1 (ok)
[dplay] received 33 data bytes from pid 1
[dplay] received 14 data bytes from pid 3
[dplay] Send 14 bytes pid 4 -> 1 (ok)
[dplay] received 33 data bytes from pid 1
[dplay] received 14 data bytes from pid 3
[dplay] Send 14 bytes pid 4 -> 1 (ok)
[dplay] received 14 data bytes from pid 3
[dplay] received 33 data bytes from pid 1
[dplay] Send 14 bytes pid 4 -> 1 (ok)
[dplay] received 14 data bytes from pid 3
[dplay] received 33 data bytes from pid 1
[dplay] Send 14 bytes pid 4 -> 1 (ok)
[dplay] received 14 data bytes from pid 3
[dplay] received 33 data bytes from pid 1
[dplay] Send 14 bytes pid 4 -> 1 (ok)
[dplay] received 14 data bytes from pid 3
[dplay] received 33 data bytes from pid 1
[dplay] Send 14 bytes pid 4 -> 1 (ok)
[dplay] received 14 data bytes from pid 3
[dplay] received 33 data bytes from pid 1
[agg] StaticTimeProc 49/s  impl=1 host=0 running=1 resync=0 served=0  -> AggregatorGetPackets 0/s
[dplay] Send 14 bytes pid 4 -> 1 (ok)
[dplay] received 14 data bytes from pid 3
[dplay] received 33 data bytes from pid 1
[dplay] Send 14 bytes pid 4 -> 1 (ok)
[dplay] received 14 data bytes from pid 3
[dplay] received 33 data bytes from pid 1
[dplay] Send 14 bytes pid 4 -> 1 (ok)
[dplay] received 14 data bytes from pid 3
[dplay] received 33 data bytes from pid 1
[dplay] Send 14 bytes pid 4 -> 1 (ok)
[dplay] received 14 data bytes from pid 3
[dplay] received 33 data bytes from pid 1
[dplay] Send 14 bytes pid 4 -> 1 (ok)
[dplay] received 14 data bytes from pid 3
[dplay] received 33 data bytes from pid 1
[dplay] Send 14 bytes pid 4 -> 1 (ok)
[dplay] received 14 data bytes from pid 3
[dplay] received 33 data bytes from pid 1
[dplay] Send 14 bytes pid 4 -> 1 (ok)
[dplay] received 14 data bytes from pid 3
[dplay] received 33 data bytes from pid 1
[dplay] Send 14 bytes pid 4 -> 1 (ok)
[dplay] received 14 data bytes from pid 3
[dplay] received 33 data bytes from pid 1
[dplay] Send 14 bytes pid 4 -> 1 (ok)
[dplay] received 14 data bytes from pid 3
[dplay] received 33 data bytes from pid 1
[dplay] Send 14 bytes pid 4 -> 1 (ok)
[dplay] received 14 data bytes from pid 3
[dplay] received 33 data bytes from pid 1
[dplay] Send 14 bytes pid 4 -> 1 (ok)
[dplay] received 33 data bytes from pid 1
[dplay] received 14 data bytes from pid 3
[dplay] received 19 data bytes from pid 1
[dplay] Send 14 bytes pid 4 -> 1 (ok)
[dplay] received 14 data bytes from pid 3
[dplay] received 33 data bytes from pid 1
[dplay] Send 14 bytes pid 4 -> 1 (ok)
[agg] StaticTimeProc 50/s  impl=1 host=0 running=1 resync=0 served=0  -> AggregatorGetPackets 0/s
[dplay] received 14 data bytes from pid 3
[dplay] received 33 data bytes from pid 1
[dplay] Send 14 bytes pid 4 -> 1 (ok)
[dplay] received 14 data bytes from pid 3
[dplay] received 33 data bytes from pid 1
[dplay] Send 14 bytes pid 4 -> 1 (ok)
[dplay] received 14 data bytes from pid 3
[dplay] received 33 data bytes from pid 1
[dplay] Send 14 bytes pid 4 -> 1 (ok)
[dplay] received 14 data bytes from pid 3
[dplay] received 33 data bytes from pid 1
[dplay] Send 14 bytes pid 4 -> 1 (ok)
[dplay] received 14 data bytes from pid 3
[dplay] received 33 data bytes from pid 1
[dplay] Send 14 bytes pid 4 -> 1 (ok)
[dplay] received 14 data bytes from pid 3
[dplay] received 33 data bytes from pid 1
[dplay] Send 14 bytes pid 4 -> 1 (ok)
[dplay] received 14 data bytes from pid 3
[dplay] received 33 data bytes from pid 1
[dplay] Send 14 bytes pid 4 -> 1 (ok)
[dplay] received 14 data bytes from pid 3
[dplay] received 33 data bytes from pid 1
[dplay] Send 14 bytes pid 4 -> 1 (ok)
[dplay] received 14 data bytes from pid 3
[dplay] received 33 data bytes from pid 1
[dplay] Send 14 bytes pid 4 -> 1 (ok)
[dplay] received 14 data bytes from pid 3
[dplay] received 33 data bytes from pid 1
[dplay] Send 14 bytes pid 4 -> 1 (ok)
[dplay] received 14 data bytes from pid 3
[dplay] received 33 data bytes from pid 1
[dplay] Send 14 bytes pid 4 -> 1 (ok)
[dplay] received 14 data bytes from pid 3
[dplay] received 33 data bytes from pid 1
[dplay] Send 14 bytes pid 4 -> 1 (ok)
[dplay] received 14 data bytes from pid 3
[dplay] received 33 data bytes from pid 1
[agg] StaticTimeProc 49/s  impl=1 host=0 running=1 resync=0 served=0  -> AggregatorGetPackets 0/s
[dplay] Send 14 bytes pid 4 -> 1 (ok)
[dplay] received 14 data bytes from pid 3
[dplay] received 33 data bytes from pid 1
[dplay] Send 14 bytes pid 4 -> 1 (ok)
[dplay] received 14 data bytes from pid 3
[dplay] received 33 data bytes from pid 1
[dplay] Send 14 bytes pid 4 -> 1 (ok)
[dplay] received 14 data bytes from pid 3
[dplay] received 33 data bytes from pid 1
[dplay] pump #778000 (host=0) -- discovery is answered only from here
[dplay] Send 14 bytes pid 4 -> 1 (ok)
[dplay] received 14 data bytes from pid 3
[dplay] received 33 data bytes from pid 1
[dplay] Send 14 bytes pid 4 -> 1 (ok)
[dplay] received 14 data bytes from pid 3
[dplay] received 33 data bytes from pid 1
[dplay] Send 14 bytes pid 4 -> 1 (ok)
[dplay] received 14 data bytes from pid 3
[dplay] received 33 data bytes from pid 1
[dplay] Send 14 bytes pid 4 -> 1 (ok)
[dplay] received 14 data bytes from pid 3
[dplay] received 33 data bytes from pid 1
[dplay] Send 14 bytes pid 4 -> 1 (ok)
[dplay] received 14 data bytes from pid 3
[dplay] received 33 data bytes from pid 1
[dplay] Send 14 bytes pid 4 -> 1 (ok)
[dplay] received 14 data bytes from pid 3
[dplay] received 33 data bytes from pid 1
[dplay] Send 14 bytes pid 4 -> 1 (ok)
[dplay] received 14 data bytes from pid 3
[dplay] received 33 data bytes from pid 1
[dplay] Send 14 bytes pid 4 -> 1 (ok)
[dplay] received 14 data bytes from pid 3
[dplay] received 33 data bytes from pid 1
[dplay] Send 14 bytes pid 4 -> 1 (ok)
[dplay] received 14 data bytes from pid 3
[dplay] received 33 data bytes from pid 1
[agg] StaticTimeProc 49/s  impl=1 host=0 running=1 resync=0 served=0  -> AggregatorGetPackets 0/s
[dplay] Send 14 bytes pid 4 -> 1 (ok)
[dplay] received 14 data bytes from pid 3
[dplay] received 33 data bytes from pid 1
[dplay] Send 14 bytes pid 4 -> 1 (ok)
[dplay] received 14 data bytes from pid 3
[dplay] received 33 data bytes from pid 1
[dplay] Send 14 bytes pid 4 -> 1 (ok)
[dplay] received 14 data bytes from pid 3
[dplay] received 33 data bytes from pid 1
[dplay] Send 14 bytes pid 4 -> 1 (ok)
[dplay] received 14 data bytes from pid 3
[dplay] received 33 data bytes from pid 1
[dplay] Send 14 bytes pid 4 -> 1 (ok)
[dplay] received 14 data bytes from pid 3
[dplay] received 33 data bytes from pid 1
[dplay] Send 14 bytes pid 4 -> 1 (ok)
[dplay] received 14 data bytes from pid 3
[dplay] received 33 data bytes from pid 1
[accnt] aircraft in this world: now=8 MAX=8 visible=2 dead=7 (frame sample #8)
[dplay] Send 14 bytes pid 4 -> 1 (ok)
[dplay] received 14 data bytes from pid 3
[dplay] received 33 data bytes from pid 1
[dplay] Send 14 bytes pid 4 -> 1 (ok)
[dplay] received 14 data bytes from pid 3
[dplay] received 33 data bytes from pid 1
[dplay] Send 14 bytes pid 4 -> 1 (ok)
[dplay] received 14 data bytes from pid 3
[dplay] received 33 data bytes from pid 1
[dplay] Send 14 bytes pid 4 -> 1 (ok)
[dplay] received 14 data bytes from pid 3
[dplay] received 33 data bytes from pid 1
[dplay] Send 14 bytes pid 4 -> 1 (ok)
[dplay] received 14 data bytes from pid 3
[dplay] received 33 data bytes from pid 1
[dplay] Send 14 bytes pid 4 -> 1 (ok)
[dplay] received 14 data bytes from pid 3
[dplay] received 33 data bytes from pid 1
[dplay] Send 14 bytes pid 4 -> 1 (ok)
[dplay] received 14 data bytes from pid 3
[dplay] received 33 data bytes from pid 1
[agg] StaticTimeProc 49/s  impl=1 host=0 running=1 resync=0 served=0  -> AggregatorGetPackets 0/s
[dplay] Send 14 bytes pid 4 -> 1 (ok)
[dplay] received 14 data bytes from pid 3
[dplay] received 33 data bytes from pid 1
[dplay] Send 14 bytes pid 4 -> 1 (ok)
[dplay] received 14 data bytes from pid 3
[dplay] received 33 data bytes from pid 1
[dplay] Send 14 bytes pid 4 -> 1 (ok)
[dplay] received 14 data bytes from pid 3
[dplay] received 33 data bytes from pid 1
[dplay] Send 14 bytes pid 4 -> 1 (ok)
[dplay] received 14 data bytes from pid 3
[dplay] received 33 data bytes from pid 1
[dplay] Send 14 bytes pid 4 -> 1 (ok)
[dplay] received 14 data bytes from pid 3
[dplay] received 33 data bytes from pid 1
[dplay] Send 14 bytes pid 4 -> 1 (ok)
[dplay] received 14 data bytes from pid 3
[dplay] received 33 data bytes from pid 1
[dplay] Send 14 bytes pid 4 -> 1 (ok)
[dplay] received 14 data bytes from pid 3
[dplay] received 33 data bytes from pid 1
[dplay] Send 14 bytes pid 4 -> 1 (ok)
[dplay] received 14 data bytes from pid 3
[dplay] received 33 data bytes from pid 1
[dplay] Send 14 bytes pid 4 -> 1 (ok)
[dplay] received 14 data bytes from pid 3
[dplay] received 33 data bytes from pid 1
[dplay] Send 14 bytes pid 4 -> 1 (ok)
[dplay] received 14 data bytes from pid 3
[dplay] received 33 data bytes from pid 1
[dplay] Send 14 bytes pid 4 -> 1 (ok)
[dplay] received 14 data bytes from pid 3
[dplay] received 33 data bytes from pid 1
[dplay] Send 14 bytes pid 4 -> 1 (ok)
[dplay] received 14 data bytes from pid 3
[dplay] received 33 data bytes from pid 1
[agg] StaticTimeProc 49/s  impl=1 host=0 running=1 resync=0 served=0  -> AggregatorGetPackets 0/s
[dplay] Send 14 bytes pid 4 -> 1 (ok)
[dplay] received 14 data bytes from pid 3
[dplay] received 33 data bytes from pid 1
[dplay] Send 14 bytes pid 4 -> 1 (ok)
[dplay] received 14 data bytes from pid 3
[dplay] received 33 data bytes from pid 1
[dplay] Send 14 bytes pid 4 -> 1 (ok)
[dplay] received 14 data bytes from pid 3
[dplay] received 33 data bytes from pid 1
[dplay] Send 14 bytes pid 4 -> 1 (ok)
[dplay] received 14 data bytes from pid 3
[dplay] received 33 data bytes from pid 1
[dplay] Send 14 bytes pid 4 -> 1 (ok)
[dplay] received 14 data bytes from pid 3
[dplay] received 33 data bytes from pid 1
[dplay] Send 14 bytes pid 4 -> 1 (ok)
[dplay] received 14 data bytes from pid 3
[dplay] received 33 data bytes from pid 1
[dplay] Send 14 bytes pid 4 -> 1 (ok)
[dplay] received 14 data bytes from pid 3
[dplay] received 33 data bytes from pid 1
[dplay] Send 14 bytes pid 4 -> 1 (ok)
[dplay] received 14 data bytes from pid 3
[dplay] received 33 data bytes from pid 1
[dplay] Send 14 bytes pid 4 -> 1 (ok)
[dplay] received 14 data bytes from pid 3
[dplay] received 33 data bytes from pid 1
[dplay] Send 14 bytes pid 4 -> 1 (ok)
[dplay] received 14 data bytes from pid 3
[dplay] received 33 data bytes from pid 1
[dplay] Send 14 bytes pid 4 -> 1 (ok)
[dplay] received 14 data bytes from pid 3
[dplay] received 33 data bytes from pid 1
[dplay] Send 14 bytes pid 4 -> 1 (ok)
[dplay] received 14 data bytes from pid 3
[dplay] received 33 data bytes from pid 1
[dplay] Send 14 bytes pid 4 -> 1 (ok)
[dplay] received 14 data bytes from pid 3
[dplay] received 33 data bytes from pid 1
[agg] StaticTimeProc 50/s  impl=1 host=0 running=1 resync=0 served=0  -> AggregatorGetPackets 0/s
[dplay] Send 14 bytes pid 4 -> 1 (ok)
[dplay] received 14 data bytes from pid 3
[dplay] received 33 data bytes from pid 1
[dplay] Send 14 bytes pid 4 -> 1 (ok)
[dplay] received 14 data bytes from pid 3
[dplay] received 33 data bytes from pid 1
[dplay] Send 14 bytes pid 4 -> 1 (ok)
[dplay] received 14 data bytes from pid 3
[dplay] received 33 data bytes from pid 1
[dplay] Send 14 bytes pid 4 -> 1 (ok)
[dplay] received 14 data bytes from pid 3
[dplay] received 33 data bytes from pid 1
[dplay] Send 14 bytes pid 4 -> 1 (ok)
[dplay] received 14 data bytes from pid 3
[dplay] received 33 data bytes from pid 1
[dplay] Send 14 bytes pid 4 -> 1 (ok)
[dplay] received 14 data bytes from pid 3
[dplay] received 33 data bytes from pid 1
[dplay] Send 14 bytes pid 4 -> 1 (ok)
[dplay] received 14 data bytes from pid 3
[dplay] received 33 data bytes from pid 1
[dplay] Send 14 bytes pid 4 -> 1 (ok)
[dplay] received 14 data bytes from pid 3
[dplay] received 33 data bytes from pid 1
[dplay] Send 14 bytes pid 4 -> 1 (ok)
[dplay] received 14 data bytes from pid 3
[dplay] received 33 data bytes from pid 1
[dplay] Send 14 bytes pid 4 -> 1 (ok)
[dplay] received 14 data bytes from pid 3
[dplay] received 33 data bytes from pid 1
[dplay] Send 14 bytes pid 4 -> 1 (ok)
[dplay] received 14 data bytes from pid 3
[dplay] received 33 data bytes from pid 1
[dplay] Send 14 bytes pid 4 -> 1 (ok)
[dplay] received 14 data bytes from pid 3
[dplay] received 33 data bytes from pid 1
[agg] StaticTimeProc 49/s  impl=1 host=0 running=1 resync=0 served=0  -> AggregatorGetPackets 0/s
[dplay] Send 14 bytes pid 4 -> 1 (ok)
[dplay] received 14 data bytes from pid 3
[dplay] received 33 data bytes from pid 1
[dplay] Send 14 bytes pid 4 -> 1 (ok)
[dplay] received 14 data bytes from pid 3
[dplay] received 33 data bytes from pid 1
[dplay] Send 14 bytes pid 4 -> 1 (ok)
[dplay] received 14 data bytes from pid 3
[dplay] received 33 data bytes from pid 1
[dplay] Send 14 bytes pid 4 -> 1 (ok)
[dplay] received 14 data bytes from pid 3
[dplay] received 33 data bytes from pid 1
[dplay] Send 14 bytes pid 4 -> 1 (ok)
[dplay] received 14 data bytes from pid 3
[dplay] received 33 data bytes from pid 1
[dplay] Send 14 bytes pid 4 -> 1 (ok)
[dplay] received 14 data bytes from pid 3
[dplay] received 33 data bytes from pid 1
[dplay] Send 14 bytes pid 4 -> 1 (ok)
[dplay] received 14 data bytes from pid 3
[dplay] received 33 data bytes from pid 1
[dplay] Send 14 bytes pid 4 -> 1 (ok)
[dplay] received 14 data bytes from pid 3
[dplay] received 33 data bytes from pid 1
[dplay] Send 14 bytes pid 4 -> 1 (ok)
[dplay] received 14 data bytes from pid 3
[dplay] received 33 data bytes from pid 1
[dplay] Send 14 bytes pid 4 -> 1 (ok)
[dplay] received 14 data bytes from pid 3
[dplay] received 33 data bytes from pid 1
[dplay] Send 14 bytes pid 4 -> 1 (ok)
[dplay] received 14 data bytes from pid 3
[dplay] received 33 data bytes from pid 1
[dplay] Send 14 bytes pid 4 -> 1 (ok)
[dplay] received 14 data bytes from pid 3
[dplay] received 33 data bytes from pid 1
[dplay] pump #778500 (host=0) -- discovery is answered only from here
[dplay] Send 14 bytes pid 4 -> 1 (ok)
[dplay] received 14 data bytes from pid 3
[dplay] received 33 data bytes from pid 1
[agg] StaticTimeProc 49/s  impl=1 host=0 running=1 resync=0 served=0  -> AggregatorGetPackets 0/s
[dplay] Send 14 bytes pid 4 -> 1 (ok)
[dplay] received 14 data bytes from pid 3
[dplay] received 33 data bytes from pid 1
[dplay] Send 14 bytes pid 4 -> 1 (ok)
[dplay] received 14 data bytes from pid 3
[dplay] received 33 data bytes from pid 1
[dplay] Send 14 bytes pid 4 -> 1 (ok)
[dplay] received 14 data bytes from pid 3
[dplay] received 33 data bytes from pid 1
[dplay] Send 14 bytes pid 4 -> 1 (ok)
[dplay] received 14 data bytes from pid 3
[dplay] received 33 data bytes from pid 1
[dplay] Send 14 bytes pid 4 -> 1 (ok)
[dplay] received 14 data bytes from pid 3
[dplay] received 33 data bytes from pid 1
[dplay] Send 14 bytes pid 4 -> 1 (ok)
[dplay] received 14 data bytes from pid 3
[dplay] received 33 data bytes from pid 1
[dplay] Send 14 bytes pid 4 -> 1 (ok)
[dplay] received 14 data bytes from pid 3
[dplay] received 33 data bytes from pid 1
[dplay] Send 14 bytes pid 4 -> 1 (ok)
[dplay] received 14 data bytes from pid 3
[dplay] received 33 data bytes from pid 1
[dplay] Send 14 bytes pid 4 -> 1 (ok)
[dplay] received 14 data bytes from pid 3
[dplay] received 33 data bytes from pid 1
[dplay] Send 14 bytes pid 4 -> 1 (ok)
[dplay] received 14 data bytes from pid 3
[dplay] received 33 data bytes from pid 1
[dplay] Send 14 bytes pid 4 -> 1 (ok)
[dplay] received 14 data bytes from pid 3
[dplay] received 33 data bytes from pid 1
[dplay] Send 14 bytes pid 4 -> 1 (ok)
[dplay] received 14 data bytes from pid 3
[dplay] received 33 data bytes from pid 1
[dplay] Send 14 bytes pid 4 -> 1 (ok)
[agg] StaticTimeProc 50/s  impl=1 host=0 running=1 resync=0 served=0  -> AggregatorGetPackets 0/s
[dplay] received 14 data bytes from pid 3
[dplay] received 33 data bytes from pid 1
[dplay] Send 14 bytes pid 4 -> 1 (ok)
[dplay] received 14 data bytes from pid 3
[dplay] received 33 data bytes from pid 1
[dplay] Send 14 bytes pid 4 -> 1 (ok)
[dplay] received 14 data bytes from pid 3
[dplay] received 33 data bytes from pid 1
[dplay] Send 14 bytes pid 4 -> 1 (ok)
[dplay] received 14 data bytes from pid 3
[dplay] received 33 data bytes from pid 1
[dplay] Send 14 bytes pid 4 -> 1 (ok)
[dplay] received 19 data bytes from pid 1
[dplay] received 14 data bytes from pid 3
[dplay] Send 14 bytes pid 4 -> 1 (ok)
[dplay] received 33 data bytes from pid 1
[dplay] received 14 data bytes from pid 3
[dplay] Send 14 bytes pid 4 -> 1 (ok)
[dplay] received 14 data bytes from pid 3
[dplay] received 33 data bytes from pid 1
[dplay] Send 14 bytes pid 4 -> 1 (ok)
[dplay] received 14 data bytes from pid 3
[dplay] received 33 data bytes from pid 1
[dplay] Send 14 bytes pid 4 -> 1 (ok)
[dplay] received 14 data bytes from pid 3
[dplay] received 33 data bytes from pid 1
[dplay] Send 14 bytes pid 4 -> 1 (ok)
[dplay] received 14 data bytes from pid 3
[dplay] received 33 data bytes from pid 1
[dplay] Send 14 bytes pid 4 -> 1 (ok)
[dplay] received 14 data bytes from pid 3
[dplay] received 33 data bytes from pid 1
[dplay] Send 14 bytes pid 4 -> 1 (ok)
[dplay] received 14 data bytes from pid 3
[dplay] received 33 data bytes from pid 1
[self] uid=3585 visible=0 dead=1
[accnt] CHANGE at call 5127: aircraft=8 MAX=8 visible=1 dead=8
[dplay] Send 14 bytes pid 4 -> 1 (ok)
[dplay] received 14 data bytes from pid 3
[dplay] received 33 data bytes from pid 1
[agg] StaticTimeProc 49/s  impl=1 host=0 running=1 resync=0 served=0  -> AggregatorGetPackets 0/s
[dplay] Send 14 bytes pid 4 -> 1 (ok)
[dplay] received 14 data bytes from pid 3
[dplay] received 33 data bytes from pid 1
[dplay] Send 14 bytes pid 4 -> 1 (ok)
[dplay] received 14 data bytes from pid 3
[dplay] received 33 data bytes from pid 1
[dplay] Send 14 bytes pid 4 -> 1 (ok)
[dplay] received 14 data bytes from pid 3
[dplay] received 33 data bytes from pid 1
[dplay] Send 14 bytes pid 4 -> 1 (ok)
[dplay] received 14 data bytes from pid 3
[dplay] received 33 data bytes from pid 1
[dplay] Send 14 bytes pid 4 -> 1 (ok)
[dplay] received 14 data bytes from pid 3
[dplay] received 33 data bytes from pid 1
[dplay] Send 14 bytes pid 4 -> 1 (ok)
[dplay] received 14 data bytes from pid 3
[dplay] received 33 data bytes from pid 1
[dplay] Send 14 bytes pid 4 -> 1 (ok)
[dplay] received 14 data bytes from pid 3
[dplay] received 33 data bytes from pid 1
[dplay] Send 14 bytes pid 4 -> 1 (ok)
[dplay] received 33 data bytes from pid 1
[dplay] received 14 data bytes from pid 3
[self] uid=3585 visible=1 dead=1
[accnt] CHANGE at call 5160: aircraft=8 MAX=8 visible=2 dead=8
[dplay] received 19 data bytes from pid 1
[dplay] Send 14 bytes pid 4 -> 1 (ok)
[dplay] received 14 data bytes from pid 3
[dplay] received 33 data bytes from pid 1
[dplay] Send 14 bytes pid 4 -> 1 (ok)
[dplay] received 14 data bytes from pid 3
[dplay] received 33 data bytes from pid 1
[dplay] Send 14 bytes pid 4 -> 1 (ok)
[dplay] received 14 data bytes from pid 3
[dplay] received 33 data bytes from pid 1
[dplay] Send 14 bytes pid 4 -> 1 (ok)
[dplay] received 14 data bytes from pid 3
[dplay] received 33 data bytes from pid 1
[agg] StaticTimeProc 49/s  impl=1 host=0 running=1 resync=0 served=0  -> AggregatorGetPackets 0/s
[dplay] Send 14 bytes pid 4 -> 1 (ok)
[dplay] received 14 data bytes from pid 3
[dplay] received 33 data bytes from pid 1
[dplay] Send 14 bytes pid 4 -> 1 (ok)
[dplay] received 14 data bytes from pid 3
[dplay] received 33 data bytes from pid 1
[dplay] Send 14 bytes pid 4 -> 1 (ok)
[dplay] received 14 data bytes from pid 3
[dplay] received 33 data bytes from pid 1
[dplay] Send 14 bytes pid 4 -> 1 (ok)
[dplay] received 14 data bytes from pid 3
[dplay] received 33 data bytes from pid 1
[dplay] Send 14 bytes pid 4 -> 1 (ok)
[dplay] received 14 data bytes from pid 3
[dplay] received 33 data bytes from pid 1
[dplay] Send 14 bytes pid 4 -> 1 (ok)
[dplay] received 14 data bytes from pid 3
[dplay] received 33 data bytes from pid 1
[dplay] Send 14 bytes pid 4 -> 1 (ok)
[dplay] received 14 data bytes from pid 3
[dplay] received 33 data bytes from pid 1
[dplay] Send 14 bytes pid 4 -> 1 (ok)
[dplay] received 14 data bytes from pid 3
[dplay] received 33 data bytes from pid 1
[dplay] Send 14 bytes pid 4 -> 1 (ok)
[dplay] received 14 data bytes from pid 3
[dplay] received 33 data bytes from pid 1
[dplay] Send 14 bytes pid 4 -> 1 (ok)
[dplay] received 14 data bytes from pid 3
[dplay] received 33 data bytes from pid 1
[dplay] Send 14 bytes pid 4 -> 1 (ok)
[dplay] received 14 data bytes from pid 3
[dplay] received 33 data bytes from pid 1
[dplay] Send 14 bytes pid 4 -> 1 (ok)
[dplay] received 14 data bytes from pid 3
[dplay] received 33 data bytes from pid 1
[dplay] Send 14 bytes pid 4 -> 1 (ok)
[dplay] received 14 data bytes from pid 3
[dplay] received 33 data bytes from pid 1
[agg] StaticTimeProc 49/s  impl=1 host=0 running=1 resync=0 served=0  -> AggregatorGetPackets 0/s
[dplay] Send 14 bytes pid 4 -> 1 (ok)
[dplay] received 14 data bytes from pid 3
[dplay] received 33 data bytes from pid 1
[dplay] Send 14 bytes pid 4 -> 1 (ok)
[dplay] received 14 data bytes from pid 3
[dplay] received 33 data bytes from pid 1
[dplay] Send 14 bytes pid 4 -> 1 (ok)
[dplay] received 14 data bytes from pid 3
[dplay] received 33 data bytes from pid 1
[dplay] Send 14 bytes pid 4 -> 1 (ok)
[dplay] received 14 data bytes from pid 3
[dplay] received 33 data bytes from pid 1
[dplay] Send 14 bytes pid 4 -> 1 (ok)
[dplay] received 14 data bytes from pid 3
[dplay] received 33 data bytes from pid 1
[dplay] Send 14 bytes pid 4 -> 1 (ok)
[dplay] received 14 data bytes from pid 3
[dplay] received 33 data bytes from pid 1
[dplay] Send 14 bytes pid 4 -> 1 (ok)
[dplay] received 14 data bytes from pid 3
[dplay] received 33 data bytes from pid 1
[dplay] Send 14 bytes pid 4 -> 1 (ok)
[dplay] received 14 data bytes from pid 3
[dplay] received 33 data bytes from pid 1
[dplay] Send 14 bytes pid 4 -> 1 (ok)
[dplay] received 14 data bytes from pid 3
[dplay] received 33 data bytes from pid 1
[dplay] Send 14 bytes pid 4 -> 1 (ok)
[dplay] received 14 data bytes from pid 3
[dplay] received 33 data bytes from pid 1
[dplay] Send 14 bytes pid 4 -> 1 (ok)
[dplay] received 14 data bytes from pid 3
[dplay] received 33 data bytes from pid 1
[dplay] Send 14 bytes pid 4 -> 1 (ok)
[dplay] received 14 data bytes from pid 3
[dplay] received 33 data bytes from pid 1
[agg] StaticTimeProc 49/s  impl=1 host=0 running=1 resync=0 served=0  -> AggregatorGetPackets 0/s
[dplay] Send 14 bytes pid 4 -> 1 (ok)
[dplay] received 14 data bytes from pid 3
[dplay] received 33 data bytes from pid 1
[dplay] Send 14 bytes pid 4 -> 1 (ok)
[dplay] received 14 data bytes from pid 3
[dplay] received 33 data bytes from pid 1
[dplay] Send 14 bytes pid 4 -> 1 (ok)
[dplay] received 14 data bytes from pid 3
[dplay] received 33 data bytes from pid 1
[dplay] Send 14 bytes pid 4 -> 1 (ok)
[dplay] received 14 data bytes from pid 3
[dplay] received 33 data bytes from pid 1
[dplay] Send 14 bytes pid 4 -> 1 (ok)
[dplay] received 14 data bytes from pid 3
[dplay] received 33 data bytes from pid 1
[dplay] Send 14 bytes pid 4 -> 1 (ok)
[dplay] received 14 data bytes from pid 3
[dplay] received 33 data bytes from pid 1
[dplay] Send 14 bytes pid 4 -> 1 (ok)
[dplay] received 14 data bytes from pid 3
[dplay] received 33 data bytes from pid 1
[dplay] Send 14 bytes pid 4 -> 1 (ok)
[dplay] received 14 data bytes from pid 3
[dplay] received 33 data bytes from pid 1
[dplay] Send 14 bytes pid 4 -> 1 (ok)
[dplay] received 14 data bytes from pid 3
[dplay] received 33 data bytes from pid 1
[dplay] pump #779000 (host=0) -- discovery is answered only from here
[dplay] Send 14 bytes pid 4 -> 1 (ok)
[dplay] received 14 data bytes from pid 3
[dplay] received 33 data bytes from pid 1
[dplay] Send 14 bytes pid 4 -> 1 (ok)
[dplay] received 14 data bytes from pid 3
[dplay] received 33 data bytes from pid 1
[dplay] Send 14 bytes pid 4 -> 1 (ok)
[dplay] received 14 data bytes from pid 3
[dplay] received 33 data bytes from pid 1
[dplay] Send 14 bytes pid 4 -> 1 (ok)
[dplay] received 14 data bytes from pid 3
[dplay] received 33 data bytes from pid 1
[agg] StaticTimeProc 50/s  impl=1 host=0 running=1 resync=0 served=0  -> AggregatorGetPackets 0/s
[dplay] Send 14 bytes pid 4 -> 1 (ok)
[dplay] received 14 data bytes from pid 3
[dplay] received 33 data bytes from pid 1
[dplay] Send 14 bytes pid 4 -> 1 (ok)
[dplay] received 14 data bytes from pid 3
[dplay] received 33 data bytes from pid 1
[dplay] Send 14 bytes pid 4 -> 1 (ok)
[dplay] received 19 data bytes from pid 1
[dplay] received 14 data bytes from pid 3
[dplay] Send 14 bytes pid 4 -> 1 (ok)
[dplay] received 14 data bytes from pid 3
[dplay] received 33 data bytes from pid 1
[dplay] Send 14 bytes pid 4 -> 1 (ok)
[dplay] received 14 data bytes from pid 3
[dplay] received 33 data bytes from pid 1
[dplay] Send 14 bytes pid 4 -> 1 (ok)
[dplay] received 14 data bytes from pid 3
[dplay] received 33 data bytes from pid 1
[dplay] Send 14 bytes pid 4 -> 1 (ok)
[dplay] received 14 data bytes from pid 3
[dplay] received 33 data bytes from pid 1
[dplay] Send 14 bytes pid 4 -> 1 (ok)
[dplay] received 14 data bytes from pid 3
[dplay] received 33 data bytes from pid 1
[dplay] Send 14 bytes pid 4 -> 1 (ok)
[dplay] received 14 data bytes from pid 3
[dplay] received 33 data bytes from pid 1
[dplay] Send 14 bytes pid 4 -> 1 (ok)
[dplay] received 14 data bytes from pid 3
[dplay] received 33 data bytes from pid 1
[dplay] Send 14 bytes pid 4 -> 1 (ok)
[dplay] received 14 data bytes from pid 3
[dplay] received 33 data bytes from pid 1
[dplay] Send 14 bytes pid 4 -> 1 (ok)
[dplay] received 14 data bytes from pid 3
[dplay] received 33 data bytes from pid 1
[agg] StaticTimeProc 49/s  impl=1 host=0 running=1 resync=0 served=0  -> AggregatorGetPackets 0/s
[dplay] Send 14 bytes pid 4 -> 1 (ok)
[dplay] received 14 data bytes from pid 3
[dplay] received 33 data bytes from pid 1
[self] uid=3585 visible=1 dead=0
[accnt] CHANGE at call 5380: aircraft=8 MAX=8 visible=2 dead=7
[dplay] Send 14 bytes pid 4 -> 1 (ok)
[dplay] received 33 data bytes from pid 1
[dplay] received 14 data bytes from pid 3
[dplay] received 19 data bytes from pid 1
[dplay] Send 14 bytes pid 4 -> 1 (ok)
[dplay] received 14 data bytes from pid 3
[dplay] received 33 data bytes from pid 1
[dplay] Send 14 bytes pid 4 -> 1 (ok)
[dplay] received 14 data bytes from pid 3
[dplay] received 33 data bytes from pid 1
[dplay] Send 14 bytes pid 4 -> 1 (ok)
[dplay] received 14 data bytes from pid 3
[dplay] received 33 data bytes from pid 1
[dplay] Send 14 bytes pid 4 -> 1 (ok)
[dplay] received 14 data bytes from pid 3
[dplay] received 33 data bytes from pid 1
[accnt] aircraft in this world: now=8 MAX=8 visible=2 dead=7 (frame sample #9)
[dplay] Send 14 bytes pid 4 -> 1 (ok)
[dplay] received 14 data bytes from pid 3
[dplay] received 33 data bytes from pid 1
[dplay] Send 14 bytes pid 4 -> 1 (ok)
[dplay] received 14 data bytes from pid 3
[dplay] received 33 data bytes from pid 1
[dplay] Send 14 bytes pid 4 -> 1 (ok)
[dplay] received 14 data bytes from pid 3
[dplay] received 33 data bytes from pid 1
[dplay] Send 14 bytes pid 4 -> 1 (ok)
[dplay] received 14 data bytes from pid 3
[dplay] received 33 data bytes from pid 1
[dplay] Send 14 bytes pid 4 -> 1 (ok)
[dplay] received 14 data bytes from pid 3
[dplay] received 33 data bytes from pid 1
[dplay] Send 14 bytes pid 4 -> 1 (ok)
[dplay] received 14 data bytes from pid 3
[dplay] received 33 data bytes from pid 1
[dplay] Send 14 bytes pid 4 -> 1 (ok)
[dplay] received 14 data bytes from pid 3
[dplay] received 33 data bytes from pid 1
[agg] StaticTimeProc 49/s  impl=1 host=0 running=1 resync=0 served=0  -> AggregatorGetPackets 0/s
[dplay] Send 14 bytes pid 4 -> 1 (ok)
[dplay] received 14 data bytes from pid 3
[dplay] received 33 data bytes from pid 1
[dplay] Send 14 bytes pid 4 -> 1 (ok)
[dplay] received 14 data bytes from pid 3
[dplay] received 33 data bytes from pid 1
[dplay] Send 14 bytes pid 4 -> 1 (ok)
[dplay] received 14 data bytes from pid 3
[dplay] received 33 data bytes from pid 1
[dplay] Send 14 bytes pid 4 -> 1 (ok)
[dplay] received 14 data bytes from pid 3
[dplay] received 33 data bytes from pid 1
[dplay] Send 14 bytes pid 4 -> 1 (ok)
[dplay] received 14 data bytes from pid 3
[dplay] received 33 data bytes from pid 1
[dplay] Send 14 bytes pid 4 -> 1 (ok)
[dplay] received 14 data bytes from pid 3
[dplay] received 33 data bytes from pid 1
[dplay] Send 14 bytes pid 4 -> 1 (ok)
[dplay] received 14 data bytes from pid 3
[dplay] received 33 data bytes from pid 1
[dplay] Send 14 bytes pid 4 -> 1 (ok)
[dplay] received 14 data bytes from pid 3
[dplay] received 33 data bytes from pid 1
[dplay] Send 14 bytes pid 4 -> 1 (ok)
[dplay] received 14 data bytes from pid 3
[dplay] received 33 data bytes from pid 1
[dplay] Send 14 bytes pid 4 -> 1 (ok)
[dplay] received 14 data bytes from pid 3
[dplay] received 33 data bytes from pid 1
[dplay] Send 14 bytes pid 4 -> 1 (ok)
[dplay] received 14 data bytes from pid 3
[dplay] received 33 data bytes from pid 1
[dplay] Send 14 bytes pid 4 -> 1 (ok)
[dplay] received 14 data bytes from pid 3
[dplay] received 33 data bytes from pid 1
[agg] StaticTimeProc 49/s  impl=1 host=0 running=1 resync=0 served=0  -> AggregatorGetPackets 0/s
[dplay] Send 14 bytes pid 4 -> 1 (ok)
[dplay] received 14 data bytes from pid 3
[dplay] received 33 data bytes from pid 1
[dplay] Send 14 bytes pid 4 -> 1 (ok)
[dplay] received 14 data bytes from pid 3
[dplay] received 33 data bytes from pid 1
[dplay] Send 14 bytes pid 4 -> 1 (ok)
[dplay] received 14 data bytes from pid 3
[dplay] received 33 data bytes from pid 1
[dplay] Send 14 bytes pid 4 -> 1 (ok)
[dplay] received 14 data bytes from pid 3
[dplay] received 33 data bytes from pid 1
[dplay] Send 14 bytes pid 4 -> 1 (ok)
[dplay] received 14 data bytes from pid 3
[dplay] received 33 data bytes from pid 1
[dplay] Send 14 bytes pid 4 -> 1 (ok)
[dplay] received 14 data bytes from pid 3
[dplay] received 33 data bytes from pid 1
[dplay] Send 14 bytes pid 4 -> 1 (ok)
[dplay] received 14 data bytes from pid 3
[dplay] received 33 data bytes from pid 1
[dplay] Send 14 bytes pid 4 -> 1 (ok)
[dplay] received 14 data bytes from pid 3
[dplay] received 33 data bytes from pid 1
[dplay] Send 14 bytes pid 4 -> 1 (ok)
[dplay] received 14 data bytes from pid 3
[dplay] received 33 data bytes from pid 1
[dplay] Send 14 bytes pid 4 -> 1 (ok)
[dplay] received 14 data bytes from pid 3
[dplay] received 33 data bytes from pid 1
[dplay] Send 14 bytes pid 4 -> 1 (ok)
[dplay] received 14 data bytes from pid 3
[dplay] received 33 data bytes from pid 1
[dplay] Send 14 bytes pid 4 -> 1 (ok)
[dplay] received 14 data bytes from pid 3
[dplay] received 33 data bytes from pid 1
[dplay] Send 14 bytes pid 4 -> 1 (ok)
[dplay] received 14 data bytes from pid 3
[dplay] received 33 data bytes from pid 1
[agg] StaticTimeProc 50/s  impl=1 host=0 running=1 resync=0 served=0  -> AggregatorGetPackets 0/s
[dplay] Send 14 bytes pid 4 -> 1 (ok)
[dplay] received 14 data bytes from pid 3
[dplay] received 33 data bytes from pid 1
[dplay] Send 14 bytes pid 4 -> 1 (ok)
[dplay] received 14 data bytes from pid 3
[dplay] received 33 data bytes from pid 1
[dplay] Send 14 bytes pid 4 -> 1 (ok)
[dplay] received 14 data bytes from pid 3
[dplay] received 33 data bytes from pid 1
[dplay] Send 14 bytes pid 4 -> 1 (ok)
[dplay] received 14 data bytes from pid 3
[dplay] received 33 data bytes from pid 1
[dplay] Send 14 bytes pid 4 -> 1 (ok)
[dplay] received 14 data bytes from pid 3
[dplay] received 33 data bytes from pid 1
[dplay] Send 14 bytes pid 4 -> 1 (ok)
[dplay] received 14 data bytes from pid 3
[dplay] received 33 data bytes from pid 1
[dplay] Send 14 bytes pid 4 -> 1 (ok)
[dplay] received 14 data bytes from pid 3
[dplay] received 33 data bytes from pid 1
[dplay] Send 14 bytes pid 4 -> 1 (ok)
[dplay] received 14 data bytes from pid 3
[dplay] received 33 data bytes from pid 1
[dplay] Send 14 bytes pid 4 -> 1 (ok)
[dplay] received 14 data bytes from pid 3
[dplay] received 33 data bytes from pid 1
[dplay] Send 14 bytes pid 4 -> 1 (ok)
[dplay] received 19 data bytes from pid 1
[dplay] received 14 data bytes from pid 3
[dplay] Send 14 bytes pid 4 -> 1 (ok)
[dplay] received 33 data bytes from pid 1
[dplay] received 14 data bytes from pid 3
[dplay] Send 14 bytes pid 4 -> 1 (ok)
[dplay] received 14 data bytes from pid 3
[dplay] received 33 data bytes from pid 1
[agg] StaticTimeProc 49/s  impl=1 host=0 running=1 resync=0 served=0  -> AggregatorGetPackets 0/s
[dplay] Send 14 bytes pid 4 -> 1 (ok)
[dplay] received 14 data bytes from pid 3
[dplay] received 33 data bytes from pid 1
[dplay] Send 14 bytes pid 4 -> 1 (ok)
[dplay] received 14 data bytes from pid 3
[dplay] received 33 data bytes from pid 1
[dplay] Send 14 bytes pid 4 -> 1 (ok)
[dplay] received 14 data bytes from pid 3
[dplay] received 33 data bytes from pid 1
[dplay] Send 14 bytes pid 4 -> 1 (ok)
[dplay] received 14 data bytes from pid 3
[dplay] received 33 data bytes from pid 1
[dplay] Send 14 bytes pid 4 -> 1 (ok)
[dplay] received 14 data bytes from pid 3
[dplay] received 33 data bytes from pid 1
[dplay] pump #779500 (host=0) -- discovery is answered only from here
[dplay] Send 14 bytes pid 4 -> 1 (ok)
[dplay] received 14 data bytes from pid 3
[dplay] received 33 data bytes from pid 1
[dplay] Send 14 bytes pid 4 -> 1 (ok)
[dplay] received 14 data bytes from pid 3
[dplay] received 33 data bytes from pid 1
[dplay] Send 14 bytes pid 4 -> 1 (ok)
[dplay] received 14 data bytes from pid 3
[dplay] received 33 data bytes from pid 1
[dplay] Send 14 bytes pid 4 -> 1 (ok)
[dplay] received 14 data bytes from pid 3
[dplay] received 33 data bytes from pid 1
[dplay] Send 14 bytes pid 4 -> 1 (ok)
[dplay] received 14 data bytes from pid 3
[dplay] received 33 data bytes from pid 1
[dplay] Send 14 bytes pid 4 -> 1 (ok)
[dplay] received 14 data bytes from pid 3
[dplay] received 33 data bytes from pid 1
[dplay] Send 14 bytes pid 4 -> 1 (ok)
[dplay] received 33 data bytes from pid 1
[dplay] received 14 data bytes from pid 3
[dplay] received 19 data bytes from pid 1
[dplay] Send 14 bytes pid 4 -> 1 (ok)
[dplay] received 14 data bytes from pid 3
[agg] StaticTimeProc 49/s  impl=1 host=0 running=1 resync=0 served=0  -> AggregatorGetPackets 0/s
[dplay] received 33 data bytes from pid 1
[dplay] Send 14 bytes pid 4 -> 1 (ok)
[dplay] received 14 data bytes from pid 3
[dplay] received 33 data bytes from pid 1
[dplay] Send 14 bytes pid 4 -> 1 (ok)
[dplay] received 14 data bytes from pid 3
[dplay] received 33 data bytes from pid 1
[dplay] Send 14 bytes pid 4 -> 1 (ok)
[dplay] received 14 data bytes from pid 3
[dplay] received 33 data bytes from pid 1
[dplay] Send 14 bytes pid 4 -> 1 (ok)
[dplay] received 14 data bytes from pid 3
[dplay] received 33 data bytes from pid 1
[dplay] Send 14 bytes pid 4 -> 1 (ok)
[dplay] received 14 data bytes from pid 3
[dplay] received 33 data bytes from pid 1
[dplay] Send 14 bytes pid 4 -> 1 (ok)
[dplay] received 14 data bytes from pid 3
[dplay] received 33 data bytes from pid 1
[dplay] Send 14 bytes pid 4 -> 1 (ok)
[dplay] received 14 data bytes from pid 3
[dplay] received 33 data bytes from pid 1
[dplay] Send 14 bytes pid 4 -> 1 (ok)
[dplay] received 14 data bytes from pid 3
[dplay] received 33 data bytes from pid 1
[dplay] Send 14 bytes pid 4 -> 1 (ok)
[dplay] received 14 data bytes from pid 3
[dplay] received 33 data bytes from pid 1
[dplay] Send 14 bytes pid 4 -> 1 (ok)
[dplay] received 14 data bytes from pid 3
[dplay] received 33 data bytes from pid 1
[dplay] Send 14 bytes pid 4 -> 1 (ok)
[dplay] received 14 data bytes from pid 3
[dplay] received 33 data bytes from pid 1
[dplay] Send 14 bytes pid 4 -> 1 (ok)
[dplay] received 14 data bytes from pid 3
[dplay] received 33 data bytes from pid 1
[dplay] Send 14 bytes pid 4 -> 1 (ok)
[agg] StaticTimeProc 50/s  impl=1 host=0 running=1 resync=0 served=0  -> AggregatorGetPackets 0/s
[dplay] received 14 data bytes from pid 3
[dplay] received 33 data bytes from pid 1
[dplay] Send 14 bytes pid 4 -> 1 (ok)
[dplay] received 14 data bytes from pid 3
[dplay] received 33 data bytes from pid 1
[dplay] Send 14 bytes pid 4 -> 1 (ok)
[dplay] received 14 data bytes from pid 3
[dplay] received 33 data bytes from pid 1
[dplay] Send 14 bytes pid 4 -> 1 (ok)
[dplay] received 14 data bytes from pid 3
[dplay] received 33 data bytes from pid 1
[dplay] Send 14 bytes pid 4 -> 1 (ok)
[dplay] received 14 data bytes from pid 3
[dplay] received 33 data bytes from pid 1
[dplay] Send 14 bytes pid 4 -> 1 (ok)
[dplay] received 14 data bytes from pid 3
[dplay] received 33 data bytes from pid 1
[dplay] Send 14 bytes pid 4 -> 1 (ok)
[dplay] received 14 data bytes from pid 3
[dplay] received 33 data bytes from pid 1
[dplay] Send 14 bytes pid 4 -> 1 (ok)
[dplay] received 14 data bytes from pid 3
[dplay] received 33 data bytes from pid 1
[dplay] Send 14 bytes pid 4 -> 1 (ok)
[dplay] received 14 data bytes from pid 3
[dplay] received 33 data bytes from pid 1
[dplay] Send 14 bytes pid 4 -> 1 (ok)
[dplay] received 14 data bytes from pid 3
[dplay] received 33 data bytes from pid 1
[dplay] Send 14 bytes pid 4 -> 1 (ok)
[dplay] received 14 data bytes from pid 3
[dplay] received 33 data bytes from pid 1
[dplay] Send 14 bytes pid 4 -> 1 (ok)
[dplay] received 14 data bytes from pid 3
[dplay] received 33 data bytes from pid 1
[dplay] Send 14 bytes pid 4 -> 1 (ok)
[dplay] received 14 data bytes from pid 3
[dplay] received 33 data bytes from pid 1
[agg] StaticTimeProc 49/s  impl=1 host=0 running=1 resync=0 served=0  -> AggregatorGetPackets 0/s
[dplay] Send 14 bytes pid 4 -> 1 (ok)
[dplay] received 14 data bytes from pid 3
[dplay] received 33 data bytes from pid 1
[dplay] Send 14 bytes pid 4 -> 1 (ok)
[dplay] received 14 data bytes from pid 3
[dplay] received 33 data bytes from pid 1
[dplay] Send 14 bytes pid 4 -> 1 (ok)
[dplay] received 14 data bytes from pid 3
[dplay] received 33 data bytes from pid 1
[dplay] Send 14 bytes pid 4 -> 1 (ok)
[dplay] received 14 data bytes from pid 3
[dplay] received 33 data bytes from pid 1
[dplay] Send 14 bytes pid 4 -> 1 (ok)
[dplay] received 14 data bytes from pid 3
[dplay] received 33 data bytes from pid 1
[dplay] Send 14 bytes pid 4 -> 1 (ok)
[dplay] received 14 data bytes from pid 3
[dplay] received 33 data bytes from pid 1
[dplay] Send 14 bytes pid 4 -> 1 (ok)
[dplay] received 14 data bytes from pid 3
[dplay] received 33 data bytes from pid 1
[dplay] Send 14 bytes pid 4 -> 1 (ok)
[dplay] received 14 data bytes from pid 3
[dplay] received 33 data bytes from pid 1
[dplay] Send 14 bytes pid 4 -> 1 (ok)
[dplay] received 14 data bytes from pid 3
[dplay] received 33 data bytes from pid 1
[dplay] Send 14 bytes pid 4 -> 1 (ok)
[dplay] received 14 data bytes from pid 3
[dplay] received 33 data bytes from pid 1
[dplay] Send 14 bytes pid 4 -> 1 (ok)
[dplay] received 14 data bytes from pid 3
[dplay] received 33 data bytes from pid 1
[dplay] Send 14 bytes pid 4 -> 1 (ok)
[dplay] received 14 data bytes from pid 3
[dplay] received 33 data bytes from pid 1
[agg] StaticTimeProc 49/s  impl=1 host=0 running=1 resync=0 served=0  -> AggregatorGetPackets 0/s
[dplay] Send 14 bytes pid 4 -> 1 (ok)
[dplay] received 14 data bytes from pid 3
[dplay] received 33 data bytes from pid 1
[dplay] Send 14 bytes pid 4 -> 1 (ok)
[dplay] received 14 data bytes from pid 3
[dplay] received 33 data bytes from pid 1
[dplay] Send 14 bytes pid 4 -> 1 (ok)
[dplay] received 14 data bytes from pid 3
[dplay] received 33 data bytes from pid 1
[dplay] Send 14 bytes pid 4 -> 1 (ok)
[dplay] received 14 data bytes from pid 3
[dplay] received 33 data bytes from pid 1
[dplay] Send 14 bytes pid 4 -> 1 (ok)
[dplay] received 14 data bytes from pid 3
[dplay] received 33 data bytes from pid 1
[dplay] Send 14 bytes pid 4 -> 1 (ok)
[dplay] received 14 data bytes from pid 3
[dplay] received 33 data bytes from pid 1
[dplay] Send 14 bytes pid 4 -> 1 (ok)
[dplay] received 14 data bytes from pid 3
[dplay] received 33 data bytes from pid 1
[dplay] Send 14 bytes pid 4 -> 1 (ok)
[dplay] received 14 data bytes from pid 3
[dplay] received 33 data bytes from pid 1
[dplay] Send 14 bytes pid 4 -> 1 (ok)
[dplay] received 14 data bytes from pid 3
[dplay] received 33 data bytes from pid 1
[dplay] Send 14 bytes pid 4 -> 1 (ok)
[dplay] received 19 data bytes from pid 1
[dplay] received 14 data bytes from pid 3
[dplay] Send 14 bytes pid 4 -> 1 (ok)
[dplay] received 33 data bytes from pid 1
[dplay] received 14 data bytes from pid 3
[dplay] Send 14 bytes pid 4 -> 1 (ok)
[dplay] received 33 data bytes from pid 1
[dplay] received 14 data bytes from pid 3
[dplay] Send 14 bytes pid 4 -> 1 (ok)
[dplay] received 14 data bytes from pid 3
[dplay] received 33 data bytes from pid 1
[agg] StaticTimeProc 50/s  impl=1 host=0 running=1 resync=0 served=0  -> AggregatorGetPackets 0/s
[dplay] Send 14 bytes pid 4 -> 1 (ok)
[dplay] received 14 data bytes from pid 3
[dplay] received 33 data bytes from pid 1
[dplay] Send 14 bytes pid 4 -> 1 (ok)
[dplay] received 14 data bytes from pid 3
[dplay] received 33 data bytes from pid 1
[dplay] Send 14 bytes pid 4 -> 1 (ok)
[dplay] received 14 data bytes from pid 3
[dplay] received 33 data bytes from pid 1
[dplay] Send 14 bytes pid 4 -> 1 (ok)
[dplay] received 14 data bytes from pid 3
[dplay] received 33 data bytes from pid 1
[dplay] Send 14 bytes pid 4 -> 1 (ok)
[dplay] received 14 data bytes from pid 3
[dplay] received 33 data bytes from pid 1
[dplay] Send 14 bytes pid 4 -> 1 (ok)
[dplay] received 14 data bytes from pid 3
[dplay] received 33 data bytes from pid 1
[dplay] Send 14 bytes pid 4 -> 1 (ok)
[dplay] received 14 data bytes from pid 3
[dplay] received 33 data bytes from pid 1
[dplay] Send 14 bytes pid 4 -> 1 (ok)
[dplay] received 14 data bytes from pid 3
[dplay] received 33 data bytes from pid 1
[dplay] Send 14 bytes pid 4 -> 1 (ok)
[dplay] received 14 data bytes from pid 3
[dplay] received 33 data bytes from pid 1
[dplay] Send 14 bytes pid 4 -> 1 (ok)
[dplay] received 14 data bytes from pid 3
[dplay] received 33 data bytes from pid 1
[dplay] Send 14 bytes pid 4 -> 1 (ok)
[dplay] received 14 data bytes from pid 3
[dplay] received 33 data bytes from pid 1
[dplay] Send 14 bytes pid 4 -> 1 (ok)
[dplay] received 14 data bytes from pid 3
[dplay] received 33 data bytes from pid 1
[dplay] Send 14 bytes pid 4 -> 1 (ok)
[agg] StaticTimeProc 49/s  impl=1 host=0 running=1 resync=0 served=0  -> AggregatorGetPackets 0/s
[dplay] received 14 data bytes from pid 3
[dplay] received 33 data bytes from pid 1
[dplay] Send 14 bytes pid 4 -> 1 (ok)
[dplay] received 14 data bytes from pid 3
[dplay] pump #780000 (host=0) -- discovery is answered only from here
[dplay] received 33 data bytes from pid 1
[dplay] Send 14 bytes pid 4 -> 1 (ok)
[dplay] received 33 data bytes from pid 1
[dplay] received 14 data bytes from pid 3
[dplay] received 19 data bytes from pid 1
[dplay] Send 14 bytes pid 4 -> 1 (ok)
[dplay] received 14 data bytes from pid 3
[dplay] received 33 data bytes from pid 1
[dplay] Send 14 bytes pid 4 -> 1 (ok)
[dplay] received 14 data bytes from pid 3
[dplay] received 33 data bytes from pid 1
[dplay] Send 14 bytes pid 4 -> 1 (ok)
[dplay] received 14 data bytes from pid 3
[dplay] received 33 data bytes from pid 1
[dplay] Send 14 bytes pid 4 -> 1 (ok)
[dplay] received 14 data bytes from pid 3
[dplay] received 33 data bytes from pid 1
[dplay] Send 14 bytes pid 4 -> 1 (ok)
[dplay] received 14 data bytes from pid 3
[dplay] received 33 data bytes from pid 1
[dplay] Send 14 bytes pid 4 -> 1 (ok)
[dplay] received 14 data bytes from pid 3
[dplay] received 33 data bytes from pid 1
[dplay] Send 14 bytes pid 4 -> 1 (ok)
[dplay] received 14 data bytes from pid 3
[dplay] received 33 data bytes from pid 1
[dplay] Send 14 bytes pid 4 -> 1 (ok)
[dplay] received 14 data bytes from pid 3
[dplay] received 33 data bytes from pid 1
[dplay] Send 14 bytes pid 4 -> 1 (ok)
[dplay] received 14 data bytes from pid 3
[dplay] received 33 data bytes from pid 1
[dplay] Send 14 bytes pid 4 -> 1 (ok)
[dplay] received 14 data bytes from pid 3
[dplay] received 33 data bytes from pid 1
[agg] StaticTimeProc 49/s  impl=1 host=0 running=1 resync=0 served=0  -> AggregatorGetPackets 0/s
[dplay] Send 14 bytes pid 4 -> 1 (ok)
[dplay] received 14 data bytes from pid 3
[dplay] received 33 data bytes from pid 1
[dplay] Send 14 bytes pid 4 -> 1 (ok)
[dplay] received 14 data bytes from pid 3
[dplay] received 33 data bytes from pid 1
[dplay] Send 14 bytes pid 4 -> 1 (ok)
[dplay] received 14 data bytes from pid 3
[dplay] received 33 data bytes from pid 1
[dplay] Send 14 bytes pid 4 -> 1 (ok)
[dplay] received 14 data bytes from pid 3
[dplay] received 33 data bytes from pid 1
[dplay] Send 14 bytes pid 4 -> 1 (ok)
[dplay] received 14 data bytes from pid 3
[dplay] received 33 data bytes from pid 1
[dplay] Send 14 bytes pid 4 -> 1 (ok)
[dplay] received 14 data bytes from pid 3
[dplay] received 33 data bytes from pid 1
[dplay] Send 14 bytes pid 4 -> 1 (ok)
[dplay] received 14 data bytes from pid 3
[dplay] received 33 data bytes from pid 1
[dplay] Send 14 bytes pid 4 -> 1 (ok)
[dplay] received 14 data bytes from pid 3
[dplay] received 33 data bytes from pid 1
[dplay] Send 14 bytes pid 4 -> 1 (ok)
[dplay] received 14 data bytes from pid 3
[dplay] received 33 data bytes from pid 1
[dplay] Send 14 bytes pid 4 -> 1 (ok)
[dplay] received 14 data bytes from pid 3
[dplay] received 33 data bytes from pid 1
[dplay] Send 14 bytes pid 4 -> 1 (ok)
[dplay] received 14 data bytes from pid 3
[dplay] received 33 data bytes from pid 1
[dplay] Send 14 bytes pid 4 -> 1 (ok)
[dplay] received 14 data bytes from pid 3
[dplay] received 33 data bytes from pid 1
[agg] StaticTimeProc 49/s  impl=1 host=0 running=1 resync=0 served=0  -> AggregatorGetPackets 0/s
[dplay] Send 14 bytes pid 4 -> 1 (ok)
[dplay] received 14 data bytes from pid 3
[dplay] received 33 data bytes from pid 1
[dplay] Send 14 bytes pid 4 -> 1 (ok)
[dplay] received 14 data bytes from pid 3
[dplay] received 33 data bytes from pid 1
[dplay] Send 14 bytes pid 4 -> 1 (ok)
[dplay] received 14 data bytes from pid 3
[dplay] received 33 data bytes from pid 1
[dplay] Send 14 bytes pid 4 -> 1 (ok)
[dplay] received 14 data bytes from pid 3
[dplay] received 33 data bytes from pid 1
[dplay] Send 14 bytes pid 4 -> 1 (ok)
[dplay] received 14 data bytes from pid 3
[dplay] received 33 data bytes from pid 1
[dplay] Send 14 bytes pid 4 -> 1 (ok)
[dplay] received 14 data bytes from pid 3
[dplay] received 33 data bytes from pid 1
[accnt] aircraft in this world: now=8 MAX=8 visible=2 dead=7 (frame sample #10)
[dplay] Send 14 bytes pid 4 -> 1 (ok)
[dplay] received 14 data bytes from pid 3
[dplay] received 33 data bytes from pid 1
[dplay] Send 14 bytes pid 4 -> 1 (ok)
[dplay] received 14 data bytes from pid 3
[dplay] received 33 data bytes from pid 1
[dplay] Send 14 bytes pid 4 -> 1 (ok)
[dplay] received 14 data bytes from pid 3
[dplay] received 33 data bytes from pid 1
[dplay] Send 14 bytes pid 4 -> 1 (ok)
[dplay] received 14 data bytes from pid 3
[dplay] received 33 data bytes from pid 1
[dplay] Send 14 bytes pid 4 -> 1 (ok)
[dplay] received 14 data bytes from pid 3
[dplay] received 33 data bytes from pid 1
[dplay] Send 14 bytes pid 4 -> 1 (ok)
[dplay] received 14 data bytes from pid 3
[dplay] received 33 data bytes from pid 1
[dplay] Send 14 bytes pid 4 -> 1 (ok)
[dplay] received 14 data bytes from pid 3
[dplay] received 33 data bytes from pid 1
[agg] StaticTimeProc 50/s  impl=1 host=0 running=1 resync=0 served=0  -> AggregatorGetPackets 0/s
[dplay] Send 14 bytes pid 4 -> 1 (ok)
[dplay] received 14 data bytes from pid 3
[dplay] received 33 data bytes from pid 1
[dplay] Send 14 bytes pid 4 -> 1 (ok)
[dplay] received 14 data bytes from pid 3
[dplay] received 33 data bytes from pid 1
[dplay] Send 14 bytes pid 4 -> 1 (ok)
[dplay] received 14 data bytes from pid 3
[dplay] received 33 data bytes from pid 1
[dplay] Send 14 bytes pid 4 -> 1 (ok)
[dplay] received 14 data bytes from pid 3
[dplay] received 33 data bytes from pid 1
[dplay] Send 14 bytes pid 4 -> 1 (ok)
[dplay] received 14 data bytes from pid 3
[dplay] received 33 data bytes from pid 1
[dplay] Send 14 bytes pid 4 -> 1 (ok)
[dplay] received 14 data bytes from pid 3
[dplay] received 33 data bytes from pid 1
[dplay] Send 14 bytes pid 4 -> 1 (ok)
[dplay] received 14 data bytes from pid 3
[dplay] received 33 data bytes from pid 1
[dplay] Send 14 bytes pid 4 -> 1 (ok)
[dplay] received 19 data bytes from pid 1
[dplay] received 14 data bytes from pid 3
[dplay] Send 14 bytes pid 4 -> 1 (ok)
[dplay] received 33 data bytes from pid 1
[dplay] received 14 data bytes from pid 3
[dplay] Send 14 bytes pid 4 -> 1 (ok)
[dplay] received 14 data bytes from pid 3
[dplay] received 33 data bytes from pid 1
[dplay] Send 14 bytes pid 4 -> 1 (ok)
[dplay] received 14 data bytes from pid 3
[dplay] received 33 data bytes from pid 1
[dplay] Send 14 bytes pid 4 -> 1 (ok)
[dplay] received 14 data bytes from pid 3
[dplay] received 33 data bytes from pid 1
[agg] StaticTimeProc 49/s  impl=1 host=0 running=1 resync=0 served=0  -> AggregatorGetPackets 0/s
[dplay] Send 14 bytes pid 4 -> 1 (ok)
[dplay] received 14 data bytes from pid 3
[dplay] received 33 data bytes from pid 1
[dplay] Send 14 bytes pid 4 -> 1 (ok)
[dplay] received 14 data bytes from pid 3
[dplay] received 33 data bytes from pid 1
[dplay] Send 14 bytes pid 4 -> 1 (ok)
[dplay] received 14 data bytes from pid 3
[dplay] received 33 data bytes from pid 1
[dplay] Send 14 bytes pid 4 -> 1 (ok)
[dplay] received 14 data bytes from pid 3
[dplay] received 33 data bytes from pid 1
[dplay] Send 14 bytes pid 4 -> 1 (ok)
[dplay] received 14 data bytes from pid 3
[dplay] received 33 data bytes from pid 1
[dplay] Send 14 bytes pid 4 -> 1 (ok)
[dplay] received 14 data bytes from pid 3
[dplay] received 33 data bytes from pid 1
[dplay] Send 14 bytes pid 4 -> 1 (ok)
[dplay] received 14 data bytes from pid 3
[dplay] received 33 data bytes from pid 1
[dplay] Send 14 bytes pid 4 -> 1 (ok)
[dplay] received 14 data bytes from pid 3
[dplay] received 33 data bytes from pid 1
[dplay] Send 14 bytes pid 4 -> 1 (ok)
[dplay] received 14 data bytes from pid 3
[dplay] received 33 data bytes from pid 1
[dplay] Send 14 bytes pid 4 -> 1 (ok)
[dplay] received 14 data bytes from pid 3
[dplay] received 33 data bytes from pid 1
[dplay] Send 14 bytes pid 4 -> 1 (ok)
[dplay] received 14 data bytes from pid 3
[dplay] received 33 data bytes from pid 1
[dplay] Send 14 bytes pid 4 -> 1 (ok)
[dplay] received 33 data bytes from pid 1
[dplay] received 14 data bytes from pid 3
[dplay] received 19 data bytes from pid 1
[dplay] Send 14 bytes pid 4 -> 1 (ok)
[dplay] received 14 data bytes from pid 3
[agg] StaticTimeProc 49/s  impl=1 host=0 running=1 resync=0 served=0  -> AggregatorGetPackets 0/s
[dplay] received 33 data bytes from pid 1
[dplay] Send 14 bytes pid 4 -> 1 (ok)
[dplay] received 14 data bytes from pid 3
[dplay] received 33 data bytes from pid 1
[dplay] Send 14 bytes pid 4 -> 1 (ok)
[dplay] received 14 data bytes from pid 3
[dplay] received 33 data bytes from pid 1
[dplay] Send 14 bytes pid 4 -> 1 (ok)
[dplay] received 14 data bytes from pid 3
[dplay] received 33 data bytes from pid 1
[dplay] Send 14 bytes pid 4 -> 1 (ok)
[dplay] received 14 data bytes from pid 3
[dplay] received 33 data bytes from pid 1
[dplay] Send 14 bytes pid 4 -> 1 (ok)
[dplay] received 14 data bytes from pid 3
[dplay] received 33 data bytes from pid 1
[dplay] Send 14 bytes pid 4 -> 1 (ok)
[dplay] received 14 data bytes from pid 3
[dplay] received 33 data bytes from pid 1
[dplay] Send 14 bytes pid 4 -> 1 (ok)
[dplay] received 14 data bytes from pid 3
[dplay] received 33 data bytes from pid 1
[dplay] Send 14 bytes pid 4 -> 1 (ok)
[dplay] received 14 data bytes from pid 3
[dplay] received 33 data bytes from pid 1
[dplay] Send 14 bytes pid 4 -> 1 (ok)
[dplay] received 14 data bytes from pid 3
[dplay] received 33 data bytes from pid 1
[dplay] Send 14 bytes pid 4 -> 1 (ok)
[dplay] received 14 data bytes from pid 3
[dplay] received 33 data bytes from pid 1
[dplay] pump #780500 (host=0) -- discovery is answered only from here
[dplay] Send 14 bytes pid 4 -> 1 (ok)
[dplay] received 14 data bytes from pid 3
[dplay] received 33 data bytes from pid 1
[dplay] Send 14 bytes pid 4 -> 1 (ok)
[dplay] received 14 data bytes from pid 3
[dplay] received 33 data bytes from pid 1
[dplay] Send 14 bytes pid 4 -> 1 (ok)
[agg] StaticTimeProc 50/s  impl=1 host=0 running=1 resync=0 served=0  -> AggregatorGetPackets 0/s
[dplay] received 14 data bytes from pid 3
[dplay] received 33 data bytes from pid 1
[dplay] Send 14 bytes pid 4 -> 1 (ok)
[dplay] received 14 data bytes from pid 3
[dplay] received 33 data bytes from pid 1
[dplay] Send 14 bytes pid 4 -> 1 (ok)
[dplay] received 14 data bytes from pid 3
[dplay] received 33 data bytes from pid 1
[dplay] Send 14 bytes pid 4 -> 1 (ok)
[dplay] received 14 data bytes from pid 3
[dplay] received 33 data bytes from pid 1
[dplay] Send 14 bytes pid 4 -> 1 (ok)
[dplay] received 14 data bytes from pid 3
[dplay] received 33 data bytes from pid 1
[dplay] Send 14 bytes pid 4 -> 1 (ok)
[dplay] received 14 data bytes from pid 3
[dplay] received 33 data bytes from pid 1
[dplay] Send 14 bytes pid 4 -> 1 (ok)
[dplay] received 14 data bytes from pid 3
[dplay] received 33 data bytes from pid 1
[dplay] Send 14 bytes pid 4 -> 1 (ok)
[dplay] received 14 data bytes from pid 3
[dplay] received 33 data bytes from pid 1
[dplay] Send 14 bytes pid 4 -> 1 (ok)
[dplay] received 14 data bytes from pid 3
[dplay] received 33 data bytes from pid 1
[dplay] Send 14 bytes pid 4 -> 1 (ok)
[dplay] received 14 data bytes from pid 3
[dplay] received 33 data bytes from pid 1
[dplay] Send 14 bytes pid 4 -> 1 (ok)
[dplay] received 14 data bytes from pid 3
[dplay] received 33 data bytes from pid 1
[dplay] Send 14 bytes pid 4 -> 1 (ok)
[dplay] received 14 data bytes from pid 3
[dplay] received 33 data bytes from pid 1
[dplay] Send 14 bytes pid 4 -> 1 (ok)
[dplay] received 14 data bytes from pid 3
[dplay] received 33 data bytes from pid 1
[agg] StaticTimeProc 49/s  impl=1 host=0 running=1 resync=0 served=0  -> AggregatorGetPackets 0/s
[dplay] Send 14 bytes pid 4 -> 1 (ok)
[dplay] received 14 data bytes from pid 3
[dplay] received 33 data bytes from pid 1
[dplay] Send 14 bytes pid 4 -> 1 (ok)
[dplay] received 14 data bytes from pid 3
[dplay] received 33 data bytes from pid 1
[dplay] Send 14 bytes pid 4 -> 1 (ok)
[dplay] received 14 data bytes from pid 3
[dplay] received 33 data bytes from pid 1
[dplay] Send 14 bytes pid 4 -> 1 (ok)
[dplay] received 14 data bytes from pid 3
[dplay] received 33 data bytes from pid 1
[dplay] Send 14 bytes pid 4 -> 1 (ok)
[dplay] received 14 data bytes from pid 3
[dplay] received 33 data bytes from pid 1
[dplay] Send 14 bytes pid 4 -> 1 (ok)
[dplay] received 14 data bytes from pid 3
[dplay] received 33 data bytes from pid 1
[dplay] Send 14 bytes pid 4 -> 1 (ok)
[dplay] received 14 data bytes from pid 3
[dplay] received 33 data bytes from pid 1
[dplay] Send 14 bytes pid 4 -> 1 (ok)
[dplay] received 14 data bytes from pid 3
[dplay] received 33 data bytes from pid 1
[dplay] Send 14 bytes pid 4 -> 1 (ok)
[dplay] received 14 data bytes from pid 3
[dplay] received 33 data bytes from pid 1
[dplay] Send 14 bytes pid 4 -> 1 (ok)
[dplay] received 14 data bytes from pid 3
[dplay] received 33 data bytes from pid 1
[dplay] Send 14 bytes pid 4 -> 1 (ok)
[dplay] received 14 data bytes from pid 3
[dplay] received 33 data bytes from pid 1
[dplay] Send 14 bytes pid 4 -> 1 (ok)
[dplay] received 14 data bytes from pid 3
[dplay] received 33 data bytes from pid 1
[dplay] Send 14 bytes pid 4 -> 1 (ok)
[agg] StaticTimeProc 49/s  impl=1 host=0 running=1 resync=0 served=0  -> AggregatorGetPackets 0/s
[dplay] received 14 data bytes from pid 3
[dplay] received 33 data bytes from pid 1
[dplay] Send 14 bytes pid 4 -> 1 (ok)
[dplay] received 14 data bytes from pid 3
[dplay] received 33 data bytes from pid 1
[dplay] Send 14 bytes pid 4 -> 1 (ok)
[dplay] received 14 data bytes from pid 3
[dplay] received 33 data bytes from pid 1
[dplay] Send 14 bytes pid 4 -> 1 (ok)
[dplay] received 14 data bytes from pid 3
[dplay] received 33 data bytes from pid 1
[dplay] Send 14 bytes pid 4 -> 1 (ok)
[dplay] received 14 data bytes from pid 3
[dplay] received 33 data bytes from pid 1
[dplay] Send 14 bytes pid 4 -> 1 (ok)
[dplay] received 14 data bytes from pid 3
[dplay] received 33 data bytes from pid 1
[dplay] Send 14 bytes pid 4 -> 1 (ok)
[dplay] received 19 data bytes from pid 1
[dplay] received 14 data bytes from pid 3
[dplay] Send 14 bytes pid 4 -> 1 (ok)
[dplay] received 33 data bytes from pid 1
[dplay] received 14 data bytes from pid 3
[dplay] Send 14 bytes pid 4 -> 1 (ok)
[dplay] received 33 data bytes from pid 1
[dplay] received 14 data bytes from pid 3
[dplay] Send 14 bytes pid 4 -> 1 (ok)
[dplay] received 14 data bytes from pid 3
[dplay] received 33 data bytes from pid 1
[dplay] Send 14 bytes pid 4 -> 1 (ok)
[dplay] received 14 data bytes from pid 3
[dplay] received 33 data bytes from pid 1
[dplay] Send 14 bytes pid 4 -> 1 (ok)
[dplay] received 14 data bytes from pid 3
[dplay] received 33 data bytes from pid 1
[dplay] Send 14 bytes pid 4 -> 1 (ok)
[dplay] received 14 data bytes from pid 3
[dplay] received 33 data bytes from pid 1
[agg] StaticTimeProc 49/s  impl=1 host=0 running=1 resync=0 served=0  -> AggregatorGetPackets 0/s
[dplay] Send 14 bytes pid 4 -> 1 (ok)
[dplay] received 14 data bytes from pid 3
[dplay] received 33 data bytes from pid 1
[dplay] Send 14 bytes pid 4 -> 1 (ok)
[dplay] received 14 data bytes from pid 3
[dplay] received 33 data bytes from pid 1
[dplay] Send 14 bytes pid 4 -> 1 (ok)
[dplay] received 14 data bytes from pid 3
[dplay] received 33 data bytes from pid 1
[dplay] Send 14 bytes pid 4 -> 1 (ok)
[dplay] received 14 data bytes from pid 3
[dplay] received 33 data bytes from pid 1
[dplay] Send 14 bytes pid 4 -> 1 (ok)
[dplay] received 14 data bytes from pid 3
[dplay] received 33 data bytes from pid 1
[dplay] received 14 data bytes from pid 3
[dplay] Send 14 bytes pid 4 -> 1 (ok)
[dplay] received 33 data bytes from pid 1
[dplay] Send 14 bytes pid 4 -> 1 (ok)
[dplay] received 14 data bytes from pid 3
[dplay] received 33 data bytes from pid 1
[dplay] Send 14 bytes pid 4 -> 1 (ok)
[dplay] received 14 data bytes from pid 3
[dplay] received 33 data bytes from pid 1
[dplay] Send 14 bytes pid 4 -> 1 (ok)
[dplay] received 14 data bytes from pid 3
[dplay] received 33 data bytes from pid 1
[dplay] Send 14 bytes pid 4 -> 1 (ok)
[dplay] received 14 data bytes from pid 3
[dplay] received 33 data bytes from pid 1
[dplay] Send 14 bytes pid 4 -> 1 (ok)
[dplay] received 33 data bytes from pid 1
[dplay] received 14 data bytes from pid 3
[dplay] received 19 data bytes from pid 1
[dplay] Send 14 bytes pid 4 -> 1 (ok)
[dplay] received 14 data bytes from pid 3
[dplay] received 33 data bytes from pid 1
[agg] StaticTimeProc 49/s  impl=1 host=0 running=1 resync=0 served=0  -> AggregatorGetPackets 0/s
[dplay] Send 14 bytes pid 4 -> 1 (ok)
[dplay] received 14 data bytes from pid 3
[dplay] received 33 data bytes from pid 1
[dplay] Send 14 bytes pid 4 -> 1 (ok)
[dplay] received 14 data bytes from pid 3
[dplay] received 33 data bytes from pid 1
[dplay] Send 14 bytes pid 4 -> 1 (ok)
[dplay] received 14 data bytes from pid 3
[dplay] received 33 data bytes from pid 1
[dplay] Send 14 bytes pid 4 -> 1 (ok)
[dplay] received 14 data bytes from pid 3
[dplay] received 33 data bytes from pid 1
[dplay] Send 14 bytes pid 4 -> 1 (ok)
[dplay] received 14 data bytes from pid 3
[dplay] received 33 data bytes from pid 1
[dplay] Send 14 bytes pid 4 -> 1 (ok)
[dplay] received 14 data bytes from pid 3
[dplay] received 33 data bytes from pid 1
[dplay] Send 14 bytes pid 4 -> 1 (ok)
[dplay] received 14 data bytes from pid 3
[dplay] received 33 data bytes from pid 1
[dplay] Send 14 bytes pid 4 -> 1 (ok)
[dplay] received 14 data bytes from pid 3
[dplay] received 33 data bytes from pid 1
[dplay] Send 14 bytes pid 4 -> 1 (ok)
[dplay] received 14 data bytes from pid 3
[dplay] received 33 data bytes from pid 1
[dplay] Send 14 bytes pid 4 -> 1 (ok)
[dplay] received 14 data bytes from pid 3
[dplay] received 33 data bytes from pid 1
[dplay] Send 14 bytes pid 4 -> 1 (ok)
[dplay] received 14 data bytes from pid 3
[dplay] received 33 data bytes from pid 1
[dplay] Send 14 bytes pid 4 -> 1 (ok)
[dplay] received 14 data bytes from pid 3
[dplay] received 33 data bytes from pid 1
[dplay] Send 14 bytes pid 4 -> 1 (ok)
[dplay] received 14 data bytes from pid 3
[dplay] received 33 data bytes from pid 1
[agg] StaticTimeProc 50/s  impl=1 host=0 running=1 resync=0 served=0  -> AggregatorGetPackets 0/s
[dplay] Send 14 bytes pid 4 -> 1 (ok)
[dplay] received 14 data bytes from pid 3
[dplay] received 33 data bytes from pid 1
[dplay] Send 14 bytes pid 4 -> 1 (ok)
[dplay] received 14 data bytes from pid 3
[dplay] received 33 data bytes from pid 1
[dplay] Send 14 bytes pid 4 -> 1 (ok)
[dplay] received 14 data bytes from pid 3
[dplay] received 33 data bytes from pid 1
[dplay] Send 14 bytes pid 4 -> 1 (ok)
[dplay] received 14 data bytes from pid 3
[dplay] received 33 data bytes from pid 1
[dplay] Send 14 bytes pid 4 -> 1 (ok)
[dplay] received 14 data bytes from pid 3
[dplay] received 33 data bytes from pid 1
[dplay] Send 14 bytes pid 4 -> 1 (ok)
[dplay] received 14 data bytes from pid 3
[dplay] received 33 data bytes from pid 1
[dplay] pump #781000 (host=0) -- discovery is answered only from here
[dplay] Send 14 bytes pid 4 -> 1 (ok)
[dplay] received 14 data bytes from pid 3
[dplay] received 33 data bytes from pid 1
[dplay] Send 14 bytes pid 4 -> 1 (ok)
[dplay] received 14 data bytes from pid 3
[dplay] received 33 data bytes from pid 1
[dplay] Send 14 bytes pid 4 -> 1 (ok)
[dplay] received 14 data bytes from pid 3
[dplay] received 33 data bytes from pid 1
[dplay] Send 14 bytes pid 4 -> 1 (ok)
[dplay] received 14 data bytes from pid 3
[dplay] received 33 data bytes from pid 1
[dplay] Send 14 bytes pid 4 -> 1 (ok)
[dplay] received 14 data bytes from pid 3
[dplay] received 33 data bytes from pid 1
[dplay] Send 14 bytes pid 4 -> 1 (ok)
[dplay] received 14 data bytes from pid 3
[dplay] received 33 data bytes from pid 1
[dplay] Send 14 bytes pid 4 -> 1 (ok)
[agg] StaticTimeProc 49/s  impl=1 host=0 running=1 resync=0 served=0  -> AggregatorGetPackets 0/s
[dplay] received 14 data bytes from pid 3
[dplay] received 33 data bytes from pid 1
[dplay] Send 14 bytes pid 4 -> 1 (ok)
[dplay] received 14 data bytes from pid 3
[dplay] received 33 data bytes from pid 1
[dplay] Send 14 bytes pid 4 -> 1 (ok)
[dplay] received 14 data bytes from pid 3
[dplay] received 33 data bytes from pid 1
[dplay] Send 14 bytes pid 4 -> 1 (ok)
[dplay] received 14 data bytes from pid 3
[dplay] received 33 data bytes from pid 1
[dplay] Send 14 bytes pid 4 -> 1 (ok)
[dplay] received 14 data bytes from pid 3
[dplay] received 33 data bytes from pid 1
[dplay] Send 14 bytes pid 4 -> 1 (ok)
[dplay] received 14 data bytes from pid 3
[dplay] received 33 data bytes from pid 1
[dplay] Send 14 bytes pid 4 -> 1 (ok)
[dplay] received 14 data bytes from pid 3
[dplay] received 33 data bytes from pid 1
[dplay] Send 14 bytes pid 4 -> 1 (ok)
[dplay] received 14 data bytes from pid 3
[dplay] received 33 data bytes from pid 1
[dplay] Send 14 bytes pid 4 -> 1 (ok)
[dplay] received 14 data bytes from pid 3
[dplay] received 33 data bytes from pid 1
[dplay] Send 14 bytes pid 4 -> 1 (ok)
[dplay] received 14 data bytes from pid 3
[dplay] received 33 data bytes from pid 1
[dplay] Send 14 bytes pid 4 -> 1 (ok)
[dplay] received 14 data bytes from pid 3
[dplay] received 33 data bytes from pid 1
[dplay] Send 14 bytes pid 4 -> 1 (ok)
[dplay] received 14 data bytes from pid 3
[dplay] received 33 data bytes from pid 1
[dplay] Send 14 bytes pid 4 -> 1 (ok)
[dplay] received 14 data bytes from pid 3
[dplay] received 33 data bytes from pid 1
[agg] StaticTimeProc 49/s  impl=1 host=0 running=1 resync=0 served=0  -> AggregatorGetPackets 0/s
[dplay] Send 14 bytes pid 4 -> 1 (ok)
[dplay] received 14 data bytes from pid 3
[dplay] received 33 data bytes from pid 1
[dplay] Send 14 bytes pid 4 -> 1 (ok)
[dplay] received 14 data bytes from pid 3
[dplay] received 33 data bytes from pid 1
[dplay] Send 14 bytes pid 4 -> 1 (ok)
[dplay] received 14 data bytes from pid 3
[dplay] received 33 data bytes from pid 1
[dplay] Send 14 bytes pid 4 -> 1 (ok)
[dplay] received 14 data bytes from pid 3
[dplay] received 33 data bytes from pid 1
[dplay] Send 14 bytes pid 4 -> 1 (ok)
[dplay] received 14 data bytes from pid 3
[dplay] received 33 data bytes from pid 1
[dplay] Send 14 bytes pid 4 -> 1 (ok)
[dplay] received 14 data bytes from pid 3
[dplay] received 33 data bytes from pid 1
[dplay] Send 14 bytes pid 4 -> 1 (ok)
[dplay] received 14 data bytes from pid 3
[dplay] received 33 data bytes from pid 1
[dplay] Send 14 bytes pid 4 -> 1 (ok)
[dplay] received 14 data bytes from pid 3
[dplay] received 33 data bytes from pid 1
[dplay] Send 14 bytes pid 4 -> 1 (ok)
[dplay] received 14 data bytes from pid 3
[dplay] received 33 data bytes from pid 1
[dplay] Send 14 bytes pid 4 -> 1 (ok)
[dplay] received 19 data bytes from pid 1
[dplay] received 14 data bytes from pid 3
[dplay] Send 14 bytes pid 4 -> 1 (ok)
[dplay] received 33 data bytes from pid 1
[dplay] received 14 data bytes from pid 3
[dplay] Send 14 bytes pid 4 -> 1 (ok)
[dplay] received 14 data bytes from pid 3
[dplay] received 33 data bytes from pid 1
[agg] StaticTimeProc 49/s  impl=1 host=0 running=1 resync=0 served=0  -> AggregatorGetPackets 0/s
[dplay] Send 14 bytes pid 4 -> 1 (ok)
[dplay] received 14 data bytes from pid 3
[dplay] received 33 data bytes from pid 1
[dplay] Send 14 bytes pid 4 -> 1 (ok)
[dplay] received 14 data bytes from pid 3
[dplay] received 33 data bytes from pid 1
[dplay] Send 14 bytes pid 4 -> 1 (ok)
[dplay] received 14 data bytes from pid 3
[dplay] received 33 data bytes from pid 1
[dplay] Send 14 bytes pid 4 -> 1 (ok)
[dplay] received 14 data bytes from pid 3
[dplay] received 33 data bytes from pid 1
[dplay] Send 14 bytes pid 4 -> 1 (ok)
[dplay] received 14 data bytes from pid 3
[dplay] received 33 data bytes from pid 1
[dplay] Send 14 bytes pid 4 -> 1 (ok)
[dplay] received 14 data bytes from pid 3
[dplay] received 33 data bytes from pid 1
[accnt] aircraft in this world: now=8 MAX=8 visible=2 dead=7 (frame sample #11)
[dplay] Send 14 bytes pid 4 -> 1 (ok)
[dplay] received 14 data bytes from pid 3
[dplay] received 33 data bytes from pid 1
[dplay] Send 14 bytes pid 4 -> 1 (ok)
[dplay] received 14 data bytes from pid 3
[dplay] received 33 data bytes from pid 1
[dplay] Send 14 bytes pid 4 -> 1 (ok)
[dplay] received 14 data bytes from pid 3
[dplay] received 33 data bytes from pid 1
[dplay] Send 14 bytes pid 4 -> 1 (ok)
[dplay] received 33 data bytes from pid 1
[dplay] received 14 data bytes from pid 3
[dplay] received 19 data bytes from pid 1
[dplay] Send 14 bytes pid 4 -> 1 (ok)
[dplay] received 14 data bytes from pid 3
[dplay] received 33 data bytes from pid 1
[dplay] Send 14 bytes pid 4 -> 1 (ok)
[dplay] received 14 data bytes from pid 3
[dplay] received 33 data bytes from pid 1
[dplay] Send 14 bytes pid 4 -> 1 (ok)
[dplay] received 14 data bytes from pid 3
[dplay] received 33 data bytes from pid 1
[agg] StaticTimeProc 49/s  impl=1 host=0 running=1 resync=0 served=0  -> AggregatorGetPackets 0/s
[dplay] Send 14 bytes pid 4 -> 1 (ok)
[dplay] received 14 data bytes from pid 3
[dplay] received 33 data bytes from pid 1
[dplay] Send 14 bytes pid 4 -> 1 (ok)
[dplay] received 14 data bytes from pid 3
[dplay] received 33 data bytes from pid 1
[dplay] Send 14 bytes pid 4 -> 1 (ok)
[dplay] received 14 data bytes from pid 3
[dplay] received 33 data bytes from pid 1
[dplay] Send 14 bytes pid 4 -> 1 (ok)
[dplay] received 14 data bytes from pid 3
[dplay] received 33 data bytes from pid 1
[dplay] Send 14 bytes pid 4 -> 1 (ok)
[dplay] received 14 data bytes from pid 3
[dplay] received 33 data bytes from pid 1
[dplay] Send 14 bytes pid 4 -> 1 (ok)
[dplay] received 14 data bytes from pid 3
[dplay] received 33 data bytes from pid 1
[dplay] Send 14 bytes pid 4 -> 1 (ok)
[dplay] received 14 data bytes from pid 3
[dplay] received 33 data bytes from pid 1
[dplay] Send 14 bytes pid 4 -> 1 (ok)
[dplay] received 14 data bytes from pid 3
[dplay] received 33 data bytes from pid 1
[dplay] Send 14 bytes pid 4 -> 1 (ok)
[dplay] received 14 data bytes from pid 3
[dplay] received 33 data bytes from pid 1
[dplay] Send 14 bytes pid 4 -> 1 (ok)
[dplay] received 14 data bytes from pid 3
[dplay] received 33 data bytes from pid 1
[dplay] Send 14 bytes pid 4 -> 1 (ok)
[dplay] received 14 data bytes from pid 3
[dplay] received 33 data bytes from pid 1
[dplay] Send 14 bytes pid 4 -> 1 (ok)
[dplay] received 14 data bytes from pid 3
[dplay] received 33 data bytes from pid 1
[agg] StaticTimeProc 49/s  impl=1 host=0 running=1 resync=0 served=0  -> AggregatorGetPackets 0/s
[dplay] Send 14 bytes pid 4 -> 1 (ok)
[dplay] received 14 data bytes from pid 3
[dplay] received 33 data bytes from pid 1
[dplay] Send 14 bytes pid 4 -> 1 (ok)
[dplay] received 14 data bytes from pid 3
[dplay] received 33 data bytes from pid 1
[dplay] Send 14 bytes pid 4 -> 1 (ok)
[dplay] received 14 data bytes from pid 3
[dplay] received 33 data bytes from pid 1
[dplay] Send 14 bytes pid 4 -> 1 (ok)
[dplay] received 14 data bytes from pid 3
[dplay] received 33 data bytes from pid 1
[dplay] Send 14 bytes pid 4 -> 1 (ok)
[dplay] received 14 data bytes from pid 3
[dplay] received 33 data bytes from pid 1
[dplay] Send 14 bytes pid 4 -> 1 (ok)
[dplay] received 14 data bytes from pid 3
[dplay] received 33 data bytes from pid 1
[dplay] Send 14 bytes pid 4 -> 1 (ok)
[dplay] received 14 data bytes from pid 3
[dplay] received 33 data bytes from pid 1
[dplay] Send 14 bytes pid 4 -> 1 (ok)
[dplay] received 14 data bytes from pid 3
[dplay] received 33 data bytes from pid 1
[dplay] Send 14 bytes pid 4 -> 1 (ok)
[dplay] received 14 data bytes from pid 3
[dplay] received 33 data bytes from pid 1
[dplay] Send 14 bytes pid 4 -> 1 (ok)
[dplay] received 14 data bytes from pid 3
[dplay] received 33 data bytes from pid 1
[dplay] Send 14 bytes pid 4 -> 1 (ok)
[dplay] received 14 data bytes from pid 3
[dplay] received 33 data bytes from pid 1
[dplay] Send 14 bytes pid 4 -> 1 (ok)
[dplay] received 14 data bytes from pid 3
[dplay] received 33 data bytes from pid 1
[dplay] Send 14 bytes pid 4 -> 1 (ok)
[dplay] received 14 data bytes from pid 3
[agg] StaticTimeProc 49/s  impl=1 host=0 running=1 resync=0 served=0  -> AggregatorGetPackets 0/s
[dplay] received 33 data bytes from pid 1
[dplay] Send 14 bytes pid 4 -> 1 (ok)
[dplay] received 14 data bytes from pid 3
[dplay] received 33 data bytes from pid 1
[dplay] Send 14 bytes pid 4 -> 1 (ok)
[dplay] received 14 data bytes from pid 3
[dplay] received 33 data bytes from pid 1
[dplay] Send 14 bytes pid 4 -> 1 (ok)
[dplay] received 14 data bytes from pid 3
[dplay] received 33 data bytes from pid 1
[dplay] pump #781500 (host=0) -- discovery is answered only from here
[dplay] Send 14 bytes pid 4 -> 1 (ok)
[dplay] received 14 data bytes from pid 3
[dplay] received 33 data bytes from pid 1
[dplay] Send 14 bytes pid 4 -> 1 (ok)
[dplay] received 14 data bytes from pid 3
[dplay] received 33 data bytes from pid 1
[dplay] Send 14 bytes pid 4 -> 1 (ok)
[dplay] received 14 data bytes from pid 3
[dplay] received 33 data bytes from pid 1
[dplay] Send 14 bytes pid 4 -> 1 (ok)
[dplay] received 14 data bytes from pid 3
[dplay] received 33 data bytes from pid 1
[dplay] Send 14 bytes pid 4 -> 1 (ok)
[dplay] received 14 data bytes from pid 3
[dplay] received 33 data bytes from pid 1
[dplay] Send 14 bytes pid 4 -> 1 (ok)
[dplay] received 14 data bytes from pid 3
[dplay] received 33 data bytes from pid 1
[dplay] Send 14 bytes pid 4 -> 1 (ok)
[dplay] received 14 data bytes from pid 3
[dplay] received 33 data bytes from pid 1
[dplay] Send 14 bytes pid 4 -> 1 (ok)
[dplay] received 14 data bytes from pid 3
[dplay] received 33 data bytes from pid 1
[dplay] Send 14 bytes pid 4 -> 1 (ok)
[dplay] received 14 data bytes from pid 3
[dplay] received 33 data bytes from pid 1
[agg] StaticTimeProc 49/s  impl=1 host=0 running=1 resync=0 served=0  -> AggregatorGetPackets 0/s
[dplay] Send 14 bytes pid 4 -> 1 (ok)
[dplay] received 14 data bytes from pid 3
[dplay] received 33 data bytes from pid 1
[dplay] Send 14 bytes pid 4 -> 1 (ok)
[dplay] received 14 data bytes from pid 3
[dplay] received 33 data bytes from pid 1
[dplay] Send 14 bytes pid 4 -> 1 (ok)
[dplay] received 14 data bytes from pid 3
[dplay] received 33 data bytes from pid 1
[dplay] Send 14 bytes pid 4 -> 1 (ok)
[dplay] received 14 data bytes from pid 3
[dplay] received 33 data bytes from pid 1
[dplay] Send 14 bytes pid 4 -> 1 (ok)
[dplay] received 14 data bytes from pid 3
[dplay] received 33 data bytes from pid 1
[dplay] Send 14 bytes pid 4 -> 1 (ok)
[dplay] received 14 data bytes from pid 3
[dplay] received 33 data bytes from pid 1
[dplay] Send 14 bytes pid 4 -> 1 (ok)
[dplay] received 19 data bytes from pid 1
[dplay] received 14 data bytes from pid 3
[dplay] Send 14 bytes pid 4 -> 1 (ok)
[dplay] received 33 data bytes from pid 1
[dplay] received 14 data bytes from pid 3
[dplay] Send 14 bytes pid 4 -> 1 (ok)
[dplay] received 14 data bytes from pid 3
[dplay] received 33 data bytes from pid 1
[peer] uid=3584 found=1 visible=1 dead=0 range=3985m
[accnt] CHANGE at call 6813: aircraft=8 MAX=8 visible=2 dead=6
[dplay] Send 14 bytes pid 4 -> 1 (ok)
[dplay] received 14 data bytes from pid 3
[dplay] received 33 data bytes from pid 1
[dplay] Send 14 bytes pid 4 -> 1 (ok)
[dplay] received 14 data bytes from pid 3
[dplay] received 33 data bytes from pid 1
[dplay] Send 14 bytes pid 4 -> 1 (ok)
[dplay] received 14 data bytes from pid 3
[dplay] received 33 data bytes from pid 1
[dplay] Send 14 bytes pid 4 -> 1 (ok)
[dplay] received 14 data bytes from pid 3
[dplay] received 33 data bytes from pid 1
[agg] StaticTimeProc 50/s  impl=1 host=0 running=1 resync=0 served=0  -> AggregatorGetPackets 0/s
[dplay] Send 14 bytes pid 4 -> 1 (ok)
[dplay] received 14 data bytes from pid 3
[dplay] received 33 data bytes from pid 1
[dplay] Send 14 bytes pid 4 -> 1 (ok)
[dplay] received 14 data bytes from pid 3
[dplay] received 33 data bytes from pid 1
[dplay] Send 14 bytes pid 4 -> 1 (ok)
[dplay] received 14 data bytes from pid 3
[dplay] received 33 data bytes from pid 1
[dplay] Send 14 bytes pid 4 -> 1 (ok)
[dplay] received 14 data bytes from pid 3
[dplay] received 33 data bytes from pid 1
[dplay] Send 14 bytes pid 4 -> 1 (ok)
[dplay] received 14 data bytes from pid 3
[dplay] received 33 data bytes from pid 1
[dplay] Send 14 bytes pid 4 -> 1 (ok)
[dplay] received 14 data bytes from pid 3
[dplay] received 33 data bytes from pid 1
[dplay] Send 14 bytes pid 4 -> 1 (ok)
[dplay] received 14 data bytes from pid 3
[dplay] received 33 data bytes from pid 1
[dplay] Send 14 bytes pid 4 -> 1 (ok)
[dplay] received 14 data bytes from pid 3
[dplay] received 33 data bytes from pid 1
[dplay] Send 14 bytes pid 4 -> 1 (ok)
[dplay] received 14 data bytes from pid 3
[dplay] received 33 data bytes from pid 1
[dplay] Send 14 bytes pid 4 -> 1 (ok)
[dplay] received 33 data bytes from pid 1
[dplay] received 14 data bytes from pid 3
[dplay] received 19 data bytes from pid 1
[dplay] Send 14 bytes pid 4 -> 1 (ok)
[dplay] received 14 data bytes from pid 3
[dplay] received 33 data bytes from pid 1
[dplay] Send 14 bytes pid 4 -> 1 (ok)
[dplay] received 14 data bytes from pid 3
[dplay] received 33 data bytes from pid 1
[agg] StaticTimeProc 49/s  impl=1 host=0 running=1 resync=0 served=0  -> AggregatorGetPackets 0/s
[dplay] Send 14 bytes pid 4 -> 1 (ok)
[dplay] received 14 data bytes from pid 3
[dplay] received 33 data bytes from pid 1
[vid] window closed -> exit
