Mig Alley - Linux native port (Rowan engine)
  wmig ELF links (15 game unities + MFC UI + standalones + runtime).
  derived BOB_DRIVE_C=/home/admin/sgl/TUE/MigAlley/WP/drive_c (from cwd)
  cwd -> /home/admin/sgl/TUE/MigAlley/WP/drive_c/rowan/mig
  main module: Mig.exe resources loaded
  Driving CMIGApp::InitInstance()...
fluidsynth: warning: SDL3 not initialized, SDL3 audio driver won't be usable. Have you called SDL_Init(SDL_INIT_AUDIO) ?

(process:340682): GLib-GObject-CRITICAL **: 14:21:57.087: g_param_spec_enum: assertion 'g_enum_get_value (enum_class, default_value) != NULL' failed

(process:340682): GLib-GObject-CRITICAL **: 14:21:57.087: validate_pspec_to_install: assertion 'G_IS_PARAM_SPEC (pspec)' failed

(process:340682): GLib-GObject-CRITICAL **: 14:21:57.087: g_param_spec_ref_sink: assertion 'G_IS_PARAM_SPEC (pspec)' failed

(process:340682): GLib-GObject-CRITICAL **: 14:21:57.087: g_param_spec_unref: assertion 'G_IS_PARAM_SPEC (pspec)' failed
[agg] StaticTimeProc 1/s  impl=0 host=0 running=0 resync=0 served=0  -> AggregatorGetPackets 0/s
fluidsynth: Using PulseAudio driver
[mus] FluidSynth music ready (sf2 id=1)
[ALSOFT] (EE) Failed to create PipeWire event context (errno: 2)
fluidsynth: warning: Failed to set thread to high priority
[al] OpenAL ready: OpenAL Soft / OpenAL Soft
[vid] 2 display(s); centring 640x480 on display 0 (USABLE 1853x1048 at 67,32) -> window at (673,316)
[vid] swap interval -> 1 (vsync)
[vid] SDL2 window 640x480 + GL context: NVIDIA GeForce GTX 1660 SUPER/PCIe/SSE2 | 4.6.0 NVIDIA 595.84
[3d] IDirectDraw2::EnumDisplayModes called cb=0x817c6a8
[hw] display init: fSoftware=0 dddriver=-1
[maximize] OnGoBig -> frame and view moved to 1200x1080
[gdifont] loaded /home/admin/sgl/TUE/MigAlley/WP/drive_c/windows/Fonts/Intel.ttf (symbol cmap) (winAsc=1004 winDesc=217)
[gdifont] loaded /usr/share/fonts/truetype/liberation/LiberationSans-Regular.ttf (winAsc=1854 winDesc=434)
  InitInstance() returned 1
  Entering CMIGApp::Run()...
[lbrefit] id=2063 rect w=105 -> painted w=247 (h=234)
[menu] ---- 4 clickable control(s) ----
[menu] #4@10CSystemBox  rect(0,0 24x24)  centre(12,12)  type=3  ""
[menu] #7@10CSystemBox  rect(0,24 24x24)  centre(12,36)  type=3  ""
[menu] #10@10CSystemBox  rect(24,0 48x48)  centre(48,24)  type=3  ""
[menu] #2063@14RFullPanelDial  rect(675,260 105x100)  centre(727,310)  type=1  ""
[menu]      row 0: [0] "Preferences"
[menu]      row 1: [0] "Single Player"
[menu]      row 2: [0] "Multi-Player"
[menu]      row 3: [0] "Load Game"
[menu]      row 4: [0] "Replay"
[menu]      row 5: [0] "Credits"
[menu]      row 6: [0] "Quit"
[clickseq] counts are MILLISECONDS (BOB_CLICKSEQ_MS)
[agg] StaticTimeProc 45/s  impl=0 host=0 running=0 resync=0 served=0  -> AggregatorGetPackets 0/s
[agg] StaticTimeProc 49/s  impl=0 host=0 running=0 resync=0 served=0  -> AggregatorGetPackets 0/s
[agg] StaticTimeProc 50/s  impl=0 host=0 running=0 resync=0 served=0  -> AggregatorGetPackets 0/s
[agg] StaticTimeProc 49/s  impl=0 host=0 running=0 resync=0 served=0  -> AggregatorGetPackets 0/s
[agg] StaticTimeProc 49/s  impl=0 host=0 running=0 resync=0 served=0  -> AggregatorGetPackets 0/s
[agg] StaticTimeProc 49/s  impl=0 host=0 running=0 resync=0 served=0  -> AggregatorGetPackets 0/s
[agg] StaticTimeProc 50/s  impl=0 host=0 running=0 resync=0 served=0  -> AggregatorGetPackets 0/s
[agg] StaticTimeProc 49/s  impl=0 host=0 running=0 resync=0 served=0  -> AggregatorGetPackets 0/s
[agg] StaticTimeProc 49/s  impl=0 host=0 running=0 resync=0 served=0  -> AggregatorGetPackets 0/s
[agg] StaticTimeProc 50/s  impl=0 host=0 running=0 resync=0 served=0  -> AggregatorGetPackets 0/s
[agg] StaticTimeProc 49/s  impl=0 host=0 running=0 resync=0 served=0  -> AggregatorGetPackets 0/s
[agg] StaticTimeProc 49/s  impl=0 host=0 running=0 resync=0 served=0  -> AggregatorGetPackets 0/s
[agg] StaticTimeProc 50/s  impl=0 host=0 running=0 resync=0 served=0  -> AggregatorGetPackets 0/s
[agg] StaticTimeProc 49/s  impl=0 host=0 running=0 resync=0 served=0  -> AggregatorGetPackets 0/s
[agg] StaticTimeProc 49/s  impl=0 host=0 running=0 resync=0 served=0  -> AggregatorGetPackets 0/s
[agg] StaticTimeProc 50/s  impl=0 host=0 running=0 resync=0 served=0  -> AggregatorGetPackets 0/s
[agg] StaticTimeProc 49/s  impl=0 host=0 running=0 resync=0 served=0  -> AggregatorGetPackets 0/s
[agg] StaticTimeProc 49/s  impl=0 host=0 running=0 resync=0 served=0  -> AggregatorGetPackets 0/s
[agg] StaticTimeProc 50/s  impl=0 host=0 running=0 resync=0 served=0  -> AggregatorGetPackets 0/s
[agg] StaticTimeProc 49/s  impl=0 host=0 running=0 resync=0 served=0  -> AggregatorGetPackets 0/s
[clickrow] row=2 -> (815,498)  [listbox (675,260) 105x100 origin=(763,416), 7 rows, listH=234 rowH=33]
[dplay] CoCreateInstance(CLSID_DirectPlay) -> 0xa46f1b0
[dplay] EnumConnections -> 1 provider
[panelclear] transition #1: panel 0xa01e080 art 27905 -> 0xa01e080 art 27914
[lbrefit] id=2325 rect w=586 -> painted w=586 (h=230)
[menu] ---- 6 clickable control(s) ----
[menu] #4@10CSystemBox  rect(0,0 24x24)  centre(12,12)  type=3  ""
[menu] #7@10CSystemBox  rect(0,24 24x24)  centre(12,36)  type=3  ""
[menu] #10@10CSystemBox  rect(24,0 48x48)  centre(48,24)  type=3  ""
[menu] #2325@14CSelectService  rect(0,32 586x230)  centre(293,147)  type=1  ""
[menu]      row 0: [0] "Internet TCP/IP Connection For DirectPlay"
[menu] #2023@14CSelectService  rect(25,450 585x26)  centre(317,463)  type=2  "Select a Service"
[menu] #2063@14RFullPanelDial  rect(25,720 591x36)  centre(320,738)  type=1  ""
[menu]      row 0: [0] "Back"  [1] "Create Game   "  [2] "Join Game    "
[agg] StaticTimeProc 49/s  impl=0 host=0 running=0 resync=0 served=0  -> AggregatorGetPackets 0/s
[agg] StaticTimeProc 49/s  impl=0 host=0 running=0 resync=0 served=0  -> AggregatorGetPackets 0/s
[agg] StaticTimeProc 49/s  impl=0 host=0 running=0 resync=0 served=0  -> AggregatorGetPackets 0/s
[agg] StaticTimeProc 50/s  impl=0 host=0 running=0 resync=0 served=0  -> AggregatorGetPackets 0/s
[agg] StaticTimeProc 49/s  impl=0 host=0 running=0 resync=0 served=0  -> AggregatorGetPackets 0/s
[agg] StaticTimeProc 49/s  impl=0 host=0 running=0 resync=0 served=0  -> AggregatorGetPackets 0/s
[agg] StaticTimeProc 49/s  impl=0 host=0 running=0 resync=0 served=0  -> AggregatorGetPackets 0/s
[agg] StaticTimeProc 50/s  impl=0 host=0 running=0 resync=0 served=0  -> AggregatorGetPackets 0/s
[agg] StaticTimeProc 49/s  impl=0 host=0 running=0 resync=0 served=0  -> AggregatorGetPackets 0/s
[agg] StaticTimeProc 49/s  impl=0 host=0 running=0 resync=0 served=0  -> AggregatorGetPackets 0/s
[agg] StaticTimeProc 49/s  impl=0 host=0 running=0 resync=0 served=0  -> AggregatorGetPackets 0/s
[agg] StaticTimeProc 49/s  impl=0 host=0 running=0 resync=0 served=0  -> AggregatorGetPackets 0/s
[agg] StaticTimeProc 49/s  impl=0 host=0 running=0 resync=0 served=0  -> AggregatorGetPackets 0/s
[agg] StaticTimeProc 49/s  impl=0 host=0 running=0 resync=0 served=0  -> AggregatorGetPackets 0/s
[agg] StaticTimeProc 49/s  impl=0 host=0 running=0 resync=0 served=0  -> AggregatorGetPackets 0/s
[agg] StaticTimeProc 50/s  impl=0 host=0 running=0 resync=0 served=0  -> AggregatorGetPackets 0/s
[agg] StaticTimeProc 49/s  impl=0 host=0 running=0 resync=0 served=0  -> AggregatorGetPackets 0/s
[agg] StaticTimeProc 49/s  impl=0 host=0 running=0 resync=0 served=0  -> AggregatorGetPackets 0/s
[agg] StaticTimeProc 49/s  impl=0 host=0 running=0 resync=0 served=0  -> AggregatorGetPackets 0/s
[agg] StaticTimeProc 49/s  impl=0 host=0 running=0 resync=0 served=0  -> AggregatorGetPackets 0/s
[clickid] id=2063 col=-612 -> (323,892)  [type=1 rect(113,876 591x36) rel=0 drawOx=88]
[dplay] InitializeConnection (TCP/IP provider selected)
[menu] ---- 17 clickable control(s) ----
[menu] #4@10CSystemBox  rect(0,0 24x24)  centre(12,12)  type=3  ""
[menu] #7@10CSystemBox  rect(0,24 24x24)  centre(12,36)  type=3  ""
[menu] #10@10CSystemBox  rect(24,0 48x48)  centre(48,24)  type=3  ""
[menu] #2063@14RFullPanelDial  rect(25,720 474x36)  centre(262,738)  type=1  ""
[menu]      row 0: [0] "Back"  [1] "Continue"
[menu] #2321@11CLockerRoom  rect(118,400 283x26)  centre(259,413)  type=5  ""
[menu] #2021@11CLockerRoom  rect(25,400 67x26)  centre(58,413)  type=2  "Name"
[menu] #2320@11CLockerRoom  rect(118,427 283x26)  centre(259,440)  type=5  ""
[menu] #2022@11CLockerRoom  rect(25,427 84x26)  centre(67,440)  type=2  "Session"
[menu] #2023@11CLockerRoom  rect(26,547 148x26)  centre(100,560)  type=2  "GAME TYPE"
[menu] #2024@11CLockerRoom  rect(269,547 144x26)  centre(341,560)  type=2  "SELECT SIDE"
[menu] #2323@11CLockerRoom  rect(26,575 193x99)  centre(122,624)  type=8  ""
[menu] #2025@11CLockerRoom  rect(25,456 91x26)  centre(70,469)  type=2  "Password"
[menu] #2144@11CLockerRoom  rect(118,456 283x26)  centre(259,469)  type=5  ""
[menu] #1010@11CLockerRoom  rect(140,677 270x26)  centre(275,690)  type=4  ""
[menu] #1012@11CLockerRoom  rect(118,487 283x26)  centre(259,500)  type=4  ""
[menu] #1011@11CLockerRoom  rect(26,677 84x26)  centre(68,690)  type=2  "Scenario"
[menu] #2027@11CLockerRoom  rect(25,489 91x26)  centre(70,502)  type=2  "Data Rate"
[agg] StaticTimeProc 49/s  impl=0 host=0 running=0 resync=0 served=0  -> AggregatorGetPackets 0/s
[agg] StaticTimeProc 49/s  impl=0 host=0 running=0 resync=0 served=0  -> AggregatorGetPackets 0/s
[agg] StaticTimeProc 50/s  impl=0 host=0 running=0 resync=0 served=0  -> AggregatorGetPackets 0/s
[agg] StaticTimeProc 49/s  impl=0 host=0 running=0 resync=0 served=0  -> AggregatorGetPackets 0/s
[agg] StaticTimeProc 49/s  impl=0 host=0 running=0 resync=0 served=0  -> AggregatorGetPackets 0/s
[agg] StaticTimeProc 49/s  impl=0 host=0 running=0 resync=0 served=0  -> AggregatorGetPackets 0/s
[agg] StaticTimeProc 50/s  impl=0 host=0 running=0 resync=0 served=0  -> AggregatorGetPackets 0/s
[agg] StaticTimeProc 49/s  impl=0 host=0 running=0 resync=0 served=0  -> AggregatorGetPackets 0/s
[agg] StaticTimeProc 49/s  impl=0 host=0 running=0 resync=0 served=0  -> AggregatorGetPackets 0/s
[agg] StaticTimeProc 49/s  impl=0 host=0 running=0 resync=0 served=0  -> AggregatorGetPackets 0/s
[agg] StaticTimeProc 49/s  impl=0 host=0 running=0 resync=0 served=0  -> AggregatorGetPackets 0/s
[agg] StaticTimeProc 49/s  impl=0 host=0 running=0 resync=0 served=0  -> AggregatorGetPackets 0/s
[agg] StaticTimeProc 50/s  impl=0 host=0 running=0 resync=0 served=0  -> AggregatorGetPackets 0/s
[agg] StaticTimeProc 48/s  impl=0 host=0 running=0 resync=0 served=0  -> AggregatorGetPackets 0/s
[agg] StaticTimeProc 50/s  impl=0 host=0 running=0 resync=0 served=0  -> AggregatorGetPackets 0/s
[agg] StaticTimeProc 49/s  impl=0 host=0 running=0 resync=0 served=0  -> AggregatorGetPackets 0/s
[agg] StaticTimeProc 49/s  impl=0 host=0 running=0 resync=0 served=0  -> AggregatorGetPackets 0/s
[agg] StaticTimeProc 49/s  impl=0 host=0 running=0 resync=0 served=0  -> AggregatorGetPackets 0/s
[agg] StaticTimeProc 49/s  impl=0 host=0 running=0 resync=0 served=0  -> AggregatorGetPackets 0/s
[agg] StaticTimeProc 49/s  impl=0 host=0 running=0 resync=0 served=0  -> AggregatorGetPackets 0/s
[clickid] id=2063 col=-612 -> (280,892)  [type=1 rect(113,876 474x36) rel=0 drawOx=88]
[dplay] UpDateDPlay: IDC_NAME hWnd=(nil) (GetCaption branch) -> "Player" len=6; editbox=0xa3c88f9
[dplay] UINewPlayer: PlayerName="Player" (len 6)  SessionName="MiG Alley"  ServedGame=0  type=1
[dplay] host bound to UDP 47624
[dplay] Open(CREATE) session "MiG Alley"
[dplay] CreatePlayer "(unnamed)" -> pid 1
[dplay] CreateGroup "(unnamed)" -> gid 2
[dplay] CreatePlayer "(unnamed)" -> pid 3
[group] AddPlayerToGroup player 3 -> group 2 : recorded (ngroups=1)
[dplay] AddPlayerToGroup player 3 -> group 2
[dplay] Send 12 bytes pid 3 -> 2 (no peer yet -- DP_OK, nothing transmitted)
[dplay] Send 124 bytes pid 3 -> 0 (no peer yet -- DP_OK, nothing transmitted)
[dplay] pump #0 (host=1) -- discovery is answered only from here
[dplay] Send 189 bytes pid 3 -> 2 (no peer yet -- DP_OK, nothing transmitted)
[dplay] Send 189 bytes pid 3 -> 2 (no peer yet -- DP_OK, nothing transmitted)
[dplay] Send 29 bytes pid 3 -> 2 (no peer yet -- DP_OK, nothing transmitted)
[panelclear] transition #2: panel 0xa01e080 art 27914 -> 0xa01e080 art 27916
[lbrefit] id=2310 rect w=648 -> painted w=648 (h=237)
[lbrefit] id=2312 rect w=648 -> painted w=648 (h=121)
[menu] ---- 12 clickable control(s) ----
[menu] #4@10CSystemBox  rect(0,0 24x24)  centre(12,12)  type=3  ""
[menu] #7@10CSystemBox  rect(0,24 24x24)  centre(12,36)  type=3  ""
[menu] #10@10CSystemBox  rect(24,0 48x48)  centre(48,24)  type=3  ""
[menu] #2063@14RFullPanelDial  rect(25,720 711x36)  centre(380,738)  type=1  ""
[menu]      row 0: [0] "Quit"  [1] "Fly"  [2] "Visitors"  [3] "Radio"  [4] "Paint Shop"  [5] "Prefs"
[menu] #2310@10CReadyRoom  rect(0,32 648x237)  centre(324,150)  type=1  ""
[menu] #2021@10CReadyRoom  rect(342,15 67x26)  centre(375,28)  type=2  "Chat to:"
[menu] #2312@10CReadyRoom  rect(1,273 648x121)  centre(325,333)  type=1  ""
[menu] #2144@10CReadyRoom  rect(16,411 648x26)  centre(340,424)  type=5  ""
[menu] #2324@10CReadyRoom  rect(427,16 235x26)  centre(544,29)  type=8  ""
[menu] #2309@10CReadyRoom  rect(99,15 225x26)  centre(211,28)  type=2  "Invalid ID!"
[menu] #2023@10CReadyRoom  rect(15,15 81x26)  centre(55,28)  type=2  "Scenario:"
[menu] #0@13CRListBoxCtrl  rect(1,-16 207x16)  centre(104,-8)  type=9  ""
[menu] ---- 12 clickable control(s) ----
[menu] #4@10CSystemBox  rect(0,0 24x24)  centre(12,12)  type=3  ""
[menu] #7@10CSystemBox  rect(0,24 24x24)  centre(12,36)  type=3  ""
[menu] #10@10CSystemBox  rect(24,0 48x48)  centre(48,24)  type=3  ""
[menu] #2063@14RFullPanelDial  rect(25,720 711x36)  centre(380,738)  type=1  ""
[menu]      row 0: [0] "Quit"  [1] "Fly"  [2] "Visitors"  [3] "Radio"  [4] "Paint Shop"  [5] "Prefs"
[menu] #2310@10CReadyRoom  rect(0,32 648x237)  centre(324,150)  type=1  ""
[menu]      row 0: [1] "Name"  [2] "Aircraft"  [3] "Status"  [4] "Kills"  [5] "Losses"
[menu]      row 1: [0] "1"  [1] "Player"  [2] "F86 1"  [3] "Flight Line"  [4] "0"  [5] "0"
[menu] #2021@10CReadyRoom  rect(342,15 67x26)  centre(375,28)  type=2  "Chat to:"
[menu] #2312@10CReadyRoom  rect(1,273 648x121)  centre(325,333)  type=1  ""
[menu] #2144@10CReadyRoom  rect(16,411 648x26)  centre(340,424)  type=5  ""
[menu] #2324@10CReadyRoom  rect(427,16 235x26)  centre(544,29)  type=8  ""
[menu] #2309@10CReadyRoom  rect(99,15 225x26)  centre(211,28)  type=2  "1) Implode"
[menu] #2023@10CReadyRoom  rect(15,15 81x26)  centre(55,28)  type=2  "Scenario:"
[menu] #0@13CRListBoxCtrl  rect(1,-16 207x16)  centre(104,-8)  type=9  ""
[agg] StaticTimeProc 49/s  impl=0 host=1 running=0 resync=0 served=0  -> AggregatorGetPackets 0/s
[agg] StaticTimeProc 48/s  impl=0 host=1 running=0 resync=0 served=0  -> AggregatorGetPackets 0/s
[agg] StaticTimeProc 49/s  impl=0 host=1 running=0 resync=0 served=0  -> AggregatorGetPackets 0/s
[agg] StaticTimeProc 50/s  impl=0 host=1 running=0 resync=0 served=0  -> AggregatorGetPackets 0/s
[agg] StaticTimeProc 49/s  impl=0 host=1 running=0 resync=0 served=0  -> AggregatorGetPackets 0/s
[agg] StaticTimeProc 49/s  impl=0 host=1 running=0 resync=0 served=0  -> AggregatorGetPackets 0/s
[agg] StaticTimeProc 49/s  impl=0 host=1 running=0 resync=0 served=0  -> AggregatorGetPackets 0/s
[agg] StaticTimeProc 49/s  impl=0 host=1 running=0 resync=0 served=0  -> AggregatorGetPackets 0/s
[agg] StaticTimeProc 49/s  impl=0 host=1 running=0 resync=0 served=0  -> AggregatorGetPackets 0/s
[agg] StaticTimeProc 49/s  impl=0 host=1 running=0 resync=0 served=0  -> AggregatorGetPackets 0/s
[agg] StaticTimeProc 49/s  impl=0 host=1 running=0 resync=0 served=0  -> AggregatorGetPackets 0/s
[dplay] pump #500 (host=1) -- discovery is answered only from here
[agg] StaticTimeProc 49/s  impl=0 host=1 running=0 resync=0 served=0  -> AggregatorGetPackets 0/s
[agg] StaticTimeProc 49/s  impl=0 host=1 running=0 resync=0 served=0  -> AggregatorGetPackets 0/s
[agg] StaticTimeProc 49/s  impl=0 host=1 running=0 resync=0 served=0  -> AggregatorGetPackets 0/s
[agg] StaticTimeProc 50/s  impl=0 host=1 running=0 resync=0 served=0  -> AggregatorGetPackets 0/s
[agg] StaticTimeProc 49/s  impl=0 host=1 running=0 resync=0 served=0  -> AggregatorGetPackets 0/s
[agg] StaticTimeProc 49/s  impl=0 host=1 running=0 resync=0 served=0  -> AggregatorGetPackets 0/s
[agg] StaticTimeProc 49/s  impl=0 host=1 running=0 resync=0 served=0  -> AggregatorGetPackets 0/s
[agg] StaticTimeProc 49/s  impl=0 host=1 running=0 resync=0 served=0  -> AggregatorGetPackets 0/s
[agg] StaticTimeProc 49/s  impl=0 host=1 running=0 resync=0 served=0  -> AggregatorGetPackets 0/s
[agg] StaticTimeProc 49/s  impl=0 host=1 running=0 resync=0 served=0  -> AggregatorGetPackets 0/s
[dplay] pump #1000 (host=1) -- discovery is answered only from here
[agg] StaticTimeProc 49/s  impl=0 host=1 running=0 resync=0 served=0  -> AggregatorGetPackets 0/s
[agg] StaticTimeProc 50/s  impl=0 host=1 running=0 resync=0 served=0  -> AggregatorGetPackets 0/s
[agg] StaticTimeProc 49/s  impl=0 host=1 running=0 resync=0 served=0  -> AggregatorGetPackets 0/s
[agg] StaticTimeProc 49/s  impl=0 host=1 running=0 resync=0 served=0  -> AggregatorGetPackets 0/s
[dplay] probe from a client -> offered session "MiG Alley"
[agg] StaticTimeProc 49/s  impl=0 host=1 running=0 resync=0 served=0  -> AggregatorGetPackets 0/s
[dplay] probe from a client -> offered session "MiG Alley"
[dplay] probe from a client -> offered session "MiG Alley"
[dplay] probe from a client -> offered session "MiG Alley"
[agg] StaticTimeProc 49/s  impl=0 host=1 running=0 resync=0 served=0  -> AggregatorGetPackets 0/s
[dplay] probe from a client -> offered session "MiG Alley"
[dplay] probe from a client -> offered session "MiG Alley"
[agg] StaticTimeProc 50/s  impl=0 host=1 running=0 resync=0 served=0  -> AggregatorGetPackets 0/s
[dplay] probe from a client -> offered session "MiG Alley"
[dplay] probe from a client -> offered session "MiG Alley"
[agg] StaticTimeProc 49/s  impl=0 host=1 running=0 resync=0 served=0  -> AggregatorGetPackets 0/s
[dplay] probe from a client -> offered session "MiG Alley"
[dplay] probe from a client -> offered session "MiG Alley"
[dplay] probe from a client -> offered session "MiG Alley"
[agg] StaticTimeProc 49/s  impl=0 host=1 running=0 resync=0 served=0  -> AggregatorGetPackets 0/s
[dplay] probe from a client -> offered session "MiG Alley"
[dplay] probe from a client -> offered session "MiG Alley"
[agg] StaticTimeProc 49/s  impl=0 host=1 running=0 resync=0 served=0  -> AggregatorGetPackets 0/s
[dplay] probe from a client -> offered session "MiG Alley"
[dplay] probe from a client -> offered session "MiG Alley"
[dplay] probe from a client -> offered session "MiG Alley"
[agg] StaticTimeProc 50/s  impl=0 host=1 running=0 resync=0 served=0  -> AggregatorGetPackets 0/s
[dplay] pump #1500 (host=1) -- discovery is answered only from here
[dplay] probe from a client -> offered session "MiG Alley"
[dplay] probe from a client -> offered session "MiG Alley"
[agg] StaticTimeProc 49/s  impl=0 host=1 running=0 resync=0 served=0  -> AggregatorGetPackets 0/s
[dplay] probe from a client -> offered session "MiG Alley"
[dplay] probe from a client -> offered session "MiG Alley"
[agg] StaticTimeProc 49/s  impl=0 host=1 running=0 resync=0 served=0  -> AggregatorGetPackets 0/s
[dplay] probe from a client -> offered session "MiG Alley"
[dplay] probe from a client -> offered session "MiG Alley"
[dplay] probe from a client -> offered session "MiG Alley"
[agg] StaticTimeProc 50/s  impl=0 host=1 running=0 resync=0 served=0  -> AggregatorGetPackets 0/s
[dplay] probe from a client -> offered session "MiG Alley"
[dplay] probe from a client -> offered session "MiG Alley"
[agg] StaticTimeProc 49/s  impl=0 host=1 running=0 resync=0 served=0  -> AggregatorGetPackets 0/s
[dplay] probe from a client -> offered session "MiG Alley"
[dplay] probe from a client -> offered session "MiG Alley"
[agg] StaticTimeProc 49/s  impl=0 host=1 running=0 resync=0 served=0  -> AggregatorGetPackets 0/s
[dplay] probe from a client -> offered session "MiG Alley"
[dplay] client joined from 127.0.0.1:55873 -> assigned pid 4
[dplay] received 75 data bytes from pid 4
[dplay] Send 75 bytes pid 3 -> 0 (ok)
[dplay] received 12 data bytes from pid 4
[dplay] Send 12 bytes pid 3 -> 0 (ok)
[dplay] Send 524 bytes pid 3 -> 0 (ok)
[dplay] Send 524 bytes pid 3 -> 0 (ok)
[dplay] Send 524 bytes pid 3 -> 0 (ok)
[agg] StaticTimeProc 49/s  impl=0 host=1 running=0 resync=0 served=0  -> AggregatorGetPackets 0/s
[agg] StaticTimeProc 49/s  impl=0 host=1 running=0 resync=0 served=0  -> AggregatorGetPackets 0/s
[agg] StaticTimeProc 50/s  impl=0 host=1 running=0 resync=0 served=0  -> AggregatorGetPackets 0/s
[agg] StaticTimeProc 49/s  impl=0 host=1 running=0 resync=0 served=0  -> AggregatorGetPackets 0/s
[agg] StaticTimeProc 48/s  impl=0 host=1 running=0 resync=0 served=0  -> AggregatorGetPackets 0/s
[dplay] pump #2000 (host=1) -- discovery is answered only from here
[agg] StaticTimeProc 49/s  impl=0 host=1 running=0 resync=0 served=0  -> AggregatorGetPackets 0/s
[agg] StaticTimeProc 49/s  impl=0 host=1 running=0 resync=0 served=0  -> AggregatorGetPackets 0/s
[agg] StaticTimeProc 47/s  impl=0 host=1 running=0 resync=0 served=0  -> AggregatorGetPackets 0/s
[agg] StaticTimeProc 49/s  impl=0 host=1 running=0 resync=0 served=0  -> AggregatorGetPackets 0/s
[agg] StaticTimeProc 49/s  impl=0 host=1 running=0 resync=0 served=0  -> AggregatorGetPackets 0/s
[agg] StaticTimeProc 49/s  impl=0 host=1 running=0 resync=0 served=0  -> AggregatorGetPackets 0/s
[agg] StaticTimeProc 49/s  impl=0 host=1 running=0 resync=0 served=0  -> AggregatorGetPackets 0/s
[agg] StaticTimeProc 49/s  impl=0 host=1 running=0 resync=0 served=0  -> AggregatorGetPackets 0/s
[agg] StaticTimeProc 49/s  impl=0 host=1 running=0 resync=0 served=0  -> AggregatorGetPackets 0/s
[agg] StaticTimeProc 49/s  impl=0 host=1 running=0 resync=0 served=0  -> AggregatorGetPackets 0/s
[agg] StaticTimeProc 50/s  impl=0 host=1 running=0 resync=0 served=0  -> AggregatorGetPackets 0/s
[dplay] pump #2500 (host=1) -- discovery is answered only from here
[agg] StaticTimeProc 49/s  impl=0 host=1 running=0 resync=0 served=0  -> AggregatorGetPackets 0/s
[agg] StaticTimeProc 49/s  impl=0 host=1 running=0 resync=0 served=0  -> AggregatorGetPackets 0/s
[agg] StaticTimeProc 49/s  impl=0 host=1 running=0 resync=0 served=0  -> AggregatorGetPackets 0/s
[agg] StaticTimeProc 49/s  impl=0 host=1 running=0 resync=0 served=0  -> AggregatorGetPackets 0/s
[agg] StaticTimeProc 50/s  impl=0 host=1 running=0 resync=0 served=0  -> AggregatorGetPackets 0/s
[agg] StaticTimeProc 49/s  impl=0 host=1 running=0 resync=0 served=0  -> AggregatorGetPackets 0/s
[agg] StaticTimeProc 49/s  impl=0 host=1 running=0 resync=0 served=0  -> AggregatorGetPackets 0/s
[agg] StaticTimeProc 49/s  impl=0 host=1 running=0 resync=0 served=0  -> AggregatorGetPackets 0/s
[agg] StaticTimeProc 49/s  impl=0 host=1 running=0 resync=0 served=0  -> AggregatorGetPackets 0/s
[agg] StaticTimeProc 49/s  impl=0 host=1 running=0 resync=0 served=0  -> AggregatorGetPackets 0/s
[dplay] pump #3000 (host=1) -- discovery is answered only from here
[agg] StaticTimeProc 49/s  impl=0 host=1 running=0 resync=0 served=0  -> AggregatorGetPackets 0/s
[agg] StaticTimeProc 49/s  impl=0 host=1 running=0 resync=0 served=0  -> AggregatorGetPackets 0/s
[agg] StaticTimeProc 49/s  impl=0 host=1 running=0 resync=0 served=0  -> AggregatorGetPackets 0/s
[agg] StaticTimeProc 50/s  impl=0 host=1 running=0 resync=0 served=0  -> AggregatorGetPackets 0/s
[agg] StaticTimeProc 49/s  impl=0 host=1 running=0 resync=0 served=0  -> AggregatorGetPackets 0/s
[agg] StaticTimeProc 49/s  impl=0 host=1 running=0 resync=0 served=0  -> AggregatorGetPackets 0/s
[agg] StaticTimeProc 49/s  impl=0 host=1 running=0 resync=0 served=0  -> AggregatorGetPackets 0/s
[agg] StaticTimeProc 49/s  impl=0 host=1 running=0 resync=0 served=0  -> AggregatorGetPackets 0/s
[agg] StaticTimeProc 49/s  impl=0 host=1 running=0 resync=0 served=0  -> AggregatorGetPackets 0/s
[agg] StaticTimeProc 49/s  impl=0 host=1 running=0 resync=0 served=0  -> AggregatorGetPackets 0/s
[agg] StaticTimeProc 49/s  impl=0 host=1 running=0 resync=0 served=0  -> AggregatorGetPackets 0/s
[dplay] pump #3500 (host=1) -- discovery is answered only from here
[agg] StaticTimeProc 49/s  impl=0 host=1 running=0 resync=0 served=0  -> AggregatorGetPackets 0/s
[agg] StaticTimeProc 50/s  impl=0 host=1 running=0 resync=0 served=0  -> AggregatorGetPackets 0/s
[agg] StaticTimeProc 49/s  impl=0 host=1 running=0 resync=0 served=0  -> AggregatorGetPackets 0/s
[agg] StaticTimeProc 49/s  impl=0 host=1 running=0 resync=0 served=0  -> AggregatorGetPackets 0/s
[agg] StaticTimeProc 49/s  impl=0 host=1 running=0 resync=0 served=0  -> AggregatorGetPackets 0/s
[agg] StaticTimeProc 49/s  impl=0 host=1 running=0 resync=0 served=0  -> AggregatorGetPackets 0/s
[agg] StaticTimeProc 49/s  impl=0 host=1 running=0 resync=0 served=0  -> AggregatorGetPackets 0/s
[agg] StaticTimeProc 50/s  impl=0 host=1 running=0 resync=0 served=0  -> AggregatorGetPackets 0/s
[agg] StaticTimeProc 49/s  impl=0 host=1 running=0 resync=0 served=0  -> AggregatorGetPackets 0/s
[agg] StaticTimeProc 49/s  impl=0 host=1 running=0 resync=0 served=0  -> AggregatorGetPackets 0/s
[dplay] pump #4000 (host=1) -- discovery is answered only from here
[agg] StaticTimeProc 49/s  impl=0 host=1 running=0 resync=0 served=0  -> AggregatorGetPackets 0/s
[agg] StaticTimeProc 49/s  impl=0 host=1 running=0 resync=0 served=0  -> AggregatorGetPackets 0/s
[agg] StaticTimeProc 49/s  impl=0 host=1 running=0 resync=0 served=0  -> AggregatorGetPackets 0/s
[agg] StaticTimeProc 49/s  impl=0 host=1 running=0 resync=0 served=0  -> AggregatorGetPackets 0/s
[agg] StaticTimeProc 50/s  impl=0 host=1 running=0 resync=0 served=0  -> AggregatorGetPackets 0/s
[agg] StaticTimeProc 49/s  impl=0 host=1 running=0 resync=0 served=0  -> AggregatorGetPackets 0/s
[dplay] received 82 data bytes from pid 4
[dplay] Send 12 bytes pid 3 -> 0 (ok)
[dplay] received 12 data bytes from pid 4
[dplay] Send 12 bytes pid 1 -> 4 (ok)
[dplay] received 12 data bytes from pid 4
[dplay] received 12 data bytes from pid 4
[dplay] received 189 data bytes from pid 4
[dplay] received 189 data bytes from pid 4
[dplay] Send 189 bytes pid 3 -> 2 (ok)
[dplay] Send 29 bytes pid 3 -> 2 (ok)
[menu] ---- 12 clickable control(s) ----
[menu] #4@10CSystemBox  rect(0,0 24x24)  centre(12,12)  type=3  ""
[menu] #7@10CSystemBox  rect(0,24 24x24)  centre(12,36)  type=3  ""
[menu] #10@10CSystemBox  rect(24,0 48x48)  centre(48,24)  type=3  ""
[menu] #2063@14RFullPanelDial  rect(25,720 711x36)  centre(380,738)  type=1  ""
[menu]      row 0: [0] "Quit"  [1] "Fly"  [2] "Visitors"  [3] "Radio"  [4] "Paint Shop"  [5] "Prefs"
[menu] #2310@10CReadyRoom  rect(0,32 648x237)  centre(324,150)  type=1  ""
[menu]      row 0: [1] "Name"  [2] "Aircraft"  [3] "Status"  [4] "Kills"  [5] "Losses"
[menu]      row 1: [0] "1"  [1] "Player"  [2] "F86 1"  [3] "Flight Line"  [4] "0"  [5] "0"
[menu]      row 2: [0] "2"  [1] "Player"  [2] "F86 1"  [3] "Flight Line"  [4] "0"  [5] "0"
[menu] #2021@10CReadyRoom  rect(342,15 67x26)  centre(375,28)  type=2  "Chat to:"
[menu] #2312@10CReadyRoom  rect(1,273 648x121)  centre(325,333)  type=1  ""
[menu] #2144@10CReadyRoom  rect(16,411 648x26)  centre(340,424)  type=5  ""
[menu] #2324@10CReadyRoom  rect(427,16 235x26)  centre(544,29)  type=8  ""
[menu] #2309@10CReadyRoom  rect(99,15 225x26)  centre(211,28)  type=2  "1) Implode"
[menu] #2023@10CReadyRoom  rect(15,15 81x26)  centre(55,28)  type=2  "Scenario:"
[menu] #0@13CRListBoxCtrl  rect(1,-16 207x16)  centre(104,-8)  type=9  ""
[agg] StaticTimeProc 49/s  impl=0 host=1 running=0 resync=0 served=0  -> AggregatorGetPackets 0/s
[dplay] received 16 data bytes from pid 4
[dplay] Send 16 bytes pid 3 -> 2 (ok)
[dplay] received 16 data bytes from pid 4
[dplay] Send 16 bytes pid 3 -> 2 (ok)
[agg] StaticTimeProc 49/s  impl=0 host=1 running=0 resync=0 served=0  -> AggregatorGetPackets 0/s
[dplay] received 16 data bytes from pid 4
[dplay] Send 16 bytes pid 3 -> 2 (ok)
[dplay] received 16 data bytes from pid 4
[dplay] Send 16 bytes pid 3 -> 2 (ok)
[dplay] received 16 data bytes from pid 4
[dplay] Send 16 bytes pid 3 -> 2 (ok)
[agg] StaticTimeProc 49/s  impl=0 host=1 running=0 resync=0 served=0  -> AggregatorGetPackets 0/s
[dplay] received 16 data bytes from pid 4
[dplay] Send 16 bytes pid 3 -> 2 (ok)
[dplay] received 16 data bytes from pid 4
[dplay] Send 16 bytes pid 3 -> 2 (ok)
[agg] StaticTimeProc 49/s  impl=0 host=1 running=0 resync=0 served=0  -> AggregatorGetPackets 0/s
[dplay] received 16 data bytes from pid 4
[dplay] Send 16 bytes pid 3 -> 2 (ok)
[dplay] received 16 data bytes from pid 4
[dplay] Send 16 bytes pid 3 -> 2 (ok)
[dplay] received 16 data bytes from pid 4
[dplay] Send 16 bytes pid 3 -> 2 (ok)
[agg] StaticTimeProc 49/s  impl=0 host=1 running=0 resync=0 served=0  -> AggregatorGetPackets 0/s
[dplay] pump #4500 (host=1) -- discovery is answered only from here
[dplay] received 16 data bytes from pid 4
[dplay] Send 16 bytes pid 3 -> 2 (ok)
[dplay] received 16 data bytes from pid 4
[dplay] Send 16 bytes pid 3 -> 2 (ok)
[agg] StaticTimeProc 49/s  impl=0 host=1 running=0 resync=0 served=0  -> AggregatorGetPackets 0/s
[dplay] received 16 data bytes from pid 4
[dplay] Send 16 bytes pid 3 -> 2 (ok)
[dplay] received 16 data bytes from pid 4
[dplay] Send 16 bytes pid 3 -> 2 (ok)
[agg] StaticTimeProc 50/s  impl=0 host=1 running=0 resync=0 served=0  -> AggregatorGetPackets 0/s
[dplay] received 16 data bytes from pid 4
[dplay] Send 16 bytes pid 3 -> 2 (ok)
[dplay] received 16 data bytes from pid 4
[dplay] Send 16 bytes pid 3 -> 2 (ok)
[dplay] received 16 data bytes from pid 4
[dplay] Send 16 bytes pid 3 -> 2 (ok)
[agg] StaticTimeProc 49/s  impl=0 host=1 running=0 resync=0 served=0  -> AggregatorGetPackets 0/s
[dplay] received 16 data bytes from pid 4
[dplay] Send 16 bytes pid 3 -> 2 (ok)
[dplay] received 16 data bytes from pid 4
[dplay] Send 16 bytes pid 3 -> 2 (ok)
[agg] StaticTimeProc 49/s  impl=0 host=1 running=0 resync=0 served=0  -> AggregatorGetPackets 0/s
[dplay] received 16 data bytes from pid 4
[dplay] Send 16 bytes pid 3 -> 2 (ok)
[dplay] received 16 data bytes from pid 4
[dplay] Send 16 bytes pid 3 -> 2 (ok)
[agg] StaticTimeProc 49/s  impl=0 host=1 running=0 resync=0 served=0  -> AggregatorGetPackets 0/s
[dplay] received 16 data bytes from pid 4
[dplay] Send 16 bytes pid 3 -> 2 (ok)
[dplay] received 16 data bytes from pid 4
[dplay] Send 16 bytes pid 3 -> 2 (ok)
[dplay] received 16 data bytes from pid 4
[dplay] Send 16 bytes pid 3 -> 2 (ok)
[agg] StaticTimeProc 49/s  impl=0 host=1 running=0 resync=0 served=0  -> AggregatorGetPackets 0/s
[dplay] received 16 data bytes from pid 4
[dplay] Send 16 bytes pid 3 -> 2 (ok)
[dplay] received 16 data bytes from pid 4
[dplay] Send 16 bytes pid 3 -> 2 (ok)
[agg] StaticTimeProc 50/s  impl=0 host=1 running=0 resync=0 served=0  -> AggregatorGetPackets 0/s
[dplay] received 16 data bytes from pid 4
[dplay] Send 16 bytes pid 3 -> 2 (ok)
[dplay] received 16 data bytes from pid 4
[dplay] Send 16 bytes pid 3 -> 2 (ok)
[agg] StaticTimeProc 49/s  impl=0 host=1 running=0 resync=0 served=0  -> AggregatorGetPackets 0/s
[dplay] received 16 data bytes from pid 4
[dplay] Send 16 bytes pid 3 -> 2 (ok)
[dplay] received 16 data bytes from pid 4
[dplay] Send 16 bytes pid 3 -> 2 (ok)
[dplay] received 16 data bytes from pid 4
[dplay] Send 16 bytes pid 3 -> 2 (ok)
[agg] StaticTimeProc 49/s  impl=0 host=1 running=0 resync=0 served=0  -> AggregatorGetPackets 0/s
[dplay] received 16 data bytes from pid 4
[dplay] Send 16 bytes pid 3 -> 2 (ok)
[dplay] received 16 data bytes from pid 4
[dplay] Send 16 bytes pid 3 -> 2 (ok)
[agg] StaticTimeProc 49/s  impl=0 host=1 running=0 resync=0 served=0  -> AggregatorGetPackets 0/s
[dplay] received 16 data bytes from pid 4
[dplay] Send 16 bytes pid 3 -> 2 (ok)
[dplay] pump #5000 (host=1) -- discovery is answered only from here
[dplay] received 16 data bytes from pid 4
[dplay] Send 16 bytes pid 3 -> 2 (ok)
[agg] StaticTimeProc 49/s  impl=0 host=1 running=0 resync=0 served=0  -> AggregatorGetPackets 0/s
[dplay] received 16 data bytes from pid 4
[dplay] Send 16 bytes pid 3 -> 2 (ok)
[dplay] received 16 data bytes from pid 4
[dplay] Send 16 bytes pid 3 -> 2 (ok)
[dplay] received 16 data bytes from pid 4
[dplay] Send 16 bytes pid 3 -> 2 (ok)
[agg] StaticTimeProc 49/s  impl=0 host=1 running=0 resync=0 served=0  -> AggregatorGetPackets 0/s
[dplay] received 16 data bytes from pid 4
[dplay] Send 16 bytes pid 3 -> 2 (ok)
[dplay] received 16 data bytes from pid 4
[dplay] Send 16 bytes pid 3 -> 2 (ok)
[agg] StaticTimeProc 49/s  impl=0 host=1 running=0 resync=0 served=0  -> AggregatorGetPackets 0/s
[dplay] received 16 data bytes from pid 4
[dplay] Send 16 bytes pid 3 -> 2 (ok)
[dplay] received 16 data bytes from pid 4
[dplay] Send 16 bytes pid 3 -> 2 (ok)
[dplay] received 16 data bytes from pid 4
[dplay] Send 16 bytes pid 3 -> 2 (ok)
[agg] StaticTimeProc 50/s  impl=0 host=1 running=0 resync=0 served=0  -> AggregatorGetPackets 0/s
[dplay] received 16 data bytes from pid 4
[dplay] Send 16 bytes pid 3 -> 2 (ok)
[dplay] received 16 data bytes from pid 4
[dplay] Send 16 bytes pid 3 -> 2 (ok)
[agg] StaticTimeProc 49/s  impl=0 host=1 running=0 resync=0 served=0  -> AggregatorGetPackets 0/s
[dplay] received 16 data bytes from pid 4
[dplay] Send 16 bytes pid 3 -> 2 (ok)
[dplay] received 16 data bytes from pid 4
[dplay] Send 16 bytes pid 3 -> 2 (ok)
[agg] StaticTimeProc 49/s  impl=0 host=1 running=0 resync=0 served=0  -> AggregatorGetPackets 0/s
[dplay] received 16 data bytes from pid 4
[dplay] Send 16 bytes pid 3 -> 2 (ok)
[dplay] received 16 data bytes from pid 4
[dplay] Send 16 bytes pid 3 -> 2 (ok)
[dplay] received 16 data bytes from pid 4
[dplay] Send 16 bytes pid 3 -> 2 (ok)
[agg] StaticTimeProc 49/s  impl=0 host=1 running=0 resync=0 served=0  -> AggregatorGetPackets 0/s
[dplay] received 16 data bytes from pid 4
[dplay] Send 16 bytes pid 3 -> 2 (ok)
[dplay] received 16 data bytes from pid 4
[dplay] Send 16 bytes pid 3 -> 2 (ok)
[agg] StaticTimeProc 49/s  impl=0 host=1 running=0 resync=0 served=0  -> AggregatorGetPackets 0/s
[dplay] received 16 data bytes from pid 4
[dplay] Send 16 bytes pid 3 -> 2 (ok)
[dplay] received 16 data bytes from pid 4
[dplay] Send 16 bytes pid 3 -> 2 (ok)
[agg] StaticTimeProc 49/s  impl=0 host=1 running=0 resync=0 served=0  -> AggregatorGetPackets 0/s
[dplay] received 16 data bytes from pid 4
[dplay] Send 16 bytes pid 3 -> 2 (ok)
[dplay] received 16 data bytes from pid 4
[dplay] Send 16 bytes pid 3 -> 2 (ok)
[dplay] received 16 data bytes from pid 4
[dplay] Send 16 bytes pid 3 -> 2 (ok)
[agg] StaticTimeProc 50/s  impl=0 host=1 running=0 resync=0 served=0  -> AggregatorGetPackets 0/s
[dplay] received 16 data bytes from pid 4
[dplay] Send 16 bytes pid 3 -> 2 (ok)
[dplay] pump #5500 (host=1) -- discovery is answered only from here
[dplay] received 16 data bytes from pid 4
[dplay] Send 16 bytes pid 3 -> 2 (ok)
[agg] StaticTimeProc 49/s  impl=0 host=1 running=0 resync=0 served=0  -> AggregatorGetPackets 0/s
[dplay] received 16 data bytes from pid 4
[dplay] Send 16 bytes pid 3 -> 2 (ok)
[dplay] received 16 data bytes from pid 4
[dplay] Send 16 bytes pid 3 -> 2 (ok)
[agg] StaticTimeProc 49/s  impl=0 host=1 running=0 resync=0 served=0  -> AggregatorGetPackets 0/s
[dplay] received 16 data bytes from pid 4
[dplay] Send 16 bytes pid 3 -> 2 (ok)
[dplay] received 16 data bytes from pid 4
[dplay] Send 16 bytes pid 3 -> 2 (ok)
[dplay] received 16 data bytes from pid 4
[dplay] Send 16 bytes pid 3 -> 2 (ok)
[agg] StaticTimeProc 49/s  impl=0 host=1 running=0 resync=0 served=0  -> AggregatorGetPackets 0/s
[dplay] received 16 data bytes from pid 4
[dplay] Send 16 bytes pid 3 -> 2 (ok)
[dplay] received 16 data bytes from pid 4
[dplay] Send 16 bytes pid 3 -> 2 (ok)
[agg] StaticTimeProc 49/s  impl=0 host=1 running=0 resync=0 served=0  -> AggregatorGetPackets 0/s
[dplay] received 16 data bytes from pid 4
[dplay] Send 16 bytes pid 3 -> 2 (ok)
[dplay] received 16 data bytes from pid 4
[dplay] Send 16 bytes pid 3 -> 2 (ok)
[agg] StaticTimeProc 49/s  impl=0 host=1 running=0 resync=0 served=0  -> AggregatorGetPackets 0/s
[dplay] received 16 data bytes from pid 4
[dplay] Send 16 bytes pid 3 -> 2 (ok)
[dplay] received 16 data bytes from pid 4
[dplay] Send 16 bytes pid 3 -> 2 (ok)
[dplay] received 16 data bytes from pid 4
[dplay] Send 16 bytes pid 3 -> 2 (ok)
[agg] StaticTimeProc 49/s  impl=0 host=1 running=0 resync=0 served=0  -> AggregatorGetPackets 0/s
[dplay] received 16 data bytes from pid 4
[dplay] Send 16 bytes pid 3 -> 2 (ok)
[dplay] received 16 data bytes from pid 4
[dplay] Send 16 bytes pid 3 -> 2 (ok)
[agg] StaticTimeProc 49/s  impl=0 host=1 running=0 resync=0 served=0  -> AggregatorGetPackets 0/s
[dplay] received 16 data bytes from pid 4
[dplay] Send 16 bytes pid 3 -> 2 (ok)
[dplay] received 16 data bytes from pid 4
[dplay] Send 16 bytes pid 3 -> 2 (ok)
[agg] StaticTimeProc 49/s  impl=0 host=1 running=0 resync=0 served=0  -> AggregatorGetPackets 0/s
[dplay] received 16 data bytes from pid 4
[dplay] Send 16 bytes pid 3 -> 2 (ok)
[dplay] received 16 data bytes from pid 4
[dplay] Send 16 bytes pid 3 -> 2 (ok)
[dplay] received 16 data bytes from pid 4
[dplay] Send 16 bytes pid 3 -> 2 (ok)
[agg] StaticTimeProc 49/s  impl=0 host=1 running=0 resync=0 served=0  -> AggregatorGetPackets 0/s
[dplay] received 16 data bytes from pid 4
[dplay] Send 16 bytes pid 3 -> 2 (ok)
[dplay] received 16 data bytes from pid 4
[dplay] Send 16 bytes pid 3 -> 2 (ok)
[agg] StaticTimeProc 49/s  impl=0 host=1 running=0 resync=0 served=0  -> AggregatorGetPackets 0/s
[dplay] received 16 data bytes from pid 4
[dplay] Send 16 bytes pid 3 -> 2 (ok)
[dplay] received 16 data bytes from pid 4
[dplay] Send 16 bytes pid 3 -> 2 (ok)
[dplay] pump #6000 (host=1) -- discovery is answered only from here
[agg] StaticTimeProc 49/s  impl=0 host=1 running=0 resync=0 served=0  -> AggregatorGetPackets 0/s
[dplay] received 16 data bytes from pid 4
[dplay] Send 16 bytes pid 3 -> 2 (ok)
[dplay] received 16 data bytes from pid 4
[dplay] Send 16 bytes pid 3 -> 2 (ok)
[dplay] received 16 data bytes from pid 4
[dplay] Send 16 bytes pid 3 -> 2 (ok)
[agg] StaticTimeProc 49/s  impl=0 host=1 running=0 resync=0 served=0  -> AggregatorGetPackets 0/s
[dplay] received 16 data bytes from pid 4
[dplay] Send 16 bytes pid 3 -> 2 (ok)
[dplay] received 16 data bytes from pid 4
[dplay] Send 16 bytes pid 3 -> 2 (ok)
[agg] StaticTimeProc 49/s  impl=0 host=1 running=0 resync=0 served=0  -> AggregatorGetPackets 0/s
[dplay] received 16 data bytes from pid 4
[dplay] Send 16 bytes pid 3 -> 2 (ok)
[dplay] received 16 data bytes from pid 4
[dplay] Send 16 bytes pid 3 -> 2 (ok)
[dplay] received 16 data bytes from pid 4
[dplay] Send 16 bytes pid 3 -> 2 (ok)
[agg] StaticTimeProc 49/s  impl=0 host=1 running=0 resync=0 served=0  -> AggregatorGetPackets 0/s
[dplay] received 16 data bytes from pid 4
[dplay] Send 16 bytes pid 3 -> 2 (ok)
[dplay] received 16 data bytes from pid 4
[dplay] Send 16 bytes pid 3 -> 2 (ok)
[agg] StaticTimeProc 49/s  impl=0 host=1 running=0 resync=0 served=0  -> AggregatorGetPackets 0/s
[dplay] received 16 data bytes from pid 4
[dplay] Send 16 bytes pid 3 -> 2 (ok)
[clickid] id=2063 col=-612 -> (222,892)  [type=1 rect(113,876 711x36) rel=0 drawOx=88]
[dplay] UINetworkSelectFly: Host=1 GameType=0 PlayerCreated=1
[dplay]   player 0 status=3
[dplay]   player 1 status=3
[dplay] Send 189 bytes pid 3 -> 2 (ok)
[dplay]   UISendFlyNow -> TRUE
[dplay] Send 1292 bytes pid 3 -> 2 (ok)
[dplay] Send 189 bytes pid 3 -> 2 (ok)
[dplay] Send 29 bytes pid 3 -> 2 (ok)
[dplay] Send 524 bytes pid 3 -> 2 (ok)
[3d] Start3d(stat=2) status=1
[3d]   -> status=3 (waiting for DONEBACK=4)
[3d] Start3d(stat=4) status=3
[3d]   -> status=7 (7 = GOING)
[3d] flight-view active; setup3dstatus=8 (8=GOING: setup done, WM_GETSTRING posted)
[3d] driving Launch3d (OnGetString)...
[dplay] Send 114 bytes pid 3 -> 2 (ok)
[dplay] received 1292 data bytes from pid 4
[dplay] received 189 data bytes from pid 4
[dplay] Send 79 bytes pid 3 -> 2 (ok)
[dplay] Send 87 bytes pid 3 -> 2 (ok)
[dplay] Send 87 bytes pid 3 -> 2 (ok)
[dplay] Send 87 bytes pid 3 -> 2 (ok)
[dplay] Send 95 bytes pid 3 -> 2 (ok)
[dplay] Send 103 bytes pid 3 -> 2 (ok)
[dplay] Send 103 bytes pid 3 -> 2 (ok)
[dplay] Send 103 bytes pid 3 -> 2 (ok)
[dplay] Send 103 bytes pid 3 -> 2 (ok)
[dplay] Send 103 bytes pid 3 -> 2 (ok)
[dplay] Send 103 bytes pid 3 -> 2 (ok)
[dplay] Send 167 bytes pid 3 -> 2 (ok)
[iamin] announcing entry (started with host, Joining=FALSE)
[iamin-wire] SENT from=3 to=2 len=16
[dplay] Send 16 bytes pid 3 -> 2 (ok)
[iamin-wire] QUEUED from=4 to=2 len=16
[dplay] received 16 data bytes from pid 4
[keybind] ./controls.cfg: applied 585 binding(s)
[layout] RTESTSH1: sizeof(Inst3d)=49 sizeof(View3d)=84 tmpinst=0xa483c10
[layout] STUB3D: sizeof(Inst3d)=49 off(viewedwin)=11 sizeof(View3d)=84 off(timeSinceLastMove)=68 inst=0xa483c10 viewedwin=0xa7bf360
[hw] renderer: hardware (the player's saved choice)
[3d] IDirectDraw2::EnumDisplayModes called cb=0x817c6a8
[3d] wired logicalscreenptr=0xc2f8b010 (back-surface bits) NumberOfScreens=1
[3d] XX_SetGraphicsMode: DDCurrMode=0 colourdepth=16 BytesPerPixel=2 masks R=0xf800 G=0x7e0 B=0x1f bitcount=16
[overlay] GetSurfaceDimensions -> 640x480
[overlay] GetSurfaceDimensions -> 640x480
[overlay] GetSurfaceDimensions -> 640x480
[agg] StaticTimeProc 49/s  impl=1 host=1 running=1 resync=0 served=0  -> AggregatorGetPackets 17/s
[agg] InitSyncPhase received 1 msg/s  aggID=1  From seen: 4
[iamin-wire] DELIVERED caller=WINMOVE.CPP:4150 from=4 to=2 len=16 flags=0x2 toarg=2
[addplayer] slot=1 actype=0 id=3585 -> ConvertPtrUID FOUND (player will be made visible)
[agg] InitSyncPhase got-agg-packet 0/s  no-packet 1/s
[dplay] pump #6500 (host=1) -- discovery is answered only from here
[dplay] pump #7000 (host=1) -- discovery is answered only from here
[dplay] pump #7500 (host=1) -- discovery is answered only from here
[dplay] pump #8000 (host=1) -- discovery is answered only from here
[dplay] pump #8500 (host=1) -- discovery is answered only from here
[dplay] pump #9000 (host=1) -- discovery is answered only from here
[dplay] pump #9500 (host=1) -- discovery is answered only from here
[dplay] pump #10000 (host=1) -- discovery is answered only from here
[joy] opened 'Logitech Extreme 3D' axes=4 buttons=12 hats=1
[3d] Launch3d returned; tmpinst=0xa483c10 tmpview=0xa7bf360
[peer] uid=3585 found=1 visible=1 dead=0 range=226m
[self] uid=3584 visible=1 dead=0
[accnt] CHANGE at call 0: aircraft=8 MAX=8 visible=2 dead=6
[accnt] aircraft in this world: now=8 MAX=8 visible=2 dead=6 (frame sample #0)
[agg] loopback 1/s  from=1 to=2 (local player or group)
[dplay] Send 5 bytes pid 1 -> 2 (ok)
[agg] SendEx aggpacket 1/s  from=1 to=2(playergroup) players=0 size=5 res=0x0
[dplay] received 14 data bytes from pid 4
[dplay] Send 14 bytes pid 3 -> 1 (ok)
[agg] aggregator received 1 msg/s  right-size 1  mapped-to-slot 1  from: 4  (H2H dpids: [0]=3 [1]=4)  sizeof(ACPACKET)=14
[dplay] Send 5 bytes pid 1 -> 2 (ok)
[dplay] received 14 data bytes from pid 4
[dplay] Send 14 bytes pid 3 -> 1 (ok)
[dplay] Send 5 bytes pid 1 -> 2 (ok)
[dplay] Send 14 bytes pid 3 -> 1 (ok)
[agg] GATE num=0 CurrPlayers=2  aggCount=2 myFrame=2  IDCodes: 194 194 194 194 194 194 194 194  (DUMMY=196)
[dplay] received 14 data bytes from pid 4
[dplay] received 14 data bytes from pid 4
[dplay] Send 14 bytes pid 3 -> 1 (ok)
[dplay] Send 33 bytes pid 1 -> 2 (ok)
[dplay] received 14 data bytes from pid 4
[dplay] Send 19 bytes pid 1 -> 2 (ok)
[dplay] received 14 data bytes from pid 4
[dplay] received 14 data bytes from pid 4
[dplay] Send 14 bytes pid 3 -> 1 (ok)
[dplay] Send 19 bytes pid 1 -> 2 (ok)
[dplay] received 14 data bytes from pid 4
[dplay] received 14 data bytes from pid 4
[dplay] Send 14 bytes pid 3 -> 1 (ok)
[dplay] Send 19 bytes pid 1 -> 2 (ok)
[dplay] Send 14 bytes pid 3 -> 1 (ok)
[dplay] received 14 data bytes from pid 4
[dplay] received 14 data bytes from pid 4
[dplay] Send 14 bytes pid 3 -> 1 (ok)
[dplay] Send 33 bytes pid 1 -> 2 (ok)
[dplay] Send 19 bytes pid 1 -> 2 (ok)
[dplay] Send 14 bytes pid 3 -> 1 (ok)
[dplay] received 14 data bytes from pid 4
[dplay] received 14 data bytes from pid 4
[dplay] Send 14 bytes pid 3 -> 1 (ok)
[dplay] Send 33 bytes pid 1 -> 2 (ok)
[dplay] Send 19 bytes pid 1 -> 2 (ok)
[dplay] received 14 data bytes from pid 4
[dplay] pump #10500 (host=1) -- discovery is answered only from here
[dplay] Send 14 bytes pid 3 -> 1 (ok)
[dplay] Send 19 bytes pid 1 -> 2 (ok)
[dplay] received 14 data bytes from pid 4
[dplay] Send 14 bytes pid 3 -> 1 (ok)
[dplay] Send 14 bytes pid 3 -> 1 (ok)
[dplay] Send 33 bytes pid 1 -> 2 (ok)
[dplay] Send 19 bytes pid 1 -> 2 (ok)
[dplay] received 14 data bytes from pid 4
[dplay] Send 14 bytes pid 3 -> 1 (ok)
[agg] StaticTimeProc 48/s  impl=1 host=1 running=1 resync=0 served=0  -> AggregatorGetPackets 48/s
[agg] loopback 28/s  from=1 to=2 (local player or group)
[dplay] Send 19 bytes pid 1 -> 2 (ok)
[agg] SendEx aggpacket 14/s  from=1 to=2(playergroup) players=1 size=19 res=0x0
[dplay] received 14 data bytes from pid 4
[dplay] Send 14 bytes pid 3 -> 1 (ok)
[agg] aggregator received 30 msg/s  right-size 30  mapped-to-slot 30  from: 3 4  (H2H dpids: [0]=3 [1]=4)  sizeof(ACPACKET)=14
[dplay] Send 19 bytes pid 1 -> 2 (ok)
[dplay] received 14 data bytes from pid 4
[dplay] Send 14 bytes pid 3 -> 1 (ok)
[dplay] received 14 data bytes from pid 4
[dplay] Send 19 bytes pid 1 -> 2 (ok)
[dplay] Send 14 bytes pid 3 -> 1 (ok)
[dplay] received 14 data bytes from pid 4
[dplay] Send 19 bytes pid 1 -> 2 (ok)
[dplay] Send 14 bytes pid 3 -> 1 (ok)
[dplay] received 14 data bytes from pid 4
[dplay] Send 19 bytes pid 1 -> 2 (ok)
[dplay] Send 14 bytes pid 3 -> 1 (ok)
[dplay] received 14 data bytes from pid 4
[dplay] Send 14 bytes pid 3 -> 1 (ok)
[dplay] Send 33 bytes pid 1 -> 2 (ok)
[dplay] received 14 data bytes from pid 4
[dplay] Send 14 bytes pid 3 -> 1 (ok)
[dplay] Send 33 bytes pid 1 -> 2 (ok)
[dplay] received 14 data bytes from pid 4
[dplay] Send 14 bytes pid 3 -> 1 (ok)
[dplay] Send 33 bytes pid 1 -> 2 (ok)
[dplay] received 14 data bytes from pid 4
[dplay] Send 14 bytes pid 3 -> 1 (ok)
[dplay] Send 33 bytes pid 1 -> 2 (ok)
[dplay] received 14 data bytes from pid 4
[dplay] Send 14 bytes pid 3 -> 1 (ok)
[dplay] Send 33 bytes pid 1 -> 2 (ok)
[dplay] received 14 data bytes from pid 4
[dplay] Send 14 bytes pid 3 -> 1 (ok)
[dplay] Send 33 bytes pid 1 -> 2 (ok)
[dplay] received 14 data bytes from pid 4
[dplay] Send 14 bytes pid 3 -> 1 (ok)
[dplay] Send 33 bytes pid 1 -> 2 (ok)
[agg] InitSyncPhase got-agg-packet 4/s  no-packet 4156/s
[dplay] received 14 data bytes from pid 4
[dplay] Send 14 bytes pid 3 -> 1 (ok)
[agg] StaticTimeProc 49/s  impl=1 host=1 running=1 resync=0 served=0  -> AggregatorGetPackets 49/s
[agg] aggregator received 24 msg/s  right-size 24  mapped-to-slot 24  from: 3 4  (H2H dpids: [0]=3 [1]=4)  sizeof(ACPACKET)=14
[agg] loopback 25/s  from=1 to=2 (local player or group)
[dplay] Send 33 bytes pid 1 -> 2 (ok)
[agg] SendEx aggpacket 12/s  from=1 to=2(playergroup) players=2 size=33 res=0x0
[dplay] received 14 data bytes from pid 4
[dplay] Send 14 bytes pid 3 -> 1 (ok)
[dplay] Send 33 bytes pid 1 -> 2 (ok)
[dplay] received 14 data bytes from pid 4
[dplay] Send 14 bytes pid 3 -> 1 (ok)
[dplay] Send 33 bytes pid 1 -> 2 (ok)
[dplay] received 14 data bytes from pid 4
[dplay] Send 14 bytes pid 3 -> 1 (ok)
[dplay] Send 33 bytes pid 1 -> 2 (ok)
[dplay] received 14 data bytes from pid 4
[dplay] Send 14 bytes pid 3 -> 1 (ok)
[dplay] Send 33 bytes pid 1 -> 2 (ok)
[dplay] received 14 data bytes from pid 4
[dplay] Send 14 bytes pid 3 -> 1 (ok)
[dplay] Send 33 bytes pid 1 -> 2 (ok)
[dplay] received 14 data bytes from pid 4
[dplay] Send 14 bytes pid 3 -> 1 (ok)
[dplay] Send 33 bytes pid 1 -> 2 (ok)
[dplay] received 14 data bytes from pid 4
[dplay] Send 14 bytes pid 3 -> 1 (ok)
[dplay] Send 33 bytes pid 1 -> 2 (ok)
[dplay] received 14 data bytes from pid 4
[dplay] Send 14 bytes pid 3 -> 1 (ok)
[dplay] Send 33 bytes pid 1 -> 2 (ok)
[dplay] received 14 data bytes from pid 4
[dplay] Send 14 bytes pid 3 -> 1 (ok)
[dplay] Send 33 bytes pid 1 -> 2 (ok)
[dplay] Send 19 bytes pid 1 -> 2 (ok)
[dplay] received 14 data bytes from pid 4
[dplay] received 14 data bytes from pid 4
[dplay] Send 14 bytes pid 3 -> 1 (ok)
[dplay] Send 14 bytes pid 3 -> 1 (ok)
[dplay] Send 19 bytes pid 1 -> 2 (ok)
[dplay] received 14 data bytes from pid 4
[dplay] Send 14 bytes pid 3 -> 1 (ok)
[dplay] Send 19 bytes pid 1 -> 2 (ok)
[dplay] received 14 data bytes from pid 4
[dplay] Send 14 bytes pid 3 -> 1 (ok)
[dplay] Send 19 bytes pid 1 -> 2 (ok)
[agg] InitSyncPhase received 7 msg/s  aggID=1  From seen: 4 1
[agg] InitSyncPhase got-agg-packet 1/s  no-packet 0/s
[dplay] Send 14 bytes pid 3 -> 1 (ok)
[agg] GATE num=0 CurrPlayers=2  aggCount=39 myFrame=39  IDCodes: 194 207 194 194 194 194 194 194  (DUMMY=196)
[dplay] received 14 data bytes from pid 4
[agg] StaticTimeProc 50/s  impl=1 host=1 running=1 resync=0 served=0  -> AggregatorGetPackets 50/s
[dplay] received 14 data bytes from pid 4
[agg] loopback 28/s  from=3 to=1 (local player or group)
[dplay] Send 14 bytes pid 3 -> 1 (ok)
[agg] aggregator received 30 msg/s  right-size 30  mapped-to-slot 30  from: 3 4  (H2H dpids: [0]=3 [1]=4)  sizeof(ACPACKET)=14
[dplay] Send 33 bytes pid 1 -> 2 (ok)
[agg] SendEx aggpacket 14/s  from=1 to=2(playergroup) players=2 size=33 res=0x0
[dplay] Send 19 bytes pid 1 -> 2 (ok)
[peer] uid=3585 found=1 visible=1 dead=1 range=4m
[self] uid=3584 visible=1 dead=1
[accnt] CHANGE at call 146: aircraft=8 MAX=8 visible=2 dead=8
[dplay] received 14 data bytes from pid 4
[dplay] Send 14 bytes pid 3 -> 1 (ok)
[dplay] Send 19 bytes pid 1 -> 2 (ok)
[dplay] received 14 data bytes from pid 4
[dplay] Send 14 bytes pid 3 -> 1 (ok)
[dplay] Send 19 bytes pid 1 -> 2 (ok)
[dplay] received 14 data bytes from pid 4
[dplay] Send 14 bytes pid 3 -> 1 (ok)
[dplay] Send 19 bytes pid 1 -> 2 (ok)
[dplay] received 14 data bytes from pid 4
[dplay] Send 14 bytes pid 3 -> 1 (ok)
[dplay] Send 19 bytes pid 1 -> 2 (ok)
[dplay] received 14 data bytes from pid 4
[dplay] Send 14 bytes pid 3 -> 1 (ok)
[dplay] Send 19 bytes pid 1 -> 2 (ok)
[dplay] received 14 data bytes from pid 4
[dplay] Send 14 bytes pid 3 -> 1 (ok)
[dplay] Send 19 bytes pid 1 -> 2 (ok)
[dplay] received 14 data bytes from pid 4
[dplay] Send 14 bytes pid 3 -> 1 (ok)
[dplay] Send 19 bytes pid 1 -> 2 (ok)
[dplay] received 14 data bytes from pid 4
[dplay] Send 14 bytes pid 3 -> 1 (ok)
[dplay] Send 19 bytes pid 1 -> 2 (ok)
[dplay] received 14 data bytes from pid 4
[dplay] Send 14 bytes pid 3 -> 1 (ok)
[dplay] Send 19 bytes pid 1 -> 2 (ok)
[dplay] received 14 data bytes from pid 4
[dplay] Send 14 bytes pid 3 -> 1 (ok)
[dplay] Send 19 bytes pid 1 -> 2 (ok)
[dplay] received 14 data bytes from pid 4
[dplay] Send 14 bytes pid 3 -> 1 (ok)
[dplay] Send 19 bytes pid 1 -> 2 (ok)
[agg] InitSyncPhase got-agg-packet 0/s  no-packet 1/s
[dplay] received 14 data bytes from pid 4
[dplay] Send 14 bytes pid 3 -> 1 (ok)
[agg] StaticTimeProc 49/s  impl=1 host=1 running=1 resync=0 served=0  -> AggregatorGetPackets 49/s
[agg] loopback 26/s  from=1 to=2 (local player or group)
[dplay] Send 19 bytes pid 1 -> 2 (ok)
[agg] SendEx aggpacket 13/s  from=1 to=2(playergroup) players=1 size=19 res=0x0
[dplay] received 14 data bytes from pid 4
[dplay] Send 14 bytes pid 3 -> 1 (ok)
[agg] aggregator received 26 msg/s  right-size 26  mapped-to-slot 26  from: 3 4  (H2H dpids: [0]=3 [1]=4)  sizeof(ACPACKET)=14
[dplay] Send 19 bytes pid 1 -> 2 (ok)
[dplay] received 14 data bytes from pid 4
[dplay] Send 14 bytes pid 3 -> 1 (ok)
[dplay] Send 19 bytes pid 1 -> 2 (ok)
[dplay] received 14 data bytes from pid 4
[dplay] Send 14 bytes pid 3 -> 1 (ok)
[dplay] pump #11000 (host=1) -- discovery is answered only from here
[dplay] Send 19 bytes pid 1 -> 2 (ok)
[dplay] received 14 data bytes from pid 4
[dplay] Send 14 bytes pid 3 -> 1 (ok)
[dplay] Send 19 bytes pid 1 -> 2 (ok)
[dplay] received 14 data bytes from pid 4
[dplay] Send 14 bytes pid 3 -> 1 (ok)
[dplay] Send 19 bytes pid 1 -> 2 (ok)
[dplay] received 14 data bytes from pid 4
[dplay] Send 14 bytes pid 3 -> 1 (ok)
[dplay] Send 19 bytes pid 1 -> 2 (ok)
[dplay] received 14 data bytes from pid 4
[dplay] Send 14 bytes pid 3 -> 1 (ok)
[dplay] Send 19 bytes pid 1 -> 2 (ok)
[dplay] received 14 data bytes from pid 4
[dplay] Send 14 bytes pid 3 -> 1 (ok)
[dplay] Send 19 bytes pid 1 -> 2 (ok)
[dplay] received 14 data bytes from pid 4
[dplay] Send 14 bytes pid 3 -> 1 (ok)
[dplay] Send 19 bytes pid 1 -> 2 (ok)
[dplay] received 14 data bytes from pid 4
[dplay] Send 14 bytes pid 3 -> 1 (ok)
[dplay] Send 19 bytes pid 1 -> 2 (ok)
[dplay] received 14 data bytes from pid 4
[dplay] Send 14 bytes pid 3 -> 1 (ok)
[dplay] Send 19 bytes pid 1 -> 2 (ok)
[dplay] received 14 data bytes from pid 4
[dplay] Send 14 bytes pid 3 -> 1 (ok)
[agg] InitSyncPhase got-agg-packet 0/s  no-packet 1/s
[agg] StaticTimeProc 49/s  impl=1 host=1 running=1 resync=0 served=0  -> AggregatorGetPackets 49/s
[agg] loopback 24/s  from=1 to=2 (local player or group)
[dplay] Send 19 bytes pid 1 -> 2 (ok)
[agg] SendEx aggpacket 12/s  from=1 to=2(playergroup) players=1 size=19 res=0x0
[dplay] received 14 data bytes from pid 4
[agg] aggregator received 24 msg/s  right-size 24  mapped-to-slot 24  from: 3 4  (H2H dpids: [0]=3 [1]=4)  sizeof(ACPACKET)=14
[dplay] Send 14 bytes pid 3 -> 1 (ok)
[dplay] Send 19 bytes pid 1 -> 2 (ok)
[dplay] received 14 data bytes from pid 4
[dplay] Send 14 bytes pid 3 -> 1 (ok)
[dplay] Send 19 bytes pid 1 -> 2 (ok)
[dplay] received 14 data bytes from pid 4
[dplay] Send 14 bytes pid 3 -> 1 (ok)
[dplay] Send 19 bytes pid 1 -> 2 (ok)
[dplay] received 14 data bytes from pid 4
[dplay] Send 14 bytes pid 3 -> 1 (ok)
[dplay] Send 19 bytes pid 1 -> 2 (ok)
[dplay] received 14 data bytes from pid 4
[dplay] received 14 data bytes from pid 4
[dplay] Send 14 bytes pid 3 -> 1 (ok)
[dplay] Send 14 bytes pid 3 -> 1 (ok)
[dplay] Send 19 bytes pid 1 -> 2 (ok)
[dplay] received 14 data bytes from pid 4
[dplay] Send 14 bytes pid 3 -> 1 (ok)
[dplay] Send 19 bytes pid 1 -> 2 (ok)
[dplay] received 14 data bytes from pid 4
[dplay] Send 14 bytes pid 3 -> 1 (ok)
[dplay] Send 19 bytes pid 1 -> 2 (ok)
[dplay] received 14 data bytes from pid 4
[dplay] Send 14 bytes pid 3 -> 1 (ok)
[dplay] Send 19 bytes pid 1 -> 2 (ok)
[dplay] received 14 data bytes from pid 4
[dplay] Send 14 bytes pid 3 -> 1 (ok)
[dplay] Send 19 bytes pid 1 -> 2 (ok)
[dplay] received 14 data bytes from pid 4
[dplay] Send 14 bytes pid 3 -> 1 (ok)
[dplay] Send 19 bytes pid 1 -> 2 (ok)
[dplay] received 14 data bytes from pid 4
[dplay] Send 14 bytes pid 3 -> 1 (ok)
[dplay] Send 19 bytes pid 1 -> 2 (ok)
[dplay] received 14 data bytes from pid 4
[dplay] Send 14 bytes pid 3 -> 1 (ok)
[agg] InitSyncPhase got-agg-packet 0/s  no-packet 1/s
[dplay] Send 19 bytes pid 1 -> 2 (ok)
[dplay] received 14 data bytes from pid 4
[dplay] Send 14 bytes pid 3 -> 1 (ok)
[agg] StaticTimeProc 49/s  impl=1 host=1 running=1 resync=0 served=0  -> AggregatorGetPackets 49/s
[agg] aggregator received 26 msg/s  right-size 26  mapped-to-slot 26  from: 3 4  (H2H dpids: [0]=3 [1]=4)  sizeof(ACPACKET)=14
[agg] loopback 27/s  from=1 to=2 (local player or group)
[dplay] Send 19 bytes pid 1 -> 2 (ok)
[agg] SendEx aggpacket 13/s  from=1 to=2(playergroup) players=1 size=19 res=0x0
[dplay] received 14 data bytes from pid 4
[dplay] Send 14 bytes pid 3 -> 1 (ok)
[dplay] Send 19 bytes pid 1 -> 2 (ok)
[dplay] received 14 data bytes from pid 4
[dplay] Send 14 bytes pid 3 -> 1 (ok)
[dplay] received 14 data bytes from pid 4
[dplay] Send 19 bytes pid 1 -> 2 (ok)
[dplay] Send 14 bytes pid 3 -> 1 (ok)
[dplay] received 14 data bytes from pid 4
[dplay] Send 19 bytes pid 1 -> 2 (ok)
[dplay] Send 14 bytes pid 3 -> 1 (ok)
[dplay] received 14 data bytes from pid 4
[dplay] Send 14 bytes pid 3 -> 1 (ok)
[dplay] Send 33 bytes pid 1 -> 2 (ok)
[dplay] received 14 data bytes from pid 4
[dplay] Send 14 bytes pid 3 -> 1 (ok)
[dplay] Send 33 bytes pid 1 -> 2 (ok)
[dplay] received 14 data bytes from pid 4
[dplay] Send 14 bytes pid 3 -> 1 (ok)
[dplay] Send 33 bytes pid 1 -> 2 (ok)
[dplay] received 14 data bytes from pid 4
[dplay] Send 14 bytes pid 3 -> 1 (ok)
[dplay] Send 33 bytes pid 1 -> 2 (ok)
[dplay] received 14 data bytes from pid 4
[dplay] Send 14 bytes pid 3 -> 1 (ok)
[dplay] Send 33 bytes pid 1 -> 2 (ok)
[dplay] received 14 data bytes from pid 4
[dplay] Send 14 bytes pid 3 -> 1 (ok)
[dplay] Send 33 bytes pid 1 -> 2 (ok)
[dplay] received 14 data bytes from pid 4
[dplay] Send 14 bytes pid 3 -> 1 (ok)
[dplay] Send 33 bytes pid 1 -> 2 (ok)
[dplay] received 14 data bytes from pid 4
[dplay] Send 14 bytes pid 3 -> 1 (ok)
[dplay] Send 33 bytes pid 1 -> 2 (ok)
[agg] InitSyncPhase got-agg-packet 0/s  no-packet 1/s
[dplay] received 14 data bytes from pid 4
[agg] StaticTimeProc 49/s  impl=1 host=1 running=1 resync=0 served=0  -> AggregatorGetPackets 49/s
[agg] aggregator received 26 msg/s  right-size 26  mapped-to-slot 26  from: 3 4  (H2H dpids: [0]=3 [1]=4)  sizeof(ACPACKET)=14
[dplay] received 14 data bytes from pid 4
[agg] loopback 24/s  from=3 to=1 (local player or group)
[dplay] Send 14 bytes pid 3 -> 1 (ok)
[dplay] Send 33 bytes pid 1 -> 2 (ok)
[agg] SendEx aggpacket 12/s  from=1 to=2(playergroup) players=2 size=33 res=0x0
[dplay] received 14 data bytes from pid 4
[dplay] Send 14 bytes pid 3 -> 1 (ok)
[dplay] Send 33 bytes pid 1 -> 2 (ok)
[dplay] received 14 data bytes from pid 4
[dplay] Send 14 bytes pid 3 -> 1 (ok)
[dplay] Send 33 bytes pid 1 -> 2 (ok)
[dplay] received 14 data bytes from pid 4
[dplay] Send 14 bytes pid 3 -> 1 (ok)
[dplay] Send 33 bytes pid 1 -> 2 (ok)
[dplay] received 14 data bytes from pid 4
[dplay] Send 14 bytes pid 3 -> 1 (ok)
[dplay] Send 33 bytes pid 1 -> 2 (ok)
[dplay] received 14 data bytes from pid 4
[dplay] Send 14 bytes pid 3 -> 1 (ok)
[dplay] Send 33 bytes pid 1 -> 2 (ok)
[dplay] received 14 data bytes from pid 4
[dplay] Send 14 bytes pid 3 -> 1 (ok)
[dplay] Send 33 bytes pid 1 -> 2 (ok)
[dplay] received 14 data bytes from pid 4
[dplay] Send 14 bytes pid 3 -> 1 (ok)
[dplay] Send 33 bytes pid 1 -> 2 (ok)
[dplay] received 14 data bytes from pid 4
[dplay] Send 14 bytes pid 3 -> 1 (ok)
[dplay] Send 33 bytes pid 1 -> 2 (ok)
[dplay] received 14 data bytes from pid 4
[dplay] Send 14 bytes pid 3 -> 1 (ok)
[dplay] Send 33 bytes pid 1 -> 2 (ok)
[dplay] Send 19 bytes pid 1 -> 2 (ok)
[dplay] received 14 data bytes from pid 4
[dplay] Send 14 bytes pid 3 -> 1 (ok)
[dplay] Send 19 bytes pid 1 -> 2 (ok)
[dplay] pump #11500 (host=1) -- discovery is answered only from here
[dplay] received 14 data bytes from pid 4
[dplay] Send 14 bytes pid 3 -> 1 (ok)
[dplay] Send 19 bytes pid 1 -> 2 (ok)
[agg] InitSyncPhase got-agg-packet 0/s  no-packet 1/s
[dplay] received 14 data bytes from pid 4
[dplay] Send 14 bytes pid 3 -> 1 (ok)
[agg] StaticTimeProc 50/s  impl=1 host=1 running=1 resync=0 served=0  -> AggregatorGetPackets 50/s
[agg] loopback 26/s  from=1 to=2 (local player or group)
[dplay] Send 19 bytes pid 1 -> 2 (ok)
[agg] SendEx aggpacket 13/s  from=1 to=2(playergroup) players=1 size=19 res=0x0
[dplay] received 14 data bytes from pid 4
[dplay] Send 14 bytes pid 3 -> 1 (ok)
[agg] aggregator received 27 msg/s  right-size 27  mapped-to-slot 27  from: 4 3  (H2H dpids: [0]=3 [1]=4)  sizeof(ACPACKET)=14
[dplay] Send 19 bytes pid 1 -> 2 (ok)
[dplay] received 14 data bytes from pid 4
[self] uid=3584 visible=1 dead=0
[accnt] CHANGE at call 399: aircraft=8 MAX=8 visible=2 dead=7
[dplay] Send 14 bytes pid 3 -> 1 (ok)
[dplay] Send 19 bytes pid 1 -> 2 (ok)
[dplay] received 14 data bytes from pid 4
[dplay] Send 14 bytes pid 3 -> 1 (ok)
[dplay] Send 19 bytes pid 1 -> 2 (ok)
[dplay] received 14 data bytes from pid 4
[dplay] Send 14 bytes pid 3 -> 1 (ok)
[dplay] Send 19 bytes pid 1 -> 2 (ok)
[dplay] received 14 data bytes from pid 4
[dplay] Send 14 bytes pid 3 -> 1 (ok)
[dplay] Send 19 bytes pid 1 -> 2 (ok)
[dplay] received 14 data bytes from pid 4
[dplay] Send 14 bytes pid 3 -> 1 (ok)
[dplay] Send 19 bytes pid 1 -> 2 (ok)
[dplay] received 14 data bytes from pid 4
[dplay] Send 14 bytes pid 3 -> 1 (ok)
[dplay] Send 19 bytes pid 1 -> 2 (ok)
[dplay] received 14 data bytes from pid 4
[dplay] Send 14 bytes pid 3 -> 1 (ok)
[dplay] Send 19 bytes pid 1 -> 2 (ok)
[dplay] received 14 data bytes from pid 4
[dplay] Send 14 bytes pid 3 -> 1 (ok)
[dplay] Send 19 bytes pid 1 -> 2 (ok)
[dplay] received 14 data bytes from pid 4
[dplay] Send 14 bytes pid 3 -> 1 (ok)
[dplay] Send 19 bytes pid 1 -> 2 (ok)
[dplay] received 14 data bytes from pid 4
[dplay] Send 14 bytes pid 3 -> 1 (ok)
[dplay] Send 19 bytes pid 1 -> 2 (ok)
[dplay] received 14 data bytes from pid 4
[dplay] Send 14 bytes pid 3 -> 1 (ok)
[agg] InitSyncPhase got-agg-packet 0/s  no-packet 1/s
[dplay] Send 19 bytes pid 1 -> 2 (ok)
[agg] StaticTimeProc 49/s  impl=1 host=1 running=1 resync=0 served=0  -> AggregatorGetPackets 49/s
[dplay] received 14 data bytes from pid 4
[agg] loopback 25/s  from=3 to=1 (local player or group)
[dplay] Send 14 bytes pid 3 -> 1 (ok)
[agg] aggregator received 24 msg/s  right-size 24  mapped-to-slot 24  from: 3 4  (H2H dpids: [0]=3 [1]=4)  sizeof(ACPACKET)=14
[dplay] Send 19 bytes pid 1 -> 2 (ok)
[agg] SendEx aggpacket 13/s  from=1 to=2(playergroup) players=1 size=19 res=0x0
[dplay] received 14 data bytes from pid 4
[dplay] Send 14 bytes pid 3 -> 1 (ok)
[dplay] Send 19 bytes pid 1 -> 2 (ok)
[dplay] received 14 data bytes from pid 4
[dplay] Send 14 bytes pid 3 -> 1 (ok)
[dplay] Send 19 bytes pid 1 -> 2 (ok)
[dplay] received 14 data bytes from pid 4
[dplay] Send 14 bytes pid 3 -> 1 (ok)
[dplay] Send 19 bytes pid 1 -> 2 (ok)
[dplay] received 14 data bytes from pid 4
[dplay] Send 14 bytes pid 3 -> 1 (ok)
[dplay] Send 19 bytes pid 1 -> 2 (ok)
[dplay] received 14 data bytes from pid 4
[dplay] Send 14 bytes pid 3 -> 1 (ok)
[dplay] Send 19 bytes pid 1 -> 2 (ok)
[dplay] received 14 data bytes from pid 4
[dplay] Send 14 bytes pid 3 -> 1 (ok)
[dplay] Send 19 bytes pid 1 -> 2 (ok)
[dplay] received 14 data bytes from pid 4
[dplay] Send 14 bytes pid 3 -> 1 (ok)
[dplay] Send 19 bytes pid 1 -> 2 (ok)
[dplay] received 14 data bytes from pid 4
[dplay] Send 14 bytes pid 3 -> 1 (ok)
[dplay] Send 19 bytes pid 1 -> 2 (ok)
[dplay] received 14 data bytes from pid 4
[dplay] Send 14 bytes pid 3 -> 1 (ok)
[dplay] Send 19 bytes pid 1 -> 2 (ok)
[dplay] received 14 data bytes from pid 4
[dplay] Send 14 bytes pid 3 -> 1 (ok)
[dplay] Send 19 bytes pid 1 -> 2 (ok)
[dplay] received 14 data bytes from pid 4
[dplay] Send 14 bytes pid 3 -> 1 (ok)
[dplay] Send 19 bytes pid 1 -> 2 (ok)
[agg] InitSyncPhase got-agg-packet 0/s  no-packet 1/s
[dplay] received 14 data bytes from pid 4
[dplay] received 14 data bytes from pid 4
[dplay] Send 14 bytes pid 3 -> 1 (ok)
[agg] StaticTimeProc 49/s  impl=1 host=1 running=1 resync=0 served=0  -> AggregatorGetPackets 49/s
[agg] aggregator received 26 msg/s  right-size 26  mapped-to-slot 26  from: 3 4  (H2H dpids: [0]=3 [1]=4)  sizeof(ACPACKET)=14
[agg] loopback 25/s  from=1 to=2 (local player or group)
[dplay] Send 19 bytes pid 1 -> 2 (ok)
[agg] SendEx aggpacket 12/s  from=1 to=2(playergroup) players=1 size=19 res=0x0
[dplay] received 14 data bytes from pid 4
[dplay] Send 14 bytes pid 3 -> 1 (ok)
[dplay] Send 19 bytes pid 1 -> 2 (ok)
[dplay] received 14 data bytes from pid 4
[dplay] Send 14 bytes pid 3 -> 1 (ok)
[dplay] Send 19 bytes pid 1 -> 2 (ok)
[dplay] received 14 data bytes from pid 4
[dplay] Send 14 bytes pid 3 -> 1 (ok)
[dplay] Send 5 bytes pid 1 -> 2 (ok)
[dplay] received 14 data bytes from pid 4
[dplay] Send 14 bytes pid 3 -> 1 (ok)
[dplay] Send 5 bytes pid 1 -> 2 (ok)
[dplay] received 14 data bytes from pid 4
[dplay] Send 14 bytes pid 3 -> 1 (ok)
[dplay] Send 5 bytes pid 1 -> 2 (ok)
[dplay] received 14 data bytes from pid 4
[dplay] received 12 data bytes from pid 4
[dplay] Send 57 bytes pid 3 -> 2 (ok)
[dplay] received 66 data bytes from pid 4
[agg] InitSyncPhase got-agg-packet 0/s  no-packet 1/s
[dplay] pump #12000 (host=1) -- discovery is answered only from here
[dplay] pump #12500 (host=1) -- discovery is answered only from here
[dplay] pump #13000 (host=1) -- discovery is answered only from here
[dplay] pump #13500 (host=1) -- discovery is answered only from here
[dplay] pump #14000 (host=1) -- discovery is answered only from here
[dplay] pump #14500 (host=1) -- discovery is answered only from here
[agg] InitSyncPhase got-agg-packet 0/s  no-packet 2572/s
[dplay] pump #15000 (host=1) -- discovery is answered only from here
[dplay] pump #15500 (host=1) -- discovery is answered only from here
[dplay] pump #16000 (host=1) -- discovery is answered only from here
[dplay] pump #16500 (host=1) -- discovery is answered only from here
[dplay] pump #17000 (host=1) -- discovery is answered only from here
[dplay] pump #17500 (host=1) -- discovery is answered only from here
[dplay] pump #18000 (host=1) -- discovery is answered only from here
[agg] StaticTimeProc 49/s  impl=1 host=1 running=1 resync=0 served=0  -> AggregatorGetPackets 23/s
[dplay] pump #18500 (host=1) -- discovery is answered only from here
[dplay] pump #19000 (host=1) -- discovery is answered only from here
[dplay] pump #19500 (host=1) -- discovery is answered only from here
[dplay] pump #20000 (host=1) -- discovery is answered only from here
[dplay] pump #20500 (host=1) -- discovery is answered only from here
[dplay] pump #21000 (host=1) -- discovery is answered only from here
[dplay] pump #21500 (host=1) -- discovery is answered only from here
[dplay] pump #22000 (host=1) -- discovery is answered only from here
[dplay] pump #22500 (host=1) -- discovery is answered only from here
[dplay] pump #23000 (host=1) -- discovery is answered only from here
[dplay] pump #23500 (host=1) -- discovery is answered only from here
[dplay] pump #24000 (host=1) -- discovery is answered only from here
[dplay] pump #24500 (host=1) -- discovery is answered only from here
[dplay] pump #25000 (host=1) -- discovery is answered only from here
[dplay] pump #25500 (host=1) -- discovery is answered only from here
[dplay] pump #26000 (host=1) -- discovery is answered only from here
[dplay] pump #26500 (host=1) -- discovery is answered only from here
[dplay] pump #27000 (host=1) -- discovery is answered only from here
[dplay] pump #27500 (host=1) -- discovery is answered only from here
[dplay] pump #28000 (host=1) -- discovery is answered only from here
[dplay] pump #28500 (host=1) -- discovery is answered only from here
[dplay] pump #29000 (host=1) -- discovery is answered only from here
[dplay] pump #29500 (host=1) -- discovery is answered only from here
[dplay] pump #30000 (host=1) -- discovery is answered only from here
[dplay] pump #30500 (host=1) -- discovery is answered only from here
[dplay] pump #31000 (host=1) -- discovery is answered only from here
[dplay] pump #31500 (host=1) -- discovery is answered only from here
[dplay] pump #32000 (host=1) -- discovery is answered only from here
[dplay] pump #32500 (host=1) -- discovery is answered only from here
[dplay] pump #33000 (host=1) -- discovery is answered only from here
[dplay] pump #33500 (host=1) -- discovery is answered only from here
[dplay] pump #34000 (host=1) -- discovery is answered only from here
[dplay] pump #34500 (host=1) -- discovery is answered only from here
[dplay] pump #35000 (host=1) -- discovery is answered only from here
[dplay] pump #35500 (host=1) -- discovery is answered only from here
[dplay] pump #36000 (host=1) -- discovery is answered only from here
[dplay] pump #36500 (host=1) -- discovery is answered only from here
[dplay] pump #37000 (host=1) -- discovery is answered only from here
[dplay] pump #37500 (host=1) -- discovery is answered only from here
[dplay] pump #38000 (host=1) -- discovery is answered only from here
[dplay] pump #38500 (host=1) -- discovery is answered only from here
[dplay] pump #39000 (host=1) -- discovery is answered only from here
[dplay] pump #39500 (host=1) -- discovery is answered only from here
[dplay] pump #40000 (host=1) -- discovery is answered only from here
[dplay] pump #40500 (host=1) -- discovery is answered only from here
[dplay] pump #41000 (host=1) -- discovery is answered only from here
[dplay] pump #41500 (host=1) -- discovery is answered only from here
[dplay] pump #42000 (host=1) -- discovery is answered only from here
[dplay] pump #42500 (host=1) -- discovery is answered only from here
[dplay] pump #43000 (host=1) -- discovery is answered only from here
[dplay] pump #43500 (host=1) -- discovery is answered only from here
[dplay] pump #44000 (host=1) -- discovery is answered only from here
[dplay] pump #44500 (host=1) -- discovery is answered only from here
[dplay] pump #45000 (host=1) -- discovery is answered only from here
[dplay] pump #45500 (host=1) -- discovery is answered only from here
[dplay] pump #46000 (host=1) -- discovery is answered only from here
[dplay] pump #46500 (host=1) -- discovery is answered only from here
[dplay] pump #47000 (host=1) -- discovery is answered only from here
[dplay] pump #47500 (host=1) -- discovery is answered only from here
[dplay] pump #48000 (host=1) -- discovery is answered only from here
[dplay] pump #48500 (host=1) -- discovery is answered only from here
[dplay] pump #49000 (host=1) -- discovery is answered only from here
[dplay] pump #49500 (host=1) -- discovery is answered only from here
[dplay] pump #50000 (host=1) -- discovery is answered only from here
[dplay] pump #50500 (host=1) -- discovery is answered only from here
[dplay] pump #51000 (host=1) -- discovery is answered only from here
[dplay] pump #51500 (host=1) -- discovery is answered only from here
[dplay] pump #52000 (host=1) -- discovery is answered only from here
[dplay] pump #52500 (host=1) -- discovery is answered only from here
[dplay] pump #53000 (host=1) -- discovery is answered only from here
[dplay] pump #53500 (host=1) -- discovery is answered only from here
[dplay] pump #54000 (host=1) -- discovery is answered only from here
[dplay] pump #54500 (host=1) -- discovery is answered only from here
[dplay] pump #55000 (host=1) -- discovery is answered only from here
[dplay] pump #55500 (host=1) -- discovery is answered only from here
[dplay] pump #56000 (host=1) -- discovery is answered only from here
[dplay] pump #56500 (host=1) -- discovery is answered only from here
[dplay] pump #57000 (host=1) -- discovery is answered only from here
[dplay] pump #57500 (host=1) -- discovery is answered only from here
[dplay] pump #58000 (host=1) -- discovery is answered only from here
[dplay] pump #58500 (host=1) -- discovery is answered only from here
[dplay] pump #59000 (host=1) -- discovery is answered only from here
[dplay] pump #59500 (host=1) -- discovery is answered only from here
[dplay] pump #60000 (host=1) -- discovery is answered only from here
[dplay] pump #60500 (host=1) -- discovery is answered only from here
[dplay] pump #61000 (host=1) -- discovery is answered only from here
[dplay] pump #61500 (host=1) -- discovery is answered only from here
[dplay] pump #62000 (host=1) -- discovery is answered only from here
[dplay] pump #62500 (host=1) -- discovery is answered only from here
[dplay] pump #63000 (host=1) -- discovery is answered only from here
[dplay] pump #63500 (host=1) -- discovery is answered only from here
[dplay] pump #64000 (host=1) -- discovery is answered only from here
[dplay] pump #64500 (host=1) -- discovery is answered only from here
[dplay] pump #65000 (host=1) -- discovery is answered only from here
[dplay] pump #65500 (host=1) -- discovery is answered only from here
[dplay] pump #66000 (host=1) -- discovery is answered only from here
[dplay] pump #66500 (host=1) -- discovery is answered only from here
[dplay] pump #67000 (host=1) -- discovery is answered only from here
[dplay] pump #67500 (host=1) -- discovery is answered only from here
[dplay] pump #68000 (host=1) -- discovery is answered only from here
[dplay] pump #68500 (host=1) -- discovery is answered only from here
[dplay] pump #69000 (host=1) -- discovery is answered only from here
[dplay] pump #69500 (host=1) -- discovery is answered only from here
[dplay] pump #70000 (host=1) -- discovery is answered only from here
[dplay] pump #70500 (host=1) -- discovery is answered only from here
[dplay] pump #71000 (host=1) -- discovery is answered only from here
[dplay] pump #71500 (host=1) -- discovery is answered only from here
[dplay] pump #72000 (host=1) -- discovery is answered only from here
[dplay] pump #72500 (host=1) -- discovery is answered only from here
[dplay] pump #73000 (host=1) -- discovery is answered only from here
[dplay] pump #73500 (host=1) -- discovery is answered only from here
[dplay] pump #74000 (host=1) -- discovery is answered only from here
[dplay] pump #74500 (host=1) -- discovery is answered only from here
[dplay] pump #75000 (host=1) -- discovery is answered only from here
[dplay] pump #75500 (host=1) -- discovery is answered only from here
[dplay] pump #76000 (host=1) -- discovery is answered only from here
[dplay] pump #76500 (host=1) -- discovery is answered only from here
[dplay] pump #77000 (host=1) -- discovery is answered only from here
[dplay] pump #77500 (host=1) -- discovery is answered only from here
[agg] loopback 11/s  from=1 to=2 (local player or group)
[agg] InitSyncPhase received 1 msg/s  aggID=1  From seen: 1
[dplay] Send 5 bytes pid 1 -> 2 (ok)
[agg] SendEx aggpacket 6/s  from=1 to=2(playergroup) players=0 size=5 res=0x0
[dplay] Send 14 bytes pid 3 -> 1 (ok)
[agg] GATE num=0 CurrPlayers=2  aggCount=0 myFrame=0  IDCodes: 194 194 194 194 194 194 194 194  (DUMMY=196)
[dplay] received 14 data bytes from pid 4
[dplay] pump #78000 (host=1) -- discovery is answered only from here
[dplay] pump #78500 (host=1) -- discovery is answered only from here
[dplay] pump #79000 (host=1) -- discovery is answered only from here
[dplay] pump #79500 (host=1) -- discovery is answered only from here
[dplay] pump #80000 (host=1) -- discovery is answered only from here
[dplay] pump #80500 (host=1) -- discovery is answered only from here
[dplay] pump #81000 (host=1) -- discovery is answered only from here
[dplay] pump #81500 (host=1) -- discovery is answered only from here
[dplay] pump #82000 (host=1) -- discovery is answered only from here
[dplay] pump #82500 (host=1) -- discovery is answered only from here
[dplay] pump #83000 (host=1) -- discovery is answered only from here
[dplay] pump #83500 (host=1) -- discovery is answered only from here
[dplay] pump #84000 (host=1) -- discovery is answered only from here
[dplay] pump #84500 (host=1) -- discovery is answered only from here
[dplay] pump #85000 (host=1) -- discovery is answered only from here
[dplay] pump #85500 (host=1) -- discovery is answered only from here
[dplay] pump #86000 (host=1) -- discovery is answered only from here
[dplay] pump #86500 (host=1) -- discovery is answered only from here
[dplay] pump #87000 (host=1) -- discovery is answered only from here
[dplay] pump #87500 (host=1) -- discovery is answered only from here
[dplay] pump #88000 (host=1) -- discovery is answered only from here
[dplay] pump #88500 (host=1) -- discovery is answered only from here
[dplay] pump #89000 (host=1) -- discovery is answered only from here
[dplay] pump #89500 (host=1) -- discovery is answered only from here
[dplay] pump #90000 (host=1) -- discovery is answered only from here
[agg] aggregator received 11 msg/s  right-size 11  mapped-to-slot 11  from: 4 3  (H2H dpids: [0]=3 [1]=4)  sizeof(ACPACKET)=14
[dplay] pump #90500 (host=1) -- discovery is answered only from here
[dplay] pump #91000 (host=1) -- discovery is answered only from here
[dplay] pump #91500 (host=1) -- discovery is answered only from here
[dplay] pump #92000 (host=1) -- discovery is answered only from here
[dplay] pump #92500 (host=1) -- discovery is answered only from here
[dplay] pump #93000 (host=1) -- discovery is answered only from here
[dplay] pump #93500 (host=1) -- discovery is answered only from here
[dplay] pump #94000 (host=1) -- discovery is answered only from here
[dplay] pump #94500 (host=1) -- discovery is answered only from here
[dplay] pump #95000 (host=1) -- discovery is answered only from here
[dplay] pump #95500 (host=1) -- discovery is answered only from here
[dplay] pump #96000 (host=1) -- discovery is answered only from here
[dplay] pump #96500 (host=1) -- discovery is answered only from here
[dplay] pump #97000 (host=1) -- discovery is answered only from here
[dplay] pump #97500 (host=1) -- discovery is answered only from here
[dplay] pump #98000 (host=1) -- discovery is answered only from here
[dplay] pump #98500 (host=1) -- discovery is answered only from here
[dplay] pump #99000 (host=1) -- discovery is answered only from here
[dplay] pump #99500 (host=1) -- discovery is answered only from here
[dplay] pump #100000 (host=1) -- discovery is answered only from here
[dplay] pump #100500 (host=1) -- discovery is answered only from here
[dplay] pump #101000 (host=1) -- discovery is answered only from here
[dplay] pump #101500 (host=1) -- discovery is answered only from here
[dplay] pump #102000 (host=1) -- discovery is answered only from here
[dplay] pump #102500 (host=1) -- discovery is answered only from here
[dplay] pump #103000 (host=1) -- discovery is answered only from here
[dplay] pump #103500 (host=1) -- discovery is answered only from here
[dplay] pump #104000 (host=1) -- discovery is answered only from here
[dplay] pump #104500 (host=1) -- discovery is answered only from here
[dplay] pump #105000 (host=1) -- discovery is answered only from here
[dplay] pump #105500 (host=1) -- discovery is answered only from here
[dplay] pump #106000 (host=1) -- discovery is answered only from here
[dplay] pump #106500 (host=1) -- discovery is answered only from here
[dplay] pump #107000 (host=1) -- discovery is answered only from here
[dplay] pump #107500 (host=1) -- discovery is answered only from here
[dplay] pump #108000 (host=1) -- discovery is answered only from here
[dplay] pump #108500 (host=1) -- discovery is answered only from here
[dplay] pump #109000 (host=1) -- discovery is answered only from here
[dplay] pump #109500 (host=1) -- discovery is answered only from here
[dplay] pump #110000 (host=1) -- discovery is answered only from here
[dplay] pump #110500 (host=1) -- discovery is answered only from here
[dplay] pump #111000 (host=1) -- discovery is answered only from here
[dplay] pump #111500 (host=1) -- discovery is answered only from here
[dplay] pump #112000 (host=1) -- discovery is answered only from here
[dplay] pump #112500 (host=1) -- discovery is answered only from here
[dplay] pump #113000 (host=1) -- discovery is answered only from here
[dplay] pump #113500 (host=1) -- discovery is answered only from here
[dplay] pump #114000 (host=1) -- discovery is answered only from here
[dplay] pump #114500 (host=1) -- discovery is answered only from here
[dplay] pump #115000 (host=1) -- discovery is answered only from here
[dplay] pump #115500 (host=1) -- discovery is answered only from here
[dplay] pump #116000 (host=1) -- discovery is answered only from here
[dplay] pump #116500 (host=1) -- discovery is answered only from here
[dplay] pump #117000 (host=1) -- discovery is answered only from here
[dplay] pump #117500 (host=1) -- discovery is answered only from here
[dplay] pump #118000 (host=1) -- discovery is answered only from here
[dplay] pump #118500 (host=1) -- discovery is answered only from here
[dplay] pump #119000 (host=1) -- discovery is answered only from here
[dplay] pump #119500 (host=1) -- discovery is answered only from here
[dplay] pump #120000 (host=1) -- discovery is answered only from here
[dplay] pump #120500 (host=1) -- discovery is answered only from here
[dplay] pump #121000 (host=1) -- discovery is answered only from here
[dplay] pump #121500 (host=1) -- discovery is answered only from here
[dplay] pump #122000 (host=1) -- discovery is answered only from here
[dplay] pump #122500 (host=1) -- discovery is answered only from here
[dplay] pump #123000 (host=1) -- discovery is answered only from here
[dplay] pump #123500 (host=1) -- discovery is answered only from here
[dplay] pump #124000 (host=1) -- discovery is answered only from here
[dplay] pump #124500 (host=1) -- discovery is answered only from here
[dplay] pump #125000 (host=1) -- discovery is answered only from here
[dplay] pump #125500 (host=1) -- discovery is answered only from here
[dplay] pump #126000 (host=1) -- discovery is answered only from here
[dplay] pump #126500 (host=1) -- discovery is answered only from here
[dplay] pump #127000 (host=1) -- discovery is answered only from here
[dplay] pump #127500 (host=1) -- discovery is answered only from here
[dplay] pump #128000 (host=1) -- discovery is answered only from here
[dplay] pump #128500 (host=1) -- discovery is answered only from here
[dplay] pump #129000 (host=1) -- discovery is answered only from here
[dplay] pump #129500 (host=1) -- discovery is answered only from here
[dplay] pump #130000 (host=1) -- discovery is answered only from here
[dplay] pump #130500 (host=1) -- discovery is answered only from here
[dplay] pump #131000 (host=1) -- discovery is answered only from here
[dplay] pump #131500 (host=1) -- discovery is answered only from here
[dplay] pump #132000 (host=1) -- discovery is answered only from here
[dplay] pump #132500 (host=1) -- discovery is answered only from here
[dplay] pump #133000 (host=1) -- discovery is answered only from here
[dplay] pump #133500 (host=1) -- discovery is answered only from here
[dplay] pump #134000 (host=1) -- discovery is answered only from here
[dplay] pump #134500 (host=1) -- discovery is answered only from here
[dplay] pump #135000 (host=1) -- discovery is answered only from here
[dplay] pump #135500 (host=1) -- discovery is answered only from here
[dplay] pump #136000 (host=1) -- discovery is answered only from here
[dplay] pump #136500 (host=1) -- discovery is answered only from here
[dplay] pump #137000 (host=1) -- discovery is answered only from here
[dplay] pump #137500 (host=1) -- discovery is answered only from here
[dplay] pump #138000 (host=1) -- discovery is answered only from here
[dplay] pump #138500 (host=1) -- discovery is answered only from here
[dplay] pump #139000 (host=1) -- discovery is answered only from here
[dplay] pump #139500 (host=1) -- discovery is answered only from here
[dplay] pump #140000 (host=1) -- discovery is answered only from here
[dplay] pump #140500 (host=1) -- discovery is answered only from here
[dplay] pump #141000 (host=1) -- discovery is answered only from here
[dplay] pump #141500 (host=1) -- discovery is answered only from here
[dplay] pump #142000 (host=1) -- discovery is answered only from here
[dplay] pump #142500 (host=1) -- discovery is answered only from here
[dplay] pump #143000 (host=1) -- discovery is answered only from here
[dplay] Send 14 bytes pid 3 -> 1 (ok)
[dplay] Send 5 bytes pid 1 -> 2 (ok)
[dplay] received 14 data bytes from pid 4
[dplay] pump #143500 (host=1) -- discovery is answered only from here
[dplay] pump #144000 (host=1) -- discovery is answered only from here
[dplay] pump #144500 (host=1) -- discovery is answered only from here
[dplay] pump #145000 (host=1) -- discovery is answered only from here
[dplay] pump #145500 (host=1) -- discovery is answered only from here
[dplay] pump #146000 (host=1) -- discovery is answered only from here
[dplay] pump #146500 (host=1) -- discovery is answered only from here
[dplay] pump #147000 (host=1) -- discovery is answered only from here
[dplay] pump #147500 (host=1) -- discovery is answered only from here
[dplay] pump #148000 (host=1) -- discovery is answered only from here
[dplay] pump #148500 (host=1) -- discovery is answered only from here
[dplay] pump #149000 (host=1) -- discovery is answered only from here
[dplay] pump #149500 (host=1) -- discovery is answered only from here
[dplay] pump #150000 (host=1) -- discovery is answered only from here
[dplay] pump #150500 (host=1) -- discovery is answered only from here
[dplay] pump #151000 (host=1) -- discovery is answered only from here
[dplay] pump #151500 (host=1) -- discovery is answered only from here
[dplay] pump #152000 (host=1) -- discovery is answered only from here
[dplay] pump #152500 (host=1) -- discovery is answered only from here
[dplay] pump #153000 (host=1) -- discovery is answered only from here
[dplay] pump #153500 (host=1) -- discovery is answered only from here
[dplay] pump #154000 (host=1) -- discovery is answered only from here
[dplay] pump #154500 (host=1) -- discovery is answered only from here
[dplay] pump #155000 (host=1) -- discovery is answered only from here
[dplay] pump #155500 (host=1) -- discovery is answered only from here
[dplay] pump #156000 (host=1) -- discovery is answered only from here
[dplay] pump #156500 (host=1) -- discovery is answered only from here
[dplay] pump #157000 (host=1) -- discovery is answered only from here
[dplay] pump #157500 (host=1) -- discovery is answered only from here
[dplay] pump #158000 (host=1) -- discovery is answered only from here
[dplay] pump #158500 (host=1) -- discovery is answered only from here
[dplay] pump #159000 (host=1) -- discovery is answered only from here
[dplay] pump #159500 (host=1) -- discovery is answered only from here
[dplay] pump #160000 (host=1) -- discovery is answered only from here
[dplay] pump #160500 (host=1) -- discovery is answered only from here
[dplay] pump #161000 (host=1) -- discovery is answered only from here
[dplay] pump #161500 (host=1) -- discovery is answered only from here
[dplay] pump #162000 (host=1) -- discovery is answered only from here
[dplay] pump #162500 (host=1) -- discovery is answered only from here
[dplay] pump #163000 (host=1) -- discovery is answered only from here
[dplay] pump #163500 (host=1) -- discovery is answered only from here
[dplay] pump #164000 (host=1) -- discovery is answered only from here
[dplay] pump #164500 (host=1) -- discovery is answered only from here
[dplay] pump #165000 (host=1) -- discovery is answered only from here
[dplay] pump #165500 (host=1) -- discovery is answered only from here
[dplay] pump #166000 (host=1) -- discovery is answered only from here
[dplay] pump #166500 (host=1) -- discovery is answered only from here
[dplay] pump #167000 (host=1) -- discovery is answered only from here
[dplay] pump #167500 (host=1) -- discovery is answered only from here
[dplay] pump #168000 (host=1) -- discovery is answered only from here
[dplay] pump #168500 (host=1) -- discovery is answered only from here
[dplay] pump #169000 (host=1) -- discovery is answered only from here
[dplay] pump #169500 (host=1) -- discovery is answered only from here
[dplay] pump #170000 (host=1) -- discovery is answered only from here
[dplay] pump #170500 (host=1) -- discovery is answered only from here
[dplay] pump #171000 (host=1) -- discovery is answered only from here
[dplay] pump #171500 (host=1) -- discovery is answered only from here
[dplay] pump #172000 (host=1) -- discovery is answered only from here
[dplay] pump #172500 (host=1) -- discovery is answered only from here
[dplay] pump #173000 (host=1) -- discovery is answered only from here
[dplay] pump #173500 (host=1) -- discovery is answered only from here
[dplay] pump #174000 (host=1) -- discovery is answered only from here
[dplay] pump #174500 (host=1) -- discovery is answered only from here
[dplay] pump #175000 (host=1) -- discovery is answered only from here
[dplay] pump #175500 (host=1) -- discovery is answered only from here
[dplay] pump #176000 (host=1) -- discovery is answered only from here
[dplay] pump #176500 (host=1) -- discovery is answered only from here
[dplay] pump #177000 (host=1) -- discovery is answered only from here
[dplay] pump #177500 (host=1) -- discovery is answered only from here
[dplay] pump #178000 (host=1) -- discovery is answered only from here
[dplay] pump #178500 (host=1) -- discovery is answered only from here
[dplay] pump #179000 (host=1) -- discovery is answered only from here
[dplay] pump #179500 (host=1) -- discovery is answered only from here
[dplay] pump #180000 (host=1) -- discovery is answered only from here
[dplay] pump #180500 (host=1) -- discovery is answered only from here
[dplay] pump #181000 (host=1) -- discovery is answered only from here
[dplay] pump #181500 (host=1) -- discovery is answered only from here
[dplay] pump #182000 (host=1) -- discovery is answered only from here
[dplay] pump #182500 (host=1) -- discovery is answered only from here
[dplay] pump #183000 (host=1) -- discovery is answered only from here
[dplay] pump #183500 (host=1) -- discovery is answered only from here
[dplay] pump #184000 (host=1) -- discovery is answered only from here
[dplay] pump #184500 (host=1) -- discovery is answered only from here
[dplay] pump #185000 (host=1) -- discovery is answered only from here
[dplay] pump #185500 (host=1) -- discovery is answered only from here
[dplay] pump #186000 (host=1) -- discovery is answered only from here
[dplay] pump #186500 (host=1) -- discovery is answered only from here
[dplay] pump #187000 (host=1) -- discovery is answered only from here
[dplay] pump #187500 (host=1) -- discovery is answered only from here
[dplay] pump #188000 (host=1) -- discovery is answered only from here
[dplay] pump #188500 (host=1) -- discovery is answered only from here
[dplay] pump #189000 (host=1) -- discovery is answered only from here
[dplay] pump #189500 (host=1) -- discovery is answered only from here
[dplay] pump #190000 (host=1) -- discovery is answered only from here
[dplay] pump #190500 (host=1) -- discovery is answered only from here
[dplay] pump #191000 (host=1) -- discovery is answered only from here
[dplay] pump #191500 (host=1) -- discovery is answered only from here
[dplay] pump #192000 (host=1) -- discovery is answered only from here
[dplay] pump #192500 (host=1) -- discovery is answered only from here
[dplay] pump #193000 (host=1) -- discovery is answered only from here
[dplay] pump #193500 (host=1) -- discovery is answered only from here
[dplay] pump #194000 (host=1) -- discovery is answered only from here
[dplay] pump #194500 (host=1) -- discovery is answered only from here
[dplay] pump #195000 (host=1) -- discovery is answered only from here
[dplay] pump #195500 (host=1) -- discovery is answered only from here
[dplay] pump #196000 (host=1) -- discovery is answered only from here
[dplay] pump #196500 (host=1) -- discovery is answered only from here
[dplay] pump #197000 (host=1) -- discovery is answered only from here
[dplay] pump #197500 (host=1) -- discovery is answered only from here
[dplay] pump #198000 (host=1) -- discovery is answered only from here
[dplay] pump #198500 (host=1) -- discovery is answered only from here
[dplay] pump #199000 (host=1) -- discovery is answered only from here
[dplay] pump #199500 (host=1) -- discovery is answered only from here
[dplay] pump #200000 (host=1) -- discovery is answered only from here
[dplay] pump #200500 (host=1) -- discovery is answered only from here
[dplay] pump #201000 (host=1) -- discovery is answered only from here
[dplay] pump #201500 (host=1) -- discovery is answered only from here
[dplay] pump #202000 (host=1) -- discovery is answered only from here
[dplay] pump #202500 (host=1) -- discovery is answered only from here
[dplay] pump #203000 (host=1) -- discovery is answered only from here
[dplay] pump #203500 (host=1) -- discovery is answered only from here
[dplay] pump #204000 (host=1) -- discovery is answered only from here
[dplay] pump #204500 (host=1) -- discovery is answered only from here
[dplay] pump #205000 (host=1) -- discovery is answered only from here
[dplay] pump #205500 (host=1) -- discovery is answered only from here
[dplay] pump #206000 (host=1) -- discovery is answered only from here
[dplay] pump #206500 (host=1) -- discovery is answered only from here
[dplay] pump #207000 (host=1) -- discovery is answered only from here
[dplay] pump #207500 (host=1) -- discovery is answered only from here
[dplay] pump #208000 (host=1) -- discovery is answered only from here
[dplay] pump #208500 (host=1) -- discovery is answered only from here
[dplay] pump #209000 (host=1) -- discovery is answered only from here
[dplay] pump #209500 (host=1) -- discovery is answered only from here
[dplay] pump #210000 (host=1) -- discovery is answered only from here
[dplay] pump #210500 (host=1) -- discovery is answered only from here
[dplay] pump #211000 (host=1) -- discovery is answered only from here
[dplay] Send 14 bytes pid 3 -> 1 (ok)
[dplay] Send 5 bytes pid 1 -> 2 (ok)
[dplay] received 14 data bytes from pid 4
[dplay] pump #211500 (host=1) -- discovery is answered only from here
[dplay] pump #212000 (host=1) -- discovery is answered only from here
[dplay] pump #212500 (host=1) -- discovery is answered only from here
[dplay] pump #213000 (host=1) -- discovery is answered only from here
[dplay] pump #213500 (host=1) -- discovery is answered only from here
[dplay] pump #214000 (host=1) -- discovery is answered only from here
[dplay] pump #214500 (host=1) -- discovery is answered only from here
[dplay] pump #215000 (host=1) -- discovery is answered only from here
[dplay] pump #215500 (host=1) -- discovery is answered only from here
[dplay] pump #216000 (host=1) -- discovery is answered only from here
[dplay] pump #216500 (host=1) -- discovery is answered only from here
[dplay] pump #217000 (host=1) -- discovery is answered only from here
[dplay] pump #217500 (host=1) -- discovery is answered only from here
[dplay] pump #218000 (host=1) -- discovery is answered only from here
[dplay] pump #218500 (host=1) -- discovery is answered only from here
[dplay] pump #219000 (host=1) -- discovery is answered only from here
[dplay] pump #219500 (host=1) -- discovery is answered only from here
[dplay] pump #220000 (host=1) -- discovery is answered only from here
[dplay] pump #220500 (host=1) -- discovery is answered only from here
[dplay] pump #221000 (host=1) -- discovery is answered only from here
[dplay] pump #221500 (host=1) -- discovery is answered only from here
[dplay] pump #222000 (host=1) -- discovery is answered only from here
[dplay] pump #222500 (host=1) -- discovery is answered only from here
[dplay] pump #223000 (host=1) -- discovery is answered only from here
[dplay] pump #223500 (host=1) -- discovery is answered only from here
[dplay] pump #224000 (host=1) -- discovery is answered only from here
[dplay] pump #224500 (host=1) -- discovery is answered only from here
[dplay] pump #225000 (host=1) -- discovery is answered only from here
[dplay] pump #225500 (host=1) -- discovery is answered only from here
[dplay] pump #226000 (host=1) -- discovery is answered only from here
[dplay] pump #226500 (host=1) -- discovery is answered only from here
[dplay] pump #227000 (host=1) -- discovery is answered only from here
[dplay] pump #227500 (host=1) -- discovery is answered only from here
[dplay] pump #228000 (host=1) -- discovery is answered only from here
[dplay] pump #228500 (host=1) -- discovery is answered only from here
[dplay] pump #229000 (host=1) -- discovery is answered only from here
[dplay] pump #229500 (host=1) -- discovery is answered only from here
[dplay] pump #230000 (host=1) -- discovery is answered only from here
[dplay] pump #230500 (host=1) -- discovery is answered only from here
[dplay] pump #231000 (host=1) -- discovery is answered only from here
[dplay] pump #231500 (host=1) -- discovery is answered only from here
[dplay] pump #232000 (host=1) -- discovery is answered only from here
[dplay] pump #232500 (host=1) -- discovery is answered only from here
[dplay] pump #233000 (host=1) -- discovery is answered only from here
[dplay] pump #233500 (host=1) -- discovery is answered only from here
[dplay] pump #234000 (host=1) -- discovery is answered only from here
[dplay] pump #234500 (host=1) -- discovery is answered only from here
[dplay] pump #235000 (host=1) -- discovery is answered only from here
[dplay] pump #235500 (host=1) -- discovery is answered only from here
[dplay] pump #236000 (host=1) -- discovery is answered only from here
[dplay] pump #236500 (host=1) -- discovery is answered only from here
[dplay] pump #237000 (host=1) -- discovery is answered only from here
[dplay] pump #237500 (host=1) -- discovery is answered only from here
[dplay] pump #238000 (host=1) -- discovery is answered only from here
[dplay] pump #238500 (host=1) -- discovery is answered only from here
[dplay] pump #239000 (host=1) -- discovery is answered only from here
[dplay] pump #239500 (host=1) -- discovery is answered only from here
[dplay] pump #240000 (host=1) -- discovery is answered only from here
[dplay] pump #240500 (host=1) -- discovery is answered only from here
[dplay] pump #241000 (host=1) -- discovery is answered only from here
[dplay] pump #241500 (host=1) -- discovery is answered only from here
[dplay] pump #242000 (host=1) -- discovery is answered only from here
[dplay] pump #242500 (host=1) -- discovery is answered only from here
[dplay] pump #243000 (host=1) -- discovery is answered only from here
[dplay] pump #243500 (host=1) -- discovery is answered only from here
[dplay] pump #244000 (host=1) -- discovery is answered only from here
[dplay] pump #244500 (host=1) -- discovery is answered only from here
[dplay] pump #245000 (host=1) -- discovery is answered only from here
[dplay] pump #245500 (host=1) -- discovery is answered only from here
[dplay] pump #246000 (host=1) -- discovery is answered only from here
[dplay] pump #246500 (host=1) -- discovery is answered only from here
[dplay] pump #247000 (host=1) -- discovery is answered only from here
[dplay] pump #247500 (host=1) -- discovery is answered only from here
[dplay] pump #248000 (host=1) -- discovery is answered only from here
[dplay] pump #248500 (host=1) -- discovery is answered only from here
[dplay] pump #249000 (host=1) -- discovery is answered only from here
[dplay] pump #249500 (host=1) -- discovery is answered only from here
[dplay] pump #250000 (host=1) -- discovery is answered only from here
[dplay] pump #250500 (host=1) -- discovery is answered only from here
[dplay] pump #251000 (host=1) -- discovery is answered only from here
[dplay] pump #251500 (host=1) -- discovery is answered only from here
[dplay] pump #252000 (host=1) -- discovery is answered only from here
[dplay] pump #252500 (host=1) -- discovery is answered only from here
[dplay] pump #253000 (host=1) -- discovery is answered only from here
[dplay] pump #253500 (host=1) -- discovery is answered only from here
[dplay] pump #254000 (host=1) -- discovery is answered only from here
[dplay] pump #254500 (host=1) -- discovery is answered only from here
[dplay] pump #255000 (host=1) -- discovery is answered only from here
[dplay] pump #255500 (host=1) -- discovery is answered only from here
[dplay] pump #256000 (host=1) -- discovery is answered only from here
[dplay] pump #256500 (host=1) -- discovery is answered only from here
[dplay] pump #257000 (host=1) -- discovery is answered only from here
[dplay] pump #257500 (host=1) -- discovery is answered only from here
[dplay] pump #258000 (host=1) -- discovery is answered only from here
[dplay] pump #258500 (host=1) -- discovery is answered only from here
[dplay] pump #259000 (host=1) -- discovery is answered only from here
[dplay] pump #259500 (host=1) -- discovery is answered only from here
[dplay] pump #260000 (host=1) -- discovery is answered only from here
[dplay] pump #260500 (host=1) -- discovery is answered only from here
[dplay] pump #261000 (host=1) -- discovery is answered only from here
[dplay] pump #261500 (host=1) -- discovery is answered only from here
[dplay] pump #262000 (host=1) -- discovery is answered only from here
[dplay] pump #262500 (host=1) -- discovery is answered only from here
[dplay] pump #263000 (host=1) -- discovery is answered only from here
[dplay] pump #263500 (host=1) -- discovery is answered only from here
[dplay] pump #264000 (host=1) -- discovery is answered only from here
[dplay] pump #264500 (host=1) -- discovery is answered only from here
[dplay] pump #265000 (host=1) -- discovery is answered only from here
[dplay] pump #265500 (host=1) -- discovery is answered only from here
[dplay] pump #266000 (host=1) -- discovery is answered only from here
[dplay] pump #266500 (host=1) -- discovery is answered only from here
[dplay] pump #267000 (host=1) -- discovery is answered only from here
[dplay] pump #267500 (host=1) -- discovery is answered only from here
[dplay] pump #268000 (host=1) -- discovery is answered only from here
[dplay] pump #268500 (host=1) -- discovery is answered only from here
[dplay] pump #269000 (host=1) -- discovery is answered only from here
[dplay] pump #269500 (host=1) -- discovery is answered only from here
[dplay] pump #270000 (host=1) -- discovery is answered only from here
[dplay] pump #270500 (host=1) -- discovery is answered only from here
[dplay] pump #271000 (host=1) -- discovery is answered only from here
[dplay] pump #271500 (host=1) -- discovery is answered only from here
[dplay] pump #272000 (host=1) -- discovery is answered only from here
[dplay] pump #272500 (host=1) -- discovery is answered only from here
[dplay] pump #273000 (host=1) -- discovery is answered only from here
[dplay] pump #273500 (host=1) -- discovery is answered only from here
[dplay] pump #274000 (host=1) -- discovery is answered only from here
[dplay] pump #274500 (host=1) -- discovery is answered only from here
[dplay] pump #275000 (host=1) -- discovery is answered only from here
[dplay] pump #275500 (host=1) -- discovery is answered only from here
[dplay] pump #276000 (host=1) -- discovery is answered only from here
[dplay] Send 14 bytes pid 3 -> 1 (ok)
[dplay] Send 5 bytes pid 1 -> 2 (ok)
[dplay] received 14 data bytes from pid 4
[dplay] pump #276500 (host=1) -- discovery is answered only from here
[dplay] pump #277000 (host=1) -- discovery is answered only from here
[dplay] pump #277500 (host=1) -- discovery is answered only from here
[dplay] pump #278000 (host=1) -- discovery is answered only from here
[dplay] pump #278500 (host=1) -- discovery is answered only from here
[dplay] pump #279000 (host=1) -- discovery is answered only from here
[dplay] pump #279500 (host=1) -- discovery is answered only from here
[dplay] pump #280000 (host=1) -- discovery is answered only from here
[dplay] pump #280500 (host=1) -- discovery is answered only from here
[dplay] pump #281000 (host=1) -- discovery is answered only from here
[dplay] pump #281500 (host=1) -- discovery is answered only from here
[dplay] pump #282000 (host=1) -- discovery is answered only from here
[dplay] pump #282500 (host=1) -- discovery is answered only from here
[dplay] pump #283000 (host=1) -- discovery is answered only from here
[dplay] pump #283500 (host=1) -- discovery is answered only from here
[dplay] pump #284000 (host=1) -- discovery is answered only from here
[dplay] pump #284500 (host=1) -- discovery is answered only from here
[dplay] pump #285000 (host=1) -- discovery is answered only from here
[dplay] pump #285500 (host=1) -- discovery is answered only from here
[dplay] pump #286000 (host=1) -- discovery is answered only from here
[dplay] pump #286500 (host=1) -- discovery is answered only from here
[dplay] pump #287000 (host=1) -- discovery is answered only from here
[dplay] pump #287500 (host=1) -- discovery is answered only from here
[dplay] pump #288000 (host=1) -- discovery is answered only from here
[dplay] pump #288500 (host=1) -- discovery is answered only from here
[dplay] pump #289000 (host=1) -- discovery is answered only from here
[dplay] pump #289500 (host=1) -- discovery is answered only from here
[dplay] pump #290000 (host=1) -- discovery is answered only from here
[dplay] pump #290500 (host=1) -- discovery is answered only from here
[dplay] pump #291000 (host=1) -- discovery is answered only from here
[dplay] pump #291500 (host=1) -- discovery is answered only from here
[dplay] pump #292000 (host=1) -- discovery is answered only from here
[dplay] pump #292500 (host=1) -- discovery is answered only from here
[dplay] pump #293000 (host=1) -- discovery is answered only from here
[dplay] pump #293500 (host=1) -- discovery is answered only from here
[dplay] pump #294000 (host=1) -- discovery is answered only from here
[dplay] pump #294500 (host=1) -- discovery is answered only from here
[dplay] pump #295000 (host=1) -- discovery is answered only from here
[dplay] pump #295500 (host=1) -- discovery is answered only from here
[dplay] pump #296000 (host=1) -- discovery is answered only from here
[dplay] pump #296500 (host=1) -- discovery is answered only from here
[dplay] pump #297000 (host=1) -- discovery is answered only from here
[dplay] pump #297500 (host=1) -- discovery is answered only from here
[dplay] pump #298000 (host=1) -- discovery is answered only from here
[dplay] pump #298500 (host=1) -- discovery is answered only from here
[dplay] pump #299000 (host=1) -- discovery is answered only from here
[dplay] pump #299500 (host=1) -- discovery is answered only from here
[dplay] pump #300000 (host=1) -- discovery is answered only from here
[dplay] pump #300500 (host=1) -- discovery is answered only from here
[dplay] pump #301000 (host=1) -- discovery is answered only from here
[dplay] pump #301500 (host=1) -- discovery is answered only from here
[dplay] pump #302000 (host=1) -- discovery is answered only from here
[dplay] pump #302500 (host=1) -- discovery is answered only from here
[dplay] pump #303000 (host=1) -- discovery is answered only from here
[dplay] pump #303500 (host=1) -- discovery is answered only from here
[dplay] pump #304000 (host=1) -- discovery is answered only from here
[dplay] pump #304500 (host=1) -- discovery is answered only from here
[dplay] pump #305000 (host=1) -- discovery is answered only from here
[dplay] pump #305500 (host=1) -- discovery is answered only from here
[dplay] pump #306000 (host=1) -- discovery is answered only from here
[dplay] pump #306500 (host=1) -- discovery is answered only from here
[dplay] pump #307000 (host=1) -- discovery is answered only from here
[dplay] pump #307500 (host=1) -- discovery is answered only from here
[dplay] pump #308000 (host=1) -- discovery is answered only from here
[dplay] pump #308500 (host=1) -- discovery is answered only from here
[dplay] pump #309000 (host=1) -- discovery is answered only from here
[dplay] pump #309500 (host=1) -- discovery is answered only from here
[dplay] pump #310000 (host=1) -- discovery is answered only from here
[dplay] pump #310500 (host=1) -- discovery is answered only from here
[dplay] pump #311000 (host=1) -- discovery is answered only from here
[dplay] pump #311500 (host=1) -- discovery is answered only from here
[dplay] pump #312000 (host=1) -- discovery is answered only from here
[dplay] pump #312500 (host=1) -- discovery is answered only from here
[dplay] pump #313000 (host=1) -- discovery is answered only from here
[dplay] pump #313500 (host=1) -- discovery is answered only from here
[dplay] pump #314000 (host=1) -- discovery is answered only from here
[dplay] pump #314500 (host=1) -- discovery is answered only from here
[dplay] pump #315000 (host=1) -- discovery is answered only from here
[dplay] pump #315500 (host=1) -- discovery is answered only from here
[dplay] pump #316000 (host=1) -- discovery is answered only from here
[dplay] pump #316500 (host=1) -- discovery is answered only from here
[dplay] pump #317000 (host=1) -- discovery is answered only from here
[dplay] pump #317500 (host=1) -- discovery is answered only from here
[dplay] pump #318000 (host=1) -- discovery is answered only from here
[dplay] pump #318500 (host=1) -- discovery is answered only from here
[dplay] pump #319000 (host=1) -- discovery is answered only from here
[dplay] pump #319500 (host=1) -- discovery is answered only from here
[dplay] pump #320000 (host=1) -- discovery is answered only from here
[dplay] pump #320500 (host=1) -- discovery is answered only from here
[dplay] pump #321000 (host=1) -- discovery is answered only from here
[dplay] pump #321500 (host=1) -- discovery is answered only from here
[dplay] pump #322000 (host=1) -- discovery is answered only from here
[dplay] pump #322500 (host=1) -- discovery is answered only from here
[dplay] pump #323000 (host=1) -- discovery is answered only from here
[dplay] pump #323500 (host=1) -- discovery is answered only from here
[dplay] pump #324000 (host=1) -- discovery is answered only from here
[dplay] pump #324500 (host=1) -- discovery is answered only from here
[dplay] pump #325000 (host=1) -- discovery is answered only from here
[dplay] pump #325500 (host=1) -- discovery is answered only from here
[dplay] pump #326000 (host=1) -- discovery is answered only from here
[dplay] pump #326500 (host=1) -- discovery is answered only from here
[dplay] pump #327000 (host=1) -- discovery is answered only from here
[dplay] pump #327500 (host=1) -- discovery is answered only from here
[dplay] pump #328000 (host=1) -- discovery is answered only from here
[dplay] pump #328500 (host=1) -- discovery is answered only from here
[dplay] pump #329000 (host=1) -- discovery is answered only from here
[dplay] pump #329500 (host=1) -- discovery is answered only from here
[dplay] pump #330000 (host=1) -- discovery is answered only from here
[dplay] pump #330500 (host=1) -- discovery is answered only from here
[dplay] pump #331000 (host=1) -- discovery is answered only from here
[dplay] pump #331500 (host=1) -- discovery is answered only from here
[dplay] pump #332000 (host=1) -- discovery is answered only from here
[dplay] pump #332500 (host=1) -- discovery is answered only from here
[dplay] pump #333000 (host=1) -- discovery is answered only from here
[dplay] pump #333500 (host=1) -- discovery is answered only from here
[dplay] pump #334000 (host=1) -- discovery is answered only from here
[dplay] pump #334500 (host=1) -- discovery is answered only from here
[dplay] pump #335000 (host=1) -- discovery is answered only from here
[dplay] pump #335500 (host=1) -- discovery is answered only from here
[dplay] pump #336000 (host=1) -- discovery is answered only from here
[dplay] pump #336500 (host=1) -- discovery is answered only from here
[dplay] pump #337000 (host=1) -- discovery is answered only from here
[dplay] pump #337500 (host=1) -- discovery is answered only from here
[dplay] pump #338000 (host=1) -- discovery is answered only from here
[dplay] pump #338500 (host=1) -- discovery is answered only from here
[dplay] pump #339000 (host=1) -- discovery is answered only from here
[dplay] pump #339500 (host=1) -- discovery is answered only from here
[dplay] pump #340000 (host=1) -- discovery is answered only from here
[dplay] pump #340500 (host=1) -- discovery is answered only from here
[dplay] pump #341000 (host=1) -- discovery is answered only from here
[dplay] Send 5 bytes pid 1 -> 2 (ok)
[dplay] Send 14 bytes pid 3 -> 1 (ok)
[dplay] received 14 data bytes from pid 4
[dplay] pump #341500 (host=1) -- discovery is answered only from here
[dplay] pump #342000 (host=1) -- discovery is answered only from here
[dplay] pump #342500 (host=1) -- discovery is answered only from here
[dplay] pump #343000 (host=1) -- discovery is answered only from here
[dplay] pump #343500 (host=1) -- discovery is answered only from here
[dplay] pump #344000 (host=1) -- discovery is answered only from here
[dplay] pump #344500 (host=1) -- discovery is answered only from here
[dplay] pump #345000 (host=1) -- discovery is answered only from here
[dplay] pump #345500 (host=1) -- discovery is answered only from here
[dplay] pump #346000 (host=1) -- discovery is answered only from here
[dplay] pump #346500 (host=1) -- discovery is answered only from here
[dplay] pump #347000 (host=1) -- discovery is answered only from here
[dplay] pump #347500 (host=1) -- discovery is answered only from here
[dplay] pump #348000 (host=1) -- discovery is answered only from here
[dplay] pump #348500 (host=1) -- discovery is answered only from here
[dplay] pump #349000 (host=1) -- discovery is answered only from here
[dplay] pump #349500 (host=1) -- discovery is answered only from here
[dplay] pump #350000 (host=1) -- discovery is answered only from here
[dplay] pump #350500 (host=1) -- discovery is answered only from here
[dplay] pump #351000 (host=1) -- discovery is answered only from here
[dplay] pump #351500 (host=1) -- discovery is answered only from here
[dplay] pump #352000 (host=1) -- discovery is answered only from here
[dplay] pump #352500 (host=1) -- discovery is answered only from here
[dplay] pump #353000 (host=1) -- discovery is answered only from here
[dplay] pump #353500 (host=1) -- discovery is answered only from here
[dplay] pump #354000 (host=1) -- discovery is answered only from here
[dplay] pump #354500 (host=1) -- discovery is answered only from here
[dplay] pump #355000 (host=1) -- discovery is answered only from here
[dplay] pump #355500 (host=1) -- discovery is answered only from here
[dplay] pump #356000 (host=1) -- discovery is answered only from here
[dplay] pump #356500 (host=1) -- discovery is answered only from here
[dplay] pump #357000 (host=1) -- discovery is answered only from here
[dplay] pump #357500 (host=1) -- discovery is answered only from here
[dplay] pump #358000 (host=1) -- discovery is answered only from here
[dplay] pump #358500 (host=1) -- discovery is answered only from here
[dplay] pump #359000 (host=1) -- discovery is answered only from here
[dplay] pump #359500 (host=1) -- discovery is answered only from here
[dplay] pump #360000 (host=1) -- discovery is answered only from here
[dplay] pump #360500 (host=1) -- discovery is answered only from here
[dplay] pump #361000 (host=1) -- discovery is answered only from here
[dplay] pump #361500 (host=1) -- discovery is answered only from here
[dplay] pump #362000 (host=1) -- discovery is answered only from here
[dplay] pump #362500 (host=1) -- discovery is answered only from here
[dplay] pump #363000 (host=1) -- discovery is answered only from here
[dplay] pump #363500 (host=1) -- discovery is answered only from here
[dplay] pump #364000 (host=1) -- discovery is answered only from here
[dplay] pump #364500 (host=1) -- discovery is answered only from here
[dplay] pump #365000 (host=1) -- discovery is answered only from here
[dplay] pump #365500 (host=1) -- discovery is answered only from here
[dplay] pump #366000 (host=1) -- discovery is answered only from here
[dplay] pump #366500 (host=1) -- discovery is answered only from here
[dplay] pump #367000 (host=1) -- discovery is answered only from here
[dplay] pump #367500 (host=1) -- discovery is answered only from here
[dplay] pump #368000 (host=1) -- discovery is answered only from here
[dplay] pump #368500 (host=1) -- discovery is answered only from here
[dplay] pump #369000 (host=1) -- discovery is answered only from here
[dplay] pump #369500 (host=1) -- discovery is answered only from here
[dplay] pump #370000 (host=1) -- discovery is answered only from here
[dplay] pump #370500 (host=1) -- discovery is answered only from here
[dplay] pump #371000 (host=1) -- discovery is answered only from here
[dplay] pump #371500 (host=1) -- discovery is answered only from here
[dplay] pump #372000 (host=1) -- discovery is answered only from here
[dplay] pump #372500 (host=1) -- discovery is answered only from here
[dplay] pump #373000 (host=1) -- discovery is answered only from here
[dplay] pump #373500 (host=1) -- discovery is answered only from here
[dplay] pump #374000 (host=1) -- discovery is answered only from here
[dplay] pump #374500 (host=1) -- discovery is answered only from here
[dplay] pump #375000 (host=1) -- discovery is answered only from here
[dplay] pump #375500 (host=1) -- discovery is answered only from here
[dplay] pump #376000 (host=1) -- discovery is answered only from here
[dplay] pump #376500 (host=1) -- discovery is answered only from here
[dplay] pump #377000 (host=1) -- discovery is answered only from here
[dplay] pump #377500 (host=1) -- discovery is answered only from here
[dplay] pump #378000 (host=1) -- discovery is answered only from here
[dplay] pump #378500 (host=1) -- discovery is answered only from here
[dplay] pump #379000 (host=1) -- discovery is answered only from here
[dplay] pump #379500 (host=1) -- discovery is answered only from here
[dplay] pump #380000 (host=1) -- discovery is answered only from here
[dplay] pump #380500 (host=1) -- discovery is answered only from here
[dplay] pump #381000 (host=1) -- discovery is answered only from here
[dplay] pump #381500 (host=1) -- discovery is answered only from here
[dplay] pump #382000 (host=1) -- discovery is answered only from here
[dplay] pump #382500 (host=1) -- discovery is answered only from here
[dplay] pump #383000 (host=1) -- discovery is answered only from here
[dplay] pump #383500 (host=1) -- discovery is answered only from here
[dplay] pump #384000 (host=1) -- discovery is answered only from here
[dplay] pump #384500 (host=1) -- discovery is answered only from here
[dplay] pump #385000 (host=1) -- discovery is answered only from here
[dplay] pump #385500 (host=1) -- discovery is answered only from here
[dplay] pump #386000 (host=1) -- discovery is answered only from here
[dplay] pump #386500 (host=1) -- discovery is answered only from here
[dplay] pump #387000 (host=1) -- discovery is answered only from here
[dplay] pump #387500 (host=1) -- discovery is answered only from here
[dplay] pump #388000 (host=1) -- discovery is answered only from here
[dplay] pump #388500 (host=1) -- discovery is answered only from here
[dplay] pump #389000 (host=1) -- discovery is answered only from here
[dplay] pump #389500 (host=1) -- discovery is answered only from here
[dplay] pump #390000 (host=1) -- discovery is answered only from here
[dplay] pump #390500 (host=1) -- discovery is answered only from here
[dplay] pump #391000 (host=1) -- discovery is answered only from here
[dplay] pump #391500 (host=1) -- discovery is answered only from here
[dplay] pump #392000 (host=1) -- discovery is answered only from here
[dplay] pump #392500 (host=1) -- discovery is answered only from here
[dplay] pump #393000 (host=1) -- discovery is answered only from here
[dplay] pump #393500 (host=1) -- discovery is answered only from here
[dplay] pump #394000 (host=1) -- discovery is answered only from here
[dplay] pump #394500 (host=1) -- discovery is answered only from here
[dplay] pump #395000 (host=1) -- discovery is answered only from here
[dplay] pump #395500 (host=1) -- discovery is answered only from here
[dplay] pump #396000 (host=1) -- discovery is answered only from here
[dplay] pump #396500 (host=1) -- discovery is answered only from here
[dplay] pump #397000 (host=1) -- discovery is answered only from here
[dplay] pump #397500 (host=1) -- discovery is answered only from here
[dplay] pump #398000 (host=1) -- discovery is answered only from here
[dplay] pump #398500 (host=1) -- discovery is answered only from here
[dplay] pump #399000 (host=1) -- discovery is answered only from here
[dplay] pump #399500 (host=1) -- discovery is answered only from here
[dplay] pump #400000 (host=1) -- discovery is answered only from here
[dplay] pump #400500 (host=1) -- discovery is answered only from here
[dplay] pump #401000 (host=1) -- discovery is answered only from here
[dplay] pump #401500 (host=1) -- discovery is answered only from here
[dplay] pump #402000 (host=1) -- discovery is answered only from here
[dplay] Send 5 bytes pid 1 -> 2 (ok)
[dplay] received 14 data bytes from pid 4
[dplay] Send 14 bytes pid 3 -> 1 (ok)
[dplay] pump #402500 (host=1) -- discovery is answered only from here
[dplay] pump #403000 (host=1) -- discovery is answered only from here
[dplay] pump #403500 (host=1) -- discovery is answered only from here
[dplay] pump #404000 (host=1) -- discovery is answered only from here
[dplay] pump #404500 (host=1) -- discovery is answered only from here
[dplay] pump #405000 (host=1) -- discovery is answered only from here
[dplay] pump #405500 (host=1) -- discovery is answered only from here
[dplay] pump #406000 (host=1) -- discovery is answered only from here
[dplay] pump #406500 (host=1) -- discovery is answered only from here
[dplay] pump #407000 (host=1) -- discovery is answered only from here
[dplay] pump #407500 (host=1) -- discovery is answered only from here
[dplay] pump #408000 (host=1) -- discovery is answered only from here
[dplay] pump #408500 (host=1) -- discovery is answered only from here
[dplay] pump #409000 (host=1) -- discovery is answered only from here
[dplay] pump #409500 (host=1) -- discovery is answered only from here
[dplay] pump #410000 (host=1) -- discovery is answered only from here
[dplay] pump #410500 (host=1) -- discovery is answered only from here
[dplay] pump #411000 (host=1) -- discovery is answered only from here
[dplay] pump #411500 (host=1) -- discovery is answered only from here
[dplay] pump #412000 (host=1) -- discovery is answered only from here
[dplay] pump #412500 (host=1) -- discovery is answered only from here
[dplay] pump #413000 (host=1) -- discovery is answered only from here
[dplay] pump #413500 (host=1) -- discovery is answered only from here
[dplay] pump #414000 (host=1) -- discovery is answered only from here
[dplay] pump #414500 (host=1) -- discovery is answered only from here
[dplay] pump #415000 (host=1) -- discovery is answered only from here
[dplay] pump #415500 (host=1) -- discovery is answered only from here
[dplay] pump #416000 (host=1) -- discovery is answered only from here
[dplay] pump #416500 (host=1) -- discovery is answered only from here
[dplay] pump #417000 (host=1) -- discovery is answered only from here
[dplay] pump #417500 (host=1) -- discovery is answered only from here
[dplay] pump #418000 (host=1) -- discovery is answered only from here
[dplay] pump #418500 (host=1) -- discovery is answered only from here
[dplay] pump #419000 (host=1) -- discovery is answered only from here
[dplay] pump #419500 (host=1) -- discovery is answered only from here
[dplay] pump #420000 (host=1) -- discovery is answered only from here
[dplay] pump #420500 (host=1) -- discovery is answered only from here
[dplay] pump #421000 (host=1) -- discovery is answered only from here
[dplay] pump #421500 (host=1) -- discovery is answered only from here
[dplay] pump #422000 (host=1) -- discovery is answered only from here
[dplay] pump #422500 (host=1) -- discovery is answered only from here
[dplay] pump #423000 (host=1) -- discovery is answered only from here
[dplay] pump #423500 (host=1) -- discovery is answered only from here
[dplay] pump #424000 (host=1) -- discovery is answered only from here
[dplay] pump #424500 (host=1) -- discovery is answered only from here
[dplay] pump #425000 (host=1) -- discovery is answered only from here
[dplay] pump #425500 (host=1) -- discovery is answered only from here
[dplay] pump #426000 (host=1) -- discovery is answered only from here
[dplay] pump #426500 (host=1) -- discovery is answered only from here
[dplay] pump #427000 (host=1) -- discovery is answered only from here
[dplay] pump #427500 (host=1) -- discovery is answered only from here
[dplay] pump #428000 (host=1) -- discovery is answered only from here
[dplay] pump #428500 (host=1) -- discovery is answered only from here
[dplay] pump #429000 (host=1) -- discovery is answered only from here
[dplay] pump #429500 (host=1) -- discovery is answered only from here
[dplay] pump #430000 (host=1) -- discovery is answered only from here
[dplay] pump #430500 (host=1) -- discovery is answered only from here
[dplay] pump #431000 (host=1) -- discovery is answered only from here
[dplay] pump #431500 (host=1) -- discovery is answered only from here
[dplay] pump #432000 (host=1) -- discovery is answered only from here
[dplay] pump #432500 (host=1) -- discovery is answered only from here
[dplay] pump #433000 (host=1) -- discovery is answered only from here
[dplay] pump #433500 (host=1) -- discovery is answered only from here
[dplay] pump #434000 (host=1) -- discovery is answered only from here
[dplay] pump #434500 (host=1) -- discovery is answered only from here
[dplay] pump #435000 (host=1) -- discovery is answered only from here
[dplay] pump #435500 (host=1) -- discovery is answered only from here
[dplay] pump #436000 (host=1) -- discovery is answered only from here
[dplay] pump #436500 (host=1) -- discovery is answered only from here
[dplay] pump #437000 (host=1) -- discovery is answered only from here
[dplay] pump #437500 (host=1) -- discovery is answered only from here
[dplay] pump #438000 (host=1) -- discovery is answered only from here
[dplay] pump #438500 (host=1) -- discovery is answered only from here
[dplay] pump #439000 (host=1) -- discovery is answered only from here
[dplay] pump #439500 (host=1) -- discovery is answered only from here
[dplay] pump #440000 (host=1) -- discovery is answered only from here
[dplay] pump #440500 (host=1) -- discovery is answered only from here
[dplay] pump #441000 (host=1) -- discovery is answered only from here
[dplay] pump #441500 (host=1) -- discovery is answered only from here
[dplay] pump #442000 (host=1) -- discovery is answered only from here
[dplay] pump #442500 (host=1) -- discovery is answered only from here
[dplay] pump #443000 (host=1) -- discovery is answered only from here
[dplay] pump #443500 (host=1) -- discovery is answered only from here
[dplay] pump #444000 (host=1) -- discovery is answered only from here
[dplay] pump #444500 (host=1) -- discovery is answered only from here
[dplay] pump #445000 (host=1) -- discovery is answered only from here
[dplay] pump #445500 (host=1) -- discovery is answered only from here
[dplay] pump #446000 (host=1) -- discovery is answered only from here
[dplay] pump #446500 (host=1) -- discovery is answered only from here
[dplay] pump #447000 (host=1) -- discovery is answered only from here
[dplay] pump #447500 (host=1) -- discovery is answered only from here
[dplay] pump #448000 (host=1) -- discovery is answered only from here
[dplay] pump #448500 (host=1) -- discovery is answered only from here
[dplay] pump #449000 (host=1) -- discovery is answered only from here
[dplay] pump #449500 (host=1) -- discovery is answered only from here
[dplay] pump #450000 (host=1) -- discovery is answered only from here
[dplay] pump #450500 (host=1) -- discovery is answered only from here
[dplay] pump #451000 (host=1) -- discovery is answered only from here
[dplay] pump #451500 (host=1) -- discovery is answered only from here
[dplay] pump #452000 (host=1) -- discovery is answered only from here
[dplay] pump #452500 (host=1) -- discovery is answered only from here
[dplay] pump #453000 (host=1) -- discovery is answered only from here
[dplay] pump #453500 (host=1) -- discovery is answered only from here
[dplay] pump #454000 (host=1) -- discovery is answered only from here
[dplay] pump #454500 (host=1) -- discovery is answered only from here
[dplay] pump #455000 (host=1) -- discovery is answered only from here
[dplay] pump #455500 (host=1) -- discovery is answered only from here
[dplay] pump #456000 (host=1) -- discovery is answered only from here
[dplay] pump #456500 (host=1) -- discovery is answered only from here
[dplay] pump #457000 (host=1) -- discovery is answered only from here
[dplay] pump #457500 (host=1) -- discovery is answered only from here
[dplay] pump #458000 (host=1) -- discovery is answered only from here
[dplay] pump #458500 (host=1) -- discovery is answered only from here
[dplay] pump #459000 (host=1) -- discovery is answered only from here
[dplay] pump #459500 (host=1) -- discovery is answered only from here
[dplay] pump #460000 (host=1) -- discovery is answered only from here
[dplay] pump #460500 (host=1) -- discovery is answered only from here
[dplay] pump #461000 (host=1) -- discovery is answered only from here
[dplay] pump #461500 (host=1) -- discovery is answered only from here
[dplay] Send 14 bytes pid 3 -> 1 (ok)
[dplay] Send 5 bytes pid 1 -> 2 (ok)
[dplay] received 14 data bytes from pid 4
[dplay] pump #462000 (host=1) -- discovery is answered only from here
[dplay] pump #462500 (host=1) -- discovery is answered only from here
[dplay] pump #463000 (host=1) -- discovery is answered only from here
[dplay] pump #463500 (host=1) -- discovery is answered only from here
[dplay] pump #464000 (host=1) -- discovery is answered only from here
[dplay] pump #464500 (host=1) -- discovery is answered only from here
[dplay] pump #465000 (host=1) -- discovery is answered only from here
[dplay] pump #465500 (host=1) -- discovery is answered only from here
[dplay] pump #466000 (host=1) -- discovery is answered only from here
[dplay] pump #466500 (host=1) -- discovery is answered only from here
[dplay] pump #467000 (host=1) -- discovery is answered only from here
[dplay] pump #467500 (host=1) -- discovery is answered only from here
[dplay] pump #468000 (host=1) -- discovery is answered only from here
[dplay] pump #468500 (host=1) -- discovery is answered only from here
[dplay] pump #469000 (host=1) -- discovery is answered only from here
[dplay] pump #469500 (host=1) -- discovery is answered only from here
[dplay] pump #470000 (host=1) -- discovery is answered only from here
[dplay] pump #470500 (host=1) -- discovery is answered only from here
[dplay] pump #471000 (host=1) -- discovery is answered only from here
[dplay] pump #471500 (host=1) -- discovery is answered only from here
[dplay] pump #472000 (host=1) -- discovery is answered only from here
[dplay] pump #472500 (host=1) -- discovery is answered only from here
[dplay] pump #473000 (host=1) -- discovery is answered only from here
[dplay] pump #473500 (host=1) -- discovery is answered only from here
[dplay] pump #474000 (host=1) -- discovery is answered only from here
[dplay] pump #474500 (host=1) -- discovery is answered only from here
[dplay] pump #475000 (host=1) -- discovery is answered only from here
[dplay] pump #475500 (host=1) -- discovery is answered only from here
[dplay] pump #476000 (host=1) -- discovery is answered only from here
[dplay] pump #476500 (host=1) -- discovery is answered only from here
[dplay] pump #477000 (host=1) -- discovery is answered only from here
[dplay] pump #477500 (host=1) -- discovery is answered only from here
[dplay] pump #478000 (host=1) -- discovery is answered only from here
[dplay] pump #478500 (host=1) -- discovery is answered only from here
[dplay] pump #479000 (host=1) -- discovery is answered only from here
[dplay] pump #479500 (host=1) -- discovery is answered only from here
[dplay] pump #480000 (host=1) -- discovery is answered only from here
[dplay] pump #480500 (host=1) -- discovery is answered only from here
[dplay] pump #481000 (host=1) -- discovery is answered only from here
[dplay] pump #481500 (host=1) -- discovery is answered only from here
[dplay] pump #482000 (host=1) -- discovery is answered only from here
[dplay] pump #482500 (host=1) -- discovery is answered only from here
[dplay] pump #483000 (host=1) -- discovery is answered only from here
[dplay] pump #483500 (host=1) -- discovery is answered only from here
[dplay] pump #484000 (host=1) -- discovery is answered only from here
[dplay] pump #484500 (host=1) -- discovery is answered only from here
[dplay] pump #485000 (host=1) -- discovery is answered only from here
[dplay] pump #485500 (host=1) -- discovery is answered only from here
[dplay] pump #486000 (host=1) -- discovery is answered only from here
[dplay] pump #486500 (host=1) -- discovery is answered only from here
[dplay] pump #487000 (host=1) -- discovery is answered only from here
[dplay] pump #487500 (host=1) -- discovery is answered only from here
[dplay] pump #488000 (host=1) -- discovery is answered only from here
[dplay] pump #488500 (host=1) -- discovery is answered only from here
[dplay] pump #489000 (host=1) -- discovery is answered only from here
[dplay] pump #489500 (host=1) -- discovery is answered only from here
[dplay] pump #490000 (host=1) -- discovery is answered only from here
[dplay] pump #490500 (host=1) -- discovery is answered only from here
[dplay] pump #491000 (host=1) -- discovery is answered only from here
[dplay] pump #491500 (host=1) -- discovery is answered only from here
[dplay] pump #492000 (host=1) -- discovery is answered only from here
[dplay] pump #492500 (host=1) -- discovery is answered only from here
[dplay] pump #493000 (host=1) -- discovery is answered only from here
[dplay] pump #493500 (host=1) -- discovery is answered only from here
[dplay] pump #494000 (host=1) -- discovery is answered only from here
[dplay] pump #494500 (host=1) -- discovery is answered only from here
[dplay] pump #495000 (host=1) -- discovery is answered only from here
[dplay] pump #495500 (host=1) -- discovery is answered only from here
[dplay] pump #496000 (host=1) -- discovery is answered only from here
[dplay] pump #496500 (host=1) -- discovery is answered only from here
[dplay] pump #497000 (host=1) -- discovery is answered only from here
[dplay] pump #497500 (host=1) -- discovery is answered only from here
[dplay] pump #498000 (host=1) -- discovery is answered only from here
[dplay] pump #498500 (host=1) -- discovery is answered only from here
[dplay] pump #499000 (host=1) -- discovery is answered only from here
[dplay] pump #499500 (host=1) -- discovery is answered only from here
[dplay] pump #500000 (host=1) -- discovery is answered only from here
[dplay] pump #500500 (host=1) -- discovery is answered only from here
[dplay] pump #501000 (host=1) -- discovery is answered only from here
[dplay] pump #501500 (host=1) -- discovery is answered only from here
[dplay] pump #502000 (host=1) -- discovery is answered only from here
[dplay] pump #502500 (host=1) -- discovery is answered only from here
[dplay] pump #503000 (host=1) -- discovery is answered only from here
[dplay] pump #503500 (host=1) -- discovery is answered only from here
[dplay] pump #504000 (host=1) -- discovery is answered only from here
[dplay] pump #504500 (host=1) -- discovery is answered only from here
[dplay] pump #505000 (host=1) -- discovery is answered only from here
[dplay] pump #505500 (host=1) -- discovery is answered only from here
[dplay] pump #506000 (host=1) -- discovery is answered only from here
[dplay] pump #506500 (host=1) -- discovery is answered only from here
[dplay] pump #507000 (host=1) -- discovery is answered only from here
[dplay] pump #507500 (host=1) -- discovery is answered only from here
[dplay] pump #508000 (host=1) -- discovery is answered only from here
[dplay] pump #508500 (host=1) -- discovery is answered only from here
[dplay] pump #509000 (host=1) -- discovery is answered only from here
[dplay] pump #509500 (host=1) -- discovery is answered only from here
[dplay] pump #510000 (host=1) -- discovery is answered only from here
[dplay] pump #510500 (host=1) -- discovery is answered only from here
[dplay] pump #511000 (host=1) -- discovery is answered only from here
[dplay] pump #511500 (host=1) -- discovery is answered only from here
[dplay] pump #512000 (host=1) -- discovery is answered only from here
[dplay] pump #512500 (host=1) -- discovery is answered only from here
[dplay] pump #513000 (host=1) -- discovery is answered only from here
[dplay] pump #513500 (host=1) -- discovery is answered only from here
[dplay] pump #514000 (host=1) -- discovery is answered only from here
[dplay] pump #514500 (host=1) -- discovery is answered only from here
[dplay] pump #515000 (host=1) -- discovery is answered only from here
[dplay] pump #515500 (host=1) -- discovery is answered only from here
[dplay] pump #516000 (host=1) -- discovery is answered only from here
[dplay] pump #516500 (host=1) -- discovery is answered only from here
[dplay] pump #517000 (host=1) -- discovery is answered only from here
[dplay] pump #517500 (host=1) -- discovery is answered only from here
[dplay] pump #518000 (host=1) -- discovery is answered only from here
[dplay] pump #518500 (host=1) -- discovery is answered only from here
[dplay] pump #519000 (host=1) -- discovery is answered only from here
[dplay] pump #519500 (host=1) -- discovery is answered only from here
[dplay] pump #520000 (host=1) -- discovery is answered only from here
[dplay] pump #520500 (host=1) -- discovery is answered only from here
[dplay] pump #521000 (host=1) -- discovery is answered only from here
[dplay] pump #521500 (host=1) -- discovery is answered only from here
[dplay] pump #522000 (host=1) -- discovery is answered only from here
[dplay] pump #522500 (host=1) -- discovery is answered only from here
[dplay] pump #523000 (host=1) -- discovery is answered only from here
[dplay] pump #523500 (host=1) -- discovery is answered only from here
[dplay] pump #524000 (host=1) -- discovery is answered only from here
[dplay] Send 14 bytes pid 3 -> 1 (ok)
[dplay] Send 5 bytes pid 1 -> 2 (ok)
[dplay] received 14 data bytes from pid 4
[dplay] pump #524500 (host=1) -- discovery is answered only from here
[dplay] pump #525000 (host=1) -- discovery is answered only from here
[dplay] pump #525500 (host=1) -- discovery is answered only from here
[dplay] pump #526000 (host=1) -- discovery is answered only from here
[dplay] pump #526500 (host=1) -- discovery is answered only from here
[dplay] pump #527000 (host=1) -- discovery is answered only from here
[dplay] pump #527500 (host=1) -- discovery is answered only from here
[dplay] pump #528000 (host=1) -- discovery is answered only from here
[dplay] pump #528500 (host=1) -- discovery is answered only from here
[dplay] pump #529000 (host=1) -- discovery is answered only from here
[dplay] pump #529500 (host=1) -- discovery is answered only from here
[dplay] pump #530000 (host=1) -- discovery is answered only from here
[dplay] pump #530500 (host=1) -- discovery is answered only from here
[dplay] pump #531000 (host=1) -- discovery is answered only from here
[dplay] pump #531500 (host=1) -- discovery is answered only from here
[dplay] pump #532000 (host=1) -- discovery is answered only from here
[dplay] pump #532500 (host=1) -- discovery is answered only from here
[dplay] pump #533000 (host=1) -- discovery is answered only from here
[dplay] pump #533500 (host=1) -- discovery is answered only from here
[dplay] pump #534000 (host=1) -- discovery is answered only from here
[dplay] pump #534500 (host=1) -- discovery is answered only from here
[dplay] pump #535000 (host=1) -- discovery is answered only from here
[dplay] pump #535500 (host=1) -- discovery is answered only from here
[dplay] pump #536000 (host=1) -- discovery is answered only from here
[dplay] pump #536500 (host=1) -- discovery is answered only from here
[dplay] pump #537000 (host=1) -- discovery is answered only from here
[dplay] Send 14 bytes pid 3 -> 1 (ok)
[dplay] received 14 data bytes from pid 4
[dplay] Send 33 bytes pid 1 -> 2 (ok)
[dplay] pump #537500 (host=1) -- discovery is answered only from here
[dplay] pump #538000 (host=1) -- discovery is answered only from here
[dplay] pump #538500 (host=1) -- discovery is answered only from here
[dplay] pump #539000 (host=1) -- discovery is answered only from here
[dplay] pump #539500 (host=1) -- discovery is answered only from here
[dplay] pump #540000 (host=1) -- discovery is answered only from here
[dplay] pump #540500 (host=1) -- discovery is answered only from here
[dplay] pump #541000 (host=1) -- discovery is answered only from here
[dplay] pump #541500 (host=1) -- discovery is answered only from here
[dplay] pump #542000 (host=1) -- discovery is answered only from here
[dplay] pump #542500 (host=1) -- discovery is answered only from here
[dplay] pump #543000 (host=1) -- discovery is answered only from here
[dplay] pump #543500 (host=1) -- discovery is answered only from here
[dplay] pump #544000 (host=1) -- discovery is answered only from here
[dplay] pump #544500 (host=1) -- discovery is answered only from here
[dplay] pump #545000 (host=1) -- discovery is answered only from here
[dplay] pump #545500 (host=1) -- discovery is answered only from here
[dplay] pump #546000 (host=1) -- discovery is answered only from here
[dplay] pump #546500 (host=1) -- discovery is answered only from here
[dplay] pump #547000 (host=1) -- discovery is answered only from here
[dplay] pump #547500 (host=1) -- discovery is answered only from here
[dplay] pump #548000 (host=1) -- discovery is answered only from here
[dplay] pump #548500 (host=1) -- discovery is answered only from here
[dplay] pump #549000 (host=1) -- discovery is answered only from here
[dplay] pump #549500 (host=1) -- discovery is answered only from here
[dplay] Send 14 bytes pid 3 -> 1 (ok)
[agg] GATE2 num=0 CurrPlayers=2  aggCount=9 myFrame=10  IDCodes: 196[dplay] Send 33 bytes pid 1 -> 2 (ok)
 196 194 194 194 194 194 194  (INITPACK=195)
[dplay] received 14 data bytes from pid 4
[dplay] pump #550000 (host=1) -- discovery is answered only from here
[dplay] pump #550500 (host=1) -- discovery is answered only from here
[dplay] pump #551000 (host=1) -- discovery is answered only from here
[dplay] pump #551500 (host=1) -- discovery is answered only from here
[dplay] pump #552000 (host=1) -- discovery is answered only from here
[dplay] pump #552500 (host=1) -- discovery is answered only from here
[dplay] pump #553000 (host=1) -- discovery is answered only from here
[dplay] pump #553500 (host=1) -- discovery is answered only from here
[dplay] pump #554000 (host=1) -- discovery is answered only from here
[dplay] pump #554500 (host=1) -- discovery is answered only from here
[dplay] pump #555000 (host=1) -- discovery is answered only from here
[dplay] pump #555500 (host=1) -- discovery is answered only from here
[dplay] pump #556000 (host=1) -- discovery is answered only from here
[dplay] pump #556500 (host=1) -- discovery is answered only from here
[dplay] pump #557000 (host=1) -- discovery is answered only from here
[dplay] pump #557500 (host=1) -- discovery is answered only from here
[dplay] pump #558000 (host=1) -- discovery is answered only from here
[dplay] pump #558500 (host=1) -- discovery is answered only from here
[dplay] pump #559000 (host=1) -- discovery is answered only from here
[dplay] pump #559500 (host=1) -- discovery is answered only from here
[dplay] pump #560000 (host=1) -- discovery is answered only from here
[dplay] pump #560500 (host=1) -- discovery is answered only from here
[dplay] pump #561000 (host=1) -- discovery is answered only from here
[dplay] pump #561500 (host=1) -- discovery is answered only from here
[dplay] pump #562000 (host=1) -- discovery is answered only from here
[dplay] pump #562500 (host=1) -- discovery is answered only from here
[dplay] pump #563000 (host=1) -- discovery is answered only from here
[dplay] pump #563500 (host=1) -- discovery is answered only from here
[dplay] pump #564000 (host=1) -- discovery is answered only from here
[dplay] pump #564500 (host=1) -- discovery is answered only from here
[dplay] Send 14 bytes pid 3 -> 1 (ok)
[dplay] Send 33 bytes pid 1 -> 2 (ok)
[dplay] received 14 data bytes from pid 4
[dplay] Send 33 bytes pid 1 -> 2 (ok)
[dplay] received 14 data bytes from pid 4
[dplay] Send 14 bytes pid 3 -> 1 (ok)
[dplay] pump #565000 (host=1) -- discovery is answered only from here
[dplay] Send 33 bytes pid 1 -> 2 (ok)
[dplay] received 14 data bytes from pid 4
[dplay] Send 14 bytes pid 3 -> 1 (ok)
[dplay] Send 33 bytes pid 1 -> 2 (ok)
[dplay] received 14 data bytes from pid 4
[dplay] Send 14 bytes pid 3 -> 1 (ok)
[dplay] Send 33 bytes pid 1 -> 2 (ok)
[agg] StaticTimeProc 48/s  impl=1 host=1 running=1 resync=0 served=0  -> AggregatorGetPackets 48/s
[dplay] received 14 data bytes from pid 4
[agg] loopback 29/s  from=3 to=1 (local player or group)
[dplay] Send 14 bytes pid 3 -> 1 (ok)
[agg] aggregator received 28 msg/s  right-size 28  mapped-to-slot 28  from: 4 3  (H2H dpids: [0]=3 [1]=4)  sizeof(ACPACKET)=14
[dplay] Send 33 bytes pid 1 -> 2 (ok)
[agg] SendEx aggpacket 15/s  from=1 to=2(playergroup) players=2 size=33 res=0x0
[dplay] received 14 data bytes from pid 4
[dplay] Send 14 bytes pid 3 -> 1 (ok)
[dplay] Send 33 bytes pid 1 -> 2 (ok)
[dplay] received 14 data bytes from pid 4
[dplay] Send 14 bytes pid 3 -> 1 (ok)
[dplay] Send 33 bytes pid 1 -> 2 (ok)
[dplay] received 14 data bytes from pid 4
[dplay] Send 14 bytes pid 3 -> 1 (ok)
[dplay] Send 33 bytes pid 1 -> 2 (ok)
[dplay] received 14 data bytes from pid 4
[dplay] Send 14 bytes pid 3 -> 1 (ok)
[dplay] Send 33 bytes pid 1 -> 2 (ok)
[dplay] received 14 data bytes from pid 4
[dplay] Send 14 bytes pid 3 -> 1 (ok)
[dplay] Send 33 bytes pid 1 -> 2 (ok)
[dplay] received 14 data bytes from pid 4
[dplay] Send 14 bytes pid 3 -> 1 (ok)
[dplay] Send 33 bytes pid 1 -> 2 (ok)
[dplay] received 14 data bytes from pid 4
[dplay] Send 14 bytes pid 3 -> 1 (ok)
[dplay] Send 33 bytes pid 1 -> 2 (ok)
[dplay] received 14 data bytes from pid 4
[dplay] Send 14 bytes pid 3 -> 1 (ok)
[dplay] Send 33 bytes pid 1 -> 2 (ok)
[dplay] received 14 data bytes from pid 4
[dplay] Send 14 bytes pid 3 -> 1 (ok)
[dplay] Send 33 bytes pid 1 -> 2 (ok)
[dplay] received 14 data bytes from pid 4
[dplay] Send 14 bytes pid 3 -> 1 (ok)
[dplay] Send 33 bytes pid 1 -> 2 (ok)
[dplay] received 14 data bytes from pid 4
[dplay] Send 14 bytes pid 3 -> 1 (ok)
[dplay] Send 33 bytes pid 1 -> 2 (ok)
[agg] StaticTimeProc 49/s  impl=1 host=1 running=1 resync=0 served=0  -> AggregatorGetPackets 49/s
[dplay] received 14 data bytes from pid 4
[agg] loopback 24/s  from=3 to=1 (local player or group)
[dplay] Send 14 bytes pid 3 -> 1 (ok)
[agg] aggregator received 24 msg/s  right-size 24  mapped-to-slot 24  from: 3 4  (H2H dpids: [0]=3 [1]=4)  sizeof(ACPACKET)=14
[dplay] Send 33 bytes pid 1 -> 2 (ok)
[agg] SendEx aggpacket 12/s  from=1 to=2(playergroup) players=2 size=33 res=0x0
[dplay] received 14 data bytes from pid 4
[dplay] Send 14 bytes pid 3 -> 1 (ok)
[dplay] Send 33 bytes pid 1 -> 2 (ok)
[dplay] received 14 data bytes from pid 4
[dplay] Send 14 bytes pid 3 -> 1 (ok)
[dplay] Send 33 bytes pid 1 -> 2 (ok)
[dplay] received 14 data bytes from pid 4
[dplay] Send 14 bytes pid 3 -> 1 (ok)
[dplay] Send 33 bytes pid 1 -> 2 (ok)
[dplay] received 14 data bytes from pid 4
[dplay] Send 14 bytes pid 3 -> 1 (ok)
[dplay] Send 33 bytes pid 1 -> 2 (ok)
[dplay] received 14 data bytes from pid 4
[dplay] Send 14 bytes pid 3 -> 1 (ok)
[dplay] Send 33 bytes pid 1 -> 2 (ok)
[accnt] aircraft in this world: now=8 MAX=8 visible=2 dead=7 (frame sample #1)
[dplay] received 14 data bytes from pid 4
[dplay] Send 14 bytes pid 3 -> 1 (ok)
[dplay] Send 33 bytes pid 1 -> 2 (ok)
[dplay] received 14 data bytes from pid 4
[dplay] Send 14 bytes pid 3 -> 1 (ok)
[dplay] Send 33 bytes pid 1 -> 2 (ok)
[dplay] received 14 data bytes from pid 4
[dplay] Send 14 bytes pid 3 -> 1 (ok)
[dplay] Send 33 bytes pid 1 -> 2 (ok)
[dplay] received 14 data bytes from pid 4
[dplay] Send 14 bytes pid 3 -> 1 (ok)
[dplay] Send 33 bytes pid 1 -> 2 (ok)
[dplay] received 14 data bytes from pid 4
[dplay] Send 14 bytes pid 3 -> 1 (ok)
[dplay] Send 33 bytes pid 1 -> 2 (ok)
[dplay] received 14 data bytes from pid 4
[dplay] Send 14 bytes pid 3 -> 1 (ok)
[dplay] Send 33 bytes pid 1 -> 2 (ok)
[dplay] received 14 data bytes from pid 4
[dplay] Send 14 bytes pid 3 -> 1 (ok)
[dplay] Send 33 bytes pid 1 -> 2 (ok)
[agg] StaticTimeProc 49/s  impl=1 host=1 running=1 resync=0 served=0  -> AggregatorGetPackets 49/s
[dplay] received 14 data bytes from pid 4
[agg] loopback 26/s  from=3 to=1 (local player or group)
[dplay] Send 14 bytes pid 3 -> 1 (ok)
[agg] aggregator received 26 msg/s  right-size 26  mapped-to-slot 26  from: 3 4  (H2H dpids: [0]=3 [1]=4)  sizeof(ACPACKET)=14
[dplay] Send 33 bytes pid 1 -> 2 (ok)
[agg] SendEx aggpacket 13/s  from=1 to=2(playergroup) players=2 size=33 res=0x0
[dplay] received 14 data bytes from pid 4
[dplay] Send 14 bytes pid 3 -> 1 (ok)
[dplay] Send 33 bytes pid 1 -> 2 (ok)
[dplay] received 14 data bytes from pid 4
[dplay] Send 14 bytes pid 3 -> 1 (ok)
[dplay] Send 33 bytes pid 1 -> 2 (ok)
[dplay] received 14 data bytes from pid 4
[dplay] Send 19 bytes pid 1 -> 2 (ok)
[dplay] Send 14 bytes pid 3 -> 1 (ok)
[dplay] received 14 data bytes from pid 4
[dplay] Send 33 bytes pid 1 -> 2 (ok)
[dplay] Send 14 bytes pid 3 -> 1 (ok)
[dplay] received 14 data bytes from pid 4
[dplay] Send 33 bytes pid 1 -> 2 (ok)
[dplay] Send 14 bytes pid 3 -> 1 (ok)
[dplay] received 14 data bytes from pid 4
[dplay] Send 14 bytes pid 3 -> 1 (ok)
[dplay] Send 33 bytes pid 1 -> 2 (ok)
[dplay] received 14 data bytes from pid 4
[dplay] Send 14 bytes pid 3 -> 1 (ok)
[dplay] Send 33 bytes pid 1 -> 2 (ok)
[dplay] received 14 data bytes from pid 4
[dplay] Send 14 bytes pid 3 -> 1 (ok)
[dplay] Send 33 bytes pid 1 -> 2 (ok)
[dplay] received 14 data bytes from pid 4
[dplay] Send 14 bytes pid 3 -> 1 (ok)
[dplay] Send 33 bytes pid 1 -> 2 (ok)
[dplay] received 14 data bytes from pid 4
[dplay] Send 14 bytes pid 3 -> 1 (ok)
[dplay] Send 33 bytes pid 1 -> 2 (ok)
[dplay] received 14 data bytes from pid 4
[dplay] Send 14 bytes pid 3 -> 1 (ok)
[dplay] Send 33 bytes pid 1 -> 2 (ok)
[agg] StaticTimeProc 49/s  impl=1 host=1 running=1 resync=0 served=0  -> AggregatorGetPackets 49/s
[dplay] received 14 data bytes from pid 4
[agg] loopback 24/s  from=3 to=1 (local player or group)
[dplay] Send 14 bytes pid 3 -> 1 (ok)
[agg] aggregator received 24 msg/s  right-size 24  mapped-to-slot 24  from: 3 4  (H2H dpids: [0]=3 [1]=4)  sizeof(ACPACKET)=14
[dplay] Send 33 bytes pid 1 -> 2 (ok)
[agg] SendEx aggpacket 12/s  from=1 to=2(playergroup) players=2 size=33 res=0x0
[dplay] received 14 data bytes from pid 4
[dplay] Send 14 bytes pid 3 -> 1 (ok)
[dplay] Send 33 bytes pid 1 -> 2 (ok)
[dplay] received 14 data bytes from pid 4
[dplay] Send 14 bytes pid 3 -> 1 (ok)
[dplay] Send 33 bytes pid 1 -> 2 (ok)
[dplay] received 14 data bytes from pid 4
[dplay] Send 14 bytes pid 3 -> 1 (ok)
[dplay] Send 33 bytes pid 1 -> 2 (ok)
[dplay] received 14 data bytes from pid 4
[dplay] Send 14 bytes pid 3 -> 1 (ok)
[dplay] Send 33 bytes pid 1 -> 2 (ok)
[dplay] received 14 data bytes from pid 4
[dplay] Send 14 bytes pid 3 -> 1 (ok)
[dplay] Send 33 bytes pid 1 -> 2 (ok)
[dplay] pump #565500 (host=1) -- discovery is answered only from here
[dplay] received 14 data bytes from pid 4
[dplay] Send 14 bytes pid 3 -> 1 (ok)
[dplay] Send 33 bytes pid 1 -> 2 (ok)
[dplay] received 14 data bytes from pid 4
[dplay] Send 14 bytes pid 3 -> 1 (ok)
[dplay] Send 33 bytes pid 1 -> 2 (ok)
[dplay] received 14 data bytes from pid 4
[dplay] Send 14 bytes pid 3 -> 1 (ok)
[dplay] Send 33 bytes pid 1 -> 2 (ok)
[dplay] received 14 data bytes from pid 4
[dplay] Send 33 bytes pid 1 -> 2 (ok)
[dplay] Send 14 bytes pid 3 -> 1 (ok)
[dplay] Send 19 bytes pid 1 -> 2 (ok)
[dplay] received 14 data bytes from pid 4
[dplay] Send 14 bytes pid 3 -> 1 (ok)
[dplay] Send 33 bytes pid 1 -> 2 (ok)
[dplay] received 14 data bytes from pid 4
[dplay] Send 14 bytes pid 3 -> 1 (ok)
[dplay] Send 33 bytes pid 1 -> 2 (ok)
[dplay] received 14 data bytes from pid 4
[dplay] Send 14 bytes pid 3 -> 1 (ok)
[dplay] Send 33 bytes pid 1 -> 2 (ok)
[agg] StaticTimeProc 50/s  impl=1 host=1 running=1 resync=0 served=0  -> AggregatorGetPackets 50/s
[dplay] received 14 data bytes from pid 4
[agg] loopback 27/s  from=3 to=1 (local player or group)
[dplay] Send 14 bytes pid 3 -> 1 (ok)
[agg] aggregator received 26 msg/s  right-size 26  mapped-to-slot 26  from: 3 4  (H2H dpids: [0]=3 [1]=4)  sizeof(ACPACKET)=14
[dplay] Send 33 bytes pid 1 -> 2 (ok)
[agg] SendEx aggpacket 14/s  from=1 to=2(playergroup) players=2 size=33 res=0x0
[dplay] received 14 data bytes from pid 4
[dplay] Send 14 bytes pid 3 -> 1 (ok)
[dplay] Send 33 bytes pid 1 -> 2 (ok)
[dplay] received 14 data bytes from pid 4
[dplay] Send 14 bytes pid 3 -> 1 (ok)
[dplay] Send 33 bytes pid 1 -> 2 (ok)
[dplay] received 14 data bytes from pid 4
[dplay] Send 14 bytes pid 3 -> 1 (ok)
[dplay] Send 33 bytes pid 1 -> 2 (ok)
[dplay] received 14 data bytes from pid 4
[dplay] Send 14 bytes pid 3 -> 1 (ok)
[dplay] Send 33 bytes pid 1 -> 2 (ok)
[dplay] received 14 data bytes from pid 4
[dplay] Send 14 bytes pid 3 -> 1 (ok)
[dplay] Send 33 bytes pid 1 -> 2 (ok)
[dplay] received 14 data bytes from pid 4
[dplay] Send 14 bytes pid 3 -> 1 (ok)
[dplay] Send 33 bytes pid 1 -> 2 (ok)
[dplay] received 14 data bytes from pid 4
[dplay] Send 14 bytes pid 3 -> 1 (ok)
[dplay] Send 33 bytes pid 1 -> 2 (ok)
[dplay] received 14 data bytes from pid 4
[dplay] Send 14 bytes pid 3 -> 1 (ok)
[dplay] Send 33 bytes pid 1 -> 2 (ok)
[dplay] received 14 data bytes from pid 4
[dplay] Send 14 bytes pid 3 -> 1 (ok)
[dplay] Send 33 bytes pid 1 -> 2 (ok)
[dplay] received 14 data bytes from pid 4
[dplay] Send 14 bytes pid 3 -> 1 (ok)
[dplay] Send 33 bytes pid 1 -> 2 (ok)
[dplay] received 14 data bytes from pid 4
[dplay] Send 14 bytes pid 3 -> 1 (ok)
[dplay] Send 33 bytes pid 1 -> 2 (ok)
[agg] StaticTimeProc 49/s  impl=1 host=1 running=1 resync=0 served=0  -> AggregatorGetPackets 49/s
[dplay] received 14 data bytes from pid 4
[agg] aggregator received 24 msg/s  right-size 24  mapped-to-slot 24  from: 3 4  (H2H dpids: [0]=3 [1]=4)  sizeof(ACPACKET)=14
[agg] loopback 24/s  from=3 to=1 (local player or group)
[dplay] Send 14 bytes pid 3 -> 1 (ok)
[dplay] Send 33 bytes pid 1 -> 2 (ok)
[agg] SendEx aggpacket 12/s  from=1 to=2(playergroup) players=2 size=33 res=0x0
[dplay] received 14 data bytes from pid 4
[dplay] Send 14 bytes pid 3 -> 1 (ok)
[dplay] Send 33 bytes pid 1 -> 2 (ok)
[dplay] received 14 data bytes from pid 4
[dplay] Send 14 bytes pid 3 -> 1 (ok)
[dplay] Send 33 bytes pid 1 -> 2 (ok)
[dplay] received 14 data bytes from pid 4
[dplay] Send 14 bytes pid 3 -> 1 (ok)
[dplay] Send 33 bytes pid 1 -> 2 (ok)
[dplay] received 14 data bytes from pid 4
[dplay] Send 14 bytes pid 3 -> 1 (ok)
[dplay] Send 33 bytes pid 1 -> 2 (ok)
[dplay] received 14 data bytes from pid 4
[dplay] Send 14 bytes pid 3 -> 1 (ok)
[dplay] Send 33 bytes pid 1 -> 2 (ok)
[dplay] received 14 data bytes from pid 4
[dplay] Send 14 bytes pid 3 -> 1 (ok)
[dplay] Send 33 bytes pid 1 -> 2 (ok)
[dplay] received 14 data bytes from pid 4
[dplay] Send 14 bytes pid 3 -> 1 (ok)
[dplay] Send 33 bytes pid 1 -> 2 (ok)
[dplay] received 14 data bytes from pid 4
[dplay] Send 14 bytes pid 3 -> 1 (ok)
[dplay] Send 33 bytes pid 1 -> 2 (ok)
[dplay] received 14 data bytes from pid 4
[dplay] Send 14 bytes pid 3 -> 1 (ok)
[dplay] Send 33 bytes pid 1 -> 2 (ok)
[dplay] received 14 data bytes from pid 4
[dplay] Send 14 bytes pid 3 -> 1 (ok)
[dplay] Send 33 bytes pid 1 -> 2 (ok)
[dplay] received 14 data bytes from pid 4
[dplay] Send 14 bytes pid 3 -> 1 (ok)
[dplay] Send 33 bytes pid 1 -> 2 (ok)
[dplay] received 14 data bytes from pid 4
[dplay] Send 14 bytes pid 3 -> 1 (ok)
[dplay] Send 33 bytes pid 1 -> 2 (ok)
[agg] StaticTimeProc 49/s  impl=1 host=1 running=1 resync=0 served=0  -> AggregatorGetPackets 49/s
[dplay] received 14 data bytes from pid 4
[agg] aggregator received 26 msg/s  right-size 26  mapped-to-slot 26  from: 3 4  (H2H dpids: [0]=3 [1]=4)  sizeof(ACPACKET)=14
[agg] loopback 26/s  from=3 to=1 (local player or group)
[dplay] Send 14 bytes pid 3 -> 1 (ok)
[dplay] Send 33 bytes pid 1 -> 2 (ok)
[agg] SendEx aggpacket 13/s  from=1 to=2(playergroup) players=2 size=33 res=0x0
[dplay] received 14 data bytes from pid 4
[dplay] Send 14 bytes pid 3 -> 1 (ok)
[dplay] Send 33 bytes pid 1 -> 2 (ok)
[dplay] received 14 data bytes from pid 4
[dplay] Send 14 bytes pid 3 -> 1 (ok)
[dplay] Send 33 bytes pid 1 -> 2 (ok)
[dplay] received 14 data bytes from pid 4
[dplay] Send 14 bytes pid 3 -> 1 (ok)
[dplay] Send 33 bytes pid 1 -> 2 (ok)
[dplay] received 14 data bytes from pid 4
[dplay] Send 14 bytes pid 3 -> 1 (ok)
[dplay] Send 33 bytes pid 1 -> 2 (ok)
[dplay] received 14 data bytes from pid 4
[dplay] Send 14 bytes pid 3 -> 1 (ok)
[dplay] Send 33 bytes pid 1 -> 2 (ok)
[dplay] received 14 data bytes from pid 4
[dplay] Send 14 bytes pid 3 -> 1 (ok)
[dplay] Send 33 bytes pid 1 -> 2 (ok)
[dplay] received 14 data bytes from pid 4
[dplay] Send 14 bytes pid 3 -> 1 (ok)
[dplay] Send 33 bytes pid 1 -> 2 (ok)
[dplay] received 14 data bytes from pid 4
[dplay] Send 14 bytes pid 3 -> 1 (ok)
[dplay] Send 33 bytes pid 1 -> 2 (ok)
[dplay] received 14 data bytes from pid 4
[dplay] Send 14 bytes pid 3 -> 1 (ok)
[dplay] Send 33 bytes pid 1 -> 2 (ok)
[dplay] received 14 data bytes from pid 4
[dplay] Send 14 bytes pid 3 -> 1 (ok)
[dplay] Send 33 bytes pid 1 -> 2 (ok)
[dplay] received 14 data bytes from pid 4
[dplay] Send 14 bytes pid 3 -> 1 (ok)
[dplay] Send 33 bytes pid 1 -> 2 (ok)
[agg] StaticTimeProc 49/s  impl=1 host=1 running=1 resync=0 served=0  -> AggregatorGetPackets 49/s
[dplay] received 14 data bytes from pid 4
[agg] loopback 24/s  from=3 to=1 (local player or group)
[dplay] Send 14 bytes pid 3 -> 1 (ok)
[agg] aggregator received 24 msg/s  right-size 24  mapped-to-slot 24  from: 3 4  (H2H dpids: [0]=3 [1]=4)  sizeof(ACPACKET)=14
[dplay] Send 33 bytes pid 1 -> 2 (ok)
[agg] SendEx aggpacket 12/s  from=1 to=2(playergroup) players=2 size=33 res=0x0
[dplay] received 14 data bytes from pid 4
[dplay] Send 14 bytes pid 3 -> 1 (ok)
[dplay] pump #566000 (host=1) -- discovery is answered only from here
[dplay] Send 33 bytes pid 1 -> 2 (ok)
[dplay] received 14 data bytes from pid 4
[dplay] Send 14 bytes pid 3 -> 1 (ok)
[dplay] Send 33 bytes pid 1 -> 2 (ok)
[dplay] received 14 data bytes from pid 4
[dplay] Send 14 bytes pid 3 -> 1 (ok)
[dplay] Send 33 bytes pid 1 -> 2 (ok)
[dplay] received 14 data bytes from pid 4
[dplay] Send 14 bytes pid 3 -> 1 (ok)
[dplay] Send 33 bytes pid 1 -> 2 (ok)
[dplay] received 14 data bytes from pid 4
[dplay] Send 19 bytes pid 1 -> 2 (ok)
[dplay] Send 14 bytes pid 3 -> 1 (ok)
[dplay] received 14 data bytes from pid 4
[dplay] Send 33 bytes pid 1 -> 2 (ok)
[dplay] Send 14 bytes pid 3 -> 1 (ok)
[dplay] received 14 data bytes from pid 4
[dplay] Send 14 bytes pid 3 -> 1 (ok)
[dplay] Send 33 bytes pid 1 -> 2 (ok)
[dplay] received 14 data bytes from pid 4
[dplay] Send 14 bytes pid 3 -> 1 (ok)
[dplay] Send 33 bytes pid 1 -> 2 (ok)
[dplay] received 14 data bytes from pid 4
[dplay] Send 14 bytes pid 3 -> 1 (ok)
[dplay] Send 33 bytes pid 1 -> 2 (ok)
[dplay] received 14 data bytes from pid 4
[dplay] Send 14 bytes pid 3 -> 1 (ok)
[dplay] Send 33 bytes pid 1 -> 2 (ok)
[dplay] received 14 data bytes from pid 4
[dplay] Send 14 bytes pid 3 -> 1 (ok)
[dplay] Send 33 bytes pid 1 -> 2 (ok)
[dplay] received 14 data bytes from pid 4
[dplay] Send 14 bytes pid 3 -> 1 (ok)
[dplay] Send 33 bytes pid 1 -> 2 (ok)
[agg] StaticTimeProc 49/s  impl=1 host=1 running=1 resync=0 served=0  -> AggregatorGetPackets 49/s
[dplay] received 14 data bytes from pid 4
[agg] loopback 26/s  from=3 to=1 (local player or group)
[dplay] Send 14 bytes pid 3 -> 1 (ok)
[agg] aggregator received 26 msg/s  right-size 26  mapped-to-slot 26  from: 3 4  (H2H dpids: [0]=3 [1]=4)  sizeof(ACPACKET)=14
[dplay] Send 33 bytes pid 1 -> 2 (ok)
[agg] SendEx aggpacket 13/s  from=1 to=2(playergroup) players=2 size=33 res=0x0
[dplay] received 14 data bytes from pid 4
[dplay] Send 14 bytes pid 3 -> 1 (ok)
[dplay] Send 33 bytes pid 1 -> 2 (ok)
[dplay] received 14 data bytes from pid 4
[dplay] Send 14 bytes pid 3 -> 1 (ok)
[dplay] Send 33 bytes pid 1 -> 2 (ok)
[dplay] received 14 data bytes from pid 4
[dplay] Send 14 bytes pid 3 -> 1 (ok)
[dplay] Send 33 bytes pid 1 -> 2 (ok)
[dplay] received 14 data bytes from pid 4
[dplay] Send 14 bytes pid 3 -> 1 (ok)
[dplay] Send 33 bytes pid 1 -> 2 (ok)
[dplay] received 14 data bytes from pid 4
[dplay] Send 33 bytes pid 1 -> 2 (ok)
[dplay] Send 14 bytes pid 3 -> 1 (ok)
[dplay] Send 19 bytes pid 1 -> 2 (ok)
[dplay] received 14 data bytes from pid 4
[dplay] Send 14 bytes pid 3 -> 1 (ok)
[dplay] Send 33 bytes pid 1 -> 2 (ok)
[dplay] received 14 data bytes from pid 4
[dplay] Send 14 bytes pid 3 -> 1 (ok)
[dplay] Send 33 bytes pid 1 -> 2 (ok)
[dplay] received 14 data bytes from pid 4
[dplay] Send 14 bytes pid 3 -> 1 (ok)
[dplay] Send 33 bytes pid 1 -> 2 (ok)
[dplay] received 14 data bytes from pid 4
[dplay] Send 14 bytes pid 3 -> 1 (ok)
[dplay] Send 33 bytes pid 1 -> 2 (ok)
[dplay] received 14 data bytes from pid 4
[dplay] Send 14 bytes pid 3 -> 1 (ok)
[dplay] Send 33 bytes pid 1 -> 2 (ok)
[dplay] received 14 data bytes from pid 4
[dplay] Send 14 bytes pid 3 -> 1 (ok)
[dplay] Send 33 bytes pid 1 -> 2 (ok)
[dplay] received 14 data bytes from pid 4
[agg] loopback 25/s  from=3 to=1 (local player or group)
[dplay] Send 14 bytes pid 3 -> 1 (ok)
[agg] StaticTimeProc 50/s  impl=1 host=1 running=1 resync=0 served=0  -> AggregatorGetPackets 50/s
[agg] aggregator received 24 msg/s  right-size 24  mapped-to-slot 24  from: 3 4  (H2H dpids: [0]=3 [1]=4)  sizeof(ACPACKET)=14
[dplay] Send 33 bytes pid 1 -> 2 (ok)
[agg] SendEx aggpacket 13/s  from=1 to=2(playergroup) players=2 size=33 res=0x0
[dplay] received 14 data bytes from pid 4
[dplay] Send 14 bytes pid 3 -> 1 (ok)
[dplay] Send 33 bytes pid 1 -> 2 (ok)
[dplay] received 14 data bytes from pid 4
[dplay] Send 14 bytes pid 3 -> 1 (ok)
[dplay] Send 33 bytes pid 1 -> 2 (ok)
[dplay] received 14 data bytes from pid 4
[dplay] Send 14 bytes pid 3 -> 1 (ok)
[dplay] Send 33 bytes pid 1 -> 2 (ok)
[dplay] received 14 data bytes from pid 4
[dplay] Send 14 bytes pid 3 -> 1 (ok)
[dplay] Send 33 bytes pid 1 -> 2 (ok)
[dplay] received 14 data bytes from pid 4
[dplay] Send 14 bytes pid 3 -> 1 (ok)
[dplay] Send 33 bytes pid 1 -> 2 (ok)
[dplay] received 14 data bytes from pid 4
[dplay] Send 14 bytes pid 3 -> 1 (ok)
[dplay] Send 33 bytes pid 1 -> 2 (ok)
[dplay] received 14 data bytes from pid 4
[dplay] Send 14 bytes pid 3 -> 1 (ok)
[dplay] Send 33 bytes pid 1 -> 2 (ok)
[dplay] received 14 data bytes from pid 4
[dplay] Send 14 bytes pid 3 -> 1 (ok)
[dplay] Send 33 bytes pid 1 -> 2 (ok)
[dplay] received 14 data bytes from pid 4
[dplay] Send 14 bytes pid 3 -> 1 (ok)
[dplay] Send 33 bytes pid 1 -> 2 (ok)
[dplay] received 14 data bytes from pid 4
[dplay] Send 14 bytes pid 3 -> 1 (ok)
[dplay] Send 33 bytes pid 1 -> 2 (ok)
[dplay] received 14 data bytes from pid 4
[dplay] Send 14 bytes pid 3 -> 1 (ok)
[dplay] Send 33 bytes pid 1 -> 2 (ok)
[dplay] received 14 data bytes from pid 4
[dplay] Send 14 bytes pid 3 -> 1 (ok)
[dplay] Send 33 bytes pid 1 -> 2 (ok)
[agg] StaticTimeProc 49/s  impl=1 host=1 running=1 resync=0 served=0  -> AggregatorGetPackets 49/s
[dplay] received 14 data bytes from pid 4
[agg] aggregator received 26 msg/s  right-size 26  mapped-to-slot 26  from: 3 4  (H2H dpids: [0]=3 [1]=4)  sizeof(ACPACKET)=14
[agg] loopback 26/s  from=3 to=1 (local player or group)
[dplay] Send 14 bytes pid 3 -> 1 (ok)
[dplay] Send 33 bytes pid 1 -> 2 (ok)
[agg] SendEx aggpacket 13/s  from=1 to=2(playergroup) players=2 size=33 res=0x0
[dplay] received 14 data bytes from pid 4
[dplay] Send 14 bytes pid 3 -> 1 (ok)
[dplay] Send 33 bytes pid 1 -> 2 (ok)
[dplay] received 14 data bytes from pid 4
[dplay] Send 14 bytes pid 3 -> 1 (ok)
[dplay] Send 33 bytes pid 1 -> 2 (ok)
[dplay] received 14 data bytes from pid 4
[dplay] Send 14 bytes pid 3 -> 1 (ok)
[dplay] Send 33 bytes pid 1 -> 2 (ok)
[dplay] received 14 data bytes from pid 4
[dplay] Send 14 bytes pid 3 -> 1 (ok)
[dplay] Send 33 bytes pid 1 -> 2 (ok)
[dplay] received 14 data bytes from pid 4
[dplay] Send 14 bytes pid 3 -> 1 (ok)
[dplay] Send 33 bytes pid 1 -> 2 (ok)
[dplay] received 14 data bytes from pid 4
[dplay] Send 14 bytes pid 3 -> 1 (ok)
[dplay] Send 33 bytes pid 1 -> 2 (ok)
[dplay] received 14 data bytes from pid 4
[dplay] Send 14 bytes pid 3 -> 1 (ok)
[dplay] Send 33 bytes pid 1 -> 2 (ok)
[dplay] received 14 data bytes from pid 4
[dplay] Send 14 bytes pid 3 -> 1 (ok)
[dplay] Send 33 bytes pid 1 -> 2 (ok)
[dplay] pump #566500 (host=1) -- discovery is answered only from here
[dplay] received 14 data bytes from pid 4
[dplay] Send 14 bytes pid 3 -> 1 (ok)
[dplay] Send 33 bytes pid 1 -> 2 (ok)
[dplay] received 14 data bytes from pid 4
[dplay] Send 14 bytes pid 3 -> 1 (ok)
[dplay] Send 33 bytes pid 1 -> 2 (ok)
[dplay] received 14 data bytes from pid 4
[dplay] Send 14 bytes pid 3 -> 1 (ok)
[dplay] Send 33 bytes pid 1 -> 2 (ok)
[agg] StaticTimeProc 49/s  impl=1 host=1 running=1 resync=0 served=0  -> AggregatorGetPackets 49/s
[dplay] received 14 data bytes from pid 4
[agg] loopback 24/s  from=3 to=1 (local player or group)
[dplay] Send 14 bytes pid 3 -> 1 (ok)
[agg] aggregator received 24 msg/s  right-size 24  mapped-to-slot 24  from: 3 4  (H2H dpids: [0]=3 [1]=4)  sizeof(ACPACKET)=14
[dplay] Send 33 bytes pid 1 -> 2 (ok)
[agg] SendEx aggpacket 12/s  from=1 to=2(playergroup) players=2 size=33 res=0x0
[dplay] received 14 data bytes from pid 4
[dplay] Send 14 bytes pid 3 -> 1 (ok)
[dplay] Send 33 bytes pid 1 -> 2 (ok)
[dplay] received 14 data bytes from pid 4
[dplay] Send 14 bytes pid 3 -> 1 (ok)
[dplay] Send 33 bytes pid 1 -> 2 (ok)
[dplay] received 14 data bytes from pid 4
[dplay] Send 14 bytes pid 3 -> 1 (ok)
[dplay] Send 33 bytes pid 1 -> 2 (ok)
[dplay] received 14 data bytes from pid 4
[dplay] Send 14 bytes pid 3 -> 1 (ok)
[dplay] Send 33 bytes pid 1 -> 2 (ok)
[dplay] received 14 data bytes from pid 4
[dplay] Send 14 bytes pid 3 -> 1 (ok)
[dplay] Send 33 bytes pid 1 -> 2 (ok)
[dplay] received 14 data bytes from pid 4
[dplay] Send 14 bytes pid 3 -> 1 (ok)
[dplay] Send 33 bytes pid 1 -> 2 (ok)
[dplay] received 14 data bytes from pid 4
[dplay] Send 14 bytes pid 3 -> 1 (ok)
[dplay] Send 33 bytes pid 1 -> 2 (ok)
[dplay] received 14 data bytes from pid 4
[dplay] Send 14 bytes pid 3 -> 1 (ok)
[dplay] Send 33 bytes pid 1 -> 2 (ok)
[dplay] received 14 data bytes from pid 4
[dplay] Send 14 bytes pid 3 -> 1 (ok)
[dplay] Send 33 bytes pid 1 -> 2 (ok)
[dplay] received 14 data bytes from pid 4
[dplay] Send 14 bytes pid 3 -> 1 (ok)
[dplay] Send 33 bytes pid 1 -> 2 (ok)
[dplay] received 14 data bytes from pid 4
[dplay] Send 14 bytes pid 3 -> 1 (ok)
[dplay] Send 33 bytes pid 1 -> 2 (ok)
[dplay] received 14 data bytes from pid 4
[dplay] Send 14 bytes pid 3 -> 1 (ok)
[dplay] Send 33 bytes pid 1 -> 2 (ok)
[agg] StaticTimeProc 49/s  impl=1 host=1 running=1 resync=0 served=0  -> AggregatorGetPackets 49/s
[dplay] received 14 data bytes from pid 4
[agg] loopback 26/s  from=3 to=1 (local player or group)
[dplay] Send 14 bytes pid 3 -> 1 (ok)
[agg] aggregator received 26 msg/s  right-size 26  mapped-to-slot 26  from: 3 4  (H2H dpids: [0]=3 [1]=4)  sizeof(ACPACKET)=14
[dplay] Send 33 bytes pid 1 -> 2 (ok)
[agg] SendEx aggpacket 13/s  from=1 to=2(playergroup) players=2 size=33 res=0x0
[dplay] received 14 data bytes from pid 4
[dplay] Send 14 bytes pid 3 -> 1 (ok)
[dplay] Send 33 bytes pid 1 -> 2 (ok)
[dplay] received 14 data bytes from pid 4
[dplay] Send 14 bytes pid 3 -> 1 (ok)
[dplay] Send 33 bytes pid 1 -> 2 (ok)
[dplay] received 14 data bytes from pid 4
[dplay] Send 14 bytes pid 3 -> 1 (ok)
[dplay] Send 33 bytes pid 1 -> 2 (ok)
[dplay] received 14 data bytes from pid 4
[dplay] Send 14 bytes pid 3 -> 1 (ok)
[dplay] Send 33 bytes pid 1 -> 2 (ok)
[dplay] received 14 data bytes from pid 4
[dplay] Send 19 bytes pid 1 -> 2 (ok)
[dplay] Send 14 bytes pid 3 -> 1 (ok)
[dplay] received 14 data bytes from pid 4
[dplay] Send 33 bytes pid 1 -> 2 (ok)
[dplay] Send 14 bytes pid 3 -> 1 (ok)
[dplay] received 14 data bytes from pid 4
[dplay] Send 14 bytes pid 3 -> 1 (ok)
[dplay] Send 33 bytes pid 1 -> 2 (ok)
[dplay] received 14 data bytes from pid 4
[dplay] Send 14 bytes pid 3 -> 1 (ok)
[dplay] Send 33 bytes pid 1 -> 2 (ok)
[dplay] received 14 data bytes from pid 4
[dplay] Send 14 bytes pid 3 -> 1 (ok)
[dplay] Send 33 bytes pid 1 -> 2 (ok)
[dplay] received 14 data bytes from pid 4
[dplay] Send 14 bytes pid 3 -> 1 (ok)
[dplay] Send 33 bytes pid 1 -> 2 (ok)
[dplay] received 14 data bytes from pid 4
[dplay] Send 14 bytes pid 3 -> 1 (ok)
[dplay] Send 33 bytes pid 1 -> 2 (ok)
[dplay] received 14 data bytes from pid 4
[agg] loopback 24/s  from=3 to=1 (local player or group)
[dplay] Send 14 bytes pid 3 -> 1 (ok)
[agg] StaticTimeProc 50/s  impl=1 host=1 running=1 resync=0 served=0  -> AggregatorGetPackets 50/s
[agg] aggregator received 24 msg/s  right-size 24  mapped-to-slot 24  from: 3 4  (H2H dpids: [0]=3 [1]=4)  sizeof(ACPACKET)=14
[dplay] Send 33 bytes pid 1 -> 2 (ok)
[agg] SendEx aggpacket 12/s  from=1 to=2(playergroup) players=2 size=33 res=0x0
[dplay] received 14 data bytes from pid 4
[dplay] Send 14 bytes pid 3 -> 1 (ok)
[dplay] Send 33 bytes pid 1 -> 2 (ok)
[dplay] received 14 data bytes from pid 4
[dplay] Send 14 bytes pid 3 -> 1 (ok)
[dplay] Send 33 bytes pid 1 -> 2 (ok)
[dplay] received 14 data bytes from pid 4
[dplay] Send 14 bytes pid 3 -> 1 (ok)
[dplay] Send 33 bytes pid 1 -> 2 (ok)
[dplay] received 14 data bytes from pid 4
[dplay] Send 14 bytes pid 3 -> 1 (ok)
[dplay] Send 33 bytes pid 1 -> 2 (ok)
[dplay] received 14 data bytes from pid 4
[dplay] Send 14 bytes pid 3 -> 1 (ok)
[dplay] Send 33 bytes pid 1 -> 2 (ok)
[accnt] aircraft in this world: now=8 MAX=8 visible=2 dead=7 (frame sample #2)
[dplay] received 14 data bytes from pid 4
[dplay] Send 14 bytes pid 3 -> 1 (ok)
[dplay] Send 33 bytes pid 1 -> 2 (ok)
[dplay] received 14 data bytes from pid 4
[dplay] Send 14 bytes pid 3 -> 1 (ok)
[dplay] Send 33 bytes pid 1 -> 2 (ok)
[dplay] received 14 data bytes from pid 4
[dplay] Send 14 bytes pid 3 -> 1 (ok)
[dplay] Send 33 bytes pid 1 -> 2 (ok)
[dplay] received 14 data bytes from pid 4
[dplay] Send 33 bytes pid 1 -> 2 (ok)
[dplay] Send 14 bytes pid 3 -> 1 (ok)
[dplay] Send 19 bytes pid 1 -> 2 (ok)
[dplay] received 14 data bytes from pid 4
[dplay] Send 14 bytes pid 3 -> 1 (ok)
[dplay] Send 33 bytes pid 1 -> 2 (ok)
[dplay] received 14 data bytes from pid 4
[dplay] Send 14 bytes pid 3 -> 1 (ok)
[dplay] Send 33 bytes pid 1 -> 2 (ok)
[dplay] received 14 data bytes from pid 4
[dplay] Send 14 bytes pid 3 -> 1 (ok)
[dplay] Send 33 bytes pid 1 -> 2 (ok)
[agg] StaticTimeProc 49/s  impl=1 host=1 running=1 resync=0 served=0  -> AggregatorGetPackets 49/s
[dplay] received 14 data bytes from pid 4
[agg] loopback 27/s  from=3 to=1 (local player or group)
[dplay] Send 14 bytes pid 3 -> 1 (ok)
[agg] aggregator received 26 msg/s  right-size 26  mapped-to-slot 26  from: 3 4  (H2H dpids: [0]=3 [1]=4)  sizeof(ACPACKET)=14
[dplay] Send 33 bytes pid 1 -> 2 (ok)
[agg] SendEx aggpacket 14/s  from=1 to=2(playergroup) players=2 size=33 res=0x0
[dplay] received 14 data bytes from pid 4
[dplay] Send 14 bytes pid 3 -> 1 (ok)
[dplay] Send 33 bytes pid 1 -> 2 (ok)
[dplay] received 14 data bytes from pid 4
[dplay] Send 14 bytes pid 3 -> 1 (ok)
[dplay] Send 33 bytes pid 1 -> 2 (ok)
[dplay] received 14 data bytes from pid 4
[dplay] Send 14 bytes pid 3 -> 1 (ok)
[dplay] Send 33 bytes pid 1 -> 2 (ok)
[dplay] received 14 data bytes from pid 4
[dplay] Send 14 bytes pid 3 -> 1 (ok)
[dplay] pump #567000 (host=1) -- discovery is answered only from here
[dplay] Send 33 bytes pid 1 -> 2 (ok)
[dplay] received 14 data bytes from pid 4
[dplay] Send 14 bytes pid 3 -> 1 (ok)
[dplay] Send 33 bytes pid 1 -> 2 (ok)
[dplay] received 14 data bytes from pid 4
[dplay] Send 14 bytes pid 3 -> 1 (ok)
[dplay] Send 33 bytes pid 1 -> 2 (ok)
[dplay] received 14 data bytes from pid 4
[dplay] Send 14 bytes pid 3 -> 1 (ok)
[dplay] Send 33 bytes pid 1 -> 2 (ok)
[dplay] received 14 data bytes from pid 4
[dplay] Send 14 bytes pid 3 -> 1 (ok)
[dplay] Send 33 bytes pid 1 -> 2 (ok)
[dplay] received 14 data bytes from pid 4
[dplay] Send 14 bytes pid 3 -> 1 (ok)
[dplay] Send 33 bytes pid 1 -> 2 (ok)
[dplay] received 14 data bytes from pid 4
[dplay] Send 14 bytes pid 3 -> 1 (ok)
[dplay] Send 33 bytes pid 1 -> 2 (ok)
[dplay] received 14 data bytes from pid 4
[dplay] Send 14 bytes pid 3 -> 1 (ok)
[dplay] Send 33 bytes pid 1 -> 2 (ok)
[agg] StaticTimeProc 49/s  impl=1 host=1 running=1 resync=0 served=0  -> AggregatorGetPackets 49/s
[dplay] received 14 data bytes from pid 4
[agg] aggregator received 24 msg/s  right-size 24  mapped-to-slot 24  from: 3 4  (H2H dpids: [0]=3 [1]=4)  sizeof(ACPACKET)=14
[agg] loopback 24/s  from=3 to=1 (local player or group)
[dplay] Send 14 bytes pid 3 -> 1 (ok)
[dplay] Send 33 bytes pid 1 -> 2 (ok)
[agg] SendEx aggpacket 12/s  from=1 to=2(playergroup) players=2 size=33 res=0x0
[dplay] received 14 data bytes from pid 4
[dplay] Send 14 bytes pid 3 -> 1 (ok)
[dplay] Send 33 bytes pid 1 -> 2 (ok)
[dplay] received 14 data bytes from pid 4
[dplay] Send 14 bytes pid 3 -> 1 (ok)
[dplay] Send 33 bytes pid 1 -> 2 (ok)
[dplay] received 14 data bytes from pid 4
[dplay] Send 14 bytes pid 3 -> 1 (ok)
[dplay] Send 33 bytes pid 1 -> 2 (ok)
[dplay] received 14 data bytes from pid 4
[dplay] Send 14 bytes pid 3 -> 1 (ok)
[dplay] Send 33 bytes pid 1 -> 2 (ok)
[dplay] received 14 data bytes from pid 4
[dplay] Send 14 bytes pid 3 -> 1 (ok)
[dplay] Send 33 bytes pid 1 -> 2 (ok)
[dplay] received 14 data bytes from pid 4
[dplay] Send 14 bytes pid 3 -> 1 (ok)
[dplay] Send 33 bytes pid 1 -> 2 (ok)
[dplay] received 14 data bytes from pid 4
[dplay] Send 14 bytes pid 3 -> 1 (ok)
[dplay] Send 33 bytes pid 1 -> 2 (ok)
[dplay] received 14 data bytes from pid 4
[dplay] Send 14 bytes pid 3 -> 1 (ok)
[dplay] Send 33 bytes pid 1 -> 2 (ok)
[dplay] received 14 data bytes from pid 4
[dplay] Send 14 bytes pid 3 -> 1 (ok)
[dplay] Send 33 bytes pid 1 -> 2 (ok)
[dplay] received 14 data bytes from pid 4
[dplay] Send 14 bytes pid 3 -> 1 (ok)
[dplay] Send 33 bytes pid 1 -> 2 (ok)
[dplay] received 14 data bytes from pid 4
[dplay] Send 14 bytes pid 3 -> 1 (ok)
[dplay] Send 33 bytes pid 1 -> 2 (ok)
[dplay] received 14 data bytes from pid 4
[dplay] Send 14 bytes pid 3 -> 1 (ok)
[dplay] Send 33 bytes pid 1 -> 2 (ok)
[agg] StaticTimeProc 49/s  impl=1 host=1 running=1 resync=0 served=0  -> AggregatorGetPackets 49/s
[dplay] received 14 data bytes from pid 4
[agg] loopback 26/s  from=3 to=1 (local player or group)
[dplay] Send 14 bytes pid 3 -> 1 (ok)
[agg] aggregator received 26 msg/s  right-size 26  mapped-to-slot 26  from: 3 4  (H2H dpids: [0]=3 [1]=4)  sizeof(ACPACKET)=14
[dplay] Send 33 bytes pid 1 -> 2 (ok)
[agg] SendEx aggpacket 13/s  from=1 to=2(playergroup) players=2 size=33 res=0x0
[dplay] received 14 data bytes from pid 4
[dplay] Send 14 bytes pid 3 -> 1 (ok)
[dplay] Send 33 bytes pid 1 -> 2 (ok)
[dplay] received 14 data bytes from pid 4
[dplay] Send 14 bytes pid 3 -> 1 (ok)
[dplay] Send 33 bytes pid 1 -> 2 (ok)
[dplay] received 14 data bytes from pid 4
[dplay] Send 14 bytes pid 3 -> 1 (ok)
[dplay] Send 33 bytes pid 1 -> 2 (ok)
[dplay] received 14 data bytes from pid 4
[dplay] Send 14 bytes pid 3 -> 1 (ok)
[dplay] Send 33 bytes pid 1 -> 2 (ok)
[dplay] received 14 data bytes from pid 4
[dplay] Send 14 bytes pid 3 -> 1 (ok)
[dplay] Send 33 bytes pid 1 -> 2 (ok)
[dplay] received 14 data bytes from pid 4
[dplay] Send 14 bytes pid 3 -> 1 (ok)
[dplay] Send 33 bytes pid 1 -> 2 (ok)
[dplay] received 14 data bytes from pid 4
[dplay] Send 14 bytes pid 3 -> 1 (ok)
[dplay] Send 33 bytes pid 1 -> 2 (ok)
[dplay] received 14 data bytes from pid 4
[dplay] Send 14 bytes pid 3 -> 1 (ok)
[dplay] Send 33 bytes pid 1 -> 2 (ok)
[dplay] received 14 data bytes from pid 4
[dplay] Send 14 bytes pid 3 -> 1 (ok)
[dplay] Send 33 bytes pid 1 -> 2 (ok)
[dplay] received 14 data bytes from pid 4
[dplay] Send 14 bytes pid 3 -> 1 (ok)
[dplay] Send 33 bytes pid 1 -> 2 (ok)
[dplay] received 14 data bytes from pid 4
[dplay] Send 14 bytes pid 3 -> 1 (ok)
[dplay] Send 33 bytes pid 1 -> 2 (ok)
[agg] StaticTimeProc 49/s  impl=1 host=1 running=1 resync=0 served=0  -> AggregatorGetPackets 49/s
[dplay] received 14 data bytes from pid 4
[agg] loopback 24/s  from=3 to=1 (local player or group)
[dplay] Send 14 bytes pid 3 -> 1 (ok)
[agg] aggregator received 24 msg/s  right-size 24  mapped-to-slot 24  from: 3 4  (H2H dpids: [0]=3 [1]=4)  sizeof(ACPACKET)=14
[dplay] Send 33 bytes pid 1 -> 2 (ok)
[agg] SendEx aggpacket 12/s  from=1 to=2(playergroup) players=2 size=33 res=0x0
[dplay] received 14 data bytes from pid 4
[dplay] Send 14 bytes pid 3 -> 1 (ok)
[dplay] Send 33 bytes pid 1 -> 2 (ok)
[dplay] received 14 data bytes from pid 4
[dplay] Send 14 bytes pid 3 -> 1 (ok)
[dplay] Send 33 bytes pid 1 -> 2 (ok)
[dplay] received 14 data bytes from pid 4
[dplay] Send 14 bytes pid 3 -> 1 (ok)
[dplay] Send 33 bytes pid 1 -> 2 (ok)
[dplay] received 14 data bytes from pid 4
[dplay] Send 14 bytes pid 3 -> 1 (ok)
[dplay] Send 33 bytes pid 1 -> 2 (ok)
[dplay] received 14 data bytes from pid 4
[dplay] Send 19 bytes pid 1 -> 2 (ok)
[dplay] Send 14 bytes pid 3 -> 1 (ok)
[dplay] received 14 data bytes from pid 4
[dplay] Send 33 bytes pid 1 -> 2 (ok)
[dplay] Send 14 bytes pid 3 -> 1 (ok)
[dplay] received 14 data bytes from pid 4
[dplay] Send 14 bytes pid 3 -> 1 (ok)
[dplay] Send 33 bytes pid 1 -> 2 (ok)
[dplay] received 14 data bytes from pid 4
[dplay] Send 14 bytes pid 3 -> 1 (ok)
[dplay] Send 33 bytes pid 1 -> 2 (ok)
[dplay] received 14 data bytes from pid 4
[dplay] Send 14 bytes pid 3 -> 1 (ok)
[dplay] Send 33 bytes pid 1 -> 2 (ok)
[dplay] received 14 data bytes from pid 4
[dplay] Send 14 bytes pid 3 -> 1 (ok)
[dplay] Send 33 bytes pid 1 -> 2 (ok)
[dplay] received 14 data bytes from pid 4
[dplay] Send 14 bytes pid 3 -> 1 (ok)
[dplay] Send 33 bytes pid 1 -> 2 (ok)
[dplay] received 14 data bytes from pid 4
[dplay] Send 14 bytes pid 3 -> 1 (ok)
[dplay] Send 33 bytes pid 1 -> 2 (ok)
[agg] StaticTimeProc 49/s  impl=1 host=1 running=1 resync=0 served=0  -> AggregatorGetPackets 49/s
[dplay] pump #567500 (host=1) -- discovery is answered only from here
[dplay] received 14 data bytes from pid 4
[agg] loopback 26/s  from=3 to=1 (local player or group)
[dplay] Send 14 bytes pid 3 -> 1 (ok)
[agg] aggregator received 26 msg/s  right-size 26  mapped-to-slot 26  from: 3 4  (H2H dpids: [0]=3 [1]=4)  sizeof(ACPACKET)=14
[dplay] Send 33 bytes pid 1 -> 2 (ok)
[agg] SendEx aggpacket 13/s  from=1 to=2(playergroup) players=2 size=33 res=0x0
[dplay] received 14 data bytes from pid 4
[dplay] Send 14 bytes pid 3 -> 1 (ok)
[dplay] Send 33 bytes pid 1 -> 2 (ok)
[dplay] received 14 data bytes from pid 4
[dplay] Send 14 bytes pid 3 -> 1 (ok)
[dplay] Send 33 bytes pid 1 -> 2 (ok)
[dplay] received 14 data bytes from pid 4
[dplay] Send 14 bytes pid 3 -> 1 (ok)
[dplay] Send 33 bytes pid 1 -> 2 (ok)
[dplay] received 14 data bytes from pid 4
[dplay] Send 14 bytes pid 3 -> 1 (ok)
[dplay] Send 33 bytes pid 1 -> 2 (ok)
[dplay] received 14 data bytes from pid 4
[dplay] Send 33 bytes pid 1 -> 2 (ok)
[dplay] Send 14 bytes pid 3 -> 1 (ok)
[dplay] Send 19 bytes pid 1 -> 2 (ok)
[dplay] received 14 data bytes from pid 4
[dplay] Send 14 bytes pid 3 -> 1 (ok)
[dplay] Send 33 bytes pid 1 -> 2 (ok)
[dplay] received 14 data bytes from pid 4
[dplay] Send 14 bytes pid 3 -> 1 (ok)
[dplay] Send 33 bytes pid 1 -> 2 (ok)
[dplay] received 14 data bytes from pid 4
[dplay] Send 14 bytes pid 3 -> 1 (ok)
[dplay] Send 33 bytes pid 1 -> 2 (ok)
[dplay] received 14 data bytes from pid 4
[dplay] Send 14 bytes pid 3 -> 1 (ok)
[dplay] Send 33 bytes pid 1 -> 2 (ok)
[dplay] received 14 data bytes from pid 4
[dplay] Send 14 bytes pid 3 -> 1 (ok)
[dplay] Send 33 bytes pid 1 -> 2 (ok)
[dplay] received 14 data bytes from pid 4
[dplay] Send 14 bytes pid 3 -> 1 (ok)
[dplay] Send 33 bytes pid 1 -> 2 (ok)
[agg] StaticTimeProc 49/s  impl=1 host=1 running=1 resync=0 served=0  -> AggregatorGetPackets 49/s
[dplay] received 14 data bytes from pid 4
[agg] loopback 25/s  from=3 to=1 (local player or group)
[dplay] Send 14 bytes pid 3 -> 1 (ok)
[agg] aggregator received 24 msg/s  right-size 24  mapped-to-slot 24  from: 3 4  (H2H dpids: [0]=3 [1]=4)  sizeof(ACPACKET)=14
[dplay] Send 33 bytes pid 1 -> 2 (ok)
[agg] SendEx aggpacket 13/s  from=1 to=2(playergroup) players=2 size=33 res=0x0
[dplay] received 14 data bytes from pid 4
[dplay] Send 14 bytes pid 3 -> 1 (ok)
[dplay] Send 33 bytes pid 1 -> 2 (ok)
[dplay] received 14 data bytes from pid 4
[dplay] Send 14 bytes pid 3 -> 1 (ok)
[dplay] Send 33 bytes pid 1 -> 2 (ok)
[dplay] received 14 data bytes from pid 4
[dplay] Send 14 bytes pid 3 -> 1 (ok)
[dplay] Send 33 bytes pid 1 -> 2 (ok)
[dplay] received 14 data bytes from pid 4
[dplay] Send 14 bytes pid 3 -> 1 (ok)
[dplay] Send 33 bytes pid 1 -> 2 (ok)
[dplay] received 14 data bytes from pid 4
[dplay] Send 14 bytes pid 3 -> 1 (ok)
[dplay] Send 33 bytes pid 1 -> 2 (ok)
[dplay] received 14 data bytes from pid 4
[dplay] Send 14 bytes pid 3 -> 1 (ok)
[dplay] Send 33 bytes pid 1 -> 2 (ok)
[dplay] received 14 data bytes from pid 4
[dplay] Send 14 bytes pid 3 -> 1 (ok)
[dplay] Send 33 bytes pid 1 -> 2 (ok)
[dplay] received 14 data bytes from pid 4
[dplay] Send 14 bytes pid 3 -> 1 (ok)
[dplay] Send 33 bytes pid 1 -> 2 (ok)
[dplay] received 14 data bytes from pid 4
[dplay] Send 14 bytes pid 3 -> 1 (ok)
[dplay] Send 33 bytes pid 1 -> 2 (ok)
[dplay] received 14 data bytes from pid 4
[dplay] Send 14 bytes pid 3 -> 1 (ok)
[dplay] Send 33 bytes pid 1 -> 2 (ok)
[dplay] received 14 data bytes from pid 4
[dplay] Send 14 bytes pid 3 -> 1 (ok)
[dplay] Send 33 bytes pid 1 -> 2 (ok)
[dplay] received 14 data bytes from pid 4
[dplay] Send 14 bytes pid 3 -> 1 (ok)
[dplay] Send 33 bytes pid 1 -> 2 (ok)
[agg] StaticTimeProc 50/s  impl=1 host=1 running=1 resync=0 served=0  -> AggregatorGetPackets 50/s
[dplay] received 14 data bytes from pid 4
[agg] loopback 26/s  from=3 to=1 (local player or group)
[dplay] Send 14 bytes pid 3 -> 1 (ok)
[agg] aggregator received 26 msg/s  right-size 26  mapped-to-slot 26  from: 3 4  (H2H dpids: [0]=3 [1]=4)  sizeof(ACPACKET)=14
[dplay] Send 33 bytes pid 1 -> 2 (ok)
[agg] SendEx aggpacket 13/s  from=1 to=2(playergroup) players=2 size=33 res=0x0
[dplay] received 14 data bytes from pid 4
[dplay] Send 14 bytes pid 3 -> 1 (ok)
[dplay] Send 33 bytes pid 1 -> 2 (ok)
[dplay] received 14 data bytes from pid 4
[dplay] Send 14 bytes pid 3 -> 1 (ok)
[dplay] Send 33 bytes pid 1 -> 2 (ok)
[dplay] received 14 data bytes from pid 4
[dplay] Send 14 bytes pid 3 -> 1 (ok)
[dplay] Send 33 bytes pid 1 -> 2 (ok)
[dplay] received 14 data bytes from pid 4
[dplay] Send 14 bytes pid 3 -> 1 (ok)
[dplay] Send 33 bytes pid 1 -> 2 (ok)
[dplay] received 14 data bytes from pid 4
[dplay] Send 14 bytes pid 3 -> 1 (ok)
[dplay] Send 33 bytes pid 1 -> 2 (ok)
[dplay] received 14 data bytes from pid 4
[dplay] Send 14 bytes pid 3 -> 1 (ok)
[dplay] Send 33 bytes pid 1 -> 2 (ok)
[dplay] received 14 data bytes from pid 4
[dplay] Send 14 bytes pid 3 -> 1 (ok)
[dplay] Send 33 bytes pid 1 -> 2 (ok)
[dplay] received 14 data bytes from pid 4
[dplay] Send 14 bytes pid 3 -> 1 (ok)
[dplay] Send 33 bytes pid 1 -> 2 (ok)
[dplay] received 14 data bytes from pid 4
[dplay] Send 14 bytes pid 3 -> 1 (ok)
[dplay] Send 33 bytes pid 1 -> 2 (ok)
[dplay] received 14 data bytes from pid 4
[dplay] Send 14 bytes pid 3 -> 1 (ok)
[dplay] Send 33 bytes pid 1 -> 2 (ok)
[dplay] received 14 data bytes from pid 4
[dplay] Send 14 bytes pid 3 -> 1 (ok)
[dplay] Send 33 bytes pid 1 -> 2 (ok)
[agg] StaticTimeProc 49/s  impl=1 host=1 running=1 resync=0 served=0  -> AggregatorGetPackets 49/s
[dplay] received 14 data bytes from pid 4
[agg] loopback 24/s  from=3 to=1 (local player or group)
[dplay] Send 14 bytes pid 3 -> 1 (ok)
[agg] aggregator received 24 msg/s  right-size 24  mapped-to-slot 24  from: 3 4  (H2H dpids: [0]=3 [1]=4)  sizeof(ACPACKET)=14
[dplay] Send 33 bytes pid 1 -> 2 (ok)
[agg] SendEx aggpacket 12/s  from=1 to=2(playergroup) players=2 size=33 res=0x0
[dplay] received 14 data bytes from pid 4
[dplay] Send 14 bytes pid 3 -> 1 (ok)
[dplay] Send 33 bytes pid 1 -> 2 (ok)
[dplay] received 14 data bytes from pid 4
[dplay] Send 14 bytes pid 3 -> 1 (ok)
[dplay] Send 33 bytes pid 1 -> 2 (ok)
[dplay] received 14 data bytes from pid 4
[dplay] Send 14 bytes pid 3 -> 1 (ok)
[dplay] Send 33 bytes pid 1 -> 2 (ok)
[dplay] received 14 data bytes from pid 4
[dplay] Send 14 bytes pid 3 -> 1 (ok)
[dplay] Send 33 bytes pid 1 -> 2 (ok)
[dplay] received 14 data bytes from pid 4
[dplay] Send 14 bytes pid 3 -> 1 (ok)
[dplay] Send 33 bytes pid 1 -> 2 (ok)
[dplay] received 14 data bytes from pid 4
[dplay] Send 14 bytes pid 3 -> 1 (ok)
[dplay] Send 33 bytes pid 1 -> 2 (ok)
[dplay] received 14 data bytes from pid 4
[dplay] Send 14 bytes pid 3 -> 1 (ok)
[dplay] Send 33 bytes pid 1 -> 2 (ok)
[dplay] received 14 data bytes from pid 4
[dplay] Send 14 bytes pid 3 -> 1 (ok)
[dplay] Send 33 bytes pid 1 -> 2 (ok)
[dplay] pump #568000 (host=1) -- discovery is answered only from here
[dplay] received 14 data bytes from pid 4
[dplay] Send 14 bytes pid 3 -> 1 (ok)
[dplay] Send 33 bytes pid 1 -> 2 (ok)
[dplay] received 14 data bytes from pid 4
[dplay] Send 14 bytes pid 3 -> 1 (ok)
[dplay] Send 33 bytes pid 1 -> 2 (ok)
[dplay] received 14 data bytes from pid 4
[dplay] Send 14 bytes pid 3 -> 1 (ok)
[dplay] Send 33 bytes pid 1 -> 2 (ok)
[dplay] received 14 data bytes from pid 4
[dplay] Send 14 bytes pid 3 -> 1 (ok)
[dplay] Send 33 bytes pid 1 -> 2 (ok)
[agg] StaticTimeProc 49/s  impl=1 host=1 running=1 resync=0 served=0  -> AggregatorGetPackets 49/s
[dplay] received 14 data bytes from pid 4
[agg] loopback 26/s  from=3 to=1 (local player or group)
[dplay] Send 14 bytes pid 3 -> 1 (ok)
[agg] aggregator received 26 msg/s  right-size 26  mapped-to-slot 26  from: 3 4  (H2H dpids: [0]=3 [1]=4)  sizeof(ACPACKET)=14
[dplay] Send 33 bytes pid 1 -> 2 (ok)
[agg] SendEx aggpacket 13/s  from=1 to=2(playergroup) players=2 size=33 res=0x0
[dplay] received 14 data bytes from pid 4
[dplay] Send 14 bytes pid 3 -> 1 (ok)
[dplay] Send 33 bytes pid 1 -> 2 (ok)
[dplay] received 14 data bytes from pid 4
[dplay] Send 14 bytes pid 3 -> 1 (ok)
[dplay] Send 33 bytes pid 1 -> 2 (ok)
[dplay] received 14 data bytes from pid 4
[dplay] Send 14 bytes pid 3 -> 1 (ok)
[dplay] Send 33 bytes pid 1 -> 2 (ok)
[dplay] received 14 data bytes from pid 4
[dplay] Send 19 bytes pid 1 -> 2 (ok)
[dplay] Send 14 bytes pid 3 -> 1 (ok)
[dplay] received 14 data bytes from pid 4
[dplay] Send 33 bytes pid 1 -> 2 (ok)
[dplay] Send 14 bytes pid 3 -> 1 (ok)
[dplay] received 14 data bytes from pid 4
[dplay] Send 33 bytes pid 1 -> 2 (ok)
[dplay] Send 14 bytes pid 3 -> 1 (ok)
[dplay] received 14 data bytes from pid 4
[dplay] Send 14 bytes pid 3 -> 1 (ok)
[dplay] Send 33 bytes pid 1 -> 2 (ok)
[dplay] received 14 data bytes from pid 4
[dplay] Send 14 bytes pid 3 -> 1 (ok)
[dplay] Send 33 bytes pid 1 -> 2 (ok)
[dplay] received 14 data bytes from pid 4
[dplay] Send 14 bytes pid 3 -> 1 (ok)
[dplay] Send 33 bytes pid 1 -> 2 (ok)
[dplay] received 14 data bytes from pid 4
[dplay] Send 14 bytes pid 3 -> 1 (ok)
[dplay] Send 33 bytes pid 1 -> 2 (ok)
[dplay] received 14 data bytes from pid 4
[dplay] Send 14 bytes pid 3 -> 1 (ok)
[dplay] Send 33 bytes pid 1 -> 2 (ok)
[agg] StaticTimeProc 49/s  impl=1 host=1 running=1 resync=0 served=0  -> AggregatorGetPackets 49/s
[dplay] received 14 data bytes from pid 4
[agg] loopback 24/s  from=3 to=1 (local player or group)
[dplay] Send 14 bytes pid 3 -> 1 (ok)
[agg] aggregator received 24 msg/s  right-size 24  mapped-to-slot 24  from: 3 4  (H2H dpids: [0]=3 [1]=4)  sizeof(ACPACKET)=14
[dplay] Send 33 bytes pid 1 -> 2 (ok)
[agg] SendEx aggpacket 12/s  from=1 to=2(playergroup) players=2 size=33 res=0x0
[dplay] received 14 data bytes from pid 4
[dplay] Send 14 bytes pid 3 -> 1 (ok)
[dplay] Send 33 bytes pid 1 -> 2 (ok)
[dplay] received 14 data bytes from pid 4
[dplay] Send 14 bytes pid 3 -> 1 (ok)
[dplay] Send 33 bytes pid 1 -> 2 (ok)
[dplay] Send 19 bytes pid 1 -> 2 (ok)
[dplay] received 14 data bytes from pid 4
[dplay] Send 14 bytes pid 3 -> 1 (ok)
[dplay] Send 33 bytes pid 1 -> 2 (ok)
[dplay] received 14 data bytes from pid 4
[dplay] Send 14 bytes pid 3 -> 1 (ok)
[dplay] Send 33 bytes pid 1 -> 2 (ok)
[dplay] received 14 data bytes from pid 4
[dplay] Send 14 bytes pid 3 -> 1 (ok)
[dplay] Send 33 bytes pid 1 -> 2 (ok)
[dplay] received 14 data bytes from pid 4
[dplay] Send 14 bytes pid 3 -> 1 (ok)
[dplay] Send 33 bytes pid 1 -> 2 (ok)
[dplay] received 14 data bytes from pid 4
[dplay] Send 14 bytes pid 3 -> 1 (ok)
[dplay] Send 33 bytes pid 1 -> 2 (ok)
[dplay] received 14 data bytes from pid 4
[dplay] Send 14 bytes pid 3 -> 1 (ok)
[dplay] Send 33 bytes pid 1 -> 2 (ok)
[dplay] received 14 data bytes from pid 4
[dplay] Send 14 bytes pid 3 -> 1 (ok)
[dplay] Send 33 bytes pid 1 -> 2 (ok)
[dplay] received 14 data bytes from pid 4
[dplay] Send 14 bytes pid 3 -> 1 (ok)
[dplay] Send 33 bytes pid 1 -> 2 (ok)
[dplay] received 14 data bytes from pid 4
[dplay] Send 14 bytes pid 3 -> 1 (ok)
[dplay] Send 33 bytes pid 1 -> 2 (ok)
[dplay] received 14 data bytes from pid 4
[dplay] Send 14 bytes pid 3 -> 1 (ok)
[dplay] Send 33 bytes pid 1 -> 2 (ok)
[agg] StaticTimeProc 49/s  impl=1 host=1 running=1 resync=0 served=0  -> AggregatorGetPackets 49/s
[dplay] received 14 data bytes from pid 4
[agg] aggregator received 26 msg/s  right-size 26  mapped-to-slot 26  from: 3 4  (H2H dpids: [0]=3 [1]=4)  sizeof(ACPACKET)=14
[agg] loopback 27/s  from=3 to=1 (local player or group)
[dplay] Send 14 bytes pid 3 -> 1 (ok)
[dplay] Send 33 bytes pid 1 -> 2 (ok)
[agg] SendEx aggpacket 14/s  from=1 to=2(playergroup) players=2 size=33 res=0x0
[dplay] received 14 data bytes from pid 4
[dplay] Send 14 bytes pid 3 -> 1 (ok)
[dplay] Send 33 bytes pid 1 -> 2 (ok)
[dplay] received 14 data bytes from pid 4
[dplay] Send 14 bytes pid 3 -> 1 (ok)
[dplay] Send 33 bytes pid 1 -> 2 (ok)
[dplay] received 14 data bytes from pid 4
[dplay] Send 14 bytes pid 3 -> 1 (ok)
[dplay] Send 33 bytes pid 1 -> 2 (ok)
[dplay] received 14 data bytes from pid 4
[dplay] Send 14 bytes pid 3 -> 1 (ok)
[dplay] Send 33 bytes pid 1 -> 2 (ok)
[dplay] received 14 data bytes from pid 4
[dplay] Send 14 bytes pid 3 -> 1 (ok)
[dplay] Send 33 bytes pid 1 -> 2 (ok)
[dplay] received 14 data bytes from pid 4
[dplay] Send 14 bytes pid 3 -> 1 (ok)
[dplay] Send 33 bytes pid 1 -> 2 (ok)
[dplay] received 14 data bytes from pid 4
[dplay] Send 14 bytes pid 3 -> 1 (ok)
[dplay] Send 33 bytes pid 1 -> 2 (ok)
[dplay] received 14 data bytes from pid 4
[dplay] Send 14 bytes pid 3 -> 1 (ok)
[dplay] Send 33 bytes pid 1 -> 2 (ok)
[dplay] received 14 data bytes from pid 4
[dplay] Send 14 bytes pid 3 -> 1 (ok)
[dplay] Send 33 bytes pid 1 -> 2 (ok)
[peer] uid=3585 found=1 visible=0 dead=1 range=4410m
[accnt] CHANGE at call 1767: aircraft=8 MAX=8 visible=1 dead=7
[dplay] received 14 data bytes from pid 4
[dplay] Send 14 bytes pid 3 -> 1 (ok)
[dplay] Send 33 bytes pid 1 -> 2 (ok)
[peer] uid=3585 found=1 visible=1 dead=1 range=4416m
[accnt] CHANGE at call 1771: aircraft=8 MAX=8 visible=2 dead=7
[dplay] received 14 data bytes from pid 4
[dplay] Send 14 bytes pid 3 -> 1 (ok)
[dplay] Send 33 bytes pid 1 -> 2 (ok)
[agg] StaticTimeProc 49/s  impl=1 host=1 running=1 resync=0 served=0  -> AggregatorGetPackets 49/s
[dplay] received 14 data bytes from pid 4
[agg] loopback 24/s  from=3 to=1 (local player or group)
[dplay] Send 14 bytes pid 3 -> 1 (ok)
[agg] aggregator received 24 msg/s  right-size 24  mapped-to-slot 24  from: 3 4  (H2H dpids: [0]=3 [1]=4)  sizeof(ACPACKET)=14
[dplay] Send 33 bytes pid 1 -> 2 (ok)
[agg] SendEx aggpacket 12/s  from=1 to=2(playergroup) players=2 size=33 res=0x0
[dplay] received 14 data bytes from pid 4
[dplay] Send 14 bytes pid 3 -> 1 (ok)
[dplay] Send 33 bytes pid 1 -> 2 (ok)
[dplay] received 14 data bytes from pid 4
[dplay] Send 14 bytes pid 3 -> 1 (ok)
[dplay] Send 33 bytes pid 1 -> 2 (ok)
[dplay] received 14 data bytes from pid 4
[dplay] Send 14 bytes pid 3 -> 1 (ok)
[dplay] Send 33 bytes pid 1 -> 2 (ok)
[dplay] pump #568500 (host=1) -- discovery is answered only from here
[dplay] received 14 data bytes from pid 4
[dplay] Send 14 bytes pid 3 -> 1 (ok)
[dplay] Send 33 bytes pid 1 -> 2 (ok)
[dplay] received 14 data bytes from pid 4
[dplay] Send 14 bytes pid 3 -> 1 (ok)
[dplay] Send 33 bytes pid 1 -> 2 (ok)
[accnt] aircraft in this world: now=8 MAX=8 visible=2 dead=7 (frame sample #3)
[dplay] received 14 data bytes from pid 4
[dplay] Send 14 bytes pid 3 -> 1 (ok)
[dplay] Send 33 bytes pid 1 -> 2 (ok)
[dplay] received 14 data bytes from pid 4
[dplay] Send 14 bytes pid 3 -> 1 (ok)
[dplay] Send 33 bytes pid 1 -> 2 (ok)
[dplay] received 14 data bytes from pid 4
[dplay] Send 14 bytes pid 3 -> 1 (ok)
[dplay] Send 33 bytes pid 1 -> 2 (ok)
[dplay] received 14 data bytes from pid 4
[dplay] Send 14 bytes pid 3 -> 1 (ok)
[dplay] Send 33 bytes pid 1 -> 2 (ok)
[dplay] received 14 data bytes from pid 4
[dplay] Send 14 bytes pid 3 -> 1 (ok)
[dplay] Send 33 bytes pid 1 -> 2 (ok)
[dplay] received 14 data bytes from pid 4
[dplay] Send 14 bytes pid 3 -> 1 (ok)
[dplay] Send 33 bytes pid 1 -> 2 (ok)
[dplay] received 14 data bytes from pid 4
[dplay] Send 14 bytes pid 3 -> 1 (ok)
[dplay] Send 33 bytes pid 1 -> 2 (ok)
[agg] StaticTimeProc 49/s  impl=1 host=1 running=1 resync=0 served=0  -> AggregatorGetPackets 49/s
[dplay] received 14 data bytes from pid 4
[agg] loopback 26/s  from=3 to=1 (local player or group)
[dplay] Send 14 bytes pid 3 -> 1 (ok)
[agg] aggregator received 26 msg/s  right-size 26  mapped-to-slot 26  from: 3 4  (H2H dpids: [0]=3 [1]=4)  sizeof(ACPACKET)=14
[dplay] Send 33 bytes pid 1 -> 2 (ok)
[agg] SendEx aggpacket 13/s  from=1 to=2(playergroup) players=2 size=33 res=0x0
[dplay] received 14 data bytes from pid 4
[dplay] Send 14 bytes pid 3 -> 1 (ok)
[dplay] Send 33 bytes pid 1 -> 2 (ok)
[dplay] received 14 data bytes from pid 4
[dplay] Send 14 bytes pid 3 -> 1 (ok)
[dplay] Send 33 bytes pid 1 -> 2 (ok)
[dplay] received 14 data bytes from pid 4
[dplay] Send 14 bytes pid 3 -> 1 (ok)
[dplay] Send 33 bytes pid 1 -> 2 (ok)
[dplay] received 14 data bytes from pid 4
[dplay] Send 14 bytes pid 3 -> 1 (ok)
[dplay] Send 33 bytes pid 1 -> 2 (ok)
[dplay] received 14 data bytes from pid 4
[dplay] Send 14 bytes pid 3 -> 1 (ok)
[dplay] Send 33 bytes pid 1 -> 2 (ok)
[dplay] received 14 data bytes from pid 4
[dplay] Send 14 bytes pid 3 -> 1 (ok)
[dplay] Send 33 bytes pid 1 -> 2 (ok)
[dplay] received 14 data bytes from pid 4
[dplay] Send 14 bytes pid 3 -> 1 (ok)
[dplay] Send 33 bytes pid 1 -> 2 (ok)
[dplay] received 14 data bytes from pid 4
[dplay] Send 19 bytes pid 1 -> 2 (ok)
[dplay] Send 14 bytes pid 3 -> 1 (ok)
[dplay] received 14 data bytes from pid 4
[dplay] Send 33 bytes pid 1 -> 2 (ok)
[dplay] Send 14 bytes pid 3 -> 1 (ok)
[dplay] received 14 data bytes from pid 4
[dplay] Send 14 bytes pid 3 -> 1 (ok)
[dplay] Send 33 bytes pid 1 -> 2 (ok)
[dplay] received 14 data bytes from pid 4
[dplay] Send 14 bytes pid 3 -> 1 (ok)
[dplay] Send 33 bytes pid 1 -> 2 (ok)
[dplay] received 14 data bytes from pid 4
[agg] loopback 24/s  from=3 to=1 (local player or group)
[dplay] Send 14 bytes pid 3 -> 1 (ok)
[agg] StaticTimeProc 50/s  impl=1 host=1 running=1 resync=0 served=0  -> AggregatorGetPackets 50/s
[agg] aggregator received 24 msg/s  right-size 24  mapped-to-slot 24  from: 3 4  (H2H dpids: [0]=3 [1]=4)  sizeof(ACPACKET)=14
[dplay] Send 33 bytes pid 1 -> 2 (ok)
[agg] SendEx aggpacket 12/s  from=1 to=2(playergroup) players=2 size=33 res=0x0
[dplay] received 14 data bytes from pid 4
[dplay] Send 14 bytes pid 3 -> 1 (ok)
[dplay] Send 33 bytes pid 1 -> 2 (ok)
[dplay] received 14 data bytes from pid 4
[dplay] Send 14 bytes pid 3 -> 1 (ok)
[dplay] Send 33 bytes pid 1 -> 2 (ok)
[dplay] received 14 data bytes from pid 4
[dplay] Send 14 bytes pid 3 -> 1 (ok)
[dplay] Send 33 bytes pid 1 -> 2 (ok)
[dplay] received 14 data bytes from pid 4
[dplay] Send 14 bytes pid 3 -> 1 (ok)
[dplay] Send 33 bytes pid 1 -> 2 (ok)
[dplay] received 14 data bytes from pid 4
[dplay] Send 14 bytes pid 3 -> 1 (ok)
[dplay] Send 33 bytes pid 1 -> 2 (ok)
[dplay] received 14 data bytes from pid 4
[dplay] Send 14 bytes pid 3 -> 1 (ok)
[dplay] Send 33 bytes pid 1 -> 2 (ok)
[dplay] received 14 data bytes from pid 4
[dplay] Send 14 bytes pid 3 -> 1 (ok)
[dplay] Send 33 bytes pid 1 -> 2 (ok)
[dplay] received 14 data bytes from pid 4
[dplay] Send 14 bytes pid 3 -> 1 (ok)
[dplay] Send 33 bytes pid 1 -> 2 (ok)
[dplay] received 14 data bytes from pid 4
[dplay] Send 14 bytes pid 3 -> 1 (ok)
[dplay] Send 33 bytes pid 1 -> 2 (ok)
[dplay] received 14 data bytes from pid 4
[dplay] Send 33 bytes pid 1 -> 2 (ok)
[dplay] Send 14 bytes pid 3 -> 1 (ok)
[dplay] Send 19 bytes pid 1 -> 2 (ok)
[dplay] received 14 data bytes from pid 4
[dplay] Send 14 bytes pid 3 -> 1 (ok)
[dplay] Send 33 bytes pid 1 -> 2 (ok)
[dplay] received 14 data bytes from pid 4
[dplay] Send 14 bytes pid 3 -> 1 (ok)
[dplay] Send 33 bytes pid 1 -> 2 (ok)
[agg] StaticTimeProc 49/s  impl=1 host=1 running=1 resync=0 served=0  -> AggregatorGetPackets 49/s
[dplay] received 14 data bytes from pid 4
[agg] loopback 27/s  from=3 to=1 (local player or group)
[dplay] Send 14 bytes pid 3 -> 1 (ok)
[agg] aggregator received 26 msg/s  right-size 26  mapped-to-slot 26  from: 3 4  (H2H dpids: [0]=3 [1]=4)  sizeof(ACPACKET)=14
[dplay] Send 33 bytes pid 1 -> 2 (ok)
[agg] SendEx aggpacket 14/s  from=1 to=2(playergroup) players=2 size=33 res=0x0
[dplay] received 14 data bytes from pid 4
[dplay] Send 14 bytes pid 3 -> 1 (ok)
[dplay] Send 33 bytes pid 1 -> 2 (ok)
[dplay] received 14 data bytes from pid 4
[dplay] Send 14 bytes pid 3 -> 1 (ok)
[dplay] Send 33 bytes pid 1 -> 2 (ok)
[dplay] received 14 data bytes from pid 4
[dplay] Send 14 bytes pid 3 -> 1 (ok)
[dplay] Send 33 bytes pid 1 -> 2 (ok)
[dplay] received 14 data bytes from pid 4
[dplay] Send 14 bytes pid 3 -> 1 (ok)
[dplay] Send 33 bytes pid 1 -> 2 (ok)
[dplay] received 14 data bytes from pid 4
[dplay] Send 14 bytes pid 3 -> 1 (ok)
[dplay] Send 33 bytes pid 1 -> 2 (ok)
[dplay] received 14 data bytes from pid 4
[dplay] Send 14 bytes pid 3 -> 1 (ok)
[dplay] Send 33 bytes pid 1 -> 2 (ok)
[dplay] received 14 data bytes from pid 4
[dplay] Send 14 bytes pid 3 -> 1 (ok)
[dplay] Send 33 bytes pid 1 -> 2 (ok)
[dplay] received 14 data bytes from pid 4
[dplay] Send 14 bytes pid 3 -> 1 (ok)
[dplay] Send 33 bytes pid 1 -> 2 (ok)
[dplay] received 14 data bytes from pid 4
[dplay] Send 14 bytes pid 3 -> 1 (ok)
[dplay] Send 33 bytes pid 1 -> 2 (ok)
[dplay] received 14 data bytes from pid 4
[dplay] Send 14 bytes pid 3 -> 1 (ok)
[dplay] Send 33 bytes pid 1 -> 2 (ok)
[dplay] received 14 data bytes from pid 4
[dplay] Send 14 bytes pid 3 -> 1 (ok)
[dplay] pump #569000 (host=1) -- discovery is answered only from here
[dplay] Send 33 bytes pid 1 -> 2 (ok)
[agg] StaticTimeProc 49/s  impl=1 host=1 running=1 resync=0 served=0  -> AggregatorGetPackets 49/s
[dplay] received 14 data bytes from pid 4
[agg] loopback 24/s  from=3 to=1 (local player or group)
[dplay] Send 14 bytes pid 3 -> 1 (ok)
[agg] aggregator received 24 msg/s  right-size 24  mapped-to-slot 24  from: 3 4  (H2H dpids: [0]=3 [1]=4)  sizeof(ACPACKET)=14
[dplay] Send 33 bytes pid 1 -> 2 (ok)
[agg] SendEx aggpacket 12/s  from=1 to=2(playergroup) players=2 size=33 res=0x0
[dplay] received 14 data bytes from pid 4
[dplay] Send 14 bytes pid 3 -> 1 (ok)
[dplay] Send 33 bytes pid 1 -> 2 (ok)
[dplay] received 14 data bytes from pid 4
[dplay] Send 14 bytes pid 3 -> 1 (ok)
[dplay] Send 33 bytes pid 1 -> 2 (ok)
[dplay] received 14 data bytes from pid 4
[dplay] Send 14 bytes pid 3 -> 1 (ok)
[dplay] Send 33 bytes pid 1 -> 2 (ok)
[dplay] received 14 data bytes from pid 4
[dplay] Send 14 bytes pid 3 -> 1 (ok)
[dplay] Send 33 bytes pid 1 -> 2 (ok)
[dplay] received 14 data bytes from pid 4
[dplay] Send 14 bytes pid 3 -> 1 (ok)
[dplay] Send 33 bytes pid 1 -> 2 (ok)
[dplay] received 14 data bytes from pid 4
[dplay] Send 14 bytes pid 3 -> 1 (ok)
[dplay] Send 33 bytes pid 1 -> 2 (ok)
[dplay] received 14 data bytes from pid 4
[dplay] Send 14 bytes pid 3 -> 1 (ok)
[dplay] Send 33 bytes pid 1 -> 2 (ok)
[dplay] received 14 data bytes from pid 4
[dplay] Send 14 bytes pid 3 -> 1 (ok)
[dplay] Send 33 bytes pid 1 -> 2 (ok)
[dplay] received 14 data bytes from pid 4
[dplay] Send 14 bytes pid 3 -> 1 (ok)
[dplay] Send 33 bytes pid 1 -> 2 (ok)
[dplay] received 14 data bytes from pid 4
[dplay] Send 14 bytes pid 3 -> 1 (ok)
[dplay] Send 33 bytes pid 1 -> 2 (ok)
[dplay] received 14 data bytes from pid 4
[dplay] Send 14 bytes pid 3 -> 1 (ok)
[dplay] Send 33 bytes pid 1 -> 2 (ok)
[dplay] received 14 data bytes from pid 4
[dplay] Send 14 bytes pid 3 -> 1 (ok)
[dplay] Send 33 bytes pid 1 -> 2 (ok)
[agg] StaticTimeProc 49/s  impl=1 host=1 running=1 resync=0 served=0  -> AggregatorGetPackets 49/s
[dplay] received 14 data bytes from pid 4
[agg] loopback 26/s  from=3 to=1 (local player or group)
[dplay] Send 14 bytes pid 3 -> 1 (ok)
[agg] aggregator received 26 msg/s  right-size 26  mapped-to-slot 26  from: 3 4  (H2H dpids: [0]=3 [1]=4)  sizeof(ACPACKET)=14
[dplay] Send 33 bytes pid 1 -> 2 (ok)
[agg] SendEx aggpacket 13/s  from=1 to=2(playergroup) players=2 size=33 res=0x0
[dplay] received 14 data bytes from pid 4
[dplay] Send 14 bytes pid 3 -> 1 (ok)
[dplay] Send 33 bytes pid 1 -> 2 (ok)
[dplay] received 14 data bytes from pid 4
[dplay] Send 14 bytes pid 3 -> 1 (ok)
[dplay] Send 33 bytes pid 1 -> 2 (ok)
[dplay] received 14 data bytes from pid 4
[dplay] Send 14 bytes pid 3 -> 1 (ok)
[dplay] Send 33 bytes pid 1 -> 2 (ok)
[dplay] received 14 data bytes from pid 4
[dplay] Send 14 bytes pid 3 -> 1 (ok)
[dplay] Send 33 bytes pid 1 -> 2 (ok)
[dplay] received 14 data bytes from pid 4
[dplay] Send 14 bytes pid 3 -> 1 (ok)
[dplay] Send 33 bytes pid 1 -> 2 (ok)
[dplay] received 14 data bytes from pid 4
[dplay] Send 14 bytes pid 3 -> 1 (ok)
[dplay] Send 33 bytes pid 1 -> 2 (ok)
[dplay] received 14 data bytes from pid 4
[dplay] Send 14 bytes pid 3 -> 1 (ok)
[dplay] Send 33 bytes pid 1 -> 2 (ok)
[dplay] received 14 data bytes from pid 4
[dplay] Send 14 bytes pid 3 -> 1 (ok)
[dplay] Send 33 bytes pid 1 -> 2 (ok)
[dplay] received 14 data bytes from pid 4
[dplay] Send 14 bytes pid 3 -> 1 (ok)
[dplay] Send 33 bytes pid 1 -> 2 (ok)
[dplay] received 14 data bytes from pid 4
[dplay] Send 14 bytes pid 3 -> 1 (ok)
[dplay] Send 33 bytes pid 1 -> 2 (ok)
[dplay] received 14 data bytes from pid 4
[dplay] Send 14 bytes pid 3 -> 1 (ok)
[dplay] Send 33 bytes pid 1 -> 2 (ok)
[dplay] received 14 data bytes from pid 4
[agg] loopback 24/s  from=3 to=1 (local player or group)
[dplay] Send 14 bytes pid 3 -> 1 (ok)
[agg] StaticTimeProc 50/s  impl=1 host=1 running=1 resync=0 served=0  -> AggregatorGetPackets 50/s
[agg] aggregator received 24 msg/s  right-size 24  mapped-to-slot 24  from: 3 4  (H2H dpids: [0]=3 [1]=4)  sizeof(ACPACKET)=14
[dplay] Send 33 bytes pid 1 -> 2 (ok)
[agg] SendEx aggpacket 12/s  from=1 to=2(playergroup) players=2 size=33 res=0x0
[dplay] received 14 data bytes from pid 4
[dplay] Send 14 bytes pid 3 -> 1 (ok)
[dplay] Send 33 bytes pid 1 -> 2 (ok)
[dplay] received 14 data bytes from pid 4
[dplay] Send 14 bytes pid 3 -> 1 (ok)
[dplay] Send 33 bytes pid 1 -> 2 (ok)
[dplay] received 14 data bytes from pid 4
[dplay] Send 14 bytes pid 3 -> 1 (ok)
[dplay] Send 33 bytes pid 1 -> 2 (ok)
[dplay] received 14 data bytes from pid 4
[dplay] Send 14 bytes pid 3 -> 1 (ok)
[dplay] Send 33 bytes pid 1 -> 2 (ok)
[dplay] received 14 data bytes from pid 4
[dplay] Send 14 bytes pid 3 -> 1 (ok)
[dplay] Send 33 bytes pid 1 -> 2 (ok)
[dplay] received 14 data bytes from pid 4
[dplay] Send 14 bytes pid 3 -> 1 (ok)
[dplay] Send 33 bytes pid 1 -> 2 (ok)
[dplay] received 14 data bytes from pid 4
[dplay] Send 14 bytes pid 3 -> 1 (ok)
[dplay] Send 33 bytes pid 1 -> 2 (ok)
[dplay] received 14 data bytes from pid 4
[dplay] Send 14 bytes pid 3 -> 1 (ok)
[dplay] Send 33 bytes pid 1 -> 2 (ok)
[dplay] received 14 data bytes from pid 4
[dplay] Send 14 bytes pid 3 -> 1 (ok)
[dplay] Send 33 bytes pid 1 -> 2 (ok)
[dplay] received 14 data bytes from pid 4
[dplay] Send 19 bytes pid 1 -> 2 (ok)
[dplay] Send 14 bytes pid 3 -> 1 (ok)
[dplay] received 14 data bytes from pid 4
[dplay] Send 33 bytes pid 1 -> 2 (ok)
[dplay] Send 14 bytes pid 3 -> 1 (ok)
[dplay] received 14 data bytes from pid 4
[dplay] Send 33 bytes pid 1 -> 2 (ok)
[dplay] Send 14 bytes pid 3 -> 1 (ok)
[agg] StaticTimeProc 49/s  impl=1 host=1 running=1 resync=0 served=0  -> AggregatorGetPackets 49/s
[dplay] received 14 data bytes from pid 4
[agg] loopback 26/s  from=3 to=1 (local player or group)
[dplay] Send 14 bytes pid 3 -> 1 (ok)
[agg] aggregator received 26 msg/s  right-size 26  mapped-to-slot 26  from: 3 4  (H2H dpids: [0]=3 [1]=4)  sizeof(ACPACKET)=14
[dplay] Send 33 bytes pid 1 -> 2 (ok)
[agg] SendEx aggpacket 13/s  from=1 to=2(playergroup) players=2 size=33 res=0x0
[dplay] received 14 data bytes from pid 4
[dplay] Send 14 bytes pid 3 -> 1 (ok)
[dplay] Send 33 bytes pid 1 -> 2 (ok)
[dplay] received 14 data bytes from pid 4
[dplay] Send 14 bytes pid 3 -> 1 (ok)
[dplay] Send 33 bytes pid 1 -> 2 (ok)
[dplay] received 14 data bytes from pid 4
[dplay] Send 14 bytes pid 3 -> 1 (ok)
[dplay] Send 33 bytes pid 1 -> 2 (ok)
[dplay] received 14 data bytes from pid 4
[dplay] Send 14 bytes pid 3 -> 1 (ok)
[dplay] Send 33 bytes pid 1 -> 2 (ok)
[dplay] received 14 data bytes from pid 4
[dplay] Send 14 bytes pid 3 -> 1 (ok)
[dplay] Send 33 bytes pid 1 -> 2 (ok)
[dplay] received 14 data bytes from pid 4
[dplay] Send 14 bytes pid 3 -> 1 (ok)
[dplay] Send 33 bytes pid 1 -> 2 (ok)
[dplay] pump #569500 (host=1) -- discovery is answered only from here
[dplay] received 14 data bytes from pid 4
[dplay] Send 14 bytes pid 3 -> 1 (ok)
[dplay] Send 33 bytes pid 1 -> 2 (ok)
[dplay] received 14 data bytes from pid 4
[dplay] Send 14 bytes pid 3 -> 1 (ok)
[dplay] Send 33 bytes pid 1 -> 2 (ok)
[dplay] received 14 data bytes from pid 4
[dplay] Send 14 bytes pid 3 -> 1 (ok)
[dplay] Send 33 bytes pid 1 -> 2 (ok)
[dplay] received 14 data bytes from pid 4
[dplay] Send 14 bytes pid 3 -> 1 (ok)
[dplay] Send 33 bytes pid 1 -> 2 (ok)
[dplay] received 14 data bytes from pid 4
[dplay] Send 14 bytes pid 3 -> 1 (ok)
[dplay] Send 33 bytes pid 1 -> 2 (ok)
[agg] StaticTimeProc 49/s  impl=1 host=1 running=1 resync=0 served=0  -> AggregatorGetPackets 49/s
[dplay] received 14 data bytes from pid 4
[agg] loopback 24/s  from=3 to=1 (local player or group)
[dplay] Send 14 bytes pid 3 -> 1 (ok)
[agg] aggregator received 24 msg/s  right-size 24  mapped-to-slot 24  from: 3 4  (H2H dpids: [0]=3 [1]=4)  sizeof(ACPACKET)=14
[dplay] Send 33 bytes pid 1 -> 2 (ok)
[agg] SendEx aggpacket 12/s  from=1 to=2(playergroup) players=2 size=33 res=0x0
[dplay] received 14 data bytes from pid 4
[dplay] Send 14 bytes pid 3 -> 1 (ok)
[dplay] Send 33 bytes pid 1 -> 2 (ok)
[dplay] received 14 data bytes from pid 4
[dplay] Send 33 bytes pid 1 -> 2 (ok)
[dplay] Send 14 bytes pid 3 -> 1 (ok)
[dplay] Send 19 bytes pid 1 -> 2 (ok)
[dplay] received 14 data bytes from pid 4
[dplay] Send 14 bytes pid 3 -> 1 (ok)
[dplay] Send 33 bytes pid 1 -> 2 (ok)
[dplay] received 14 data bytes from pid 4
[dplay] Send 14 bytes pid 3 -> 1 (ok)
[dplay] Send 33 bytes pid 1 -> 2 (ok)
[dplay] received 14 data bytes from pid 4
[dplay] Send 14 bytes pid 3 -> 1 (ok)
[dplay] Send 33 bytes pid 1 -> 2 (ok)
[dplay] received 14 data bytes from pid 4
[dplay] Send 14 bytes pid 3 -> 1 (ok)
[dplay] Send 33 bytes pid 1 -> 2 (ok)
[dplay] received 14 data bytes from pid 4
[dplay] Send 14 bytes pid 3 -> 1 (ok)
[dplay] Send 33 bytes pid 1 -> 2 (ok)
[dplay] received 14 data bytes from pid 4
[dplay] Send 14 bytes pid 3 -> 1 (ok)
[dplay] Send 33 bytes pid 1 -> 2 (ok)
[dplay] received 14 data bytes from pid 4
[dplay] Send 14 bytes pid 3 -> 1 (ok)
[dplay] Send 33 bytes pid 1 -> 2 (ok)
[dplay] received 14 data bytes from pid 4
[dplay] Send 14 bytes pid 3 -> 1 (ok)
[dplay] Send 33 bytes pid 1 -> 2 (ok)
[dplay] received 14 data bytes from pid 4
[dplay] Send 14 bytes pid 3 -> 1 (ok)
[dplay] Send 33 bytes pid 1 -> 2 (ok)
[dplay] received 14 data bytes from pid 4
[dplay] Send 14 bytes pid 3 -> 1 (ok)
[dplay] Send 33 bytes pid 1 -> 2 (ok)
[agg] StaticTimeProc 49/s  impl=1 host=1 running=1 resync=0 served=0  -> AggregatorGetPackets 49/s
[dplay] received 14 data bytes from pid 4
[agg] loopback 27/s  from=3 to=1 (local player or group)
[dplay] Send 14 bytes pid 3 -> 1 (ok)
[agg] aggregator received 26 msg/s  right-size 26  mapped-to-slot 26  from: 3 4  (H2H dpids: [0]=3 [1]=4)  sizeof(ACPACKET)=14
[dplay] Send 33 bytes pid 1 -> 2 (ok)
[agg] SendEx aggpacket 14/s  from=1 to=2(playergroup) players=2 size=33 res=0x0
[dplay] received 14 data bytes from pid 4
[dplay] Send 14 bytes pid 3 -> 1 (ok)
[dplay] Send 33 bytes pid 1 -> 2 (ok)
[dplay] received 14 data bytes from pid 4
[dplay] Send 14 bytes pid 3 -> 1 (ok)
[dplay] Send 33 bytes pid 1 -> 2 (ok)
[dplay] received 14 data bytes from pid 4
[dplay] Send 14 bytes pid 3 -> 1 (ok)
[dplay] Send 33 bytes pid 1 -> 2 (ok)
[dplay] received 14 data bytes from pid 4
[dplay] Send 14 bytes pid 3 -> 1 (ok)
[dplay] Send 33 bytes pid 1 -> 2 (ok)
[dplay] received 14 data bytes from pid 4
[dplay] Send 14 bytes pid 3 -> 1 (ok)
[dplay] Send 33 bytes pid 1 -> 2 (ok)
[dplay] received 14 data bytes from pid 4
[dplay] Send 14 bytes pid 3 -> 1 (ok)
[dplay] Send 33 bytes pid 1 -> 2 (ok)
[dplay] received 14 data bytes from pid 4
[dplay] Send 14 bytes pid 3 -> 1 (ok)
[dplay] Send 33 bytes pid 1 -> 2 (ok)
[dplay] received 14 data bytes from pid 4
[dplay] Send 14 bytes pid 3 -> 1 (ok)
[dplay] Send 33 bytes pid 1 -> 2 (ok)
[dplay] received 14 data bytes from pid 4
[dplay] Send 14 bytes pid 3 -> 1 (ok)
[dplay] Send 33 bytes pid 1 -> 2 (ok)
[dplay] received 14 data bytes from pid 4
[dplay] Send 14 bytes pid 3 -> 1 (ok)
[dplay] Send 33 bytes pid 1 -> 2 (ok)
[dplay] received 14 data bytes from pid 4
[dplay] Send 14 bytes pid 3 -> 1 (ok)
[dplay] Send 33 bytes pid 1 -> 2 (ok)
[agg] StaticTimeProc 49/s  impl=1 host=1 running=1 resync=0 served=0  -> AggregatorGetPackets 49/s
[agg] loopback 24/s  from=3 to=1 (local player or group)
[dplay] Send 14 bytes pid 3 -> 1 (ok)
[dplay] received 14 data bytes from pid 4
[agg] aggregator received 24 msg/s  right-size 24  mapped-to-slot 24  from: 3 4  (H2H dpids: [0]=3 [1]=4)  sizeof(ACPACKET)=14
[dplay] Send 33 bytes pid 1 -> 2 (ok)
[agg] SendEx aggpacket 12/s  from=1 to=2(playergroup) players=2 size=33 res=0x0
[dplay] received 14 data bytes from pid 4
[dplay] Send 14 bytes pid 3 -> 1 (ok)
[dplay] Send 33 bytes pid 1 -> 2 (ok)
[dplay] received 14 data bytes from pid 4
[dplay] Send 14 bytes pid 3 -> 1 (ok)
[dplay] Send 33 bytes pid 1 -> 2 (ok)
[dplay] received 14 data bytes from pid 4
[dplay] Send 14 bytes pid 3 -> 1 (ok)
[dplay] Send 33 bytes pid 1 -> 2 (ok)
[dplay] received 14 data bytes from pid 4
[dplay] Send 14 bytes pid 3 -> 1 (ok)
[dplay] Send 33 bytes pid 1 -> 2 (ok)
[dplay] received 14 data bytes from pid 4
[dplay] Send 14 bytes pid 3 -> 1 (ok)
[dplay] Send 33 bytes pid 1 -> 2 (ok)
[dplay] received 14 data bytes from pid 4
[dplay] Send 14 bytes pid 3 -> 1 (ok)
[dplay] Send 33 bytes pid 1 -> 2 (ok)
[dplay] received 14 data bytes from pid 4
[dplay] Send 14 bytes pid 3 -> 1 (ok)
[dplay] Send 33 bytes pid 1 -> 2 (ok)
[dplay] received 14 data bytes from pid 4
[dplay] Send 14 bytes pid 3 -> 1 (ok)
[dplay] Send 33 bytes pid 1 -> 2 (ok)
[dplay] received 14 data bytes from pid 4
[dplay] Send 14 bytes pid 3 -> 1 (ok)
[dplay] Send 33 bytes pid 1 -> 2 (ok)
[dplay] received 14 data bytes from pid 4
[dplay] Send 14 bytes pid 3 -> 1 (ok)
[dplay] Send 33 bytes pid 1 -> 2 (ok)
[dplay] received 14 data bytes from pid 4
[dplay] Send 14 bytes pid 3 -> 1 (ok)
[dplay] Send 33 bytes pid 1 -> 2 (ok)
[dplay] received 14 data bytes from pid 4
[dplay] Send 14 bytes pid 3 -> 1 (ok)
[dplay] Send 33 bytes pid 1 -> 2 (ok)
[agg] StaticTimeProc 50/s  impl=1 host=1 running=1 resync=0 served=0  -> AggregatorGetPackets 50/s
[dplay] received 14 data bytes from pid 4
[agg] loopback 26/s  from=3 to=1 (local player or group)
[dplay] Send 14 bytes pid 3 -> 1 (ok)
[agg] aggregator received 26 msg/s  right-size 26  mapped-to-slot 26  from: 4 3  (H2H dpids: [0]=3 [1]=4)  sizeof(ACPACKET)=14
[dplay] Send 33 bytes pid 1 -> 2 (ok)
[agg] SendEx aggpacket 13/s  from=1 to=2(playergroup) players=2 size=33 res=0x0
[dplay] received 14 data bytes from pid 4
[dplay] Send 14 bytes pid 3 -> 1 (ok)
[dplay] Send 33 bytes pid 1 -> 2 (ok)
[dplay] received 14 data bytes from pid 4
[dplay] Send 14 bytes pid 3 -> 1 (ok)
[dplay] Send 33 bytes pid 1 -> 2 (ok)
[dplay] pump #570000 (host=1) -- discovery is answered only from here
[dplay] received 14 data bytes from pid 4
[dplay] Send 14 bytes pid 3 -> 1 (ok)
[dplay] Send 33 bytes pid 1 -> 2 (ok)
[dplay] received 14 data bytes from pid 4
[dplay] Send 14 bytes pid 3 -> 1 (ok)
[dplay] Send 33 bytes pid 1 -> 2 (ok)
[dplay] received 14 data bytes from pid 4
[dplay] Send 14 bytes pid 3 -> 1 (ok)
[dplay] Send 33 bytes pid 1 -> 2 (ok)
[dplay] received 14 data bytes from pid 4
[dplay] Send 14 bytes pid 3 -> 1 (ok)
[dplay] Send 33 bytes pid 1 -> 2 (ok)
[dplay] received 14 data bytes from pid 4
[dplay] Send 14 bytes pid 3 -> 1 (ok)
[dplay] Send 33 bytes pid 1 -> 2 (ok)
[dplay] received 14 data bytes from pid 4
[dplay] Send 14 bytes pid 3 -> 1 (ok)
[dplay] Send 33 bytes pid 1 -> 2 (ok)
[dplay] received 14 data bytes from pid 4
[dplay] Send 14 bytes pid 3 -> 1 (ok)
[dplay] Send 33 bytes pid 1 -> 2 (ok)
[dplay] received 14 data bytes from pid 4
[dplay] Send 14 bytes pid 3 -> 1 (ok)
[dplay] Send 33 bytes pid 1 -> 2 (ok)
[dplay] received 14 data bytes from pid 4
[dplay] Send 14 bytes pid 3 -> 1 (ok)
[dplay] Send 33 bytes pid 1 -> 2 (ok)
[agg] StaticTimeProc 49/s  impl=1 host=1 running=1 resync=0 served=0  -> AggregatorGetPackets 49/s
[dplay] received 14 data bytes from pid 4
[agg] loopback 24/s  from=3 to=1 (local player or group)
[dplay] Send 14 bytes pid 3 -> 1 (ok)
[agg] aggregator received 24 msg/s  right-size 24  mapped-to-slot 24  from: 3 4  (H2H dpids: [0]=3 [1]=4)  sizeof(ACPACKET)=14
[dplay] Send 33 bytes pid 1 -> 2 (ok)
[agg] SendEx aggpacket 12/s  from=1 to=2(playergroup) players=2 size=33 res=0x0
[dplay] received 14 data bytes from pid 4
[dplay] Send 19 bytes pid 1 -> 2 (ok)
[dplay] Send 14 bytes pid 3 -> 1 (ok)
[dplay] received 14 data bytes from pid 4
[dplay] Send 33 bytes pid 1 -> 2 (ok)
[dplay] Send 14 bytes pid 3 -> 1 (ok)
[dplay] received 14 data bytes from pid 4
[dplay] Send 33 bytes pid 1 -> 2 (ok)
[dplay] Send 14 bytes pid 3 -> 1 (ok)
[dplay] received 14 data bytes from pid 4
[dplay] Send 14 bytes pid 3 -> 1 (ok)
[dplay] Send 33 bytes pid 1 -> 2 (ok)
[dplay] received 14 data bytes from pid 4
[dplay] Send 14 bytes pid 3 -> 1 (ok)
[dplay] Send 33 bytes pid 1 -> 2 (ok)
[accnt] aircraft in this world: now=8 MAX=8 visible=2 dead=7 (frame sample #4)
[dplay] received 14 data bytes from pid 4
[dplay] Send 14 bytes pid 3 -> 1 (ok)
[dplay] Send 33 bytes pid 1 -> 2 (ok)
[dplay] received 14 data bytes from pid 4
[dplay] Send 14 bytes pid 3 -> 1 (ok)
[dplay] Send 33 bytes pid 1 -> 2 (ok)
[dplay] received 14 data bytes from pid 4
[dplay] Send 14 bytes pid 3 -> 1 (ok)
[dplay] Send 33 bytes pid 1 -> 2 (ok)
[dplay] received 14 data bytes from pid 4
[dplay] Send 14 bytes pid 3 -> 1 (ok)
[dplay] Send 33 bytes pid 1 -> 2 (ok)
[dplay] received 14 data bytes from pid 4
[dplay] Send 14 bytes pid 3 -> 1 (ok)
[dplay] Send 33 bytes pid 1 -> 2 (ok)
[dplay] received 14 data bytes from pid 4
[dplay] Send 14 bytes pid 3 -> 1 (ok)
[dplay] Send 33 bytes pid 1 -> 2 (ok)
[dplay] received 14 data bytes from pid 4
[dplay] Send 14 bytes pid 3 -> 1 (ok)
[dplay] Send 33 bytes pid 1 -> 2 (ok)
[agg] StaticTimeProc 49/s  impl=1 host=1 running=1 resync=0 served=0  -> AggregatorGetPackets 49/s
[dplay] received 14 data bytes from pid 4
[agg] loopback 26/s  from=3 to=1 (local player or group)
[dplay] Send 14 bytes pid 3 -> 1 (ok)
[agg] aggregator received 26 msg/s  right-size 26  mapped-to-slot 26  from: 3 4  (H2H dpids: [0]=3 [1]=4)  sizeof(ACPACKET)=14
[dplay] Send 33 bytes pid 1 -> 2 (ok)
[agg] SendEx aggpacket 13/s  from=1 to=2(playergroup) players=2 size=33 res=0x0
[dplay] received 14 data bytes from pid 4
[dplay] Send 14 bytes pid 3 -> 1 (ok)
[dplay] Send 33 bytes pid 1 -> 2 (ok)
[dplay] received 14 data bytes from pid 4
[dplay] Send 14 bytes pid 3 -> 1 (ok)
[dplay] Send 33 bytes pid 1 -> 2 (ok)
[dplay] received 14 data bytes from pid 4
[dplay] Send 14 bytes pid 3 -> 1 (ok)
[dplay] Send 33 bytes pid 1 -> 2 (ok)
[dplay] received 14 data bytes from pid 4
[dplay] Send 14 bytes pid 3 -> 1 (ok)
[dplay] Send 33 bytes pid 1 -> 2 (ok)
[dplay] received 14 data bytes from pid 4
[dplay] Send 14 bytes pid 3 -> 1 (ok)
[dplay] Send 33 bytes pid 1 -> 2 (ok)
[dplay] received 14 data bytes from pid 4
[dplay] Send 33 bytes pid 1 -> 2 (ok)
[dplay] Send 14 bytes pid 3 -> 1 (ok)
[dplay] Send 19 bytes pid 1 -> 2 (ok)
[dplay] received 14 data bytes from pid 4
[dplay] Send 14 bytes pid 3 -> 1 (ok)
[dplay] Send 33 bytes pid 1 -> 2 (ok)
[dplay] received 14 data bytes from pid 4
[dplay] Send 14 bytes pid 3 -> 1 (ok)
[dplay] Send 33 bytes pid 1 -> 2 (ok)
[dplay] received 14 data bytes from pid 4
[dplay] Send 14 bytes pid 3 -> 1 (ok)
[dplay] Send 33 bytes pid 1 -> 2 (ok)
[dplay] received 14 data bytes from pid 4
[dplay] Send 14 bytes pid 3 -> 1 (ok)
[dplay] Send 33 bytes pid 1 -> 2 (ok)
[dplay] received 14 data bytes from pid 4
[dplay] Send 14 bytes pid 3 -> 1 (ok)
[dplay] Send 33 bytes pid 1 -> 2 (ok)
[dplay] received 14 data bytes from pid 4
[agg] loopback 25/s  from=3 to=1 (local player or group)
[dplay] Send 14 bytes pid 3 -> 1 (ok)
[agg] StaticTimeProc 50/s  impl=1 host=1 running=1 resync=0 served=0  -> AggregatorGetPackets 50/s
[agg] aggregator received 24 msg/s  right-size 24  mapped-to-slot 24  from: 3 4  (H2H dpids: [0]=3 [1]=4)  sizeof(ACPACKET)=14
[dplay] Send 33 bytes pid 1 -> 2 (ok)
[agg] SendEx aggpacket 13/s  from=1 to=2(playergroup) players=2 size=33 res=0x0
[dplay] received 14 data bytes from pid 4
[dplay] Send 14 bytes pid 3 -> 1 (ok)
[dplay] Send 33 bytes pid 1 -> 2 (ok)
[dplay] received 14 data bytes from pid 4
[dplay] Send 14 bytes pid 3 -> 1 (ok)
[dplay] Send 33 bytes pid 1 -> 2 (ok)
[dplay] received 14 data bytes from pid 4
[dplay] Send 14 bytes pid 3 -> 1 (ok)
[dplay] Send 33 bytes pid 1 -> 2 (ok)
[dplay] received 14 data bytes from pid 4
[dplay] Send 14 bytes pid 3 -> 1 (ok)
[dplay] Send 33 bytes pid 1 -> 2 (ok)
[dplay] received 14 data bytes from pid 4
[dplay] Send 14 bytes pid 3 -> 1 (ok)
[dplay] Send 33 bytes pid 1 -> 2 (ok)
[dplay] received 14 data bytes from pid 4
[dplay] Send 14 bytes pid 3 -> 1 (ok)
[dplay] Send 33 bytes pid 1 -> 2 (ok)
[dplay] received 14 data bytes from pid 4
[dplay] Send 14 bytes pid 3 -> 1 (ok)
[dplay] Send 33 bytes pid 1 -> 2 (ok)
[dplay] received 14 data bytes from pid 4
[dplay] Send 14 bytes pid 3 -> 1 (ok)
[dplay] Send 33 bytes pid 1 -> 2 (ok)
[dplay] received 14 data bytes from pid 4
[dplay] Send 14 bytes pid 3 -> 1 (ok)
[dplay] Send 33 bytes pid 1 -> 2 (ok)
[dplay] received 14 data bytes from pid 4
[dplay] Send 14 bytes pid 3 -> 1 (ok)
[dplay] Send 33 bytes pid 1 -> 2 (ok)
[dplay] pump #570500 (host=1) -- discovery is answered only from here
[dplay] received 14 data bytes from pid 4
[dplay] Send 14 bytes pid 3 -> 1 (ok)
[dplay] Send 33 bytes pid 1 -> 2 (ok)
[dplay] received 14 data bytes from pid 4
[dplay] Send 14 bytes pid 3 -> 1 (ok)
[dplay] Send 33 bytes pid 1 -> 2 (ok)
[agg] StaticTimeProc 49/s  impl=1 host=1 running=1 resync=0 served=0  -> AggregatorGetPackets 49/s
[dplay] received 14 data bytes from pid 4
[agg] loopback 26/s  from=3 to=1 (local player or group)
[dplay] Send 14 bytes pid 3 -> 1 (ok)
[agg] aggregator received 26 msg/s  right-size 26  mapped-to-slot 26  from: 3 4  (H2H dpids: [0]=3 [1]=4)  sizeof(ACPACKET)=14
[dplay] Send 33 bytes pid 1 -> 2 (ok)
[agg] SendEx aggpacket 13/s  from=1 to=2(playergroup) players=2 size=33 res=0x0
[dplay] received 14 data bytes from pid 4
[dplay] Send 14 bytes pid 3 -> 1 (ok)
[dplay] Send 33 bytes pid 1 -> 2 (ok)
[dplay] received 14 data bytes from pid 4
[dplay] Send 14 bytes pid 3 -> 1 (ok)
[dplay] Send 33 bytes pid 1 -> 2 (ok)
[dplay] received 14 data bytes from pid 4
[dplay] Send 14 bytes pid 3 -> 1 (ok)
[dplay] Send 33 bytes pid 1 -> 2 (ok)
[dplay] received 14 data bytes from pid 4
[dplay] Send 14 bytes pid 3 -> 1 (ok)
[dplay] Send 33 bytes pid 1 -> 2 (ok)
[dplay] received 14 data bytes from pid 4
[dplay] Send 14 bytes pid 3 -> 1 (ok)
[dplay] Send 33 bytes pid 1 -> 2 (ok)
[dplay] received 14 data bytes from pid 4
[dplay] Send 14 bytes pid 3 -> 1 (ok)
[dplay] Send 33 bytes pid 1 -> 2 (ok)
[dplay] received 14 data bytes from pid 4
[self] uid=3584 visible=0 dead=1
[accnt] CHANGE at call 2558: aircraft=8 MAX=8 visible=1 dead=8
[dplay] Send 14 bytes pid 3 -> 1 (ok)
[dplay] Send 33 bytes pid 1 -> 2 (ok)
[dplay] received 14 data bytes from pid 4
[dplay] Send 14 bytes pid 3 -> 1 (ok)
[dplay] Send 33 bytes pid 1 -> 2 (ok)
[dplay] received 14 data bytes from pid 4
[dplay] Send 14 bytes pid 3 -> 1 (ok)
[dplay] Send 33 bytes pid 1 -> 2 (ok)
[dplay] received 14 data bytes from pid 4
[dplay] Send 14 bytes pid 3 -> 1 (ok)
[dplay] Send 33 bytes pid 1 -> 2 (ok)
[dplay] received 14 data bytes from pid 4
[dplay] Send 14 bytes pid 3 -> 1 (ok)
[dplay] Send 33 bytes pid 1 -> 2 (ok)
[agg] StaticTimeProc 49/s  impl=1 host=1 running=1 resync=0 served=0  -> AggregatorGetPackets 49/s
[dplay] received 14 data bytes from pid 4
[agg] loopback 24/s  from=3 to=1 (local player or group)
[dplay] Send 14 bytes pid 3 -> 1 (ok)
[agg] aggregator received 24 msg/s  right-size 24  mapped-to-slot 24  from: 3 4  (H2H dpids: [0]=3 [1]=4)  sizeof(ACPACKET)=14
[dplay] Send 33 bytes pid 1 -> 2 (ok)
[agg] SendEx aggpacket 12/s  from=1 to=2(playergroup) players=2 size=33 res=0x0
[dplay] received 14 data bytes from pid 4
[dplay] Send 14 bytes pid 3 -> 1 (ok)
[dplay] Send 33 bytes pid 1 -> 2 (ok)
[dplay] received 14 data bytes from pid 4
[dplay] Send 14 bytes pid 3 -> 1 (ok)
[dplay] Send 33 bytes pid 1 -> 2 (ok)
[self] uid=3584 visible=1 dead=1
[accnt] CHANGE at call 2587: aircraft=8 MAX=8 visible=2 dead=8
[dplay] received 14 data bytes from pid 4
[dplay] Send 14 bytes pid 3 -> 1 (ok)
[dplay] Send 33 bytes pid 1 -> 2 (ok)
[dplay] received 14 data bytes from pid 4
[dplay] Send 14 bytes pid 3 -> 1 (ok)
[dplay] Send 33 bytes pid 1 -> 2 (ok)
[dplay] received 14 data bytes from pid 4
[dplay] Send 14 bytes pid 3 -> 1 (ok)
[dplay] Send 33 bytes pid 1 -> 2 (ok)
[dplay] received 14 data bytes from pid 4
[dplay] Send 14 bytes pid 3 -> 1 (ok)
[dplay] Send 33 bytes pid 1 -> 2 (ok)
[dplay] received 14 data bytes from pid 4
[dplay] Send 14 bytes pid 3 -> 1 (ok)
[dplay] Send 33 bytes pid 1 -> 2 (ok)
[dplay] received 14 data bytes from pid 4
[dplay] Send 14 bytes pid 3 -> 1 (ok)
[dplay] Send 33 bytes pid 1 -> 2 (ok)
[dplay] received 14 data bytes from pid 4
[dplay] Send 14 bytes pid 3 -> 1 (ok)
[dplay] Send 33 bytes pid 1 -> 2 (ok)
[dplay] received 14 data bytes from pid 4
[dplay] Send 14 bytes pid 3 -> 1 (ok)
[dplay] Send 33 bytes pid 1 -> 2 (ok)
[dplay] received 14 data bytes from pid 4
[dplay] Send 14 bytes pid 3 -> 1 (ok)
[dplay] Send 33 bytes pid 1 -> 2 (ok)
[dplay] received 14 data bytes from pid 4
[dplay] Send 14 bytes pid 3 -> 1 (ok)
[dplay] Send 33 bytes pid 1 -> 2 (ok)
[agg] StaticTimeProc 49/s  impl=1 host=1 running=1 resync=0 served=0  -> AggregatorGetPackets 49/s
[dplay] received 14 data bytes from pid 4
[agg] loopback 26/s  from=3 to=1 (local player or group)
[dplay] Send 14 bytes pid 3 -> 1 (ok)
[agg] aggregator received 26 msg/s  right-size 26  mapped-to-slot 26  from: 3 4  (H2H dpids: [0]=3 [1]=4)  sizeof(ACPACKET)=14
[dplay] Send 33 bytes pid 1 -> 2 (ok)
[agg] SendEx aggpacket 13/s  from=1 to=2(playergroup) players=2 size=33 res=0x0
[dplay] received 14 data bytes from pid 4
[dplay] Send 14 bytes pid 3 -> 1 (ok)
[dplay] Send 33 bytes pid 1 -> 2 (ok)
[dplay] received 14 data bytes from pid 4
[dplay] Send 14 bytes pid 3 -> 1 (ok)
[dplay] Send 33 bytes pid 1 -> 2 (ok)
[dplay] received 14 data bytes from pid 4
[dplay] Send 14 bytes pid 3 -> 1 (ok)
[dplay] Send 33 bytes pid 1 -> 2 (ok)
[dplay] received 14 data bytes from pid 4
[dplay] Send 14 bytes pid 3 -> 1 (ok)
[dplay] Send 33 bytes pid 1 -> 2 (ok)
[dplay] received 14 data bytes from pid 4
[dplay] Send 14 bytes pid 3 -> 1 (ok)
[dplay] Send 33 bytes pid 1 -> 2 (ok)
[dplay] received 14 data bytes from pid 4
[dplay] Send 19 bytes pid 1 -> 2 (ok)
[dplay] Send 14 bytes pid 3 -> 1 (ok)
[dplay] received 14 data bytes from pid 4
[dplay] Send 33 bytes pid 1 -> 2 (ok)
[dplay] Send 14 bytes pid 3 -> 1 (ok)
[dplay] received 14 data bytes from pid 4
[dplay] Send 14 bytes pid 3 -> 1 (ok)
[dplay] Send 33 bytes pid 1 -> 2 (ok)
[dplay] received 14 data bytes from pid 4
[dplay] Send 14 bytes pid 3 -> 1 (ok)
[dplay] Send 33 bytes pid 1 -> 2 (ok)
[dplay] received 14 data bytes from pid 4
[dplay] Send 14 bytes pid 3 -> 1 (ok)
[dplay] Send 33 bytes pid 1 -> 2 (ok)
[dplay] received 14 data bytes from pid 4
[dplay] Send 14 bytes pid 3 -> 1 (ok)
[dplay] Send 33 bytes pid 1 -> 2 (ok)
[dplay] received 14 data bytes from pid 4
[agg] loopback 24/s  from=3 to=1 (local player or group)
[dplay] Send 14 bytes pid 3 -> 1 (ok)
[agg] StaticTimeProc 50/s  impl=1 host=1 running=1 resync=0 served=0  -> AggregatorGetPackets 50/s
[agg] aggregator received 24 msg/s  right-size 24  mapped-to-slot 24  from: 3 4  (H2H dpids: [0]=3 [1]=4)  sizeof(ACPACKET)=14
[dplay] Send 33 bytes pid 1 -> 2 (ok)
[agg] SendEx aggpacket 12/s  from=1 to=2(playergroup) players=2 size=33 res=0x0
[dplay] received 14 data bytes from pid 4
[dplay] Send 14 bytes pid 3 -> 1 (ok)
[dplay] Send 33 bytes pid 1 -> 2 (ok)
[dplay] received 14 data bytes from pid 4
[dplay] Send 14 bytes pid 3 -> 1 (ok)
[dplay] Send 33 bytes pid 1 -> 2 (ok)
[dplay] received 14 data bytes from pid 4
[dplay] Send 14 bytes pid 3 -> 1 (ok)
[dplay] Send 33 bytes pid 1 -> 2 (ok)
[dplay] received 14 data bytes from pid 4
[dplay] Send 14 bytes pid 3 -> 1 (ok)
[dplay] Send 33 bytes pid 1 -> 2 (ok)
[dplay] received 14 data bytes from pid 4
[dplay] Send 14 bytes pid 3 -> 1 (ok)
[dplay] Send 33 bytes pid 1 -> 2 (ok)
[dplay] received 14 data bytes from pid 4
[dplay] Send 14 bytes pid 3 -> 1 (ok)
[dplay] Send 33 bytes pid 1 -> 2 (ok)
[dplay] pump #571000 (host=1) -- discovery is answered only from here
[dplay] received 14 data bytes from pid 4
[dplay] Send 14 bytes pid 3 -> 1 (ok)
[dplay] Send 33 bytes pid 1 -> 2 (ok)
[dplay] received 14 data bytes from pid 4
[dplay] Send 14 bytes pid 3 -> 1 (ok)
[dplay] Send 33 bytes pid 1 -> 2 (ok)
[dplay] received 14 data bytes from pid 4
[dplay] Send 14 bytes pid 3 -> 1 (ok)
[dplay] Send 33 bytes pid 1 -> 2 (ok)
[dplay] received 14 data bytes from pid 4
[dplay] Send 14 bytes pid 3 -> 1 (ok)
[dplay] Send 33 bytes pid 1 -> 2 (ok)
[dplay] received 14 data bytes from pid 4
[dplay] Send 14 bytes pid 3 -> 1 (ok)
[dplay] Send 33 bytes pid 1 -> 2 (ok)
[dplay] received 14 data bytes from pid 4
[dplay] Send 14 bytes pid 3 -> 1 (ok)
[dplay] Send 33 bytes pid 1 -> 2 (ok)
[agg] StaticTimeProc 49/s  impl=1 host=1 running=1 resync=0 served=0  -> AggregatorGetPackets 49/s
[dplay] received 14 data bytes from pid 4
[agg] aggregator received 26 msg/s  right-size 26  mapped-to-slot 26  from: 3 4  (H2H dpids: [0]=3 [1]=4)  sizeof(ACPACKET)=14
[agg] loopback 26/s  from=1 to=2 (local player or group)
[dplay] Send 33 bytes pid 1 -> 2 (ok)
[agg] SendEx aggpacket 13/s  from=1 to=2(playergroup) players=2 size=33 res=0x0
[dplay] Send 14 bytes pid 3 -> 1 (ok)
[dplay] Send 19 bytes pid 1 -> 2 (ok)
[dplay] received 14 data bytes from pid 4
[dplay] Send 14 bytes pid 3 -> 1 (ok)
[dplay] Send 33 bytes pid 1 -> 2 (ok)
[dplay] received 14 data bytes from pid 4
[dplay] Send 14 bytes pid 3 -> 1 (ok)
[dplay] Send 33 bytes pid 1 -> 2 (ok)
[dplay] received 14 data bytes from pid 4
[dplay] Send 14 bytes pid 3 -> 1 (ok)
[dplay] Send 33 bytes pid 1 -> 2 (ok)
[dplay] received 14 data bytes from pid 4
[dplay] Send 14 bytes pid 3 -> 1 (ok)
[dplay] Send 33 bytes pid 1 -> 2 (ok)
[dplay] received 14 data bytes from pid 4
[dplay] Send 14 bytes pid 3 -> 1 (ok)
[dplay] Send 33 bytes pid 1 -> 2 (ok)
[dplay] received 14 data bytes from pid 4
[dplay] Send 14 bytes pid 3 -> 1 (ok)
[dplay] Send 33 bytes pid 1 -> 2 (ok)
[peer] uid=3585 found=1 visible=1 dead=0 range=5064m
[accnt] CHANGE at call 2755: aircraft=8 MAX=8 visible=2 dead=7
[dplay] received 14 data bytes from pid 4
[dplay] Send 14 bytes pid 3 -> 1 (ok)
[dplay] Send 33 bytes pid 1 -> 2 (ok)
[dplay] received 14 data bytes from pid 4
[dplay] Send 14 bytes pid 3 -> 1 (ok)
[dplay] Send 33 bytes pid 1 -> 2 (ok)
[dplay] received 14 data bytes from pid 4
[dplay] Send 14 bytes pid 3 -> 1 (ok)
[dplay] Send 33 bytes pid 1 -> 2 (ok)
[dplay] received 14 data bytes from pid 4
[dplay] Send 14 bytes pid 3 -> 1 (ok)
[dplay] Send 33 bytes pid 1 -> 2 (ok)
[dplay] received 14 data bytes from pid 4
[dplay] Send 14 bytes pid 3 -> 1 (ok)
[dplay] Send 33 bytes pid 1 -> 2 (ok)
[dplay] received 14 data bytes from pid 4
[agg] loopback 25/s  from=3 to=1 (local player or group)
[dplay] Send 14 bytes pid 3 -> 1 (ok)
[agg] StaticTimeProc 49/s  impl=1 host=1 running=1 resync=0 served=0  -> AggregatorGetPackets 49/s
[agg] aggregator received 24 msg/s  right-size 24  mapped-to-slot 24  from: 3 4  (H2H dpids: [0]=3 [1]=4)  sizeof(ACPACKET)=14
[dplay] Send 33 bytes pid 1 -> 2 (ok)
[agg] SendEx aggpacket 13/s  from=1 to=2(playergroup) players=2 size=33 res=0x0
[dplay] received 14 data bytes from pid 4
[dplay] Send 14 bytes pid 3 -> 1 (ok)
[dplay] Send 33 bytes pid 1 -> 2 (ok)
[dplay] received 14 data bytes from pid 4
[dplay] Send 14 bytes pid 3 -> 1 (ok)
[dplay] Send 33 bytes pid 1 -> 2 (ok)
[dplay] received 14 data bytes from pid 4
[dplay] Send 14 bytes pid 3 -> 1 (ok)
[dplay] Send 33 bytes pid 1 -> 2 (ok)
[dplay] received 14 data bytes from pid 4
[dplay] Send 14 bytes pid 3 -> 1 (ok)
[dplay] Send 33 bytes pid 1 -> 2 (ok)
[dplay] received 14 data bytes from pid 4
[dplay] Send 14 bytes pid 3 -> 1 (ok)
[dplay] Send 33 bytes pid 1 -> 2 (ok)
[dplay] received 14 data bytes from pid 4
[dplay] Send 14 bytes pid 3 -> 1 (ok)
[dplay] Send 33 bytes pid 1 -> 2 (ok)
[dplay] received 14 data bytes from pid 4
[dplay] Send 14 bytes pid 3 -> 1 (ok)
[dplay] Send 33 bytes pid 1 -> 2 (ok)
[dplay] received 14 data bytes from pid 4
[dplay] Send 14 bytes pid 3 -> 1 (ok)
[dplay] Send 33 bytes pid 1 -> 2 (ok)
[self] uid=3584 visible=1 dead=0
[accnt] CHANGE at call 2811: aircraft=8 MAX=8 visible=2 dead=6
[dplay] received 14 data bytes from pid 4
[dplay] Send 14 bytes pid 3 -> 1 (ok)
[dplay] Send 33 bytes pid 1 -> 2 (ok)
[dplay] received 14 data bytes from pid 4
[dplay] Send 14 bytes pid 3 -> 1 (ok)
[dplay] Send 33 bytes pid 1 -> 2 (ok)
[dplay] received 14 data bytes from pid 4
[dplay] Send 14 bytes pid 3 -> 1 (ok)
[dplay] Send 33 bytes pid 1 -> 2 (ok)
[dplay] received 14 data bytes from pid 4
[dplay] Send 14 bytes pid 3 -> 1 (ok)
[dplay] Send 33 bytes pid 1 -> 2 (ok)
[agg] StaticTimeProc 49/s  impl=1 host=1 running=1 resync=0 served=0  -> AggregatorGetPackets 49/s
[dplay] received 14 data bytes from pid 4
[agg] loopback 26/s  from=3 to=1 (local player or group)
[dplay] Send 14 bytes pid 3 -> 1 (ok)
[agg] aggregator received 26 msg/s  right-size 26  mapped-to-slot 26  from: 3 4  (H2H dpids: [0]=3 [1]=4)  sizeof(ACPACKET)=14
[dplay] Send 33 bytes pid 1 -> 2 (ok)
[agg] SendEx aggpacket 13/s  from=1 to=2(playergroup) players=2 size=33 res=0x0
[dplay] received 14 data bytes from pid 4
[dplay] Send 14 bytes pid 3 -> 1 (ok)
[dplay] Send 33 bytes pid 1 -> 2 (ok)
[dplay] received 14 data bytes from pid 4
[dplay] Send 14 bytes pid 3 -> 1 (ok)
[dplay] Send 33 bytes pid 1 -> 2 (ok)
[dplay] received 14 data bytes from pid 4
[dplay] Send 14 bytes pid 3 -> 1 (ok)
[dplay] Send 33 bytes pid 1 -> 2 (ok)
[dplay] received 14 data bytes from pid 4
[dplay] Send 14 bytes pid 3 -> 1 (ok)
[dplay] Send 33 bytes pid 1 -> 2 (ok)
[dplay] received 14 data bytes from pid 4
[dplay] Send 14 bytes pid 3 -> 1 (ok)
[dplay] Send 33 bytes pid 1 -> 2 (ok)
[dplay] received 14 data bytes from pid 4
[dplay] Send 14 bytes pid 3 -> 1 (ok)
[dplay] Send 33 bytes pid 1 -> 2 (ok)
[dplay] received 14 data bytes from pid 4
[dplay] Send 14 bytes pid 3 -> 1 (ok)
[dplay] Send 33 bytes pid 1 -> 2 (ok)
[dplay] received 14 data bytes from pid 4
[dplay] Send 14 bytes pid 3 -> 1 (ok)
[dplay] Send 33 bytes pid 1 -> 2 (ok)
[dplay] received 14 data bytes from pid 4
[dplay] Send 14 bytes pid 3 -> 1 (ok)
[dplay] Send 33 bytes pid 1 -> 2 (ok)
[dplay] received 14 data bytes from pid 4
[dplay] Send 14 bytes pid 3 -> 1 (ok)
[dplay] Send 33 bytes pid 1 -> 2 (ok)
[dplay] received 14 data bytes from pid 4
[dplay] Send 19 bytes pid 1 -> 2 (ok)
[dplay] Send 14 bytes pid 3 -> 1 (ok)
[agg] StaticTimeProc 49/s  impl=1 host=1 running=1 resync=0 served=0  -> AggregatorGetPackets 49/s
[dplay] received 14 data bytes from pid 4
[agg] aggregator received 24 msg/s  right-size 24  mapped-to-slot 24  from: 3 4  (H2H dpids: [0]=3 [1]=4)  sizeof(ACPACKET)=14
[agg] loopback 24/s  from=1 to=2 (local player or group)
[dplay] Send 33 bytes pid 1 -> 2 (ok)
[agg] SendEx aggpacket 12/s  from=1 to=2(playergroup) players=2 size=33 res=0x0
[dplay] Send 14 bytes pid 3 -> 1 (ok)
[dplay] received 14 data bytes from pid 4
[dplay] Send 14 bytes pid 3 -> 1 (ok)
[dplay] Send 33 bytes pid 1 -> 2 (ok)
[dplay] pump #571500 (host=1) -- discovery is answered only from here
[dplay] received 14 data bytes from pid 4
[dplay] Send 14 bytes pid 3 -> 1 (ok)
[dplay] Send 33 bytes pid 1 -> 2 (ok)
[dplay] received 14 data bytes from pid 4
[dplay] Send 14 bytes pid 3 -> 1 (ok)
[dplay] Send 33 bytes pid 1 -> 2 (ok)
[dplay] received 14 data bytes from pid 4
[dplay] Send 14 bytes pid 3 -> 1 (ok)
[dplay] Send 33 bytes pid 1 -> 2 (ok)
[dplay] received 14 data bytes from pid 4
[dplay] Send 14 bytes pid 3 -> 1 (ok)
[dplay] Send 33 bytes pid 1 -> 2 (ok)
[dplay] received 14 data bytes from pid 4
[dplay] Send 14 bytes pid 3 -> 1 (ok)
[dplay] Send 33 bytes pid 1 -> 2 (ok)
[dplay] received 14 data bytes from pid 4
[dplay] Send 14 bytes pid 3 -> 1 (ok)
[dplay] Send 33 bytes pid 1 -> 2 (ok)
[dplay] received 14 data bytes from pid 4
[dplay] Send 14 bytes pid 3 -> 1 (ok)
[dplay] Send 33 bytes pid 1 -> 2 (ok)
[dplay] received 14 data bytes from pid 4
[dplay] Send 14 bytes pid 3 -> 1 (ok)
[dplay] Send 33 bytes pid 1 -> 2 (ok)
[dplay] received 14 data bytes from pid 4
[dplay] Send 14 bytes pid 3 -> 1 (ok)
[dplay] Send 33 bytes pid 1 -> 2 (ok)
[dplay] received 14 data bytes from pid 4
[dplay] Send 14 bytes pid 3 -> 1 (ok)
[dplay] Send 33 bytes pid 1 -> 2 (ok)
[dplay] received 14 data bytes from pid 4
[dplay] Send 14 bytes pid 3 -> 1 (ok)
[dplay] Send 33 bytes pid 1 -> 2 (ok)
[agg] StaticTimeProc 49/s  impl=1 host=1 running=1 resync=0 served=0  -> AggregatorGetPackets 49/s
[dplay] received 14 data bytes from pid 4
[agg] loopback 26/s  from=3 to=1 (local player or group)
[dplay] Send 14 bytes pid 3 -> 1 (ok)
[agg] aggregator received 26 msg/s  right-size 26  mapped-to-slot 26  from: 3 4  (H2H dpids: [0]=3 [1]=4)  sizeof(ACPACKET)=14
[dplay] Send 33 bytes pid 1 -> 2 (ok)
[agg] SendEx aggpacket 13/s  from=1 to=2(playergroup) players=2 size=33 res=0x0
[dplay] received 14 data bytes from pid 4
[dplay] Send 33 bytes pid 1 -> 2 (ok)
[dplay] Send 14 bytes pid 3 -> 1 (ok)
[dplay] Send 19 bytes pid 1 -> 2 (ok)
[dplay] received 14 data bytes from pid 4
[dplay] Send 14 bytes pid 3 -> 1 (ok)
[dplay] Send 33 bytes pid 1 -> 2 (ok)
[dplay] received 14 data bytes from pid 4
[dplay] Send 14 bytes pid 3 -> 1 (ok)
[dplay] Send 33 bytes pid 1 -> 2 (ok)
[dplay] received 14 data bytes from pid 4
[dplay] Send 14 bytes pid 3 -> 1 (ok)
[dplay] Send 33 bytes pid 1 -> 2 (ok)
[dplay] received 14 data bytes from pid 4
[dplay] Send 14 bytes pid 3 -> 1 (ok)
[dplay] Send 33 bytes pid 1 -> 2 (ok)
[dplay] received 14 data bytes from pid 4
[dplay] Send 14 bytes pid 3 -> 1 (ok)
[dplay] Send 33 bytes pid 1 -> 2 (ok)
[dplay] received 14 data bytes from pid 4
[dplay] Send 14 bytes pid 3 -> 1 (ok)
[dplay] Send 33 bytes pid 1 -> 2 (ok)
[dplay] received 14 data bytes from pid 4
[dplay] Send 14 bytes pid 3 -> 1 (ok)
[dplay] Send 33 bytes pid 1 -> 2 (ok)
[dplay] received 14 data bytes from pid 4
[dplay] Send 14 bytes pid 3 -> 1 (ok)
[dplay] Send 33 bytes pid 1 -> 2 (ok)
[dplay] received 14 data bytes from pid 4
[dplay] Send 14 bytes pid 3 -> 1 (ok)
[dplay] Send 33 bytes pid 1 -> 2 (ok)
[dplay] received 14 data bytes from pid 4
[dplay] Send 14 bytes pid 3 -> 1 (ok)
[dplay] Send 33 bytes pid 1 -> 2 (ok)
[agg] StaticTimeProc 49/s  impl=1 host=1 running=1 resync=0 served=0  -> AggregatorGetPackets 49/s
[dplay] received 14 data bytes from pid 4
[agg] loopback 25/s  from=3 to=1 (local player or group)
[dplay] Send 14 bytes pid 3 -> 1 (ok)
[agg] aggregator received 24 msg/s  right-size 24  mapped-to-slot 24  from: 3 4  (H2H dpids: [0]=3 [1]=4)  sizeof(ACPACKET)=14
[dplay] Send 33 bytes pid 1 -> 2 (ok)
[agg] SendEx aggpacket 13/s  from=1 to=2(playergroup) players=2 size=33 res=0x0
[dplay] received 14 data bytes from pid 4
[dplay] Send 14 bytes pid 3 -> 1 (ok)
[dplay] Send 33 bytes pid 1 -> 2 (ok)
[dplay] received 14 data bytes from pid 4
[dplay] Send 14 bytes pid 3 -> 1 (ok)
[dplay] Send 33 bytes pid 1 -> 2 (ok)
[dplay] received 14 data bytes from pid 4
[dplay] Send 14 bytes pid 3 -> 1 (ok)
[dplay] Send 33 bytes pid 1 -> 2 (ok)
[dplay] received 14 data bytes from pid 4
[dplay] Send 14 bytes pid 3 -> 1 (ok)
[dplay] Send 33 bytes pid 1 -> 2 (ok)
[dplay] received 14 data bytes from pid 4
[dplay] Send 14 bytes pid 3 -> 1 (ok)
[dplay] Send 33 bytes pid 1 -> 2 (ok)
[accnt] aircraft in this world: now=8 MAX=8 visible=2 dead=6 (frame sample #5)
[dplay] received 14 data bytes from pid 4
[dplay] Send 14 bytes pid 3 -> 1 (ok)
[dplay] Send 33 bytes pid 1 -> 2 (ok)
[dplay] received 14 data bytes from pid 4
[dplay] Send 14 bytes pid 3 -> 1 (ok)
[dplay] Send 33 bytes pid 1 -> 2 (ok)
[dplay] received 14 data bytes from pid 4
[dplay] Send 14 bytes pid 3 -> 1 (ok)
[dplay] Send 33 bytes pid 1 -> 2 (ok)
[dplay] received 14 data bytes from pid 4
[dplay] Send 14 bytes pid 3 -> 1 (ok)
[dplay] Send 33 bytes pid 1 -> 2 (ok)
[dplay] received 14 data bytes from pid 4
[dplay] Send 14 bytes pid 3 -> 1 (ok)
[dplay] Send 33 bytes pid 1 -> 2 (ok)
[dplay] received 14 data bytes from pid 4
[dplay] Send 14 bytes pid 3 -> 1 (ok)
[dplay] Send 33 bytes pid 1 -> 2 (ok)
[dplay] received 14 data bytes from pid 4
[dplay] Send 14 bytes pid 3 -> 1 (ok)
[dplay] Send 33 bytes pid 1 -> 2 (ok)
[agg] StaticTimeProc 49/s  impl=1 host=1 running=1 resync=0 served=0  -> AggregatorGetPackets 49/s
[dplay] received 14 data bytes from pid 4
[agg] loopback 26/s  from=3 to=1 (local player or group)
[dplay] Send 14 bytes pid 3 -> 1 (ok)
[agg] aggregator received 26 msg/s  right-size 26  mapped-to-slot 26  from: 3 4  (H2H dpids: [0]=3 [1]=4)  sizeof(ACPACKET)=14
[dplay] Send 33 bytes pid 1 -> 2 (ok)
[agg] SendEx aggpacket 13/s  from=1 to=2(playergroup) players=2 size=33 res=0x0
[dplay] received 14 data bytes from pid 4
[dplay] Send 14 bytes pid 3 -> 1 (ok)
[dplay] Send 33 bytes pid 1 -> 2 (ok)
[dplay] received 14 data bytes from pid 4
[dplay] Send 14 bytes pid 3 -> 1 (ok)
[dplay] Send 33 bytes pid 1 -> 2 (ok)
[dplay] received 14 data bytes from pid 4
[dplay] Send 14 bytes pid 3 -> 1 (ok)
[dplay] Send 33 bytes pid 1 -> 2 (ok)
[dplay] received 14 data bytes from pid 4
[dplay] Send 14 bytes pid 3 -> 1 (ok)
[dplay] Send 33 bytes pid 1 -> 2 (ok)
[dplay] received 14 data bytes from pid 4
[dplay] Send 14 bytes pid 3 -> 1 (ok)
[dplay] Send 33 bytes pid 1 -> 2 (ok)
[dplay] received 14 data bytes from pid 4
[dplay] Send 14 bytes pid 3 -> 1 (ok)
[dplay] Send 33 bytes pid 1 -> 2 (ok)
[dplay] received 14 data bytes from pid 4
[dplay] Send 14 bytes pid 3 -> 1 (ok)
[dplay] Send 33 bytes pid 1 -> 2 (ok)
[dplay] received 14 data bytes from pid 4
[dplay] Send 14 bytes pid 3 -> 1 (ok)
[dplay] Send 33 bytes pid 1 -> 2 (ok)
[dplay] received 14 data bytes from pid 4
[dplay] Send 14 bytes pid 3 -> 1 (ok)
[dplay] Send 33 bytes pid 1 -> 2 (ok)
[dplay] pump #572000 (host=1) -- discovery is answered only from here
[dplay] received 14 data bytes from pid 4
[dplay] Send 14 bytes pid 3 -> 1 (ok)
[dplay] Send 33 bytes pid 1 -> 2 (ok)
[dplay] received 14 data bytes from pid 4
[dplay] Send 14 bytes pid 3 -> 1 (ok)
[dplay] Send 33 bytes pid 1 -> 2 (ok)
[agg] StaticTimeProc 49/s  impl=1 host=1 running=1 resync=0 served=0  -> AggregatorGetPackets 49/s
[dplay] received 14 data bytes from pid 4
[agg] loopback 24/s  from=3 to=1 (local player or group)
[dplay] Send 14 bytes pid 3 -> 1 (ok)
[agg] aggregator received 24 msg/s  right-size 24  mapped-to-slot 24  from: 3 4  (H2H dpids: [0]=3 [1]=4)  sizeof(ACPACKET)=14
[dplay] Send 33 bytes pid 1 -> 2 (ok)
[agg] SendEx aggpacket 12/s  from=1 to=2(playergroup) players=2 size=33 res=0x0
[dplay] received 14 data bytes from pid 4
[dplay] Send 14 bytes pid 3 -> 1 (ok)
[dplay] Send 33 bytes pid 1 -> 2 (ok)
[dplay] received 14 data bytes from pid 4
[dplay] Send 14 bytes pid 3 -> 1 (ok)
[dplay] Send 33 bytes pid 1 -> 2 (ok)
[dplay] received 14 data bytes from pid 4
[dplay] Send 14 bytes pid 3 -> 1 (ok)
[dplay] Send 33 bytes pid 1 -> 2 (ok)
[dplay] received 14 data bytes from pid 4
[dplay] Send 14 bytes pid 3 -> 1 (ok)
[dplay] Send 33 bytes pid 1 -> 2 (ok)
[dplay] received 14 data bytes from pid 4
[dplay] Send 14 bytes pid 3 -> 1 (ok)
[dplay] Send 33 bytes pid 1 -> 2 (ok)
[dplay] received 14 data bytes from pid 4
[dplay] Send 14 bytes pid 3 -> 1 (ok)
[dplay] Send 33 bytes pid 1 -> 2 (ok)
[dplay] received 14 data bytes from pid 4
[dplay] Send 14 bytes pid 3 -> 1 (ok)
[dplay] Send 33 bytes pid 1 -> 2 (ok)
[dplay] received 14 data bytes from pid 4
[dplay] Send 14 bytes pid 3 -> 1 (ok)
[dplay] Send 33 bytes pid 1 -> 2 (ok)
[dplay] received 14 data bytes from pid 4
[dplay] Send 14 bytes pid 3 -> 1 (ok)
[dplay] Send 33 bytes pid 1 -> 2 (ok)
[dplay] received 14 data bytes from pid 4
[dplay] Send 19 bytes pid 1 -> 2 (ok)
[dplay] Send 14 bytes pid 3 -> 1 (ok)
[dplay] received 14 data bytes from pid 4
[dplay] Send 33 bytes pid 1 -> 2 (ok)
[dplay] Send 14 bytes pid 3 -> 1 (ok)
[dplay] received 14 data bytes from pid 4
[dplay] Send 33 bytes pid 1 -> 2 (ok)
[dplay] Send 14 bytes pid 3 -> 1 (ok)
[agg] StaticTimeProc 50/s  impl=1 host=1 running=1 resync=0 served=0  -> AggregatorGetPackets 50/s
[dplay] received 14 data bytes from pid 4
[agg] loopback 26/s  from=3 to=1 (local player or group)
[dplay] Send 14 bytes pid 3 -> 1 (ok)
[agg] aggregator received 26 msg/s  right-size 26  mapped-to-slot 26  from: 3 4  (H2H dpids: [0]=3 [1]=4)  sizeof(ACPACKET)=14
[dplay] Send 33 bytes pid 1 -> 2 (ok)
[agg] SendEx aggpacket 13/s  from=1 to=2(playergroup) players=2 size=33 res=0x0
[dplay] received 14 data bytes from pid 4
[dplay] Send 14 bytes pid 3 -> 1 (ok)
[dplay] Send 33 bytes pid 1 -> 2 (ok)
[dplay] received 14 data bytes from pid 4
[dplay] Send 14 bytes pid 3 -> 1 (ok)
[dplay] Send 33 bytes pid 1 -> 2 (ok)
[dplay] received 14 data bytes from pid 4
[dplay] Send 14 bytes pid 3 -> 1 (ok)
[dplay] Send 33 bytes pid 1 -> 2 (ok)
[peer] uid=3585 found=1 visible=0 dead=0 range=4414m
[accnt] CHANGE at call 3143: aircraft=8 MAX=8 visible=1 dead=6
[dplay] received 14 data bytes from pid 4
[dplay] Send 14 bytes pid 3 -> 1 (ok)
[dplay] Send 33 bytes pid 1 -> 2 (ok)
[dplay] received 14 data bytes from pid 4
[dplay] Send 14 bytes pid 3 -> 1 (ok)
[dplay] Send 33 bytes pid 1 -> 2 (ok)
[dplay] received 14 data bytes from pid 4
[dplay] Send 14 bytes pid 3 -> 1 (ok)
[dplay] Send 33 bytes pid 1 -> 2 (ok)
[dplay] received 14 data bytes from pid 4
[dplay] Send 14 bytes pid 3 -> 1 (ok)
[dplay] Send 33 bytes pid 1 -> 2 (ok)
[dplay] received 14 data bytes from pid 4
[dplay] Send 14 bytes pid 3 -> 1 (ok)
[dplay] Send 33 bytes pid 1 -> 2 (ok)
[dplay] received 14 data bytes from pid 4
[dplay] Send 14 bytes pid 3 -> 1 (ok)
[dplay] Send 33 bytes pid 1 -> 2 (ok)
[dplay] received 14 data bytes from pid 4
[dplay] Send 14 bytes pid 3 -> 1 (ok)
[dplay] Send 33 bytes pid 1 -> 2 (ok)
[dplay] received 14 data bytes from pid 4
[dplay] Send 33 bytes pid 1 -> 2 (ok)
[dplay] Send 14 bytes pid 3 -> 1 (ok)
[dplay] Send 19 bytes pid 1 -> 2 (ok)
[agg] StaticTimeProc 49/s  impl=1 host=1 running=1 resync=0 served=0  -> AggregatorGetPackets 49/s
[dplay] received 14 data bytes from pid 4
[agg] aggregator received 24 msg/s  right-size 24  mapped-to-slot 24  from: 3 4  (H2H dpids: [0]=3 [1]=4)  sizeof(ACPACKET)=14
[agg] loopback 25/s  from=3 to=1 (local player or group)
[dplay] Send 14 bytes pid 3 -> 1 (ok)
[dplay] Send 33 bytes pid 1 -> 2 (ok)
[agg] SendEx aggpacket 13/s  from=1 to=2(playergroup) players=2 size=33 res=0x0
[dplay] received 14 data bytes from pid 4
[dplay] Send 14 bytes pid 3 -> 1 (ok)
[dplay] Send 33 bytes pid 1 -> 2 (ok)
[dplay] received 14 data bytes from pid 4
[dplay] Send 14 bytes pid 3 -> 1 (ok)
[dplay] Send 33 bytes pid 1 -> 2 (ok)
[dplay] received 14 data bytes from pid 4
[dplay] Send 14 bytes pid 3 -> 1 (ok)
[dplay] Send 33 bytes pid 1 -> 2 (ok)
[dplay] received 14 data bytes from pid 4
[dplay] Send 14 bytes pid 3 -> 1 (ok)
[dplay] Send 33 bytes pid 1 -> 2 (ok)
[dplay] received 14 data bytes from pid 4
[dplay] Send 14 bytes pid 3 -> 1 (ok)
[dplay] Send 33 bytes pid 1 -> 2 (ok)
[dplay] received 14 data bytes from pid 4
[dplay] Send 14 bytes pid 3 -> 1 (ok)
[dplay] Send 33 bytes pid 1 -> 2 (ok)
[dplay] received 14 data bytes from pid 4
[dplay] Send 14 bytes pid 3 -> 1 (ok)
[dplay] Send 33 bytes pid 1 -> 2 (ok)
[dplay] received 14 data bytes from pid 4
[dplay] Send 14 bytes pid 3 -> 1 (ok)
[dplay] Send 33 bytes pid 1 -> 2 (ok)
[dplay] received 14 data bytes from pid 4
[dplay] Send 14 bytes pid 3 -> 1 (ok)
[dplay] Send 33 bytes pid 1 -> 2 (ok)
[dplay] received 14 data bytes from pid 4
[dplay] Send 14 bytes pid 3 -> 1 (ok)
[dplay] Send 33 bytes pid 1 -> 2 (ok)
[dplay] received 14 data bytes from pid 4
[dplay] Send 14 bytes pid 3 -> 1 (ok)
[dplay] Send 33 bytes pid 1 -> 2 (ok)
[dplay] received 14 data bytes from pid 4
[dplay] Send 14 bytes pid 3 -> 1 (ok)
[dplay] Send 33 bytes pid 1 -> 2 (ok)
[agg] StaticTimeProc 49/s  impl=1 host=1 running=1 resync=0 served=0  -> AggregatorGetPackets 49/s
[dplay] received 14 data bytes from pid 4
[agg] loopback 26/s  from=3 to=1 (local player or group)
[dplay] Send 14 bytes pid 3 -> 1 (ok)
[agg] aggregator received 26 msg/s  right-size 26  mapped-to-slot 26  from: 3 4  (H2H dpids: [0]=3 [1]=4)  sizeof(ACPACKET)=14
[dplay] Send 33 bytes pid 1 -> 2 (ok)
[agg] SendEx aggpacket 13/s  from=1 to=2(playergroup) players=2 size=33 res=0x0
[dplay] received 14 data bytes from pid 4
[dplay] Send 14 bytes pid 3 -> 1 (ok)
[dplay] Send 33 bytes pid 1 -> 2 (ok)
[dplay] received 14 data bytes from pid 4
[dplay] Send 14 bytes pid 3 -> 1 (ok)
[dplay] Send 33 bytes pid 1 -> 2 (ok)
[dplay] received 14 data bytes from pid 4
[dplay] Send 14 bytes pid 3 -> 1 (ok)
[dplay] Send 33 bytes pid 1 -> 2 (ok)
[dplay] received 14 data bytes from pid 4
[dplay] Send 14 bytes pid 3 -> 1 (ok)
[dplay] Send 33 bytes pid 1 -> 2 (ok)
[dplay] pump #572500 (host=1) -- discovery is answered only from here
[dplay] received 14 data bytes from pid 4
[dplay] Send 14 bytes pid 3 -> 1 (ok)
[dplay] Send 33 bytes pid 1 -> 2 (ok)
[dplay] received 14 data bytes from pid 4
[dplay] Send 14 bytes pid 3 -> 1 (ok)
[dplay] Send 33 bytes pid 1 -> 2 (ok)
[dplay] received 14 data bytes from pid 4
[dplay] Send 14 bytes pid 3 -> 1 (ok)
[dplay] Send 33 bytes pid 1 -> 2 (ok)
[dplay] received 14 data bytes from pid 4
[dplay] Send 14 bytes pid 3 -> 1 (ok)
[dplay] Send 33 bytes pid 1 -> 2 (ok)
[dplay] received 14 data bytes from pid 4
[dplay] Send 14 bytes pid 3 -> 1 (ok)
[dplay] Send 33 bytes pid 1 -> 2 (ok)
[dplay] received 14 data bytes from pid 4
[dplay] Send 14 bytes pid 3 -> 1 (ok)
[dplay] Send 33 bytes pid 1 -> 2 (ok)
[dplay] received 14 data bytes from pid 4
[dplay] Send 14 bytes pid 3 -> 1 (ok)
[dplay] Send 33 bytes pid 1 -> 2 (ok)
[agg] StaticTimeProc 49/s  impl=1 host=1 running=1 resync=0 served=0  -> AggregatorGetPackets 49/s
[dplay] received 14 data bytes from pid 4
[agg] loopback 24/s  from=3 to=1 (local player or group)
[dplay] Send 14 bytes pid 3 -> 1 (ok)
[agg] aggregator received 24 msg/s  right-size 24  mapped-to-slot 24  from: 3 4  (H2H dpids: [0]=3 [1]=4)  sizeof(ACPACKET)=14
[dplay] Send 33 bytes pid 1 -> 2 (ok)
[agg] SendEx aggpacket 12/s  from=1 to=2(playergroup) players=2 size=33 res=0x0
[dplay] received 14 data bytes from pid 4
[dplay] Send 14 bytes pid 3 -> 1 (ok)
[dplay] Send 33 bytes pid 1 -> 2 (ok)
[dplay] received 14 data bytes from pid 4
[dplay] Send 14 bytes pid 3 -> 1 (ok)
[dplay] Send 33 bytes pid 1 -> 2 (ok)
[dplay] received 14 data bytes from pid 4
[dplay] Send 14 bytes pid 3 -> 1 (ok)
[dplay] Send 33 bytes pid 1 -> 2 (ok)
[dplay] received 14 data bytes from pid 4
[dplay] Send 14 bytes pid 3 -> 1 (ok)
[dplay] Send 33 bytes pid 1 -> 2 (ok)
[dplay] received 14 data bytes from pid 4
[dplay] Send 14 bytes pid 3 -> 1 (ok)
[dplay] Send 33 bytes pid 1 -> 2 (ok)
[dplay] received 14 data bytes from pid 4
[dplay] Send 14 bytes pid 3 -> 1 (ok)
[dplay] Send 33 bytes pid 1 -> 2 (ok)
[dplay] received 14 data bytes from pid 4
[dplay] Send 14 bytes pid 3 -> 1 (ok)
[dplay] Send 33 bytes pid 1 -> 2 (ok)
[dplay] received 14 data bytes from pid 4
[dplay] Send 14 bytes pid 3 -> 1 (ok)
[dplay] Send 33 bytes pid 1 -> 2 (ok)
[dplay] received 14 data bytes from pid 4
[dplay] Send 14 bytes pid 3 -> 1 (ok)
[dplay] Send 33 bytes pid 1 -> 2 (ok)
[dplay] received 14 data bytes from pid 4
[dplay] Send 14 bytes pid 3 -> 1 (ok)
[dplay] Send 33 bytes pid 1 -> 2 (ok)
[dplay] received 14 data bytes from pid 4
[dplay] Send 14 bytes pid 3 -> 1 (ok)
[dplay] Send 33 bytes pid 1 -> 2 (ok)
[dplay] received 14 data bytes from pid 4
[dplay] Send 14 bytes pid 3 -> 1 (ok)
[dplay] Send 33 bytes pid 1 -> 2 (ok)
[agg] StaticTimeProc 49/s  impl=1 host=1 running=1 resync=0 served=0  -> AggregatorGetPackets 49/s
[dplay] received 14 data bytes from pid 4
[agg] loopback 26/s  from=3 to=1 (local player or group)
[dplay] Send 14 bytes pid 3 -> 1 (ok)
[agg] aggregator received 26 msg/s  right-size 26  mapped-to-slot 26  from: 3 4  (H2H dpids: [0]=3 [1]=4)  sizeof(ACPACKET)=14
[dplay] Send 33 bytes pid 1 -> 2 (ok)
[agg] SendEx aggpacket 13/s  from=1 to=2(playergroup) players=2 size=33 res=0x0
[dplay] received 14 data bytes from pid 4
[dplay] Send 14 bytes pid 3 -> 1 (ok)
[dplay] Send 33 bytes pid 1 -> 2 (ok)
[dplay] received 14 data bytes from pid 4
[dplay] Send 14 bytes pid 3 -> 1 (ok)
[dplay] Send 33 bytes pid 1 -> 2 (ok)
[dplay] received 14 data bytes from pid 4
[dplay] Send 14 bytes pid 3 -> 1 (ok)
[dplay] Send 33 bytes pid 1 -> 2 (ok)
[dplay] received 14 data bytes from pid 4
[dplay] Send 14 bytes pid 3 -> 1 (ok)
[dplay] Send 33 bytes pid 1 -> 2 (ok)
[dplay] received 14 data bytes from pid 4
[dplay] Send 14 bytes pid 3 -> 1 (ok)
[dplay] Send 33 bytes pid 1 -> 2 (ok)
[dplay] received 14 data bytes from pid 4
[dplay] Send 19 bytes pid 1 -> 2 (ok)
[dplay] Send 14 bytes pid 3 -> 1 (ok)
[dplay] received 14 data bytes from pid 4
[dplay] Send 33 bytes pid 1 -> 2 (ok)
[dplay] Send 14 bytes pid 3 -> 1 (ok)
[dplay] received 14 data bytes from pid 4
[dplay] Send 33 bytes pid 1 -> 2 (ok)
[dplay] Send 14 bytes pid 3 -> 1 (ok)
[dplay] received 14 data bytes from pid 4
[dplay] Send 14 bytes pid 3 -> 1 (ok)
[dplay] Send 33 bytes pid 1 -> 2 (ok)
[dplay] received 14 data bytes from pid 4
[dplay] Send 14 bytes pid 3 -> 1 (ok)
[dplay] Send 33 bytes pid 1 -> 2 (ok)
[dplay] received 14 data bytes from pid 4
[dplay] Send 14 bytes pid 3 -> 1 (ok)
[dplay] Send 33 bytes pid 1 -> 2 (ok)
[dplay] received 14 data bytes from pid 4
[agg] loopback 24/s  from=3 to=1 (local player or group)
[dplay] Send 14 bytes pid 3 -> 1 (ok)
[agg] StaticTimeProc 50/s  impl=1 host=1 running=1 resync=0 served=0  -> AggregatorGetPackets 50/s
[agg] aggregator received 24 msg/s  right-size 24  mapped-to-slot 24  from: 3 4  (H2H dpids: [0]=3 [1]=4)  sizeof(ACPACKET)=14
[dplay] Send 33 bytes pid 1 -> 2 (ok)
[agg] SendEx aggpacket 12/s  from=1 to=2(playergroup) players=2 size=33 res=0x0
[dplay] received 14 data bytes from pid 4
[dplay] Send 14 bytes pid 3 -> 1 (ok)
[dplay] Send 33 bytes pid 1 -> 2 (ok)
[dplay] received 14 data bytes from pid 4
[dplay] Send 14 bytes pid 3 -> 1 (ok)
[dplay] Send 33 bytes pid 1 -> 2 (ok)
[dplay] received 14 data bytes from pid 4
[dplay] Send 14 bytes pid 3 -> 1 (ok)
[dplay] Send 33 bytes pid 1 -> 2 (ok)
[dplay] received 14 data bytes from pid 4
[dplay] Send 14 bytes pid 3 -> 1 (ok)
[dplay] Send 33 bytes pid 1 -> 2 (ok)
[dplay] received 14 data bytes from pid 4
[dplay] Send 14 bytes pid 3 -> 1 (ok)
[dplay] Send 33 bytes pid 1 -> 2 (ok)
[dplay] received 14 data bytes from pid 4
[dplay] Send 14 bytes pid 3 -> 1 (ok)
[dplay] Send 33 bytes pid 1 -> 2 (ok)
[dplay] received 14 data bytes from pid 4
[dplay] Send 14 bytes pid 3 -> 1 (ok)
[dplay] Send 33 bytes pid 1 -> 2 (ok)
[peer] uid=3585 found=1 visible=1 dead=0 range=4346m
[accnt] CHANGE at call 3407: aircraft=8 MAX=8 visible=2 dead=6
[dplay] received 14 data bytes from pid 4
[dplay] Send 14 bytes pid 3 -> 1 (ok)
[dplay] Send 33 bytes pid 1 -> 2 (ok)
[dplay] received 14 data bytes from pid 4
[dplay] Send 14 bytes pid 3 -> 1 (ok)
[dplay] Send 33 bytes pid 1 -> 2 (ok)
[dplay] received 14 data bytes from pid 4
[dplay] Send 14 bytes pid 3 -> 1 (ok)
[dplay] Send 33 bytes pid 1 -> 2 (ok)
[dplay] received 14 data bytes from pid 4
[dplay] Send 14 bytes pid 3 -> 1 (ok)
[dplay] Send 33 bytes pid 1 -> 2 (ok)
[dplay] received 14 data bytes from pid 4
[dplay] Send 33 bytes pid 1 -> 2 (ok)
[dplay] Send 14 bytes pid 3 -> 1 (ok)
[dplay] Send 19 bytes pid 1 -> 2 (ok)
[agg] StaticTimeProc 49/s  impl=1 host=1 running=1 resync=0 served=0  -> AggregatorGetPackets 49/s
[dplay] received 14 data bytes from pid 4
[agg] aggregator received 26 msg/s  right-size 26  mapped-to-slot 26  from: 3 4  (H2H dpids: [0]=3 [1]=4)  sizeof(ACPACKET)=14
[agg] loopback 27/s  from=3 to=1 (local player or group)
[dplay] Send 14 bytes pid 3 -> 1 (ok)
[dplay] Send 33 bytes pid 1 -> 2 (ok)
[agg] SendEx aggpacket 14/s  from=1 to=2(playergroup) players=2 size=33 res=0x0
[dplay] pump #573000 (host=1) -- discovery is answered only from here
[dplay] Send 14 bytes pid 3 -> 1 (ok)
[dplay] received 14 data bytes from pid 4
[dplay] Send 33 bytes pid 1 -> 2 (ok)
[dplay] received 14 data bytes from pid 4
[dplay] Send 14 bytes pid 3 -> 1 (ok)
[dplay] Send 33 bytes pid 1 -> 2 (ok)
[dplay] received 14 data bytes from pid 4
[dplay] Send 14 bytes pid 3 -> 1 (ok)
[dplay] Send 33 bytes pid 1 -> 2 (ok)
[dplay] received 14 data bytes from pid 4
[dplay] Send 14 bytes pid 3 -> 1 (ok)
[dplay] Send 33 bytes pid 1 -> 2 (ok)
[dplay] received 14 data bytes from pid 4
[dplay] Send 14 bytes pid 3 -> 1 (ok)
[dplay] Send 33 bytes pid 1 -> 2 (ok)
[dplay] received 14 data bytes from pid 4
[dplay] Send 14 bytes pid 3 -> 1 (ok)
[dplay] Send 33 bytes pid 1 -> 2 (ok)
[dplay] received 14 data bytes from pid 4
[dplay] Send 14 bytes pid 3 -> 1 (ok)
[dplay] Send 33 bytes pid 1 -> 2 (ok)
[dplay] received 14 data bytes from pid 4
[dplay] Send 14 bytes pid 3 -> 1 (ok)
[dplay] Send 33 bytes pid 1 -> 2 (ok)
[dplay] received 14 data bytes from pid 4
[dplay] Send 14 bytes pid 3 -> 1 (ok)
[dplay] Send 33 bytes pid 1 -> 2 (ok)
[dplay] received 14 data bytes from pid 4
[dplay] Send 14 bytes pid 3 -> 1 (ok)
[dplay] Send 33 bytes pid 1 -> 2 (ok)
[dplay] received 14 data bytes from pid 4
[dplay] Send 14 bytes pid 3 -> 1 (ok)
[dplay] Send 33 bytes pid 1 -> 2 (ok)
[agg] StaticTimeProc 49/s  impl=1 host=1 running=1 resync=0 served=0  -> AggregatorGetPackets 49/s
[dplay] received 14 data bytes from pid 4
[agg] loopback 24/s  from=3 to=1 (local player or group)
[dplay] Send 14 bytes pid 3 -> 1 (ok)
[agg] aggregator received 24 msg/s  right-size 24  mapped-to-slot 24  from: 3 4  (H2H dpids: [0]=3 [1]=4)  sizeof(ACPACKET)=14
[dplay] Send 33 bytes pid 1 -> 2 (ok)
[agg] SendEx aggpacket 12/s  from=1 to=2(playergroup) players=2 size=33 res=0x0
[dplay] received 14 data bytes from pid 4
[dplay] Send 14 bytes pid 3 -> 1 (ok)
[dplay] Send 33 bytes pid 1 -> 2 (ok)
[dplay] received 14 data bytes from pid 4
[dplay] Send 14 bytes pid 3 -> 1 (ok)
[dplay] Send 33 bytes pid 1 -> 2 (ok)
[dplay] received 14 data bytes from pid 4
[dplay] Send 14 bytes pid 3 -> 1 (ok)
[dplay] Send 33 bytes pid 1 -> 2 (ok)
[dplay] received 14 data bytes from pid 4
[dplay] Send 14 bytes pid 3 -> 1 (ok)
[dplay] Send 33 bytes pid 1 -> 2 (ok)
[dplay] received 14 data bytes from pid 4
[dplay] Send 14 bytes pid 3 -> 1 (ok)
[dplay] Send 33 bytes pid 1 -> 2 (ok)
[dplay] received 14 data bytes from pid 4
[dplay] Send 14 bytes pid 3 -> 1 (ok)
[dplay] Send 33 bytes pid 1 -> 2 (ok)
[dplay] received 14 data bytes from pid 4
[dplay] Send 14 bytes pid 3 -> 1 (ok)
[dplay] Send 33 bytes pid 1 -> 2 (ok)
[dplay] received 14 data bytes from pid 4
[dplay] Send 14 bytes pid 3 -> 1 (ok)
[dplay] Send 33 bytes pid 1 -> 2 (ok)
[dplay] received 14 data bytes from pid 4
[dplay] Send 14 bytes pid 3 -> 1 (ok)
[dplay] Send 33 bytes pid 1 -> 2 (ok)
[dplay] received 14 data bytes from pid 4
[dplay] Send 14 bytes pid 3 -> 1 (ok)
[dplay] Send 33 bytes pid 1 -> 2 (ok)
[dplay] received 14 data bytes from pid 4
[dplay] Send 14 bytes pid 3 -> 1 (ok)
[dplay] Send 33 bytes pid 1 -> 2 (ok)
[dplay] received 14 data bytes from pid 4
[dplay] Send 14 bytes pid 3 -> 1 (ok)
[dplay] Send 33 bytes pid 1 -> 2 (ok)
[agg] StaticTimeProc 49/s  impl=1 host=1 running=1 resync=0 served=0  -> AggregatorGetPackets 49/s
[dplay] received 14 data bytes from pid 4
[agg] loopback 26/s  from=3 to=1 (local player or group)
[dplay] Send 14 bytes pid 3 -> 1 (ok)
[agg] aggregator received 26 msg/s  right-size 26  mapped-to-slot 26  from: 3 4  (H2H dpids: [0]=3 [1]=4)  sizeof(ACPACKET)=14
[dplay] Send 33 bytes pid 1 -> 2 (ok)
[agg] SendEx aggpacket 13/s  from=1 to=2(playergroup) players=2 size=33 res=0x0
[dplay] received 14 data bytes from pid 4
[dplay] Send 14 bytes pid 3 -> 1 (ok)
[dplay] Send 33 bytes pid 1 -> 2 (ok)
[dplay] received 14 data bytes from pid 4
[dplay] Send 14 bytes pid 3 -> 1 (ok)
[dplay] Send 33 bytes pid 1 -> 2 (ok)
[dplay] received 14 data bytes from pid 4
[dplay] Send 14 bytes pid 3 -> 1 (ok)
[dplay] Send 33 bytes pid 1 -> 2 (ok)
[dplay] received 14 data bytes from pid 4
[dplay] Send 14 bytes pid 3 -> 1 (ok)
[dplay] Send 33 bytes pid 1 -> 2 (ok)
[dplay] received 14 data bytes from pid 4
[dplay] Send 14 bytes pid 3 -> 1 (ok)
[dplay] Send 33 bytes pid 1 -> 2 (ok)
[dplay] received 14 data bytes from pid 4
[dplay] Send 14 bytes pid 3 -> 1 (ok)
[dplay] Send 33 bytes pid 1 -> 2 (ok)
[dplay] received 14 data bytes from pid 4
[dplay] Send 14 bytes pid 3 -> 1 (ok)
[dplay] Send 33 bytes pid 1 -> 2 (ok)
[dplay] received 14 data bytes from pid 4
[dplay] Send 14 bytes pid 3 -> 1 (ok)
[dplay] Send 33 bytes pid 1 -> 2 (ok)
[dplay] received 14 data bytes from pid 4
[dplay] Send 14 bytes pid 3 -> 1 (ok)
[dplay] Send 33 bytes pid 1 -> 2 (ok)
[dplay] received 14 data bytes from pid 4
[dplay] Send 14 bytes pid 3 -> 1 (ok)
[dplay] Send 33 bytes pid 1 -> 2 (ok)
[dplay] received 14 data bytes from pid 4
[dplay] Send 14 bytes pid 3 -> 1 (ok)
[dplay] Send 33 bytes pid 1 -> 2 (ok)
[agg] StaticTimeProc 49/s  impl=1 host=1 running=1 resync=0 served=0  -> AggregatorGetPackets 49/s
[dplay] received 14 data bytes from pid 4
[agg] loopback 24/s  from=3 to=1 (local player or group)
[dplay] Send 14 bytes pid 3 -> 1 (ok)
[agg] aggregator received 24 msg/s  right-size 24  mapped-to-slot 24  from: 3 4  (H2H dpids: [0]=3 [1]=4)  sizeof(ACPACKET)=14
[dplay] Send 33 bytes pid 1 -> 2 (ok)
[agg] SendEx aggpacket 12/s  from=1 to=2(playergroup) players=2 size=33 res=0x0
[dplay] received 14 data bytes from pid 4
[dplay] Send 14 bytes pid 3 -> 1 (ok)
[dplay] Send 33 bytes pid 1 -> 2 (ok)
[dplay] received 14 data bytes from pid 4
[dplay] Send 14 bytes pid 3 -> 1 (ok)
[dplay] Send 33 bytes pid 1 -> 2 (ok)
[dplay] received 14 data bytes from pid 4
[dplay] Send 14 bytes pid 3 -> 1 (ok)
[dplay] Send 33 bytes pid 1 -> 2 (ok)
[dplay] received 14 data bytes from pid 4
[dplay] Send 14 bytes pid 3 -> 1 (ok)
[dplay] Send 33 bytes pid 1 -> 2 (ok)
[dplay] received 14 data bytes from pid 4
[dplay] Send 19 bytes pid 1 -> 2 (ok)
[dplay] Send 14 bytes pid 3 -> 1 (ok)
[accnt] aircraft in this world: now=8 MAX=8 visible=2 dead=6 (frame sample #6)
[dplay] received 14 data bytes from pid 4
[dplay] Send 33 bytes pid 1 -> 2 (ok)
[dplay] Send 14 bytes pid 3 -> 1 (ok)
[dplay] received 14 data bytes from pid 4
[dplay] Send 33 bytes pid 1 -> 2 (ok)
[dplay] Send 14 bytes pid 3 -> 1 (ok)
[dplay] received 14 data bytes from pid 4
[dplay] Send 14 bytes pid 3 -> 1 (ok)
[dplay] Send 33 bytes pid 1 -> 2 (ok)
[dplay] received 14 data bytes from pid 4
[dplay] Send 14 bytes pid 3 -> 1 (ok)
[dplay] pump #573500 (host=1) -- discovery is answered only from here
[dplay] Send 33 bytes pid 1 -> 2 (ok)
[dplay] received 14 data bytes from pid 4
[dplay] Send 14 bytes pid 3 -> 1 (ok)
[dplay] Send 33 bytes pid 1 -> 2 (ok)
[dplay] received 14 data bytes from pid 4
[dplay] Send 14 bytes pid 3 -> 1 (ok)
[dplay] Send 33 bytes pid 1 -> 2 (ok)
[dplay] received 14 data bytes from pid 4
[dplay] Send 14 bytes pid 3 -> 1 (ok)
[dplay] Send 33 bytes pid 1 -> 2 (ok)
[agg] StaticTimeProc 49/s  impl=1 host=1 running=1 resync=0 served=0  -> AggregatorGetPackets 49/s
[dplay] received 14 data bytes from pid 4
[agg] loopback 26/s  from=3 to=1 (local player or group)
[dplay] Send 14 bytes pid 3 -> 1 (ok)
[agg] aggregator received 26 msg/s  right-size 26  mapped-to-slot 26  from: 3 4  (H2H dpids: [0]=3 [1]=4)  sizeof(ACPACKET)=14
[dplay] Send 33 bytes pid 1 -> 2 (ok)
[agg] SendEx aggpacket 13/s  from=1 to=2(playergroup) players=2 size=33 res=0x0
[dplay] received 14 data bytes from pid 4
[dplay] Send 14 bytes pid 3 -> 1 (ok)
[dplay] Send 33 bytes pid 1 -> 2 (ok)
[dplay] received 14 data bytes from pid 4
[dplay] Send 14 bytes pid 3 -> 1 (ok)
[dplay] Send 33 bytes pid 1 -> 2 (ok)
[dplay] received 14 data bytes from pid 4
[dplay] Send 14 bytes pid 3 -> 1 (ok)
[dplay] Send 33 bytes pid 1 -> 2 (ok)
[dplay] received 14 data bytes from pid 4
[dplay] Send 14 bytes pid 3 -> 1 (ok)
[dplay] Send 33 bytes pid 1 -> 2 (ok)
[dplay] received 14 data bytes from pid 4
[dplay] Send 14 bytes pid 3 -> 1 (ok)
[dplay] Send 33 bytes pid 1 -> 2 (ok)
[dplay] received 14 data bytes from pid 4
[dplay] Send 14 bytes pid 3 -> 1 (ok)
[dplay] Send 33 bytes pid 1 -> 2 (ok)
[dplay] received 14 data bytes from pid 4
[dplay] Send 14 bytes pid 3 -> 1 (ok)
[dplay] Send 33 bytes pid 1 -> 2 (ok)
[dplay] received 14 data bytes from pid 4
[dplay] Send 14 bytes pid 3 -> 1 (ok)
[dplay] Send 33 bytes pid 1 -> 2 (ok)
[dplay] received 14 data bytes from pid 4
[dplay] Send 14 bytes pid 3 -> 1 (ok)
[dplay] Send 33 bytes pid 1 -> 2 (ok)
[dplay] received 14 data bytes from pid 4
[dplay] Send 33 bytes pid 1 -> 2 (ok)
[dplay] Send 14 bytes pid 3 -> 1 (ok)
[dplay] Send 19 bytes pid 1 -> 2 (ok)
[dplay] received 14 data bytes from pid 4
[dplay] Send 14 bytes pid 3 -> 1 (ok)
[dplay] Send 33 bytes pid 1 -> 2 (ok)
[dplay] received 14 data bytes from pid 4
[agg] StaticTimeProc 50/s  impl=1 host=1 running=1 resync=0 served=0  -> AggregatorGetPackets 50/s
[agg] aggregator received 24 msg/s  right-size 24  mapped-to-slot 24  from: 3 4  (H2H dpids: [0]=3 [1]=4)  sizeof(ACPACKET)=14
[agg] loopback 25/s  from=3 to=1 (local player or group)
[dplay] Send 14 bytes pid 3 -> 1 (ok)
[dplay] Send 33 bytes pid 1 -> 2 (ok)
[agg] SendEx aggpacket 13/s  from=1 to=2(playergroup) players=2 size=33 res=0x0
[dplay] received 14 data bytes from pid 4
[dplay] Send 14 bytes pid 3 -> 1 (ok)
[dplay] Send 33 bytes pid 1 -> 2 (ok)
[dplay] received 14 data bytes from pid 4
[dplay] Send 14 bytes pid 3 -> 1 (ok)
[dplay] Send 33 bytes pid 1 -> 2 (ok)
[dplay] received 14 data bytes from pid 4
[dplay] Send 14 bytes pid 3 -> 1 (ok)
[dplay] Send 33 bytes pid 1 -> 2 (ok)
[dplay] received 14 data bytes from pid 4
[dplay] Send 14 bytes pid 3 -> 1 (ok)
[dplay] Send 33 bytes pid 1 -> 2 (ok)
[dplay] received 14 data bytes from pid 4
[dplay] Send 14 bytes pid 3 -> 1 (ok)
[dplay] Send 33 bytes pid 1 -> 2 (ok)
[dplay] received 14 data bytes from pid 4
[dplay] Send 14 bytes pid 3 -> 1 (ok)
[dplay] Send 33 bytes pid 1 -> 2 (ok)
[dplay] received 14 data bytes from pid 4
[dplay] Send 14 bytes pid 3 -> 1 (ok)
[dplay] Send 33 bytes pid 1 -> 2 (ok)
[dplay] received 14 data bytes from pid 4
[dplay] Send 14 bytes pid 3 -> 1 (ok)
[dplay] Send 33 bytes pid 1 -> 2 (ok)
[dplay] received 14 data bytes from pid 4
[dplay] Send 14 bytes pid 3 -> 1 (ok)
[dplay] Send 33 bytes pid 1 -> 2 (ok)
[dplay] received 14 data bytes from pid 4
[dplay] Send 14 bytes pid 3 -> 1 (ok)
[dplay] Send 33 bytes pid 1 -> 2 (ok)
[dplay] received 14 data bytes from pid 4
[dplay] Send 14 bytes pid 3 -> 1 (ok)
[dplay] Send 33 bytes pid 1 -> 2 (ok)
[dplay] received 14 data bytes from pid 4
[dplay] Send 14 bytes pid 3 -> 1 (ok)
[dplay] Send 33 bytes pid 1 -> 2 (ok)
[agg] StaticTimeProc 49/s  impl=1 host=1 running=1 resync=0 served=0  -> AggregatorGetPackets 49/s
[dplay] received 14 data bytes from pid 4
[agg] loopback 26/s  from=3 to=1 (local player or group)
[dplay] Send 14 bytes pid 3 -> 1 (ok)
[agg] aggregator received 26 msg/s  right-size 26  mapped-to-slot 26  from: 3 4  (H2H dpids: [0]=3 [1]=4)  sizeof(ACPACKET)=14
[dplay] Send 33 bytes pid 1 -> 2 (ok)
[agg] SendEx aggpacket 13/s  from=1 to=2(playergroup) players=2 size=33 res=0x0
[dplay] received 14 data bytes from pid 4
[dplay] Send 14 bytes pid 3 -> 1 (ok)
[dplay] Send 33 bytes pid 1 -> 2 (ok)
[dplay] received 14 data bytes from pid 4
[dplay] Send 14 bytes pid 3 -> 1 (ok)
[dplay] Send 33 bytes pid 1 -> 2 (ok)
[dplay] received 14 data bytes from pid 4
[dplay] Send 14 bytes pid 3 -> 1 (ok)
[dplay] Send 33 bytes pid 1 -> 2 (ok)
[dplay] received 14 data bytes from pid 4
[dplay] Send 14 bytes pid 3 -> 1 (ok)
[dplay] Send 33 bytes pid 1 -> 2 (ok)
[dplay] received 14 data bytes from pid 4
[dplay] Send 14 bytes pid 3 -> 1 (ok)
[dplay] Send 33 bytes pid 1 -> 2 (ok)
[dplay] received 14 data bytes from pid 4
[dplay] Send 14 bytes pid 3 -> 1 (ok)
[dplay] Send 33 bytes pid 1 -> 2 (ok)
[dplay] received 14 data bytes from pid 4
[dplay] Send 14 bytes pid 3 -> 1 (ok)
[dplay] Send 33 bytes pid 1 -> 2 (ok)
[dplay] received 14 data bytes from pid 4
[dplay] Send 14 bytes pid 3 -> 1 (ok)
[dplay] Send 33 bytes pid 1 -> 2 (ok)
[dplay] received 14 data bytes from pid 4
[dplay] Send 14 bytes pid 3 -> 1 (ok)
[dplay] Send 33 bytes pid 1 -> 2 (ok)
[dplay] received 14 data bytes from pid 4
[dplay] Send 14 bytes pid 3 -> 1 (ok)
[dplay] Send 33 bytes pid 1 -> 2 (ok)
[dplay] received 14 data bytes from pid 4
[dplay] Send 14 bytes pid 3 -> 1 (ok)
[dplay] Send 33 bytes pid 1 -> 2 (ok)
[agg] StaticTimeProc 49/s  impl=1 host=1 running=1 resync=0 served=0  -> AggregatorGetPackets 49/s
[dplay] received 14 data bytes from pid 4
[agg] loopback 24/s  from=3 to=1 (local player or group)
[dplay] Send 14 bytes pid 3 -> 1 (ok)
[agg] aggregator received 24 msg/s  right-size 24  mapped-to-slot 24  from: 3 4  (H2H dpids: [0]=3 [1]=4)  sizeof(ACPACKET)=14
[dplay] Send 33 bytes pid 1 -> 2 (ok)
[agg] SendEx aggpacket 12/s  from=1 to=2(playergroup) players=2 size=33 res=0x0
[dplay] received 14 data bytes from pid 4
[dplay] Send 14 bytes pid 3 -> 1 (ok)
[dplay] Send 33 bytes pid 1 -> 2 (ok)
[dplay] received 14 data bytes from pid 4
[dplay] Send 14 bytes pid 3 -> 1 (ok)
[dplay] Send 33 bytes pid 1 -> 2 (ok)
[dplay] received 14 data bytes from pid 4
[dplay] Send 14 bytes pid 3 -> 1 (ok)
[dplay] Send 33 bytes pid 1 -> 2 (ok)
[dplay] received 14 data bytes from pid 4
[dplay] Send 14 bytes pid 3 -> 1 (ok)
[dplay] Send 33 bytes pid 1 -> 2 (ok)
[dplay] pump #574000 (host=1) -- discovery is answered only from here
[dplay] received 14 data bytes from pid 4
[dplay] Send 14 bytes pid 3 -> 1 (ok)
[dplay] Send 33 bytes pid 1 -> 2 (ok)
[dplay] received 14 data bytes from pid 4
[dplay] Send 14 bytes pid 3 -> 1 (ok)
[dplay] Send 33 bytes pid 1 -> 2 (ok)
[dplay] received 14 data bytes from pid 4
[dplay] Send 14 bytes pid 3 -> 1 (ok)
[dplay] Send 33 bytes pid 1 -> 2 (ok)
[dplay] received 14 data bytes from pid 4
[dplay] Send 14 bytes pid 3 -> 1 (ok)
[dplay] Send 33 bytes pid 1 -> 2 (ok)
[dplay] received 14 data bytes from pid 4
[dplay] Send 14 bytes pid 3 -> 1 (ok)
[dplay] Send 33 bytes pid 1 -> 2 (ok)
[dplay] received 14 data bytes from pid 4
[dplay] Send 14 bytes pid 3 -> 1 (ok)
[dplay] Send 33 bytes pid 1 -> 2 (ok)
[dplay] received 14 data bytes from pid 4
[dplay] Send 14 bytes pid 3 -> 1 (ok)
[dplay] Send 33 bytes pid 1 -> 2 (ok)
[dplay] received 14 data bytes from pid 4
[dplay] Send 14 bytes pid 3 -> 1 (ok)
[dplay] Send 33 bytes pid 1 -> 2 (ok)
[agg] StaticTimeProc 49/s  impl=1 host=1 running=1 resync=0 served=0  -> AggregatorGetPackets 49/s
[dplay] received 14 data bytes from pid 4
[agg] loopback 26/s  from=3 to=1 (local player or group)
[dplay] Send 14 bytes pid 3 -> 1 (ok)
[agg] aggregator received 26 msg/s  right-size 26  mapped-to-slot 26  from: 3 4  (H2H dpids: [0]=3 [1]=4)  sizeof(ACPACKET)=14
[dplay] Send 33 bytes pid 1 -> 2 (ok)
[agg] SendEx aggpacket 13/s  from=1 to=2(playergroup) players=2 size=33 res=0x0
[dplay] received 14 data bytes from pid 4
[dplay] Send 14 bytes pid 3 -> 1 (ok)
[dplay] Send 33 bytes pid 1 -> 2 (ok)
[dplay] received 14 data bytes from pid 4
[dplay] Send 14 bytes pid 3 -> 1 (ok)
[dplay] Send 33 bytes pid 1 -> 2 (ok)
[dplay] received 14 data bytes from pid 4
[dplay] Send 14 bytes pid 3 -> 1 (ok)
[dplay] Send 33 bytes pid 1 -> 2 (ok)
[dplay] received 14 data bytes from pid 4
[dplay] Send 14 bytes pid 3 -> 1 (ok)
[dplay] Send 33 bytes pid 1 -> 2 (ok)
[dplay] received 14 data bytes from pid 4
[dplay] Send 14 bytes pid 3 -> 1 (ok)
[dplay] Send 33 bytes pid 1 -> 2 (ok)
[dplay] received 14 data bytes from pid 4
[dplay] Send 19 bytes pid 1 -> 2 (ok)
[dplay] Send 14 bytes pid 3 -> 1 (ok)
[dplay] received 14 data bytes from pid 4
[dplay] Send 33 bytes pid 1 -> 2 (ok)
[dplay] Send 14 bytes pid 3 -> 1 (ok)
[dplay] received 14 data bytes from pid 4
[dplay] Send 14 bytes pid 3 -> 1 (ok)
[dplay] Send 33 bytes pid 1 -> 2 (ok)
[dplay] received 14 data bytes from pid 4
[dplay] Send 14 bytes pid 3 -> 1 (ok)
[dplay] Send 33 bytes pid 1 -> 2 (ok)
[dplay] received 14 data bytes from pid 4
[dplay] Send 14 bytes pid 3 -> 1 (ok)
[dplay] Send 33 bytes pid 1 -> 2 (ok)
[dplay] received 14 data bytes from pid 4
[dplay] Send 14 bytes pid 3 -> 1 (ok)
[dplay] Send 33 bytes pid 1 -> 2 (ok)
[dplay] received 14 data bytes from pid 4
[agg] loopback 24/s  from=3 to=1 (local player or group)
[dplay] Send 14 bytes pid 3 -> 1 (ok)
[agg] StaticTimeProc 50/s  impl=1 host=1 running=1 resync=0 served=0  -> AggregatorGetPackets 50/s
[agg] aggregator received 24 msg/s  right-size 24  mapped-to-slot 24  from: 3 4  (H2H dpids: [0]=3 [1]=4)  sizeof(ACPACKET)=14
[dplay] Send 33 bytes pid 1 -> 2 (ok)
[agg] SendEx aggpacket 12/s  from=1 to=2(playergroup) players=2 size=33 res=0x0
[dplay] received 14 data bytes from pid 4
[dplay] Send 14 bytes pid 3 -> 1 (ok)
[dplay] Send 33 bytes pid 1 -> 2 (ok)
[dplay] received 14 data bytes from pid 4
[dplay] Send 14 bytes pid 3 -> 1 (ok)
[dplay] Send 33 bytes pid 1 -> 2 (ok)
[dplay] received 14 data bytes from pid 4
[dplay] Send 14 bytes pid 3 -> 1 (ok)
[dplay] Send 33 bytes pid 1 -> 2 (ok)
[dplay] received 14 data bytes from pid 4
[dplay] Send 14 bytes pid 3 -> 1 (ok)
[dplay] Send 33 bytes pid 1 -> 2 (ok)
[dplay] received 14 data bytes from pid 4
[dplay] Send 14 bytes pid 3 -> 1 (ok)
[dplay] Send 33 bytes pid 1 -> 2 (ok)
[dplay] received 14 data bytes from pid 4
[dplay] Send 14 bytes pid 3 -> 1 (ok)
[dplay] Send 33 bytes pid 1 -> 2 (ok)
[dplay] received 14 data bytes from pid 4
[dplay] Send 14 bytes pid 3 -> 1 (ok)
[dplay] Send 33 bytes pid 1 -> 2 (ok)
[dplay] received 14 data bytes from pid 4
[dplay] Send 33 bytes pid 1 -> 2 (ok)
[dplay] Send 14 bytes pid 3 -> 1 (ok)
[dplay] Send 19 bytes pid 1 -> 2 (ok)
[dplay] received 14 data bytes from pid 4
[dplay] Send 14 bytes pid 3 -> 1 (ok)
[dplay] Send 33 bytes pid 1 -> 2 (ok)
[dplay] received 14 data bytes from pid 4
[dplay] Send 14 bytes pid 3 -> 1 (ok)
[dplay] Send 33 bytes pid 1 -> 2 (ok)
[dplay] received 14 data bytes from pid 4
[dplay] Send 14 bytes pid 3 -> 1 (ok)
[dplay] Send 33 bytes pid 1 -> 2 (ok)
[dplay] received 14 data bytes from pid 4
[dplay] Send 14 bytes pid 3 -> 1 (ok)
[dplay] Send 33 bytes pid 1 -> 2 (ok)
[agg] StaticTimeProc 49/s  impl=1 host=1 running=1 resync=0 served=0  -> AggregatorGetPackets 49/s
[dplay] received 14 data bytes from pid 4
[agg] loopback 27/s  from=3 to=1 (local player or group)
[dplay] Send 14 bytes pid 3 -> 1 (ok)
[agg] aggregator received 26 msg/s  right-size 26  mapped-to-slot 26  from: 3 4  (H2H dpids: [0]=3 [1]=4)  sizeof(ACPACKET)=14
[dplay] Send 33 bytes pid 1 -> 2 (ok)
[agg] SendEx aggpacket 14/s  from=1 to=2(playergroup) players=2 size=33 res=0x0
[dplay] received 14 data bytes from pid 4
[dplay] Send 14 bytes pid 3 -> 1 (ok)
[dplay] Send 33 bytes pid 1 -> 2 (ok)
[dplay] received 14 data bytes from pid 4
[dplay] Send 14 bytes pid 3 -> 1 (ok)
[dplay] Send 33 bytes pid 1 -> 2 (ok)
[dplay] received 14 data bytes from pid 4
[dplay] Send 14 bytes pid 3 -> 1 (ok)
[dplay] Send 33 bytes pid 1 -> 2 (ok)
[dplay] received 14 data bytes from pid 4
[dplay] Send 14 bytes pid 3 -> 1 (ok)
[dplay] Send 33 bytes pid 1 -> 2 (ok)
[dplay] received 14 data bytes from pid 4
[dplay] Send 14 bytes pid 3 -> 1 (ok)
[dplay] Send 33 bytes pid 1 -> 2 (ok)
[dplay] received 14 data bytes from pid 4
[dplay] Send 14 bytes pid 3 -> 1 (ok)
[dplay] Send 33 bytes pid 1 -> 2 (ok)
[dplay] received 14 data bytes from pid 4
[dplay] Send 14 bytes pid 3 -> 1 (ok)
[dplay] Send 33 bytes pid 1 -> 2 (ok)
[dplay] received 14 data bytes from pid 4
[dplay] Send 14 bytes pid 3 -> 1 (ok)
[dplay] Send 33 bytes pid 1 -> 2 (ok)
[dplay] received 14 data bytes from pid 4
[dplay] Send 14 bytes pid 3 -> 1 (ok)
[dplay] Send 33 bytes pid 1 -> 2 (ok)
[dplay] received 14 data bytes from pid 4
[dplay] Send 14 bytes pid 3 -> 1 (ok)
[dplay] Send 33 bytes pid 1 -> 2 (ok)
[dplay] received 14 data bytes from pid 4
[dplay] Send 14 bytes pid 3 -> 1 (ok)
[dplay] Send 33 bytes pid 1 -> 2 (ok)
[agg] StaticTimeProc 49/s  impl=1 host=1 running=1 resync=0 served=0  -> AggregatorGetPackets 49/s
[dplay] pump #574500 (host=1) -- discovery is answered only from here
[dplay] received 14 data bytes from pid 4
[agg] loopback 24/s  from=3 to=1 (local player or group)
[dplay] Send 14 bytes pid 3 -> 1 (ok)
[agg] aggregator received 24 msg/s  right-size 24  mapped-to-slot 24  from: 3 4  (H2H dpids: [0]=3 [1]=4)  sizeof(ACPACKET)=14
[dplay] Send 33 bytes pid 1 -> 2 (ok)
[agg] SendEx aggpacket 12/s  from=1 to=2(playergroup) players=2 size=33 res=0x0
[dplay] received 14 data bytes from pid 4
[dplay] Send 14 bytes pid 3 -> 1 (ok)
[dplay] Send 33 bytes pid 1 -> 2 (ok)
[dplay] received 14 data bytes from pid 4
[dplay] Send 14 bytes pid 3 -> 1 (ok)
[dplay] Send 33 bytes pid 1 -> 2 (ok)
[dplay] received 14 data bytes from pid 4
[dplay] Send 14 bytes pid 3 -> 1 (ok)
[dplay] Send 33 bytes pid 1 -> 2 (ok)
[dplay] received 14 data bytes from pid 4
[dplay] Send 14 bytes pid 3 -> 1 (ok)
[dplay] Send 33 bytes pid 1 -> 2 (ok)
[dplay] received 14 data bytes from pid 4
[dplay] Send 14 bytes pid 3 -> 1 (ok)
[dplay] Send 33 bytes pid 1 -> 2 (ok)
[dplay] received 14 data bytes from pid 4
[dplay] Send 14 bytes pid 3 -> 1 (ok)
[dplay] Send 33 bytes pid 1 -> 2 (ok)
[dplay] received 14 data bytes from pid 4
[dplay] Send 14 bytes pid 3 -> 1 (ok)
[dplay] Send 33 bytes pid 1 -> 2 (ok)
[dplay] received 14 data bytes from pid 4
[dplay] Send 14 bytes pid 3 -> 1 (ok)
[dplay] Send 33 bytes pid 1 -> 2 (ok)
[dplay] received 14 data bytes from pid 4
[dplay] Send 14 bytes pid 3 -> 1 (ok)
[dplay] Send 33 bytes pid 1 -> 2 (ok)
[dplay] received 14 data bytes from pid 4
[dplay] Send 14 bytes pid 3 -> 1 (ok)
[dplay] Send 33 bytes pid 1 -> 2 (ok)
[dplay] received 14 data bytes from pid 4
[dplay] Send 14 bytes pid 3 -> 1 (ok)
[dplay] Send 33 bytes pid 1 -> 2 (ok)
[dplay] received 14 data bytes from pid 4
[dplay] Send 14 bytes pid 3 -> 1 (ok)
[dplay] Send 33 bytes pid 1 -> 2 (ok)
[agg] StaticTimeProc 49/s  impl=1 host=1 running=1 resync=0 served=0  -> AggregatorGetPackets 49/s
[dplay] received 14 data bytes from pid 4
[agg] loopback 26/s  from=3 to=1 (local player or group)
[dplay] Send 14 bytes pid 3 -> 1 (ok)
[agg] aggregator received 26 msg/s  right-size 26  mapped-to-slot 26  from: 3 4  (H2H dpids: [0]=3 [1]=4)  sizeof(ACPACKET)=14
[dplay] Send 33 bytes pid 1 -> 2 (ok)
[agg] SendEx aggpacket 13/s  from=1 to=2(playergroup) players=2 size=33 res=0x0
[dplay] received 14 data bytes from pid 4
[dplay] Send 14 bytes pid 3 -> 1 (ok)
[dplay] Send 33 bytes pid 1 -> 2 (ok)
[dplay] received 14 data bytes from pid 4
[dplay] Send 14 bytes pid 3 -> 1 (ok)
[dplay] Send 33 bytes pid 1 -> 2 (ok)
[dplay] received 14 data bytes from pid 4
[dplay] Send 14 bytes pid 3 -> 1 (ok)
[dplay] Send 33 bytes pid 1 -> 2 (ok)
[dplay] received 14 data bytes from pid 4
[dplay] Send 14 bytes pid 3 -> 1 (ok)
[dplay] Send 33 bytes pid 1 -> 2 (ok)
[dplay] received 14 data bytes from pid 4
[dplay] Send 14 bytes pid 3 -> 1 (ok)
[dplay] Send 33 bytes pid 1 -> 2 (ok)
[dplay] received 14 data bytes from pid 4
[dplay] Send 14 bytes pid 3 -> 1 (ok)
[dplay] Send 33 bytes pid 1 -> 2 (ok)
[dplay] received 14 data bytes from pid 4
[dplay] Send 14 bytes pid 3 -> 1 (ok)
[dplay] Send 33 bytes pid 1 -> 2 (ok)
[dplay] received 14 data bytes from pid 4
[dplay] Send 14 bytes pid 3 -> 1 (ok)
[dplay] Send 33 bytes pid 1 -> 2 (ok)
[dplay] received 14 data bytes from pid 4
[dplay] Send 14 bytes pid 3 -> 1 (ok)
[dplay] Send 33 bytes pid 1 -> 2 (ok)
[dplay] received 14 data bytes from pid 4
[dplay] Send 14 bytes pid 3 -> 1 (ok)
[dplay] Send 33 bytes pid 1 -> 2 (ok)
[dplay] received 14 data bytes from pid 4
[dplay] Send 14 bytes pid 3 -> 1 (ok)
[dplay] Send 33 bytes pid 1 -> 2 (ok)
[agg] StaticTimeProc 49/s  impl=1 host=1 running=1 resync=0 served=0  -> AggregatorGetPackets 49/s
[dplay] received 14 data bytes from pid 4
[agg] loopback 24/s  from=3 to=1 (local player or group)
[dplay] Send 14 bytes pid 3 -> 1 (ok)
[agg] aggregator received 24 msg/s  right-size 24  mapped-to-slot 24  from: 3 4  (H2H dpids: [0]=3 [1]=4)  sizeof(ACPACKET)=14
[dplay] Send 33 bytes pid 1 -> 2 (ok)
[agg] SendEx aggpacket 12/s  from=1 to=2(playergroup) players=2 size=33 res=0x0
[dplay] received 14 data bytes from pid 4
[dplay] Send 14 bytes pid 3 -> 1 (ok)
[dplay] Send 33 bytes pid 1 -> 2 (ok)
[dplay] received 14 data bytes from pid 4
[dplay] Send 14 bytes pid 3 -> 1 (ok)
[dplay] Send 33 bytes pid 1 -> 2 (ok)
[dplay] received 14 data bytes from pid 4
[dplay] Send 19 bytes pid 1 -> 2 (ok)
[dplay] Send 14 bytes pid 3 -> 1 (ok)
[dplay] received 14 data bytes from pid 4
[dplay] Send 33 bytes pid 1 -> 2 (ok)
[dplay] Send 14 bytes pid 3 -> 1 (ok)
[dplay] received 14 data bytes from pid 4
[dplay] Send 14 bytes pid 3 -> 1 (ok)
[dplay] Send 33 bytes pid 1 -> 2 (ok)
[dplay] received 14 data bytes from pid 4
[dplay] Send 14 bytes pid 3 -> 1 (ok)
[dplay] Send 33 bytes pid 1 -> 2 (ok)
[dplay] received 14 data bytes from pid 4
[dplay] Send 14 bytes pid 3 -> 1 (ok)
[dplay] Send 33 bytes pid 1 -> 2 (ok)
[dplay] received 14 data bytes from pid 4
[dplay] Send 14 bytes pid 3 -> 1 (ok)
[dplay] Send 33 bytes pid 1 -> 2 (ok)
[dplay] received 14 data bytes from pid 4
[dplay] Send 14 bytes pid 3 -> 1 (ok)
[dplay] Send 33 bytes pid 1 -> 2 (ok)
[dplay] received 14 data bytes from pid 4
[dplay] Send 14 bytes pid 3 -> 1 (ok)
[dplay] Send 33 bytes pid 1 -> 2 (ok)
[dplay] received 14 data bytes from pid 4
[dplay] Send 14 bytes pid 3 -> 1 (ok)
[dplay] Send 33 bytes pid 1 -> 2 (ok)
[dplay] received 14 data bytes from pid 4
[dplay] Send 14 bytes pid 3 -> 1 (ok)
[dplay] Send 33 bytes pid 1 -> 2 (ok)
[agg] StaticTimeProc 49/s  impl=1 host=1 running=1 resync=0 served=0  -> AggregatorGetPackets 49/s
[dplay] received 14 data bytes from pid 4
[agg] loopback 26/s  from=3 to=1 (local player or group)
[dplay] Send 14 bytes pid 3 -> 1 (ok)
[agg] aggregator received 26 msg/s  right-size 26  mapped-to-slot 26  from: 3 4  (H2H dpids: [0]=3 [1]=4)  sizeof(ACPACKET)=14
[dplay] Send 33 bytes pid 1 -> 2 (ok)
[agg] SendEx aggpacket 13/s  from=1 to=2(playergroup) players=2 size=33 res=0x0
[dplay] received 14 data bytes from pid 4
[dplay] Send 14 bytes pid 3 -> 1 (ok)
[dplay] Send 33 bytes pid 1 -> 2 (ok)
[dplay] received 14 data bytes from pid 4
[dplay] Send 14 bytes pid 3 -> 1 (ok)
[dplay] Send 33 bytes pid 1 -> 2 (ok)
[dplay] received 14 data bytes from pid 4
[dplay] Send 33 bytes pid 1 -> 2 (ok)
[dplay] Send 14 bytes pid 3 -> 1 (ok)
[dplay] Send 19 bytes pid 1 -> 2 (ok)
[dplay] received 14 data bytes from pid 4
[dplay] Send 14 bytes pid 3 -> 1 (ok)
[dplay] Send 33 bytes pid 1 -> 2 (ok)
[dplay] received 14 data bytes from pid 4
[dplay] Send 14 bytes pid 3 -> 1 (ok)
[dplay] Send 33 bytes pid 1 -> 2 (ok)
[dplay] received 14 data bytes from pid 4
[dplay] Send 14 bytes pid 3 -> 1 (ok)
[dplay] Send 33 bytes pid 1 -> 2 (ok)
[dplay] received 14 data bytes from pid 4
[dplay] Send 14 bytes pid 3 -> 1 (ok)
[dplay] Send 33 bytes pid 1 -> 2 (ok)
[dplay] pump #575000 (host=1) -- discovery is answered only from here
[dplay] received 14 data bytes from pid 4
[dplay] Send 14 bytes pid 3 -> 1 (ok)
[dplay] Send 33 bytes pid 1 -> 2 (ok)
[dplay] received 14 data bytes from pid 4
[dplay] Send 14 bytes pid 3 -> 1 (ok)
[dplay] Send 33 bytes pid 1 -> 2 (ok)
[dplay] received 14 data bytes from pid 4
[dplay] Send 14 bytes pid 3 -> 1 (ok)
[dplay] Send 33 bytes pid 1 -> 2 (ok)
[dplay] received 14 data bytes from pid 4
[dplay] Send 14 bytes pid 3 -> 1 (ok)
[dplay] Send 33 bytes pid 1 -> 2 (ok)
[agg] StaticTimeProc 49/s  impl=1 host=1 running=1 resync=0 served=0  -> AggregatorGetPackets 49/s
[dplay] received 14 data bytes from pid 4
[agg] loopback 25/s  from=3 to=1 (local player or group)
[dplay] Send 14 bytes pid 3 -> 1 (ok)
[agg] aggregator received 24 msg/s  right-size 24  mapped-to-slot 24  from: 3 4  (H2H dpids: [0]=3 [1]=4)  sizeof(ACPACKET)=14
[dplay] Send 33 bytes pid 1 -> 2 (ok)
[agg] SendEx aggpacket 13/s  from=1 to=2(playergroup) players=2 size=33 res=0x0
[dplay] received 14 data bytes from pid 4
[dplay] Send 14 bytes pid 3 -> 1 (ok)
[dplay] Send 33 bytes pid 1 -> 2 (ok)
[dplay] received 14 data bytes from pid 4
[dplay] Send 14 bytes pid 3 -> 1 (ok)
[dplay] Send 33 bytes pid 1 -> 2 (ok)
[dplay] received 14 data bytes from pid 4
[dplay] Send 14 bytes pid 3 -> 1 (ok)
[dplay] Send 33 bytes pid 1 -> 2 (ok)
[dplay] received 14 data bytes from pid 4
[dplay] Send 14 bytes pid 3 -> 1 (ok)
[dplay] Send 33 bytes pid 1 -> 2 (ok)
[dplay] received 14 data bytes from pid 4
[dplay] Send 14 bytes pid 3 -> 1 (ok)
[dplay] Send 33 bytes pid 1 -> 2 (ok)
[accnt] aircraft in this world: now=8 MAX=8 visible=2 dead=6 (frame sample #7)
[dplay] received 14 data bytes from pid 4
[dplay] Send 14 bytes pid 3 -> 1 (ok)
[dplay] Send 33 bytes pid 1 -> 2 (ok)
[dplay] received 14 data bytes from pid 4
[dplay] Send 14 bytes pid 3 -> 1 (ok)
[dplay] Send 33 bytes pid 1 -> 2 (ok)
[dplay] received 14 data bytes from pid 4
[dplay] Send 14 bytes pid 3 -> 1 (ok)
[dplay] Send 33 bytes pid 1 -> 2 (ok)
[dplay] received 14 data bytes from pid 4
[dplay] Send 14 bytes pid 3 -> 1 (ok)
[dplay] Send 33 bytes pid 1 -> 2 (ok)
[dplay] received 14 data bytes from pid 4
[dplay] Send 14 bytes pid 3 -> 1 (ok)
[dplay] Send 33 bytes pid 1 -> 2 (ok)
[dplay] received 14 data bytes from pid 4
[dplay] Send 14 bytes pid 3 -> 1 (ok)
[dplay] Send 33 bytes pid 1 -> 2 (ok)
[dplay] received 14 data bytes from pid 4
[dplay] Send 14 bytes pid 3 -> 1 (ok)
[dplay] Send 33 bytes pid 1 -> 2 (ok)
[agg] StaticTimeProc 50/s  impl=1 host=1 running=1 resync=0 served=0  -> AggregatorGetPackets 50/s
[dplay] received 14 data bytes from pid 4
[agg] loopback 26/s  from=3 to=1 (local player or group)
[dplay] Send 14 bytes pid 3 -> 1 (ok)
[agg] aggregator received 26 msg/s  right-size 26  mapped-to-slot 26  from: 3 4  (H2H dpids: [0]=3 [1]=4)  sizeof(ACPACKET)=14
[dplay] Send 33 bytes pid 1 -> 2 (ok)
[agg] SendEx aggpacket 13/s  from=1 to=2(playergroup) players=2 size=33 res=0x0
[dplay] received 14 data bytes from pid 4
[dplay] Send 14 bytes pid 3 -> 1 (ok)
[dplay] Send 33 bytes pid 1 -> 2 (ok)
[dplay] received 14 data bytes from pid 4
[dplay] Send 14 bytes pid 3 -> 1 (ok)
[dplay] Send 33 bytes pid 1 -> 2 (ok)
[dplay] received 14 data bytes from pid 4
[dplay] Send 14 bytes pid 3 -> 1 (ok)
[dplay] Send 33 bytes pid 1 -> 2 (ok)
[dplay] received 14 data bytes from pid 4
[dplay] Send 14 bytes pid 3 -> 1 (ok)
[dplay] Send 33 bytes pid 1 -> 2 (ok)
[dplay] received 14 data bytes from pid 4
[dplay] Send 14 bytes pid 3 -> 1 (ok)
[dplay] Send 33 bytes pid 1 -> 2 (ok)
[dplay] received 14 data bytes from pid 4
[dplay] Send 14 bytes pid 3 -> 1 (ok)
[dplay] Send 33 bytes pid 1 -> 2 (ok)
[dplay] received 14 data bytes from pid 4
[dplay] Send 14 bytes pid 3 -> 1 (ok)
[dplay] Send 33 bytes pid 1 -> 2 (ok)
[dplay] received 14 data bytes from pid 4
[dplay] Send 14 bytes pid 3 -> 1 (ok)
[dplay] Send 33 bytes pid 1 -> 2 (ok)
[dplay] received 14 data bytes from pid 4
[dplay] Send 14 bytes pid 3 -> 1 (ok)
[dplay] Send 33 bytes pid 1 -> 2 (ok)
[dplay] received 14 data bytes from pid 4
[dplay] Send 14 bytes pid 3 -> 1 (ok)
[dplay] Send 33 bytes pid 1 -> 2 (ok)
[dplay] received 14 data bytes from pid 4
[dplay] Send 14 bytes pid 3 -> 1 (ok)
[dplay] Send 33 bytes pid 1 -> 2 (ok)
[agg] StaticTimeProc 49/s  impl=1 host=1 running=1 resync=0 served=0  -> AggregatorGetPackets 49/s
[dplay] received 14 data bytes from pid 4
[agg] loopback 24/s  from=3 to=1 (local player or group)
[dplay] Send 14 bytes pid 3 -> 1 (ok)
[agg] aggregator received 24 msg/s  right-size 24  mapped-to-slot 24  from: 3 4  (H2H dpids: [0]=3 [1]=4)  sizeof(ACPACKET)=14
[dplay] Send 33 bytes pid 1 -> 2 (ok)
[agg] SendEx aggpacket 12/s  from=1 to=2(playergroup) players=2 size=33 res=0x0
[dplay] received 14 data bytes from pid 4
[dplay] Send 14 bytes pid 3 -> 1 (ok)
[dplay] Send 33 bytes pid 1 -> 2 (ok)
[dplay] received 14 data bytes from pid 4
[dplay] Send 14 bytes pid 3 -> 1 (ok)
[dplay] Send 33 bytes pid 1 -> 2 (ok)
[dplay] received 14 data bytes from pid 4
[dplay] Send 14 bytes pid 3 -> 1 (ok)
[dplay] Send 33 bytes pid 1 -> 2 (ok)
[dplay] received 14 data bytes from pid 4
[dplay] Send 14 bytes pid 3 -> 1 (ok)
[dplay] Send 33 bytes pid 1 -> 2 (ok)
[dplay] received 14 data bytes from pid 4
[dplay] Send 14 bytes pid 3 -> 1 (ok)
[dplay] Send 33 bytes pid 1 -> 2 (ok)
[dplay] received 14 data bytes from pid 4
[dplay] Send 14 bytes pid 3 -> 1 (ok)
[dplay] Send 33 bytes pid 1 -> 2 (ok)
[dplay] received 14 data bytes from pid 4
[dplay] Send 14 bytes pid 3 -> 1 (ok)
[dplay] Send 33 bytes pid 1 -> 2 (ok)
[dplay] received 14 data bytes from pid 4
[dplay] Send 14 bytes pid 3 -> 1 (ok)
[dplay] Send 33 bytes pid 1 -> 2 (ok)
[dplay] received 14 data bytes from pid 4
[dplay] Send 14 bytes pid 3 -> 1 (ok)
[dplay] Send 33 bytes pid 1 -> 2 (ok)
[dplay] received 14 data bytes from pid 4
[dplay] Send 14 bytes pid 3 -> 1 (ok)
[dplay] Send 33 bytes pid 1 -> 2 (ok)
[dplay] received 14 data bytes from pid 4
[dplay] Send 14 bytes pid 3 -> 1 (ok)
[dplay] Send 33 bytes pid 1 -> 2 (ok)
[dplay] received 14 data bytes from pid 4
[dplay] Send 14 bytes pid 3 -> 1 (ok)
[dplay] Send 33 bytes pid 1 -> 2 (ok)
[agg] StaticTimeProc 49/s  impl=1 host=1 running=1 resync=0 served=0  -> AggregatorGetPackets 49/s
[dplay] received 14 data bytes from pid 4
[agg] loopback 26/s  from=3 to=1 (local player or group)
[dplay] Send 14 bytes pid 3 -> 1 (ok)
[agg] aggregator received 26 msg/s  right-size 26  mapped-to-slot 26  from: 3 4  (H2H dpids: [0]=3 [1]=4)  sizeof(ACPACKET)=14
[dplay] Send 33 bytes pid 1 -> 2 (ok)
[agg] SendEx aggpacket 13/s  from=1 to=2(playergroup) players=2 size=33 res=0x0
[dplay] received 14 data bytes from pid 4
[dplay] Send 14 bytes pid 3 -> 1 (ok)
[dplay] Send 33 bytes pid 1 -> 2 (ok)
[dplay] received 14 data bytes from pid 4
[dplay] Send 14 bytes pid 3 -> 1 (ok)
[dplay] Send 33 bytes pid 1 -> 2 (ok)
[dplay] received 14 data bytes from pid 4
[dplay] Send 19 bytes pid 1 -> 2 (ok)
[dplay] pump #575500 (host=1) -- discovery is answered only from here
[dplay] Send 14 bytes pid 3 -> 1 (ok)
[dplay] received 14 data bytes from pid 4
[dplay] Send 33 bytes pid 1 -> 2 (ok)
[dplay] Send 14 bytes pid 3 -> 1 (ok)
[dplay] received 14 data bytes from pid 4
[dplay] Send 33 bytes pid 1 -> 2 (ok)
[dplay] Send 14 bytes pid 3 -> 1 (ok)
[dplay] received 14 data bytes from pid 4
[dplay] Send 14 bytes pid 3 -> 1 (ok)
[dplay] Send 33 bytes pid 1 -> 2 (ok)
[dplay] received 14 data bytes from pid 4
[dplay] Send 14 bytes pid 3 -> 1 (ok)
[dplay] Send 33 bytes pid 1 -> 2 (ok)
[dplay] received 14 data bytes from pid 4
[dplay] Send 14 bytes pid 3 -> 1 (ok)
[dplay] Send 33 bytes pid 1 -> 2 (ok)
[dplay] received 14 data bytes from pid 4
[dplay] Send 14 bytes pid 3 -> 1 (ok)
[dplay] Send 33 bytes pid 1 -> 2 (ok)
[dplay] received 14 data bytes from pid 4
[dplay] Send 14 bytes pid 3 -> 1 (ok)
[dplay] Send 33 bytes pid 1 -> 2 (ok)
[dplay] received 14 data bytes from pid 4
[dplay] Send 14 bytes pid 3 -> 1 (ok)
[dplay] Send 33 bytes pid 1 -> 2 (ok)
[agg] StaticTimeProc 49/s  impl=1 host=1 running=1 resync=0 served=0  -> AggregatorGetPackets 49/s
[dplay] received 14 data bytes from pid 4
[agg] loopback 24/s  from=3 to=1 (local player or group)
[dplay] Send 14 bytes pid 3 -> 1 (ok)
[agg] aggregator received 24 msg/s  right-size 24  mapped-to-slot 24  from: 3 4  (H2H dpids: [0]=3 [1]=4)  sizeof(ACPACKET)=14
[dplay] Send 33 bytes pid 1 -> 2 (ok)
[agg] SendEx aggpacket 12/s  from=1 to=2(playergroup) players=2 size=33 res=0x0
[dplay] received 14 data bytes from pid 4
[dplay] Send 14 bytes pid 3 -> 1 (ok)
[dplay] Send 33 bytes pid 1 -> 2 (ok)
[dplay] received 14 data bytes from pid 4
[dplay] Send 14 bytes pid 3 -> 1 (ok)
[dplay] Send 33 bytes pid 1 -> 2 (ok)
[dplay] received 14 data bytes from pid 4
[dplay] Send 14 bytes pid 3 -> 1 (ok)
[dplay] Send 33 bytes pid 1 -> 2 (ok)
[dplay] received 14 data bytes from pid 4
[dplay] Send 14 bytes pid 3 -> 1 (ok)
[dplay] Send 33 bytes pid 1 -> 2 (ok)
[dplay] received 14 data bytes from pid 4
[dplay] Send 14 bytes pid 3 -> 1 (ok)
[dplay] Send 33 bytes pid 1 -> 2 (ok)
[dplay] received 14 data bytes from pid 4
[dplay] Send 14 bytes pid 3 -> 1 (ok)
[dplay] Send 33 bytes pid 1 -> 2 (ok)
[dplay] received 14 data bytes from pid 4
[dplay] Send 14 bytes pid 3 -> 1 (ok)
[dplay] Send 33 bytes pid 1 -> 2 (ok)
[dplay] received 14 data bytes from pid 4
[dplay] Send 14 bytes pid 3 -> 1 (ok)
[dplay] Send 33 bytes pid 1 -> 2 (ok)
[dplay] received 14 data bytes from pid 4
[dplay] Send 33 bytes pid 1 -> 2 (ok)
[dplay] Send 14 bytes pid 3 -> 1 (ok)
[dplay] Send 19 bytes pid 1 -> 2 (ok)
[dplay] received 14 data bytes from pid 4
[dplay] Send 14 bytes pid 3 -> 1 (ok)
[dplay] Send 33 bytes pid 1 -> 2 (ok)
[dplay] received 14 data bytes from pid 4
[dplay] Send 14 bytes pid 3 -> 1 (ok)
[dplay] Send 33 bytes pid 1 -> 2 (ok)
[dplay] received 14 data bytes from pid 4
[dplay] Send 14 bytes pid 3 -> 1 (ok)
[dplay] Send 33 bytes pid 1 -> 2 (ok)
[agg] StaticTimeProc 50/s  impl=1 host=1 running=1 resync=0 served=0  -> AggregatorGetPackets 50/s
[dplay] received 14 data bytes from pid 4
[agg] loopback 27/s  from=3 to=1 (local player or group)
[dplay] Send 14 bytes pid 3 -> 1 (ok)
[agg] aggregator received 26 msg/s  right-size 26  mapped-to-slot 26  from: 3 4  (H2H dpids: [0]=3 [1]=4)  sizeof(ACPACKET)=14
[dplay] Send 33 bytes pid 1 -> 2 (ok)
[agg] SendEx aggpacket 14/s  from=1 to=2(playergroup) players=2 size=33 res=0x0
[dplay] received 14 data bytes from pid 4
[dplay] Send 14 bytes pid 3 -> 1 (ok)
[dplay] Send 33 bytes pid 1 -> 2 (ok)
[dplay] received 14 data bytes from pid 4
[dplay] Send 14 bytes pid 3 -> 1 (ok)
[dplay] Send 33 bytes pid 1 -> 2 (ok)
[dplay] received 14 data bytes from pid 4
[dplay] Send 14 bytes pid 3 -> 1 (ok)
[dplay] Send 33 bytes pid 1 -> 2 (ok)
[dplay] received 14 data bytes from pid 4
[dplay] Send 14 bytes pid 3 -> 1 (ok)
[dplay] Send 33 bytes pid 1 -> 2 (ok)
[dplay] received 14 data bytes from pid 4
[dplay] Send 14 bytes pid 3 -> 1 (ok)
[dplay] Send 33 bytes pid 1 -> 2 (ok)
[dplay] received 14 data bytes from pid 4
[dplay] Send 14 bytes pid 3 -> 1 (ok)
[dplay] Send 33 bytes pid 1 -> 2 (ok)
[dplay] received 14 data bytes from pid 4
[dplay] Send 14 bytes pid 3 -> 1 (ok)
[dplay] Send 33 bytes pid 1 -> 2 (ok)
[dplay] received 14 data bytes from pid 4
[dplay] Send 14 bytes pid 3 -> 1 (ok)
[dplay] Send 33 bytes pid 1 -> 2 (ok)
[dplay] received 14 data bytes from pid 4
[dplay] Send 14 bytes pid 3 -> 1 (ok)
[dplay] Send 33 bytes pid 1 -> 2 (ok)
[dplay] received 14 data bytes from pid 4
[dplay] Send 14 bytes pid 3 -> 1 (ok)
[dplay] Send 33 bytes pid 1 -> 2 (ok)
[dplay] received 14 data bytes from pid 4
[dplay] Send 14 bytes pid 3 -> 1 (ok)
[dplay] Send 33 bytes pid 1 -> 2 (ok)
[agg] StaticTimeProc 49/s  impl=1 host=1 running=1 resync=0 served=0  -> AggregatorGetPackets 49/s
[dplay] received 14 data bytes from pid 4
[agg] aggregator received 24 msg/s  right-size 24  mapped-to-slot 24  from: 3 4  (H2H dpids: [0]=3 [1]=4)  sizeof(ACPACKET)=14
[agg] loopback 24/s  from=3 to=1 (local player or group)
[dplay] Send 14 bytes pid 3 -> 1 (ok)
[dplay] Send 33 bytes pid 1 -> 2 (ok)
[agg] SendEx aggpacket 12/s  from=1 to=2(playergroup) players=2 size=33 res=0x0
[dplay] received 14 data bytes from pid 4
[dplay] Send 14 bytes pid 3 -> 1 (ok)
[dplay] Send 33 bytes pid 1 -> 2 (ok)
[dplay] received 14 data bytes from pid 4
[dplay] Send 14 bytes pid 3 -> 1 (ok)
[dplay] Send 33 bytes pid 1 -> 2 (ok)
[dplay] received 14 data bytes from pid 4
[dplay] Send 14 bytes pid 3 -> 1 (ok)
[dplay] Send 33 bytes pid 1 -> 2 (ok)
[dplay] received 14 data bytes from pid 4
[dplay] Send 14 bytes pid 3 -> 1 (ok)
[dplay] Send 33 bytes pid 1 -> 2 (ok)
[dplay] received 14 data bytes from pid 4
[dplay] Send 14 bytes pid 3 -> 1 (ok)
[dplay] Send 33 bytes pid 1 -> 2 (ok)
[dplay] received 14 data bytes from pid 4
[dplay] Send 14 bytes pid 3 -> 1 (ok)
[dplay] Send 33 bytes pid 1 -> 2 (ok)
[dplay] received 14 data bytes from pid 4
[dplay] Send 14 bytes pid 3 -> 1 (ok)
[dplay] Send 33 bytes pid 1 -> 2 (ok)
[dplay] received 14 data bytes from pid 4
[dplay] Send 14 bytes pid 3 -> 1 (ok)
[dplay] Send 33 bytes pid 1 -> 2 (ok)
[dplay] received 14 data bytes from pid 4
[dplay] Send 14 bytes pid 3 -> 1 (ok)
[dplay] Send 33 bytes pid 1 -> 2 (ok)
[dplay] received 14 data bytes from pid 4
[dplay] Send 14 bytes pid 3 -> 1 (ok)
[dplay] Send 33 bytes pid 1 -> 2 (ok)
[dplay] received 14 data bytes from pid 4
[dplay] Send 14 bytes pid 3 -> 1 (ok)
[dplay] Send 33 bytes pid 1 -> 2 (ok)
[dplay] pump #576000 (host=1) -- discovery is answered only from here
[dplay] received 14 data bytes from pid 4
[dplay] Send 14 bytes pid 3 -> 1 (ok)
[dplay] Send 33 bytes pid 1 -> 2 (ok)
[agg] StaticTimeProc 49/s  impl=1 host=1 running=1 resync=0 served=0  -> AggregatorGetPackets 49/s
[dplay] received 14 data bytes from pid 4
[agg] loopback 26/s  from=3 to=1 (local player or group)
[dplay] Send 14 bytes pid 3 -> 1 (ok)
[agg] aggregator received 26 msg/s  right-size 26  mapped-to-slot 26  from: 3 4  (H2H dpids: [0]=3 [1]=4)  sizeof(ACPACKET)=14
[dplay] Send 33 bytes pid 1 -> 2 (ok)
[agg] SendEx aggpacket 13/s  from=1 to=2(playergroup) players=2 size=33 res=0x0
[dplay] received 14 data bytes from pid 4
[dplay] Send 14 bytes pid 3 -> 1 (ok)
[dplay] Send 33 bytes pid 1 -> 2 (ok)
[dplay] received 14 data bytes from pid 4
[dplay] Send 14 bytes pid 3 -> 1 (ok)
[dplay] Send 33 bytes pid 1 -> 2 (ok)
[dplay] received 14 data bytes from pid 4
[dplay] Send 14 bytes pid 3 -> 1 (ok)
[dplay] Send 33 bytes pid 1 -> 2 (ok)
[self] uid=3584 visible=0 dead=1
[accnt] CHANGE at call 4544: aircraft=8 MAX=8 visible=1 dead=7
[dplay] received 14 data bytes from pid 4
[dplay] Send 14 bytes pid 3 -> 1 (ok)
[dplay] Send 33 bytes pid 1 -> 2 (ok)
[dplay] received 14 data bytes from pid 4
[dplay] Send 14 bytes pid 3 -> 1 (ok)
[dplay] Send 33 bytes pid 1 -> 2 (ok)
[dplay] received 14 data bytes from pid 4
[dplay] Send 14 bytes pid 3 -> 1 (ok)
[dplay] Send 33 bytes pid 1 -> 2 (ok)
[dplay] received 14 data bytes from pid 4
[dplay] Send 14 bytes pid 3 -> 1 (ok)
[dplay] Send 33 bytes pid 1 -> 2 (ok)
[dplay] received 14 data bytes from pid 4
[dplay] Send 14 bytes pid 3 -> 1 (ok)
[dplay] Send 33 bytes pid 1 -> 2 (ok)
[dplay] received 14 data bytes from pid 4
[dplay] Send 14 bytes pid 3 -> 1 (ok)
[dplay] Send 33 bytes pid 1 -> 2 (ok)
[dplay] received 14 data bytes from pid 4
[dplay] Send 14 bytes pid 3 -> 1 (ok)
[dplay] Send 33 bytes pid 1 -> 2 (ok)
[dplay] received 14 data bytes from pid 4
[dplay] Send 14 bytes pid 3 -> 1 (ok)
[dplay] Send 33 bytes pid 1 -> 2 (ok)
[self] uid=3584 visible=1 dead=1
[accnt] CHANGE at call 4575: aircraft=8 MAX=8 visible=2 dead=7
[agg] StaticTimeProc 49/s  impl=1 host=1 running=1 resync=0 served=0  -> AggregatorGetPackets 49/s
[dplay] received 14 data bytes from pid 4
[agg] loopback 24/s  from=3 to=1 (local player or group)
[dplay] Send 14 bytes pid 3 -> 1 (ok)
[agg] aggregator received 24 msg/s  right-size 24  mapped-to-slot 24  from: 3 4  (H2H dpids: [0]=3 [1]=4)  sizeof(ACPACKET)=14
[dplay] Send 33 bytes pid 1 -> 2 (ok)
[agg] SendEx aggpacket 12/s  from=1 to=2(playergroup) players=2 size=33 res=0x0
[dplay] received 14 data bytes from pid 4
[dplay] Send 14 bytes pid 3 -> 1 (ok)
[dplay] Send 33 bytes pid 1 -> 2 (ok)
[dplay] received 14 data bytes from pid 4
[dplay] Send 14 bytes pid 3 -> 1 (ok)
[dplay] Send 33 bytes pid 1 -> 2 (ok)
[dplay] received 14 data bytes from pid 4
[dplay] Send 14 bytes pid 3 -> 1 (ok)
[dplay] Send 33 bytes pid 1 -> 2 (ok)
[dplay] received 14 data bytes from pid 4
[dplay] Send 14 bytes pid 3 -> 1 (ok)
[dplay] Send 33 bytes pid 1 -> 2 (ok)
[dplay] received 14 data bytes from pid 4
[dplay] Send 19 bytes pid 1 -> 2 (ok)
[dplay] Send 14 bytes pid 3 -> 1 (ok)
[dplay] received 14 data bytes from pid 4
[dplay] Send 33 bytes pid 1 -> 2 (ok)
[dplay] Send 14 bytes pid 3 -> 1 (ok)
[dplay] received 14 data bytes from pid 4
[dplay] Send 33 bytes pid 1 -> 2 (ok)
[dplay] Send 14 bytes pid 3 -> 1 (ok)
[dplay] received 14 data bytes from pid 4
[dplay] Send 14 bytes pid 3 -> 1 (ok)
[dplay] Send 33 bytes pid 1 -> 2 (ok)
[dplay] received 14 data bytes from pid 4
[dplay] Send 14 bytes pid 3 -> 1 (ok)
[dplay] Send 33 bytes pid 1 -> 2 (ok)
[dplay] received 14 data bytes from pid 4
[dplay] Send 14 bytes pid 3 -> 1 (ok)
[dplay] Send 33 bytes pid 1 -> 2 (ok)
[dplay] received 14 data bytes from pid 4
[dplay] Send 14 bytes pid 3 -> 1 (ok)
[dplay] Send 33 bytes pid 1 -> 2 (ok)
[dplay] received 14 data bytes from pid 4
[dplay] Send 14 bytes pid 3 -> 1 (ok)
[dplay] Send 33 bytes pid 1 -> 2 (ok)
[agg] StaticTimeProc 50/s  impl=1 host=1 running=1 resync=0 served=0  -> AggregatorGetPackets 50/s
[dplay] received 14 data bytes from pid 4
[agg] loopback 26/s  from=3 to=1 (local player or group)
[dplay] Send 14 bytes pid 3 -> 1 (ok)
[agg] aggregator received 26 msg/s  right-size 26  mapped-to-slot 26  from: 3 4  (H2H dpids: [0]=3 [1]=4)  sizeof(ACPACKET)=14
[dplay] Send 33 bytes pid 1 -> 2 (ok)
[agg] SendEx aggpacket 13/s  from=1 to=2(playergroup) players=2 size=33 res=0x0
[dplay] received 14 data bytes from pid 4
[dplay] Send 14 bytes pid 3 -> 1 (ok)
[dplay] Send 33 bytes pid 1 -> 2 (ok)
[dplay] received 14 data bytes from pid 4
[dplay] Send 14 bytes pid 3 -> 1 (ok)
[dplay] Send 33 bytes pid 1 -> 2 (ok)
[dplay] received 14 data bytes from pid 4
[dplay] Send 14 bytes pid 3 -> 1 (ok)
[dplay] Send 33 bytes pid 1 -> 2 (ok)
[dplay] received 14 data bytes from pid 4
[dplay] Send 14 bytes pid 3 -> 1 (ok)
[dplay] Send 33 bytes pid 1 -> 2 (ok)
[dplay] received 14 data bytes from pid 4
[dplay] Send 14 bytes pid 3 -> 1 (ok)
[dplay] Send 33 bytes pid 1 -> 2 (ok)
[dplay] received 14 data bytes from pid 4
[dplay] Send 14 bytes pid 3 -> 1 (ok)
[dplay] Send 33 bytes pid 1 -> 2 (ok)
[dplay] received 14 data bytes from pid 4
[dplay] Send 14 bytes pid 3 -> 1 (ok)
[dplay] Send 33 bytes pid 1 -> 2 (ok)
[dplay] received 14 data bytes from pid 4
[dplay] Send 14 bytes pid 3 -> 1 (ok)
[dplay] Send 33 bytes pid 1 -> 2 (ok)
[dplay] received 14 data bytes from pid 4
[dplay] Send 14 bytes pid 3 -> 1 (ok)
[dplay] Send 33 bytes pid 1 -> 2 (ok)
[dplay] received 14 data bytes from pid 4
[dplay] Send 33 bytes pid 1 -> 2 (ok)
[dplay] Send 14 bytes pid 3 -> 1 (ok)
[dplay] Send 19 bytes pid 1 -> 2 (ok)
[dplay] received 14 data bytes from pid 4
[dplay] Send 14 bytes pid 3 -> 1 (ok)
[dplay] Send 33 bytes pid 1 -> 2 (ok)
[agg] StaticTimeProc 49/s  impl=1 host=1 running=1 resync=0 served=0  -> AggregatorGetPackets 49/s
[dplay] received 14 data bytes from pid 4
[agg] aggregator received 24 msg/s  right-size 24  mapped-to-slot 24  from: 3 4  (H2H dpids: [0]=3 [1]=4)  sizeof(ACPACKET)=14
[agg] loopback 25/s  from=3 to=1 (local player or group)
[dplay] Send 14 bytes pid 3 -> 1 (ok)
[dplay] Send 33 bytes pid 1 -> 2 (ok)
[agg] SendEx aggpacket 13/s  from=1 to=2(playergroup) players=2 size=33 res=0x0
[dplay] received 14 data bytes from pid 4
[dplay] Send 14 bytes pid 3 -> 1 (ok)
[dplay] Send 33 bytes pid 1 -> 2 (ok)
[dplay] received 14 data bytes from pid 4
[dplay] Send 14 bytes pid 3 -> 1 (ok)
[dplay] Send 33 bytes pid 1 -> 2 (ok)
[dplay] received 14 data bytes from pid 4
[dplay] Send 14 bytes pid 3 -> 1 (ok)
[dplay] Send 33 bytes pid 1 -> 2 (ok)
[dplay] received 14 data bytes from pid 4
[dplay] Send 14 bytes pid 3 -> 1 (ok)
[dplay] Send 33 bytes pid 1 -> 2 (ok)
[dplay] received 14 data bytes from pid 4
[dplay] Send 14 bytes pid 3 -> 1 (ok)
[dplay] Send 33 bytes pid 1 -> 2 (ok)
[dplay] received 14 data bytes from pid 4
[dplay] Send 14 bytes pid 3 -> 1 (ok)
[dplay] Send 33 bytes pid 1 -> 2 (ok)
[dplay] received 14 data bytes from pid 4
[dplay] Send 14 bytes pid 3 -> 1 (ok)
[dplay] pump #576500 (host=1) -- discovery is answered only from here
[dplay] Send 33 bytes pid 1 -> 2 (ok)
[dplay] received 14 data bytes from pid 4
[dplay] Send 14 bytes pid 3 -> 1 (ok)
[dplay] Send 33 bytes pid 1 -> 2 (ok)
[dplay] received 14 data bytes from pid 4
[dplay] Send 14 bytes pid 3 -> 1 (ok)
[dplay] Send 33 bytes pid 1 -> 2 (ok)
[dplay] received 14 data bytes from pid 4
[dplay] Send 14 bytes pid 3 -> 1 (ok)
[dplay] Send 33 bytes pid 1 -> 2 (ok)
[dplay] received 14 data bytes from pid 4
[dplay] Send 14 bytes pid 3 -> 1 (ok)
[dplay] Send 33 bytes pid 1 -> 2 (ok)
[dplay] received 14 data bytes from pid 4
[dplay] Send 14 bytes pid 3 -> 1 (ok)
[dplay] Send 33 bytes pid 1 -> 2 (ok)
[agg] StaticTimeProc 49/s  impl=1 host=1 running=1 resync=0 served=0  -> AggregatorGetPackets 49/s
[dplay] received 14 data bytes from pid 4
[agg] aggregator received 26 msg/s  right-size 26  mapped-to-slot 26  from: 3 4  (H2H dpids: [0]=3 [1]=4)  sizeof(ACPACKET)=14
[agg] loopback 26/s  from=3 to=1 (local player or group)
[dplay] Send 14 bytes pid 3 -> 1 (ok)
[dplay] Send 33 bytes pid 1 -> 2 (ok)
[agg] SendEx aggpacket 13/s  from=1 to=2(playergroup) players=2 size=33 res=0x0
[dplay] received 14 data bytes from pid 4
[dplay] Send 14 bytes pid 3 -> 1 (ok)
[dplay] Send 33 bytes pid 1 -> 2 (ok)
[dplay] received 14 data bytes from pid 4
[dplay] Send 14 bytes pid 3 -> 1 (ok)
[dplay] Send 33 bytes pid 1 -> 2 (ok)
[dplay] received 14 data bytes from pid 4
[dplay] Send 14 bytes pid 3 -> 1 (ok)
[dplay] Send 33 bytes pid 1 -> 2 (ok)
[dplay] received 14 data bytes from pid 4
[dplay] Send 14 bytes pid 3 -> 1 (ok)
[dplay] Send 33 bytes pid 1 -> 2 (ok)
[dplay] received 14 data bytes from pid 4
[dplay] Send 14 bytes pid 3 -> 1 (ok)
[dplay] Send 33 bytes pid 1 -> 2 (ok)
[dplay] received 14 data bytes from pid 4
[dplay] Send 14 bytes pid 3 -> 1 (ok)
[dplay] Send 33 bytes pid 1 -> 2 (ok)
[dplay] received 14 data bytes from pid 4
[dplay] Send 14 bytes pid 3 -> 1 (ok)
[dplay] Send 33 bytes pid 1 -> 2 (ok)
[dplay] received 14 data bytes from pid 4
[dplay] Send 14 bytes pid 3 -> 1 (ok)
[dplay] Send 33 bytes pid 1 -> 2 (ok)
[dplay] received 14 data bytes from pid 4
[dplay] Send 14 bytes pid 3 -> 1 (ok)
[dplay] Send 33 bytes pid 1 -> 2 (ok)
[dplay] received 14 data bytes from pid 4
[dplay] Send 14 bytes pid 3 -> 1 (ok)
[dplay] Send 33 bytes pid 1 -> 2 (ok)
[dplay] received 14 data bytes from pid 4
[dplay] Send 14 bytes pid 3 -> 1 (ok)
[dplay] Send 33 bytes pid 1 -> 2 (ok)
[agg] StaticTimeProc 49/s  impl=1 host=1 running=1 resync=0 served=0  -> AggregatorGetPackets 49/s
[dplay] received 14 data bytes from pid 4
[agg] loopback 24/s  from=3 to=1 (local player or group)
[dplay] Send 14 bytes pid 3 -> 1 (ok)
[agg] aggregator received 24 msg/s  right-size 24  mapped-to-slot 24  from: 3 4  (H2H dpids: [0]=3 [1]=4)  sizeof(ACPACKET)=14
[dplay] Send 33 bytes pid 1 -> 2 (ok)
[agg] SendEx aggpacket 12/s  from=1 to=2(playergroup) players=2 size=33 res=0x0
[dplay] received 14 data bytes from pid 4
[dplay] Send 14 bytes pid 3 -> 1 (ok)
[dplay] Send 33 bytes pid 1 -> 2 (ok)
[dplay] received 14 data bytes from pid 4
[dplay] Send 14 bytes pid 3 -> 1 (ok)
[dplay] Send 33 bytes pid 1 -> 2 (ok)
[dplay] received 14 data bytes from pid 4
[dplay] Send 14 bytes pid 3 -> 1 (ok)
[dplay] Send 33 bytes pid 1 -> 2 (ok)
[dplay] received 14 data bytes from pid 4
[dplay] Send 14 bytes pid 3 -> 1 (ok)
[dplay] Send 33 bytes pid 1 -> 2 (ok)
[self] uid=3584 visible=1 dead=0
[accnt] CHANGE at call 4797: aircraft=8 MAX=8 visible=2 dead=6
[dplay] received 14 data bytes from pid 4
[dplay] Send 14 bytes pid 3 -> 1 (ok)
[dplay] Send 33 bytes pid 1 -> 2 (ok)
[accnt] aircraft in this world: now=8 MAX=8 visible=2 dead=6 (frame sample #8)
[dplay] received 14 data bytes from pid 4
[dplay] Send 14 bytes pid 3 -> 1 (ok)
[dplay] Send 33 bytes pid 1 -> 2 (ok)
[dplay] received 14 data bytes from pid 4
[dplay] Send 14 bytes pid 3 -> 1 (ok)
[dplay] Send 33 bytes pid 1 -> 2 (ok)
[dplay] received 14 data bytes from pid 4
[dplay] Send 14 bytes pid 3 -> 1 (ok)
[dplay] Send 33 bytes pid 1 -> 2 (ok)
[dplay] received 14 data bytes from pid 4
[dplay] Send 14 bytes pid 3 -> 1 (ok)
[dplay] Send 33 bytes pid 1 -> 2 (ok)
[dplay] received 14 data bytes from pid 4
[dplay] Send 14 bytes pid 3 -> 1 (ok)
[dplay] Send 33 bytes pid 1 -> 2 (ok)
[dplay] received 14 data bytes from pid 4
[dplay] Send 14 bytes pid 3 -> 1 (ok)
[dplay] Send 33 bytes pid 1 -> 2 (ok)
[dplay] received 14 data bytes from pid 4
[dplay] Send 14 bytes pid 3 -> 1 (ok)
[dplay] Send 33 bytes pid 1 -> 2 (ok)
[agg] StaticTimeProc 49/s  impl=1 host=1 running=1 resync=0 served=0  -> AggregatorGetPackets 49/s
[dplay] received 14 data bytes from pid 4
[agg] loopback 26/s  from=3 to=1 (local player or group)
[dplay] Send 14 bytes pid 3 -> 1 (ok)
[agg] aggregator received 26 msg/s  right-size 26  mapped-to-slot 26  from: 3 4  (H2H dpids: [0]=3 [1]=4)  sizeof(ACPACKET)=14
[dplay] Send 33 bytes pid 1 -> 2 (ok)
[agg] SendEx aggpacket 13/s  from=1 to=2(playergroup) players=2 size=33 res=0x0
[dplay] received 14 data bytes from pid 4
[dplay] Send 14 bytes pid 3 -> 1 (ok)
[dplay] Send 33 bytes pid 1 -> 2 (ok)
[dplay] received 14 data bytes from pid 4
[dplay] Send 14 bytes pid 3 -> 1 (ok)
[dplay] Send 33 bytes pid 1 -> 2 (ok)
[dplay] received 14 data bytes from pid 4
[dplay] Send 14 bytes pid 3 -> 1 (ok)
[dplay] Send 33 bytes pid 1 -> 2 (ok)
[dplay] received 14 data bytes from pid 4
[dplay] Send 14 bytes pid 3 -> 1 (ok)
[dplay] Send 33 bytes pid 1 -> 2 (ok)
[dplay] received 14 data bytes from pid 4
[dplay] Send 14 bytes pid 3 -> 1 (ok)
[dplay] Send 33 bytes pid 1 -> 2 (ok)
[dplay] received 14 data bytes from pid 4
[dplay] Send 14 bytes pid 3 -> 1 (ok)
[dplay] Send 33 bytes pid 1 -> 2 (ok)
[dplay] received 14 data bytes from pid 4
[dplay] Send 14 bytes pid 3 -> 1 (ok)
[dplay] Send 33 bytes pid 1 -> 2 (ok)
[dplay] received 14 data bytes from pid 4
[dplay] Send 14 bytes pid 3 -> 1 (ok)
[dplay] Send 33 bytes pid 1 -> 2 (ok)
[dplay] received 14 data bytes from pid 4
[dplay] Send 14 bytes pid 3 -> 1 (ok)
[dplay] Send 33 bytes pid 1 -> 2 (ok)
[dplay] received 14 data bytes from pid 4
[dplay] Send 14 bytes pid 3 -> 1 (ok)
[dplay] Send 33 bytes pid 1 -> 2 (ok)
[dplay] received 14 data bytes from pid 4
[dplay] Send 14 bytes pid 3 -> 1 (ok)
[dplay] Send 33 bytes pid 1 -> 2 (ok)
[agg] StaticTimeProc 49/s  impl=1 host=1 running=1 resync=0 served=0  -> AggregatorGetPackets 49/s
[dplay] received 14 data bytes from pid 4
[agg] loopback 24/s  from=3 to=1 (local player or group)
[dplay] Send 14 bytes pid 3 -> 1 (ok)
[agg] aggregator received 24 msg/s  right-size 24  mapped-to-slot 24  from: 3 4  (H2H dpids: [0]=3 [1]=4)  sizeof(ACPACKET)=14
[dplay] Send 33 bytes pid 1 -> 2 (ok)
[agg] SendEx aggpacket 12/s  from=1 to=2(playergroup) players=2 size=33 res=0x0
[dplay] received 14 data bytes from pid 4
[dplay] Send 14 bytes pid 3 -> 1 (ok)
[dplay] Send 33 bytes pid 1 -> 2 (ok)
[dplay] received 14 data bytes from pid 4
[dplay] Send 14 bytes pid 3 -> 1 (ok)
[dplay] Send 33 bytes pid 1 -> 2 (ok)
[dplay] pump #577000 (host=1) -- discovery is answered only from here
[dplay] received 14 data bytes from pid 4
[dplay] Send 14 bytes pid 3 -> 1 (ok)
[dplay] Send 33 bytes pid 1 -> 2 (ok)
[dplay] received 14 data bytes from pid 4
[dplay] Send 14 bytes pid 3 -> 1 (ok)
[dplay] Send 33 bytes pid 1 -> 2 (ok)
[dplay] received 14 data bytes from pid 4
[dplay] Send 14 bytes pid 3 -> 1 (ok)
[dplay] Send 33 bytes pid 1 -> 2 (ok)
[dplay] received 14 data bytes from pid 4
[dplay] Send 14 bytes pid 3 -> 1 (ok)
[dplay] Send 33 bytes pid 1 -> 2 (ok)
[dplay] received 14 data bytes from pid 4
[dplay] Send 14 bytes pid 3 -> 1 (ok)
[dplay] Send 33 bytes pid 1 -> 2 (ok)
[dplay] received 14 data bytes from pid 4
[dplay] Send 14 bytes pid 3 -> 1 (ok)
[dplay] Send 33 bytes pid 1 -> 2 (ok)
[dplay] received 14 data bytes from pid 4
[dplay] Send 14 bytes pid 3 -> 1 (ok)
[dplay] Send 33 bytes pid 1 -> 2 (ok)
[dplay] received 14 data bytes from pid 4
[dplay] Send 14 bytes pid 3 -> 1 (ok)
[dplay] Send 33 bytes pid 1 -> 2 (ok)
[dplay] received 14 data bytes from pid 4
[dplay] Send 14 bytes pid 3 -> 1 (ok)
[dplay] Send 33 bytes pid 1 -> 2 (ok)
[dplay] received 14 data bytes from pid 4
[dplay] Send 14 bytes pid 3 -> 1 (ok)
[dplay] Send 33 bytes pid 1 -> 2 (ok)
[agg] StaticTimeProc 50/s  impl=1 host=1 running=1 resync=0 served=0  -> AggregatorGetPackets 50/s
[dplay] received 14 data bytes from pid 4
[agg] loopback 26/s  from=3 to=1 (local player or group)
[dplay] Send 14 bytes pid 3 -> 1 (ok)
[agg] aggregator received 26 msg/s  right-size 26  mapped-to-slot 26  from: 3 4  (H2H dpids: [0]=3 [1]=4)  sizeof(ACPACKET)=14
[dplay] Send 33 bytes pid 1 -> 2 (ok)
[agg] SendEx aggpacket 13/s  from=1 to=2(playergroup) players=2 size=33 res=0x0
[dplay] received 14 data bytes from pid 4
[dplay] Send 14 bytes pid 3 -> 1 (ok)
[dplay] Send 33 bytes pid 1 -> 2 (ok)
[dplay] received 14 data bytes from pid 4
[dplay] Send 14 bytes pid 3 -> 1 (ok)
[dplay] Send 33 bytes pid 1 -> 2 (ok)
[dplay] received 14 data bytes from pid 4
[dplay] Send 14 bytes pid 3 -> 1 (ok)
[dplay] Send 33 bytes pid 1 -> 2 (ok)
[dplay] received 14 data bytes from pid 4
[dplay] Send 14 bytes pid 3 -> 1 (ok)
[dplay] Send 33 bytes pid 1 -> 2 (ok)
[dplay] received 14 data bytes from pid 4
[dplay] Send 14 bytes pid 3 -> 1 (ok)
[dplay] Send 33 bytes pid 1 -> 2 (ok)
[dplay] received 14 data bytes from pid 4
[dplay] Send 14 bytes pid 3 -> 1 (ok)
[dplay] Send 33 bytes pid 1 -> 2 (ok)
[dplay] received 14 data bytes from pid 4
[dplay] Send 14 bytes pid 3 -> 1 (ok)
[dplay] Send 33 bytes pid 1 -> 2 (ok)
[dplay] received 14 data bytes from pid 4
[dplay] Send 14 bytes pid 3 -> 1 (ok)
[dplay] Send 33 bytes pid 1 -> 2 (ok)
[dplay] received 14 data bytes from pid 4
[dplay] Send 14 bytes pid 3 -> 1 (ok)
[dplay] Send 33 bytes pid 1 -> 2 (ok)
[dplay] received 14 data bytes from pid 4
[dplay] Send 14 bytes pid 3 -> 1 (ok)
[dplay] Send 33 bytes pid 1 -> 2 (ok)
[dplay] received 14 data bytes from pid 4
[dplay] Send 14 bytes pid 3 -> 1 (ok)
[dplay] Send 33 bytes pid 1 -> 2 (ok)
[dplay] received 14 data bytes from pid 4
[agg] loopback 24/s  from=3 to=1 (local player or group)
[dplay] Send 14 bytes pid 3 -> 1 (ok)
[agg] StaticTimeProc 49/s  impl=1 host=1 running=1 resync=0 served=0  -> AggregatorGetPackets 49/s
[agg] aggregator received 24 msg/s  right-size 24  mapped-to-slot 24  from: 3 4  (H2H dpids: [0]=3 [1]=4)  sizeof(ACPACKET)=14
[dplay] Send 33 bytes pid 1 -> 2 (ok)
[agg] SendEx aggpacket 12/s  from=1 to=2(playergroup) players=2 size=33 res=0x0
[dplay] received 14 data bytes from pid 4
[dplay] Send 14 bytes pid 3 -> 1 (ok)
[dplay] Send 33 bytes pid 1 -> 2 (ok)
[dplay] received 14 data bytes from pid 4
[dplay] Send 14 bytes pid 3 -> 1 (ok)
[dplay] Send 33 bytes pid 1 -> 2 (ok)
[dplay] received 14 data bytes from pid 4
[dplay] Send 14 bytes pid 3 -> 1 (ok)
[dplay] Send 33 bytes pid 1 -> 2 (ok)
[dplay] received 14 data bytes from pid 4
[dplay] Send 14 bytes pid 3 -> 1 (ok)
[dplay] Send 33 bytes pid 1 -> 2 (ok)
[dplay] received 14 data bytes from pid 4
[dplay] Send 14 bytes pid 3 -> 1 (ok)
[dplay] Send 33 bytes pid 1 -> 2 (ok)
[dplay] received 14 data bytes from pid 4
[dplay] Send 14 bytes pid 3 -> 1 (ok)
[dplay] Send 33 bytes pid 1 -> 2 (ok)
[dplay] received 14 data bytes from pid 4
[dplay] Send 14 bytes pid 3 -> 1 (ok)
[dplay] Send 33 bytes pid 1 -> 2 (ok)
[dplay] received 14 data bytes from pid 4
[dplay] Send 14 bytes pid 3 -> 1 (ok)
[dplay] Send 33 bytes pid 1 -> 2 (ok)
[dplay] received 14 data bytes from pid 4
[dplay] Send 14 bytes pid 3 -> 1 (ok)
[dplay] Send 33 bytes pid 1 -> 2 (ok)
[dplay] received 14 data bytes from pid 4
[dplay] Send 14 bytes pid 3 -> 1 (ok)
[dplay] Send 33 bytes pid 1 -> 2 (ok)
[dplay] received 14 data bytes from pid 4
[dplay] Send 14 bytes pid 3 -> 1 (ok)
[dplay] Send 33 bytes pid 1 -> 2 (ok)
[dplay] received 14 data bytes from pid 4
[dplay] Send 14 bytes pid 3 -> 1 (ok)
[dplay] Send 33 bytes pid 1 -> 2 (ok)
[agg] StaticTimeProc 49/s  impl=1 host=1 running=1 resync=0 served=0  -> AggregatorGetPackets 49/s
[dplay] received 14 data bytes from pid 4
[agg] aggregator received 26 msg/s  right-size 26  mapped-to-slot 26  from: 3 4  (H2H dpids: [0]=3 [1]=4)  sizeof(ACPACKET)=14
[agg] loopback 26/s  from=3 to=1 (local player or group)
[dplay] Send 14 bytes pid 3 -> 1 (ok)
[dplay] Send 33 bytes pid 1 -> 2 (ok)
[agg] SendEx aggpacket 13/s  from=1 to=2(playergroup) players=2 size=33 res=0x0
[dplay] received 14 data bytes from pid 4
[dplay] Send 14 bytes pid 3 -> 1 (ok)
[dplay] Send 33 bytes pid 1 -> 2 (ok)
[dplay] received 14 data bytes from pid 4
[dplay] Send 14 bytes pid 3 -> 1 (ok)
[dplay] Send 33 bytes pid 1 -> 2 (ok)
[dplay] received 14 data bytes from pid 4
[dplay] Send 14 bytes pid 3 -> 1 (ok)
[dplay] Send 33 bytes pid 1 -> 2 (ok)
[dplay] received 14 data bytes from pid 4
[dplay] Send 14 bytes pid 3 -> 1 (ok)
[dplay] Send 33 bytes pid 1 -> 2 (ok)
[dplay] received 14 data bytes from pid 4
[dplay] Send 14 bytes pid 3 -> 1 (ok)
[dplay] Send 33 bytes pid 1 -> 2 (ok)
[dplay] received 14 data bytes from pid 4
[dplay] Send 14 bytes pid 3 -> 1 (ok)
[dplay] Send 33 bytes pid 1 -> 2 (ok)
[dplay] received 14 data bytes from pid 4
[dplay] Send 14 bytes pid 3 -> 1 (ok)
[dplay] Send 33 bytes pid 1 -> 2 (ok)
[dplay] received 14 data bytes from pid 4
[dplay] Send 14 bytes pid 3 -> 1 (ok)
[dplay] Send 33 bytes pid 1 -> 2 (ok)
[dplay] received 14 data bytes from pid 4
[dplay] Send 14 bytes pid 3 -> 1 (ok)
[dplay] Send 33 bytes pid 1 -> 2 (ok)
[dplay] received 14 data bytes from pid 4
[dplay] Send 14 bytes pid 3 -> 1 (ok)
[dplay] Send 33 bytes pid 1 -> 2 (ok)
[dplay] pump #577500 (host=1) -- discovery is answered only from here
[dplay] received 14 data bytes from pid 4
[dplay] Send 14 bytes pid 3 -> 1 (ok)
[dplay] Send 33 bytes pid 1 -> 2 (ok)
[agg] StaticTimeProc 49/s  impl=1 host=1 running=1 resync=0 served=0  -> AggregatorGetPackets 49/s
[dplay] received 14 data bytes from pid 4
[agg] loopback 24/s  from=3 to=1 (local player or group)
[dplay] Send 14 bytes pid 3 -> 1 (ok)
[agg] aggregator received 24 msg/s  right-size 24  mapped-to-slot 24  from: 3 4  (H2H dpids: [0]=3 [1]=4)  sizeof(ACPACKET)=14
[dplay] Send 33 bytes pid 1 -> 2 (ok)
[agg] SendEx aggpacket 12/s  from=1 to=2(playergroup) players=2 size=33 res=0x0
[dplay] received 14 data bytes from pid 4
[dplay] Send 14 bytes pid 3 -> 1 (ok)
[dplay] Send 33 bytes pid 1 -> 2 (ok)
[dplay] received 14 data bytes from pid 4
[dplay] Send 14 bytes pid 3 -> 1 (ok)
[dplay] Send 33 bytes pid 1 -> 2 (ok)
[dplay] received 14 data bytes from pid 4
[dplay] Send 14 bytes pid 3 -> 1 (ok)
[dplay] Send 33 bytes pid 1 -> 2 (ok)
[dplay] received 14 data bytes from pid 4
[dplay] Send 19 bytes pid 1 -> 2 (ok)
[dplay] Send 14 bytes pid 3 -> 1 (ok)
[dplay] received 14 data bytes from pid 4
[dplay] Send 33 bytes pid 1 -> 2 (ok)
[dplay] Send 14 bytes pid 3 -> 1 (ok)
[dplay] received 14 data bytes from pid 4
[dplay] Send 14 bytes pid 3 -> 1 (ok)
[dplay] Send 33 bytes pid 1 -> 2 (ok)
[dplay] received 14 data bytes from pid 4
[dplay] Send 14 bytes pid 3 -> 1 (ok)
[dplay] Send 33 bytes pid 1 -> 2 (ok)
[dplay] received 14 data bytes from pid 4
[dplay] Send 14 bytes pid 3 -> 1 (ok)
[dplay] Send 33 bytes pid 1 -> 2 (ok)
[dplay] received 14 data bytes from pid 4
[dplay] Send 14 bytes pid 3 -> 1 (ok)
[dplay] Send 33 bytes pid 1 -> 2 (ok)
[dplay] received 14 data bytes from pid 4
[dplay] Send 14 bytes pid 3 -> 1 (ok)
[dplay] Send 33 bytes pid 1 -> 2 (ok)
[dplay] received 14 data bytes from pid 4
[dplay] Send 14 bytes pid 3 -> 1 (ok)
[dplay] Send 33 bytes pid 1 -> 2 (ok)
[dplay] received 14 data bytes from pid 4
[dplay] Send 14 bytes pid 3 -> 1 (ok)
[dplay] Send 33 bytes pid 1 -> 2 (ok)
[agg] StaticTimeProc 49/s  impl=1 host=1 running=1 resync=0 served=0  -> AggregatorGetPackets 49/s
[dplay] received 14 data bytes from pid 4
[agg] loopback 26/s  from=3 to=1 (local player or group)
[dplay] Send 14 bytes pid 3 -> 1 (ok)
[agg] aggregator received 26 msg/s  right-size 26  mapped-to-slot 26  from: 3 4  (H2H dpids: [0]=3 [1]=4)  sizeof(ACPACKET)=14
[dplay] Send 33 bytes pid 1 -> 2 (ok)
[agg] SendEx aggpacket 13/s  from=1 to=2(playergroup) players=2 size=33 res=0x0
[dplay] received 14 data bytes from pid 4
[dplay] Send 14 bytes pid 3 -> 1 (ok)
[dplay] Send 33 bytes pid 1 -> 2 (ok)
[dplay] received 14 data bytes from pid 4
[dplay] Send 14 bytes pid 3 -> 1 (ok)
[dplay] Send 33 bytes pid 1 -> 2 (ok)
[dplay] received 14 data bytes from pid 4
[dplay] Send 14 bytes pid 3 -> 1 (ok)
[dplay] Send 33 bytes pid 1 -> 2 (ok)
[dplay] received 14 data bytes from pid 4
[dplay] Send 14 bytes pid 3 -> 1 (ok)
[dplay] Send 33 bytes pid 1 -> 2 (ok)
[dplay] received 14 data bytes from pid 4
[dplay] Send 14 bytes pid 3 -> 1 (ok)
[dplay] Send 33 bytes pid 1 -> 2 (ok)
[dplay] received 14 data bytes from pid 4
[dplay] Send 14 bytes pid 3 -> 1 (ok)
[dplay] Send 33 bytes pid 1 -> 2 (ok)
[peer] uid=3585 found=1 visible=0 dead=0 range=4710m
[accnt] CHANGE at call 5155: aircraft=8 MAX=8 visible=1 dead=6
[dplay] received 14 data bytes from pid 4
[dplay] Send 33 bytes pid 1 -> 2 (ok)
[peer] uid=3585 found=1 visible=1 dead=0 range=4709m
[accnt] CHANGE at call 5158: aircraft=8 MAX=8 visible=2 dead=6
[dplay] Send 14 bytes pid 3 -> 1 (ok)
[dplay] Send 19 bytes pid 1 -> 2 (ok)
[dplay] received 14 data bytes from pid 4
[dplay] Send 14 bytes pid 3 -> 1 (ok)
[dplay] Send 33 bytes pid 1 -> 2 (ok)
[dplay] received 14 data bytes from pid 4
[dplay] Send 14 bytes pid 3 -> 1 (ok)
[dplay] Send 33 bytes pid 1 -> 2 (ok)
[dplay] received 14 data bytes from pid 4
[dplay] Send 14 bytes pid 3 -> 1 (ok)
[dplay] Send 33 bytes pid 1 -> 2 (ok)
[dplay] received 14 data bytes from pid 4
[dplay] Send 14 bytes pid 3 -> 1 (ok)
[dplay] Send 33 bytes pid 1 -> 2 (ok)
[dplay] received 14 data bytes from pid 4
[agg] loopback 25/s  from=3 to=1 (local player or group)
[dplay] Send 14 bytes pid 3 -> 1 (ok)
[agg] StaticTimeProc 50/s  impl=1 host=1 running=1 resync=0 served=0  -> AggregatorGetPackets 50/s
[agg] aggregator received 24 msg/s  right-size 24  mapped-to-slot 24  from: 3 4  (H2H dpids: [0]=3 [1]=4)  sizeof(ACPACKET)=14
[dplay] Send 33 bytes pid 1 -> 2 (ok)
[agg] SendEx aggpacket 13/s  from=1 to=2(playergroup) players=2 size=33 res=0x0
[dplay] received 14 data bytes from pid 4
[dplay] Send 14 bytes pid 3 -> 1 (ok)
[dplay] Send 33 bytes pid 1 -> 2 (ok)
[dplay] received 14 data bytes from pid 4
[dplay] Send 14 bytes pid 3 -> 1 (ok)
[dplay] Send 33 bytes pid 1 -> 2 (ok)
[dplay] received 14 data bytes from pid 4
[dplay] Send 14 bytes pid 3 -> 1 (ok)
[dplay] Send 33 bytes pid 1 -> 2 (ok)
[dplay] received 14 data bytes from pid 4
[dplay] Send 14 bytes pid 3 -> 1 (ok)
[dplay] Send 33 bytes pid 1 -> 2 (ok)
[dplay] received 14 data bytes from pid 4
[dplay] Send 14 bytes pid 3 -> 1 (ok)
[dplay] Send 33 bytes pid 1 -> 2 (ok)
[dplay] received 14 data bytes from pid 4
[dplay] Send 14 bytes pid 3 -> 1 (ok)
[dplay] Send 33 bytes pid 1 -> 2 (ok)
[dplay] received 14 data bytes from pid 4
[dplay] Send 14 bytes pid 3 -> 1 (ok)
[dplay] Send 33 bytes pid 1 -> 2 (ok)
[dplay] received 14 data bytes from pid 4
[dplay] Send 14 bytes pid 3 -> 1 (ok)
[dplay] Send 33 bytes pid 1 -> 2 (ok)
[dplay] received 14 data bytes from pid 4
[dplay] Send 14 bytes pid 3 -> 1 (ok)
[dplay] Send 33 bytes pid 1 -> 2 (ok)
[dplay] received 14 data bytes from pid 4
[dplay] Send 14 bytes pid 3 -> 1 (ok)
[dplay] Send 33 bytes pid 1 -> 2 (ok)
[dplay] received 14 data bytes from pid 4
[dplay] Send 14 bytes pid 3 -> 1 (ok)
[dplay] Send 33 bytes pid 1 -> 2 (ok)
[dplay] received 14 data bytes from pid 4
[dplay] Send 14 bytes pid 3 -> 1 (ok)
[dplay] Send 33 bytes pid 1 -> 2 (ok)
[agg] StaticTimeProc 49/s  impl=1 host=1 running=1 resync=0 served=0  -> AggregatorGetPackets 49/s
[dplay] received 14 data bytes from pid 4
[agg] loopback 26/s  from=3 to=1 (local player or group)
[dplay] Send 14 bytes pid 3 -> 1 (ok)
[agg] aggregator received 26 msg/s  right-size 26  mapped-to-slot 26  from: 3 4  (H2H dpids: [0]=3 [1]=4)  sizeof(ACPACKET)=14
[dplay] Send 33 bytes pid 1 -> 2 (ok)
[agg] SendEx aggpacket 13/s  from=1 to=2(playergroup) players=2 size=33 res=0x0
[dplay] received 14 data bytes from pid 4
[dplay] Send 14 bytes pid 3 -> 1 (ok)
[dplay] Send 33 bytes pid 1 -> 2 (ok)
[dplay] received 14 data bytes from pid 4
[dplay] Send 14 bytes pid 3 -> 1 (ok)
[dplay] Send 33 bytes pid 1 -> 2 (ok)
[dplay] received 14 data bytes from pid 4
[dplay] Send 14 bytes pid 3 -> 1 (ok)
[dplay] Send 33 bytes pid 1 -> 2 (ok)
[dplay] received 14 data bytes from pid 4
[dplay] Send 14 bytes pid 3 -> 1 (ok)
[dplay] Send 33 bytes pid 1 -> 2 (ok)
[dplay] received 14 data bytes from pid 4
[dplay] Send 14 bytes pid 3 -> 1 (ok)
[dplay] Send 33 bytes pid 1 -> 2 (ok)
[dplay] pump #578000 (host=1) -- discovery is answered only from here
[dplay] received 14 data bytes from pid 4
[dplay] Send 14 bytes pid 3 -> 1 (ok)
[dplay] Send 33 bytes pid 1 -> 2 (ok)
[dplay] received 14 data bytes from pid 4
[dplay] Send 14 bytes pid 3 -> 1 (ok)
[dplay] Send 33 bytes pid 1 -> 2 (ok)
[dplay] received 14 data bytes from pid 4
[dplay] Send 14 bytes pid 3 -> 1 (ok)
[dplay] Send 33 bytes pid 1 -> 2 (ok)
[dplay] received 14 data bytes from pid 4
[dplay] Send 14 bytes pid 3 -> 1 (ok)
[dplay] Send 33 bytes pid 1 -> 2 (ok)
[dplay] received 14 data bytes from pid 4
[dplay] Send 14 bytes pid 3 -> 1 (ok)
[dplay] Send 33 bytes pid 1 -> 2 (ok)
[dplay] received 14 data bytes from pid 4
[dplay] Send 14 bytes pid 3 -> 1 (ok)
[dplay] Send 33 bytes pid 1 -> 2 (ok)
[agg] StaticTimeProc 49/s  impl=1 host=1 running=1 resync=0 served=0  -> AggregatorGetPackets 49/s
[dplay] received 14 data bytes from pid 4
[agg] aggregator received 24 msg/s  right-size 24  mapped-to-slot 24  from: 3 4  (H2H dpids: [0]=3 [1]=4)  sizeof(ACPACKET)=14
[agg] loopback 24/s  from=3 to=1 (local player or group)
[dplay] Send 14 bytes pid 3 -> 1 (ok)
[dplay] Send 33 bytes pid 1 -> 2 (ok)
[agg] SendEx aggpacket 12/s  from=1 to=2(playergroup) players=2 size=33 res=0x0
[dplay] received 14 data bytes from pid 4
[dplay] Send 14 bytes pid 3 -> 1 (ok)
[dplay] Send 33 bytes pid 1 -> 2 (ok)
[dplay] received 14 data bytes from pid 4
[dplay] Send 14 bytes pid 3 -> 1 (ok)
[dplay] Send 33 bytes pid 1 -> 2 (ok)
[dplay] received 14 data bytes from pid 4
[dplay] Send 14 bytes pid 3 -> 1 (ok)
[dplay] Send 33 bytes pid 1 -> 2 (ok)
[dplay] received 14 data bytes from pid 4
[dplay] Send 14 bytes pid 3 -> 1 (ok)
[dplay] Send 33 bytes pid 1 -> 2 (ok)
[dplay] received 14 data bytes from pid 4
[dplay] Send 14 bytes pid 3 -> 1 (ok)
[dplay] Send 33 bytes pid 1 -> 2 (ok)
[dplay] received 14 data bytes from pid 4
[dplay] Send 14 bytes pid 3 -> 1 (ok)
[dplay] Send 33 bytes pid 1 -> 2 (ok)
[dplay] received 14 data bytes from pid 4
[dplay] Send 14 bytes pid 3 -> 1 (ok)
[dplay] Send 33 bytes pid 1 -> 2 (ok)
[dplay] received 14 data bytes from pid 4
[dplay] Send 14 bytes pid 3 -> 1 (ok)
[dplay] Send 33 bytes pid 1 -> 2 (ok)
[dplay] received 14 data bytes from pid 4
[dplay] Send 14 bytes pid 3 -> 1 (ok)
[dplay] Send 33 bytes pid 1 -> 2 (ok)
[dplay] received 14 data bytes from pid 4
[dplay] Send 14 bytes pid 3 -> 1 (ok)
[dplay] Send 33 bytes pid 1 -> 2 (ok)
[dplay] received 14 data bytes from pid 4
[dplay] Send 14 bytes pid 3 -> 1 (ok)
[dplay] Send 33 bytes pid 1 -> 2 (ok)
[dplay] received 14 data bytes from pid 4
[dplay] Send 14 bytes pid 3 -> 1 (ok)
[dplay] Send 33 bytes pid 1 -> 2 (ok)
[agg] StaticTimeProc 49/s  impl=1 host=1 running=1 resync=0 served=0  -> AggregatorGetPackets 49/s
[dplay] received 14 data bytes from pid 4
[agg] loopback 26/s  from=3 to=1 (local player or group)
[dplay] Send 14 bytes pid 3 -> 1 (ok)
[agg] aggregator received 26 msg/s  right-size 26  mapped-to-slot 26  from: 3 4  (H2H dpids: [0]=3 [1]=4)  sizeof(ACPACKET)=14
[dplay] Send 33 bytes pid 1 -> 2 (ok)
[agg] SendEx aggpacket 13/s  from=1 to=2(playergroup) players=2 size=33 res=0x0
[dplay] received 14 data bytes from pid 4
[dplay] Send 14 bytes pid 3 -> 1 (ok)
[dplay] Send 33 bytes pid 1 -> 2 (ok)
[dplay] received 14 data bytes from pid 4
[dplay] Send 19 bytes pid 1 -> 2 (ok)
[dplay] Send 14 bytes pid 3 -> 1 (ok)
[dplay] received 14 data bytes from pid 4
[dplay] Send 14 bytes pid 3 -> 1 (ok)
[dplay] Send 33 bytes pid 1 -> 2 (ok)
[dplay] received 14 data bytes from pid 4
[dplay] Send 14 bytes pid 3 -> 1 (ok)
[dplay] Send 33 bytes pid 1 -> 2 (ok)
[dplay] received 14 data bytes from pid 4
[dplay] Send 14 bytes pid 3 -> 1 (ok)
[dplay] Send 33 bytes pid 1 -> 2 (ok)
[dplay] received 14 data bytes from pid 4
[dplay] Send 14 bytes pid 3 -> 1 (ok)
[dplay] Send 33 bytes pid 1 -> 2 (ok)
[dplay] received 14 data bytes from pid 4
[dplay] Send 14 bytes pid 3 -> 1 (ok)
[dplay] Send 33 bytes pid 1 -> 2 (ok)
[dplay] received 14 data bytes from pid 4
[dplay] Send 14 bytes pid 3 -> 1 (ok)
[dplay] Send 33 bytes pid 1 -> 2 (ok)
[dplay] received 14 data bytes from pid 4
[dplay] Send 14 bytes pid 3 -> 1 (ok)
[dplay] Send 33 bytes pid 1 -> 2 (ok)
[dplay] received 14 data bytes from pid 4
[dplay] Send 14 bytes pid 3 -> 1 (ok)
[dplay] Send 33 bytes pid 1 -> 2 (ok)
[dplay] received 14 data bytes from pid 4
[dplay] Send 14 bytes pid 3 -> 1 (ok)
[dplay] Send 33 bytes pid 1 -> 2 (ok)
[agg] StaticTimeProc 49/s  impl=1 host=1 running=1 resync=0 served=0  -> AggregatorGetPackets 49/s
[dplay] received 14 data bytes from pid 4
[agg] loopback 24/s  from=3 to=1 (local player or group)
[dplay] Send 14 bytes pid 3 -> 1 (ok)
[agg] aggregator received 24 msg/s  right-size 24  mapped-to-slot 24  from: 3 4  (H2H dpids: [0]=3 [1]=4)  sizeof(ACPACKET)=14
[dplay] Send 33 bytes pid 1 -> 2 (ok)
[agg] SendEx aggpacket 12/s  from=1 to=2(playergroup) players=2 size=33 res=0x0
[dplay] received 14 data bytes from pid 4
[dplay] Send 33 bytes pid 1 -> 2 (ok)
[dplay] Send 14 bytes pid 3 -> 1 (ok)
[dplay] Send 19 bytes pid 1 -> 2 (ok)
[dplay] received 14 data bytes from pid 4
[dplay] Send 14 bytes pid 3 -> 1 (ok)
[dplay] Send 33 bytes pid 1 -> 2 (ok)
[dplay] received 14 data bytes from pid 4
[dplay] Send 14 bytes pid 3 -> 1 (ok)
[dplay] Send 33 bytes pid 1 -> 2 (ok)
[dplay] received 14 data bytes from pid 4
[dplay] Send 14 bytes pid 3 -> 1 (ok)
[dplay] Send 33 bytes pid 1 -> 2 (ok)
[dplay] received 14 data bytes from pid 4
[dplay] Send 14 bytes pid 3 -> 1 (ok)
[dplay] Send 33 bytes pid 1 -> 2 (ok)
[accnt] aircraft in this world: now=8 MAX=8 visible=2 dead=6 (frame sample #9)
[dplay] received 14 data bytes from pid 4
[dplay] Send 14 bytes pid 3 -> 1 (ok)
[dplay] Send 33 bytes pid 1 -> 2 (ok)
[dplay] received 14 data bytes from pid 4
[dplay] Send 14 bytes pid 3 -> 1 (ok)
[dplay] Send 33 bytes pid 1 -> 2 (ok)
[dplay] received 14 data bytes from pid 4
[dplay] Send 14 bytes pid 3 -> 1 (ok)
[dplay] Send 33 bytes pid 1 -> 2 (ok)
[dplay] received 14 data bytes from pid 4
[dplay] Send 14 bytes pid 3 -> 1 (ok)
[dplay] Send 33 bytes pid 1 -> 2 (ok)
[dplay] received 14 data bytes from pid 4
[dplay] Send 14 bytes pid 3 -> 1 (ok)
[dplay] Send 33 bytes pid 1 -> 2 (ok)
[dplay] received 14 data bytes from pid 4
[dplay] Send 14 bytes pid 3 -> 1 (ok)
[dplay] Send 33 bytes pid 1 -> 2 (ok)
[dplay] received 14 data bytes from pid 4
[dplay] Send 14 bytes pid 3 -> 1 (ok)
[dplay] Send 33 bytes pid 1 -> 2 (ok)
[agg] StaticTimeProc 49/s  impl=1 host=1 running=1 resync=0 served=0  -> AggregatorGetPackets 49/s
[dplay] received 14 data bytes from pid 4
[agg] loopback 27/s  from=3 to=1 (local player or group)
[dplay] Send 14 bytes pid 3 -> 1 (ok)
[agg] aggregator received 26 msg/s  right-size 26  mapped-to-slot 26  from: 3 4  (H2H dpids: [0]=3 [1]=4)  sizeof(ACPACKET)=14
[dplay] Send 33 bytes pid 1 -> 2 (ok)
[agg] SendEx aggpacket 14/s  from=1 to=2(playergroup) players=2 size=33 res=0x0
[dplay] received 14 data bytes from pid 4
[dplay] Send 14 bytes pid 3 -> 1 (ok)
[dplay] Send 33 bytes pid 1 -> 2 (ok)
[dplay] pump #578500 (host=1) -- discovery is answered only from here
[dplay] received 14 data bytes from pid 4
[dplay] Send 14 bytes pid 3 -> 1 (ok)
[dplay] Send 33 bytes pid 1 -> 2 (ok)
[dplay] received 14 data bytes from pid 4
[dplay] Send 14 bytes pid 3 -> 1 (ok)
[dplay] Send 33 bytes pid 1 -> 2 (ok)
[dplay] received 14 data bytes from pid 4
[dplay] Send 14 bytes pid 3 -> 1 (ok)
[dplay] Send 33 bytes pid 1 -> 2 (ok)
[dplay] received 14 data bytes from pid 4
[dplay] Send 14 bytes pid 3 -> 1 (ok)
[dplay] Send 33 bytes pid 1 -> 2 (ok)
[dplay] received 14 data bytes from pid 4
[dplay] Send 14 bytes pid 3 -> 1 (ok)
[dplay] Send 33 bytes pid 1 -> 2 (ok)
[dplay] received 14 data bytes from pid 4
[dplay] Send 14 bytes pid 3 -> 1 (ok)
[dplay] Send 33 bytes pid 1 -> 2 (ok)
[dplay] received 14 data bytes from pid 4
[dplay] Send 14 bytes pid 3 -> 1 (ok)
[dplay] Send 33 bytes pid 1 -> 2 (ok)
[dplay] received 14 data bytes from pid 4
[dplay] Send 14 bytes pid 3 -> 1 (ok)
[dplay] Send 33 bytes pid 1 -> 2 (ok)
[dplay] received 14 data bytes from pid 4
[dplay] Send 14 bytes pid 3 -> 1 (ok)
[dplay] Send 33 bytes pid 1 -> 2 (ok)
[dplay] received 14 data bytes from pid 4
[dplay] Send 14 bytes pid 3 -> 1 (ok)
[dplay] Send 33 bytes pid 1 -> 2 (ok)
[agg] StaticTimeProc 49/s  impl=1 host=1 running=1 resync=0 served=0  -> AggregatorGetPackets 49/s
[dplay] received 14 data bytes from pid 4
[agg] loopback 24/s  from=3 to=1 (local player or group)
[dplay] Send 14 bytes pid 3 -> 1 (ok)
[agg] aggregator received 24 msg/s  right-size 24  mapped-to-slot 24  from: 3 4  (H2H dpids: [0]=3 [1]=4)  sizeof(ACPACKET)=14
[dplay] Send 33 bytes pid 1 -> 2 (ok)
[agg] SendEx aggpacket 12/s  from=1 to=2(playergroup) players=2 size=33 res=0x0
[dplay] received 14 data bytes from pid 4
[dplay] Send 14 bytes pid 3 -> 1 (ok)
[dplay] Send 33 bytes pid 1 -> 2 (ok)
[dplay] received 14 data bytes from pid 4
[dplay] Send 14 bytes pid 3 -> 1 (ok)
[dplay] Send 33 bytes pid 1 -> 2 (ok)
[dplay] received 14 data bytes from pid 4
[dplay] Send 14 bytes pid 3 -> 1 (ok)
[dplay] Send 33 bytes pid 1 -> 2 (ok)
[dplay] received 14 data bytes from pid 4
[dplay] Send 14 bytes pid 3 -> 1 (ok)
[dplay] Send 33 bytes pid 1 -> 2 (ok)
[dplay] received 14 data bytes from pid 4
[dplay] Send 14 bytes pid 3 -> 1 (ok)
[dplay] Send 33 bytes pid 1 -> 2 (ok)
[dplay] received 14 data bytes from pid 4
[dplay] Send 14 bytes pid 3 -> 1 (ok)
[dplay] Send 33 bytes pid 1 -> 2 (ok)
[dplay] received 14 data bytes from pid 4
[dplay] Send 14 bytes pid 3 -> 1 (ok)
[dplay] Send 33 bytes pid 1 -> 2 (ok)
[dplay] received 14 data bytes from pid 4
[dplay] Send 14 bytes pid 3 -> 1 (ok)
[dplay] Send 33 bytes pid 1 -> 2 (ok)
[dplay] received 14 data bytes from pid 4
[dplay] Send 14 bytes pid 3 -> 1 (ok)
[dplay] Send 33 bytes pid 1 -> 2 (ok)
[dplay] received 14 data bytes from pid 4
[dplay] Send 14 bytes pid 3 -> 1 (ok)
[dplay] Send 33 bytes pid 1 -> 2 (ok)
[dplay] received 14 data bytes from pid 4
[dplay] Send 14 bytes pid 3 -> 1 (ok)
[dplay] Send 33 bytes pid 1 -> 2 (ok)
[dplay] received 14 data bytes from pid 4
[dplay] Send 14 bytes pid 3 -> 1 (ok)
[dplay] Send 33 bytes pid 1 -> 2 (ok)
[agg] StaticTimeProc 49/s  impl=1 host=1 running=1 resync=0 served=0  -> AggregatorGetPackets 49/s
[dplay] received 14 data bytes from pid 4
[agg] loopback 26/s  from=3 to=1 (local player or group)
[dplay] Send 14 bytes pid 3 -> 1 (ok)
[agg] aggregator received 26 msg/s  right-size 26  mapped-to-slot 26  from: 3 4  (H2H dpids: [0]=3 [1]=4)  sizeof(ACPACKET)=14
[dplay] Send 33 bytes pid 1 -> 2 (ok)
[agg] SendEx aggpacket 13/s  from=1 to=2(playergroup) players=2 size=33 res=0x0
[dplay] received 14 data bytes from pid 4
[dplay] Send 14 bytes pid 3 -> 1 (ok)
[dplay] Send 33 bytes pid 1 -> 2 (ok)
[dplay] received 14 data bytes from pid 4
[dplay] Send 14 bytes pid 3 -> 1 (ok)
[dplay] Send 33 bytes pid 1 -> 2 (ok)
[dplay] received 14 data bytes from pid 4
[dplay] Send 14 bytes pid 3 -> 1 (ok)
[dplay] Send 33 bytes pid 1 -> 2 (ok)
[dplay] received 14 data bytes from pid 4
[dplay] Send 14 bytes pid 3 -> 1 (ok)
[dplay] Send 33 bytes pid 1 -> 2 (ok)
[dplay] received 14 data bytes from pid 4
[dplay] Send 14 bytes pid 3 -> 1 (ok)
[dplay] Send 33 bytes pid 1 -> 2 (ok)
[dplay] received 14 data bytes from pid 4
[dplay] Send 14 bytes pid 3 -> 1 (ok)
[dplay] Send 33 bytes pid 1 -> 2 (ok)
[dplay] received 14 data bytes from pid 4
[dplay] Send 14 bytes pid 3 -> 1 (ok)
[dplay] Send 33 bytes pid 1 -> 2 (ok)
[dplay] received 14 data bytes from pid 4
[dplay] Send 14 bytes pid 3 -> 1 (ok)
[dplay] Send 33 bytes pid 1 -> 2 (ok)
[dplay] received 14 data bytes from pid 4
[dplay] Send 19 bytes pid 1 -> 2 (ok)
[dplay] Send 14 bytes pid 3 -> 1 (ok)
[dplay] received 14 data bytes from pid 4
[dplay] Send 33 bytes pid 1 -> 2 (ok)
[dplay] Send 14 bytes pid 3 -> 1 (ok)
[dplay] received 14 data bytes from pid 4
[dplay] Send 14 bytes pid 3 -> 1 (ok)
[dplay] Send 33 bytes pid 1 -> 2 (ok)
[dplay] received 14 data bytes from pid 4
[agg] loopback 24/s  from=3 to=1 (local player or group)
[dplay] Send 14 bytes pid 3 -> 1 (ok)
[agg] StaticTimeProc 50/s  impl=1 host=1 running=1 resync=0 served=0  -> AggregatorGetPackets 50/s
[agg] aggregator received 24 msg/s  right-size 24  mapped-to-slot 24  from: 3 4  (H2H dpids: [0]=3 [1]=4)  sizeof(ACPACKET)=14
[dplay] Send 33 bytes pid 1 -> 2 (ok)
[agg] SendEx aggpacket 12/s  from=1 to=2(playergroup) players=2 size=33 res=0x0
[dplay] received 14 data bytes from pid 4
[dplay] Send 14 bytes pid 3 -> 1 (ok)
[dplay] Send 33 bytes pid 1 -> 2 (ok)
[dplay] received 14 data bytes from pid 4
[dplay] Send 14 bytes pid 3 -> 1 (ok)
[dplay] Send 33 bytes pid 1 -> 2 (ok)
[dplay] received 14 data bytes from pid 4
[dplay] Send 14 bytes pid 3 -> 1 (ok)
[dplay] Send 33 bytes pid 1 -> 2 (ok)
[dplay] received 14 data bytes from pid 4
[dplay] Send 14 bytes pid 3 -> 1 (ok)
[dplay] Send 33 bytes pid 1 -> 2 (ok)
[dplay] received 14 data bytes from pid 4
[dplay] Send 14 bytes pid 3 -> 1 (ok)
[dplay] Send 33 bytes pid 1 -> 2 (ok)
[dplay] received 14 data bytes from pid 4
[dplay] Send 14 bytes pid 3 -> 1 (ok)
[dplay] Send 33 bytes pid 1 -> 2 (ok)
[dplay] received 14 data bytes from pid 4
[dplay] Send 14 bytes pid 3 -> 1 (ok)
[dplay] Send 33 bytes pid 1 -> 2 (ok)
[dplay] received 14 data bytes from pid 4
[dplay] Send 14 bytes pid 3 -> 1 (ok)
[dplay] Send 33 bytes pid 1 -> 2 (ok)
[dplay] received 14 data bytes from pid 4
[dplay] Send 14 bytes pid 3 -> 1 (ok)
[dplay] Send 33 bytes pid 1 -> 2 (ok)
[dplay] received 14 data bytes from pid 4
[dplay] Send 14 bytes pid 3 -> 1 (ok)
[dplay] pump #579000 (host=1) -- discovery is answered only from here
[dplay] Send 33 bytes pid 1 -> 2 (ok)
[dplay] received 14 data bytes from pid 4
[dplay] Send 33 bytes pid 1 -> 2 (ok)
[dplay] Send 14 bytes pid 3 -> 1 (ok)
[dplay] Send 19 bytes pid 1 -> 2 (ok)
[dplay] received 14 data bytes from pid 4
[dplay] Send 14 bytes pid 3 -> 1 (ok)
[dplay] Send 33 bytes pid 1 -> 2 (ok)
[agg] StaticTimeProc 49/s  impl=1 host=1 running=1 resync=0 served=0  -> AggregatorGetPackets 49/s
[dplay] received 14 data bytes from pid 4
[agg] aggregator received 26 msg/s  right-size 26  mapped-to-slot 26  from: 3 4  (H2H dpids: [0]=3 [1]=4)  sizeof(ACPACKET)=14
[agg] loopback 27/s  from=3 to=1 (local player or group)
[dplay] Send 14 bytes pid 3 -> 1 (ok)
[dplay] Send 33 bytes pid 1 -> 2 (ok)
[agg] SendEx aggpacket 14/s  from=1 to=2(playergroup) players=2 size=33 res=0x0
[dplay] received 14 data bytes from pid 4
[dplay] Send 14 bytes pid 3 -> 1 (ok)
[dplay] Send 33 bytes pid 1 -> 2 (ok)
[dplay] received 14 data bytes from pid 4
[dplay] Send 14 bytes pid 3 -> 1 (ok)
[dplay] Send 33 bytes pid 1 -> 2 (ok)
[dplay] received 14 data bytes from pid 4
[dplay] Send 14 bytes pid 3 -> 1 (ok)
[dplay] Send 33 bytes pid 1 -> 2 (ok)
[dplay] received 14 data bytes from pid 4
[dplay] Send 14 bytes pid 3 -> 1 (ok)
[dplay] Send 33 bytes pid 1 -> 2 (ok)
[dplay] received 14 data bytes from pid 4
[dplay] Send 14 bytes pid 3 -> 1 (ok)
[dplay] Send 33 bytes pid 1 -> 2 (ok)
[dplay] received 14 data bytes from pid 4
[dplay] Send 14 bytes pid 3 -> 1 (ok)
[dplay] Send 33 bytes pid 1 -> 2 (ok)
[dplay] received 14 data bytes from pid 4
[dplay] Send 14 bytes pid 3 -> 1 (ok)
[dplay] Send 33 bytes pid 1 -> 2 (ok)
[dplay] received 14 data bytes from pid 4
[dplay] Send 14 bytes pid 3 -> 1 (ok)
[dplay] Send 33 bytes pid 1 -> 2 (ok)
[dplay] received 14 data bytes from pid 4
[dplay] Send 14 bytes pid 3 -> 1 (ok)
[dplay] Send 33 bytes pid 1 -> 2 (ok)
[dplay] received 14 data bytes from pid 4
[dplay] Send 14 bytes pid 3 -> 1 (ok)
[dplay] Send 33 bytes pid 1 -> 2 (ok)
[dplay] received 14 data bytes from pid 4
[dplay] Send 14 bytes pid 3 -> 1 (ok)
[dplay] Send 33 bytes pid 1 -> 2 (ok)
[agg] StaticTimeProc 49/s  impl=1 host=1 running=1 resync=0 served=0  -> AggregatorGetPackets 49/s
[dplay] received 14 data bytes from pid 4
[agg] loopback 24/s  from=3 to=1 (local player or group)
[dplay] Send 14 bytes pid 3 -> 1 (ok)
[agg] aggregator received 24 msg/s  right-size 24  mapped-to-slot 24  from: 3 4  (H2H dpids: [0]=3 [1]=4)  sizeof(ACPACKET)=14
[dplay] Send 33 bytes pid 1 -> 2 (ok)
[agg] SendEx aggpacket 12/s  from=1 to=2(playergroup) players=2 size=33 res=0x0
[dplay] received 14 data bytes from pid 4
[dplay] Send 14 bytes pid 3 -> 1 (ok)
[dplay] Send 33 bytes pid 1 -> 2 (ok)
[dplay] received 14 data bytes from pid 4
[dplay] Send 14 bytes pid 3 -> 1 (ok)
[dplay] Send 33 bytes pid 1 -> 2 (ok)
[dplay] received 14 data bytes from pid 4
[dplay] Send 14 bytes pid 3 -> 1 (ok)
[dplay] Send 33 bytes pid 1 -> 2 (ok)
[dplay] received 14 data bytes from pid 4
[dplay] Send 14 bytes pid 3 -> 1 (ok)
[dplay] Send 33 bytes pid 1 -> 2 (ok)
[dplay] received 14 data bytes from pid 4
[dplay] Send 14 bytes pid 3 -> 1 (ok)
[dplay] Send 33 bytes pid 1 -> 2 (ok)
[dplay] received 14 data bytes from pid 4
[dplay] Send 14 bytes pid 3 -> 1 (ok)
[dplay] Send 33 bytes pid 1 -> 2 (ok)
[dplay] received 14 data bytes from pid 4
[dplay] Send 14 bytes pid 3 -> 1 (ok)
[dplay] Send 33 bytes pid 1 -> 2 (ok)
[dplay] received 14 data bytes from pid 4
[dplay] Send 14 bytes pid 3 -> 1 (ok)
[dplay] Send 33 bytes pid 1 -> 2 (ok)
[dplay] received 14 data bytes from pid 4
[dplay] Send 14 bytes pid 3 -> 1 (ok)
[dplay] Send 33 bytes pid 1 -> 2 (ok)
[dplay] received 14 data bytes from pid 4
[dplay] Send 14 bytes pid 3 -> 1 (ok)
[dplay] Send 33 bytes pid 1 -> 2 (ok)
[dplay] received 14 data bytes from pid 4
[dplay] Send 14 bytes pid 3 -> 1 (ok)
[dplay] Send 33 bytes pid 1 -> 2 (ok)
[dplay] received 14 data bytes from pid 4
[dplay] Send 14 bytes pid 3 -> 1 (ok)
[dplay] Send 33 bytes pid 1 -> 2 (ok)
[agg] StaticTimeProc 49/s  impl=1 host=1 running=1 resync=0 served=0  -> AggregatorGetPackets 49/s
[dplay] received 14 data bytes from pid 4
[agg] loopback 26/s  from=3 to=1 (local player or group)
[dplay] Send 14 bytes pid 3 -> 1 (ok)
[agg] aggregator received 26 msg/s  right-size 26  mapped-to-slot 26  from: 3 4  (H2H dpids: [0]=3 [1]=4)  sizeof(ACPACKET)=14
[dplay] Send 33 bytes pid 1 -> 2 (ok)
[agg] SendEx aggpacket 13/s  from=1 to=2(playergroup) players=2 size=33 res=0x0
[dplay] received 14 data bytes from pid 4
[dplay] Send 14 bytes pid 3 -> 1 (ok)
[dplay] Send 33 bytes pid 1 -> 2 (ok)
[dplay] received 14 data bytes from pid 4
[dplay] Send 14 bytes pid 3 -> 1 (ok)
[dplay] Send 33 bytes pid 1 -> 2 (ok)
[dplay] received 14 data bytes from pid 4
[dplay] Send 14 bytes pid 3 -> 1 (ok)
[dplay] Send 33 bytes pid 1 -> 2 (ok)
[dplay] received 14 data bytes from pid 4
[dplay] Send 14 bytes pid 3 -> 1 (ok)
[dplay] Send 33 bytes pid 1 -> 2 (ok)
[dplay] received 14 data bytes from pid 4
[dplay] Send 14 bytes pid 3 -> 1 (ok)
[dplay] Send 33 bytes pid 1 -> 2 (ok)
[dplay] received 14 data bytes from pid 4
[dplay] Send 14 bytes pid 3 -> 1 (ok)
[dplay] Send 33 bytes pid 1 -> 2 (ok)
[dplay] received 14 data bytes from pid 4
[dplay] Send 14 bytes pid 3 -> 1 (ok)
[dplay] Send 33 bytes pid 1 -> 2 (ok)
[dplay] received 14 data bytes from pid 4
[dplay] Send 14 bytes pid 3 -> 1 (ok)
[dplay] Send 33 bytes pid 1 -> 2 (ok)
[dplay] received 14 data bytes from pid 4
[dplay] Send 14 bytes pid 3 -> 1 (ok)
[dplay] Send 33 bytes pid 1 -> 2 (ok)
[dplay] received 14 data bytes from pid 4
[dplay] Send 14 bytes pid 3 -> 1 (ok)
[dplay] Send 33 bytes pid 1 -> 2 (ok)
[dplay] received 14 data bytes from pid 4
[dplay] Send 14 bytes pid 3 -> 1 (ok)
[dplay] Send 33 bytes pid 1 -> 2 (ok)
[agg] StaticTimeProc 49/s  impl=1 host=1 running=1 resync=0 served=0  -> AggregatorGetPackets 49/s
[dplay] received 14 data bytes from pid 4
[agg] loopback 24/s  from=3 to=1 (local player or group)
[dplay] Send 14 bytes pid 3 -> 1 (ok)
[agg] aggregator received 24 msg/s  right-size 24  mapped-to-slot 24  from: 3 4  (H2H dpids: [0]=3 [1]=4)  sizeof(ACPACKET)=14
[dplay] Send 33 bytes pid 1 -> 2 (ok)
[agg] SendEx aggpacket 12/s  from=1 to=2(playergroup) players=2 size=33 res=0x0
[dplay] received 14 data bytes from pid 4
[dplay] Send 14 bytes pid 3 -> 1 (ok)
[dplay] Send 33 bytes pid 1 -> 2 (ok)
[dplay] received 14 data bytes from pid 4
[dplay] Send 14 bytes pid 3 -> 1 (ok)
[dplay] Send 33 bytes pid 1 -> 2 (ok)
[dplay] received 14 data bytes from pid 4
[dplay] Send 14 bytes pid 3 -> 1 (ok)
[dplay] Send 33 bytes pid 1 -> 2 (ok)
[dplay] received 14 data bytes from pid 4
[dplay] Send 14 bytes pid 3 -> 1 (ok)
[dplay] Send 33 bytes pid 1 -> 2 (ok)
[dplay] received 14 data bytes from pid 4
[dplay] Send 14 bytes pid 3 -> 1 (ok)
[dplay] Send 33 bytes pid 1 -> 2 (ok)
[dplay] pump #579500 (host=1) -- discovery is answered only from here
[dplay] received 14 data bytes from pid 4
[dplay] Send 14 bytes pid 3 -> 1 (ok)
[dplay] Send 33 bytes pid 1 -> 2 (ok)
[dplay] received 14 data bytes from pid 4
[dplay] Send 14 bytes pid 3 -> 1 (ok)
[dplay] Send 33 bytes pid 1 -> 2 (ok)
[dplay] received 14 data bytes from pid 4
[dplay] Send 14 bytes pid 3 -> 1 (ok)
[dplay] Send 33 bytes pid 1 -> 2 (ok)
[dplay] received 14 data bytes from pid 4
[dplay] Send 19 bytes pid 1 -> 2 (ok)
[dplay] Send 14 bytes pid 3 -> 1 (ok)
[dplay] received 14 data bytes from pid 4
[dplay] Send 33 bytes pid 1 -> 2 (ok)
[dplay] Send 14 bytes pid 3 -> 1 (ok)
[dplay] received 14 data bytes from pid 4
[dplay] Send 33 bytes pid 1 -> 2 (ok)
[dplay] Send 14 bytes pid 3 -> 1 (ok)
[dplay] received 14 data bytes from pid 4
[dplay] Send 14 bytes pid 3 -> 1 (ok)
[dplay] Send 33 bytes pid 1 -> 2 (ok)
[agg] StaticTimeProc 50/s  impl=1 host=1 running=1 resync=0 served=0  -> AggregatorGetPackets 50/s
[dplay] received 14 data bytes from pid 4
[agg] loopback 26/s  from=3 to=1 (local player or group)
[dplay] Send 14 bytes pid 3 -> 1 (ok)
[agg] aggregator received 26 msg/s  right-size 26  mapped-to-slot 26  from: 3 4  (H2H dpids: [0]=3 [1]=4)  sizeof(ACPACKET)=14
[dplay] Send 33 bytes pid 1 -> 2 (ok)
[agg] SendEx aggpacket 13/s  from=1 to=2(playergroup) players=2 size=33 res=0x0
[dplay] received 14 data bytes from pid 4
[dplay] Send 14 bytes pid 3 -> 1 (ok)
[dplay] Send 33 bytes pid 1 -> 2 (ok)
[dplay] received 14 data bytes from pid 4
[dplay] Send 14 bytes pid 3 -> 1 (ok)
[dplay] Send 33 bytes pid 1 -> 2 (ok)
[dplay] received 14 data bytes from pid 4
[dplay] Send 14 bytes pid 3 -> 1 (ok)
[dplay] Send 33 bytes pid 1 -> 2 (ok)
[dplay] received 14 data bytes from pid 4
[dplay] Send 14 bytes pid 3 -> 1 (ok)
[dplay] Send 33 bytes pid 1 -> 2 (ok)
[dplay] received 14 data bytes from pid 4
[dplay] Send 14 bytes pid 3 -> 1 (ok)
[dplay] Send 33 bytes pid 1 -> 2 (ok)
[dplay] received 14 data bytes from pid 4
[dplay] Send 14 bytes pid 3 -> 1 (ok)
[dplay] Send 33 bytes pid 1 -> 2 (ok)
[dplay] received 14 data bytes from pid 4
[dplay] Send 14 bytes pid 3 -> 1 (ok)
[dplay] Send 33 bytes pid 1 -> 2 (ok)
[dplay] received 14 data bytes from pid 4
[dplay] Send 14 bytes pid 3 -> 1 (ok)
[dplay] Send 33 bytes pid 1 -> 2 (ok)
[dplay] received 14 data bytes from pid 4
[dplay] Send 14 bytes pid 3 -> 1 (ok)
[dplay] Send 33 bytes pid 1 -> 2 (ok)
[dplay] received 14 data bytes from pid 4
[dplay] Send 14 bytes pid 3 -> 1 (ok)
[dplay] Send 33 bytes pid 1 -> 2 (ok)
[dplay] received 14 data bytes from pid 4
[dplay] Send 14 bytes pid 3 -> 1 (ok)
[dplay] Send 33 bytes pid 1 -> 2 (ok)
[agg] StaticTimeProc 49/s  impl=1 host=1 running=1 resync=0 served=0  -> AggregatorGetPackets 49/s
[dplay] received 14 data bytes from pid 4
[agg] loopback 24/s  from=3 to=1 (local player or group)
[dplay] Send 14 bytes pid 3 -> 1 (ok)
[agg] aggregator received 24 msg/s  right-size 24  mapped-to-slot 24  from: 3 4  (H2H dpids: [0]=3 [1]=4)  sizeof(ACPACKET)=14
[dplay] Send 33 bytes pid 1 -> 2 (ok)
[agg] SendEx aggpacket 12/s  from=1 to=2(playergroup) players=2 size=33 res=0x0
[dplay] received 14 data bytes from pid 4
[dplay] Send 14 bytes pid 3 -> 1 (ok)
[dplay] Send 33 bytes pid 1 -> 2 (ok)
[dplay] received 14 data bytes from pid 4
[dplay] Send 33 bytes pid 1 -> 2 (ok)
[dplay] Send 14 bytes pid 3 -> 1 (ok)
[dplay] Send 19 bytes pid 1 -> 2 (ok)
[dplay] received 14 data bytes from pid 4
[dplay] Send 14 bytes pid 3 -> 1 (ok)
[dplay] Send 33 bytes pid 1 -> 2 (ok)
[dplay] received 14 data bytes from pid 4
[dplay] Send 14 bytes pid 3 -> 1 (ok)
[dplay] Send 33 bytes pid 1 -> 2 (ok)
[dplay] received 14 data bytes from pid 4
[dplay] Send 14 bytes pid 3 -> 1 (ok)
[dplay] Send 33 bytes pid 1 -> 2 (ok)
[dplay] received 14 data bytes from pid 4
[dplay] Send 14 bytes pid 3 -> 1 (ok)
[dplay] Send 33 bytes pid 1 -> 2 (ok)
[dplay] received 14 data bytes from pid 4
[dplay] Send 14 bytes pid 3 -> 1 (ok)
[dplay] Send 33 bytes pid 1 -> 2 (ok)
[dplay] received 14 data bytes from pid 4
[dplay] Send 14 bytes pid 3 -> 1 (ok)
[dplay] Send 33 bytes pid 1 -> 2 (ok)
[dplay] received 14 data bytes from pid 4
[dplay] Send 14 bytes pid 3 -> 1 (ok)
[dplay] Send 33 bytes pid 1 -> 2 (ok)
[dplay] received 14 data bytes from pid 4
[dplay] Send 14 bytes pid 3 -> 1 (ok)
[dplay] Send 33 bytes pid 1 -> 2 (ok)
[dplay] received 14 data bytes from pid 4
[dplay] Send 14 bytes pid 3 -> 1 (ok)
[dplay] Send 33 bytes pid 1 -> 2 (ok)
[dplay] received 14 data bytes from pid 4
[dplay] Send 14 bytes pid 3 -> 1 (ok)
[dplay] Send 33 bytes pid 1 -> 2 (ok)
[agg] StaticTimeProc 49/s  impl=1 host=1 running=1 resync=0 served=0  -> AggregatorGetPackets 49/s
[dplay] received 14 data bytes from pid 4
[agg] loopback 27/s  from=3 to=1 (local player or group)
[dplay] Send 14 bytes pid 3 -> 1 (ok)
[agg] aggregator received 26 msg/s  right-size 26  mapped-to-slot 26  from: 3 4  (H2H dpids: [0]=3 [1]=4)  sizeof(ACPACKET)=14
[dplay] Send 33 bytes pid 1 -> 2 (ok)
[agg] SendEx aggpacket 14/s  from=1 to=2(playergroup) players=2 size=33 res=0x0
[dplay] received 14 data bytes from pid 4
[dplay] Send 14 bytes pid 3 -> 1 (ok)
[dplay] Send 33 bytes pid 1 -> 2 (ok)
[dplay] received 14 data bytes from pid 4
[dplay] Send 14 bytes pid 3 -> 1 (ok)
[dplay] Send 33 bytes pid 1 -> 2 (ok)
[dplay] received 14 data bytes from pid 4
[dplay] Send 14 bytes pid 3 -> 1 (ok)
[dplay] Send 33 bytes pid 1 -> 2 (ok)
[dplay] received 14 data bytes from pid 4
[dplay] Send 14 bytes pid 3 -> 1 (ok)
[dplay] Send 33 bytes pid 1 -> 2 (ok)
[dplay] received 14 data bytes from pid 4
[dplay] Send 14 bytes pid 3 -> 1 (ok)
[dplay] Send 33 bytes pid 1 -> 2 (ok)
[dplay] received 14 data bytes from pid 4
[dplay] Send 14 bytes pid 3 -> 1 (ok)
[dplay] Send 33 bytes pid 1 -> 2 (ok)
[dplay] received 14 data bytes from pid 4
[dplay] Send 14 bytes pid 3 -> 1 (ok)
[dplay] Send 33 bytes pid 1 -> 2 (ok)
[dplay] received 14 data bytes from pid 4
[dplay] Send 14 bytes pid 3 -> 1 (ok)
[dplay] Send 33 bytes pid 1 -> 2 (ok)
[dplay] received 14 data bytes from pid 4
[dplay] Send 14 bytes pid 3 -> 1 (ok)
[dplay] Send 33 bytes pid 1 -> 2 (ok)
[dplay] received 14 data bytes from pid 4
[dplay] Send 14 bytes pid 3 -> 1 (ok)
[dplay] Send 33 bytes pid 1 -> 2 (ok)
[dplay] received 14 data bytes from pid 4
[dplay] Send 14 bytes pid 3 -> 1 (ok)
[dplay] Send 33 bytes pid 1 -> 2 (ok)
[agg] StaticTimeProc 49/s  impl=1 host=1 running=1 resync=0 served=0  -> AggregatorGetPackets 49/s
[dplay] received 14 data bytes from pid 4
[agg] loopback 24/s  from=3 to=1 (local player or group)
[dplay] Send 14 bytes pid 3 -> 1 (ok)
[agg] aggregator received 24 msg/s  right-size 24  mapped-to-slot 24  from: 3 4  (H2H dpids: [0]=3 [1]=4)  sizeof(ACPACKET)=14
[dplay] Send 33 bytes pid 1 -> 2 (ok)
[agg] SendEx aggpacket 12/s  from=1 to=2(playergroup) players=2 size=33 res=0x0
[dplay] received 14 data bytes from pid 4
[dplay] Send 14 bytes pid 3 -> 1 (ok)
[dplay] pump #580000 (host=1) -- discovery is answered only from here
[dplay] Send 33 bytes pid 1 -> 2 (ok)
[dplay] received 14 data bytes from pid 4
[dplay] Send 14 bytes pid 3 -> 1 (ok)
[dplay] Send 33 bytes pid 1 -> 2 (ok)
[dplay] received 14 data bytes from pid 4
[dplay] Send 14 bytes pid 3 -> 1 (ok)
[dplay] Send 33 bytes pid 1 -> 2 (ok)
[dplay] received 14 data bytes from pid 4
[dplay] Send 14 bytes pid 3 -> 1 (ok)
[dplay] Send 33 bytes pid 1 -> 2 (ok)
[dplay] received 14 data bytes from pid 4
[dplay] Send 14 bytes pid 3 -> 1 (ok)
[dplay] Send 33 bytes pid 1 -> 2 (ok)
[accnt] aircraft in this world: now=8 MAX=8 visible=2 dead=6 (frame sample #10)
[dplay] received 14 data bytes from pid 4
[dplay] Send 14 bytes pid 3 -> 1 (ok)
[dplay] Send 33 bytes pid 1 -> 2 (ok)
[dplay] received 14 data bytes from pid 4
[dplay] Send 14 bytes pid 3 -> 1 (ok)
[dplay] Send 33 bytes pid 1 -> 2 (ok)
[dplay] received 14 data bytes from pid 4
[dplay] Send 14 bytes pid 3 -> 1 (ok)
[dplay] Send 33 bytes pid 1 -> 2 (ok)
[dplay] received 14 data bytes from pid 4
[dplay] Send 14 bytes pid 3 -> 1 (ok)
[dplay] Send 33 bytes pid 1 -> 2 (ok)
[dplay] received 14 data bytes from pid 4
[dplay] Send 14 bytes pid 3 -> 1 (ok)
[dplay] Send 33 bytes pid 1 -> 2 (ok)
[dplay] received 14 data bytes from pid 4
[dplay] Send 14 bytes pid 3 -> 1 (ok)
[dplay] Send 33 bytes pid 1 -> 2 (ok)
[dplay] received 14 data bytes from pid 4
[dplay] Send 14 bytes pid 3 -> 1 (ok)
[dplay] Send 33 bytes pid 1 -> 2 (ok)
[agg] StaticTimeProc 49/s  impl=1 host=1 running=1 resync=0 served=0  -> AggregatorGetPackets 49/s
[dplay] received 14 data bytes from pid 4
[agg] loopback 26/s  from=3 to=1 (local player or group)
[dplay] Send 14 bytes pid 3 -> 1 (ok)
[agg] aggregator received 26 msg/s  right-size 26  mapped-to-slot 26  from: 3 4  (H2H dpids: [0]=3 [1]=4)  sizeof(ACPACKET)=14
[dplay] Send 33 bytes pid 1 -> 2 (ok)
[agg] SendEx aggpacket 13/s  from=1 to=2(playergroup) players=2 size=33 res=0x0
[dplay] received 14 data bytes from pid 4
[dplay] Send 14 bytes pid 3 -> 1 (ok)
[dplay] Send 33 bytes pid 1 -> 2 (ok)
[dplay] received 14 data bytes from pid 4
[dplay] Send 14 bytes pid 3 -> 1 (ok)
[dplay] Send 33 bytes pid 1 -> 2 (ok)
[dplay] received 14 data bytes from pid 4
[dplay] Send 14 bytes pid 3 -> 1 (ok)
[dplay] Send 33 bytes pid 1 -> 2 (ok)
[dplay] received 14 data bytes from pid 4
[dplay] Send 14 bytes pid 3 -> 1 (ok)
[dplay] Send 33 bytes pid 1 -> 2 (ok)
[dplay] received 14 data bytes from pid 4
[dplay] Send 14 bytes pid 3 -> 1 (ok)
[dplay] Send 33 bytes pid 1 -> 2 (ok)
[dplay] received 14 data bytes from pid 4
[dplay] Send 14 bytes pid 3 -> 1 (ok)
[dplay] Send 33 bytes pid 1 -> 2 (ok)
[dplay] received 14 data bytes from pid 4
[dplay] Send 19 bytes pid 1 -> 2 (ok)
[dplay] Send 14 bytes pid 3 -> 1 (ok)
[dplay] received 14 data bytes from pid 4
[dplay] Send 33 bytes pid 1 -> 2 (ok)
[dplay] Send 14 bytes pid 3 -> 1 (ok)
[dplay] received 14 data bytes from pid 4
[dplay] Send 14 bytes pid 3 -> 1 (ok)
[dplay] Send 33 bytes pid 1 -> 2 (ok)
[dplay] received 14 data bytes from pid 4
[dplay] Send 14 bytes pid 3 -> 1 (ok)
[dplay] Send 33 bytes pid 1 -> 2 (ok)
[dplay] received 14 data bytes from pid 4
[dplay] Send 14 bytes pid 3 -> 1 (ok)
[dplay] Send 33 bytes pid 1 -> 2 (ok)
[dplay] received 14 data bytes from pid 4
[agg] loopback 24/s  from=3 to=1 (local player or group)
[dplay] Send 14 bytes pid 3 -> 1 (ok)
[agg] StaticTimeProc 50/s  impl=1 host=1 running=1 resync=0 served=0  -> AggregatorGetPackets 50/s
[agg] aggregator received 24 msg/s  right-size 24  mapped-to-slot 24  from: 3 4  (H2H dpids: [0]=3 [1]=4)  sizeof(ACPACKET)=14
[dplay] Send 33 bytes pid 1 -> 2 (ok)
[agg] SendEx aggpacket 12/s  from=1 to=2(playergroup) players=2 size=33 res=0x0
[dplay] received 14 data bytes from pid 4
[dplay] Send 14 bytes pid 3 -> 1 (ok)
[dplay] Send 33 bytes pid 1 -> 2 (ok)
[dplay] received 14 data bytes from pid 4
[dplay] Send 14 bytes pid 3 -> 1 (ok)
[dplay] Send 33 bytes pid 1 -> 2 (ok)
[dplay] received 14 data bytes from pid 4
[dplay] Send 14 bytes pid 3 -> 1 (ok)
[dplay] Send 33 bytes pid 1 -> 2 (ok)
[dplay] received 14 data bytes from pid 4
[dplay] Send 14 bytes pid 3 -> 1 (ok)
[dplay] Send 33 bytes pid 1 -> 2 (ok)
[dplay] received 14 data bytes from pid 4
[dplay] Send 14 bytes pid 3 -> 1 (ok)
[dplay] Send 33 bytes pid 1 -> 2 (ok)
[dplay] received 14 data bytes from pid 4
[dplay] Send 14 bytes pid 3 -> 1 (ok)
[dplay] Send 33 bytes pid 1 -> 2 (ok)
[dplay] received 14 data bytes from pid 4
[dplay] Send 14 bytes pid 3 -> 1 (ok)
[dplay] Send 33 bytes pid 1 -> 2 (ok)
[dplay] received 14 data bytes from pid 4
[dplay] Send 14 bytes pid 3 -> 1 (ok)
[dplay] Send 33 bytes pid 1 -> 2 (ok)
[dplay] received 14 data bytes from pid 4
[dplay] Send 14 bytes pid 3 -> 1 (ok)
[dplay] Send 33 bytes pid 1 -> 2 (ok)
[dplay] received 14 data bytes from pid 4
[dplay] Send 14 bytes pid 3 -> 1 (ok)
[dplay] Send 33 bytes pid 1 -> 2 (ok)
[dplay] received 14 data bytes from pid 4
[dplay] Send 33 bytes pid 1 -> 2 (ok)
[dplay] Send 14 bytes pid 3 -> 1 (ok)
[dplay] Send 19 bytes pid 1 -> 2 (ok)
[dplay] received 14 data bytes from pid 4
[dplay] Send 14 bytes pid 3 -> 1 (ok)
[dplay] Send 33 bytes pid 1 -> 2 (ok)
[agg] StaticTimeProc 49/s  impl=1 host=1 running=1 resync=0 served=0  -> AggregatorGetPackets 49/s
[dplay] received 14 data bytes from pid 4
[agg] aggregator received 26 msg/s  right-size 26  mapped-to-slot 26  from: 3 4  (H2H dpids: [0]=3 [1]=4)  sizeof(ACPACKET)=14
[agg] loopback 27/s  from=3 to=1 (local player or group)
[dplay] Send 14 bytes pid 3 -> 1 (ok)
[dplay] Send 33 bytes pid 1 -> 2 (ok)
[agg] SendEx aggpacket 14/s  from=1 to=2(playergroup) players=2 size=33 res=0x0
[dplay] received 14 data bytes from pid 4
[dplay] Send 14 bytes pid 3 -> 1 (ok)
[dplay] Send 33 bytes pid 1 -> 2 (ok)
[dplay] received 14 data bytes from pid 4
[dplay] Send 14 bytes pid 3 -> 1 (ok)
[dplay] Send 33 bytes pid 1 -> 2 (ok)
[dplay] received 14 data bytes from pid 4
[dplay] Send 14 bytes pid 3 -> 1 (ok)
[dplay] Send 33 bytes pid 1 -> 2 (ok)
[dplay] received 14 data bytes from pid 4
[dplay] Send 14 bytes pid 3 -> 1 (ok)
[dplay] Send 33 bytes pid 1 -> 2 (ok)
[dplay] received 14 data bytes from pid 4
[dplay] Send 14 bytes pid 3 -> 1 (ok)
[dplay] Send 33 bytes pid 1 -> 2 (ok)
[dplay] received 14 data bytes from pid 4
[dplay] Send 14 bytes pid 3 -> 1 (ok)
[dplay] Send 33 bytes pid 1 -> 2 (ok)
[dplay] received 14 data bytes from pid 4
[dplay] Send 14 bytes pid 3 -> 1 (ok)
[dplay] Send 33 bytes pid 1 -> 2 (ok)
[dplay] received 14 data bytes from pid 4
[dplay] Send 14 bytes pid 3 -> 1 (ok)
[dplay] Send 33 bytes pid 1 -> 2 (ok)
[dplay] pump #580500 (host=1) -- discovery is answered only from here
[dplay] received 14 data bytes from pid 4
[dplay] Send 14 bytes pid 3 -> 1 (ok)
[dplay] Send 33 bytes pid 1 -> 2 (ok)
[dplay] received 14 data bytes from pid 4
[dplay] Send 14 bytes pid 3 -> 1 (ok)
[dplay] Send 33 bytes pid 1 -> 2 (ok)
[dplay] received 14 data bytes from pid 4
[dplay] Send 14 bytes pid 3 -> 1 (ok)
[dplay] Send 33 bytes pid 1 -> 2 (ok)
[agg] StaticTimeProc 49/s  impl=1 host=1 running=1 resync=0 served=0  -> AggregatorGetPackets 49/s
[dplay] received 14 data bytes from pid 4
[agg] loopback 24/s  from=3 to=1 (local player or group)
[dplay] Send 14 bytes pid 3 -> 1 (ok)
[agg] aggregator received 24 msg/s  right-size 24  mapped-to-slot 24  from: 3 4  (H2H dpids: [0]=3 [1]=4)  sizeof(ACPACKET)=14
[dplay] Send 33 bytes pid 1 -> 2 (ok)
[agg] SendEx aggpacket 12/s  from=1 to=2(playergroup) players=2 size=33 res=0x0
[dplay] received 14 data bytes from pid 4
[dplay] Send 14 bytes pid 3 -> 1 (ok)
[dplay] Send 33 bytes pid 1 -> 2 (ok)
[dplay] received 14 data bytes from pid 4
[dplay] Send 14 bytes pid 3 -> 1 (ok)
[dplay] Send 33 bytes pid 1 -> 2 (ok)
[dplay] received 14 data bytes from pid 4
[dplay] Send 14 bytes pid 3 -> 1 (ok)
[dplay] Send 33 bytes pid 1 -> 2 (ok)
[dplay] received 14 data bytes from pid 4
[dplay] Send 14 bytes pid 3 -> 1 (ok)
[dplay] Send 33 bytes pid 1 -> 2 (ok)
[dplay] received 14 data bytes from pid 4
[dplay] Send 14 bytes pid 3 -> 1 (ok)
[dplay] Send 33 bytes pid 1 -> 2 (ok)
[dplay] received 14 data bytes from pid 4
[dplay] Send 14 bytes pid 3 -> 1 (ok)
[dplay] Send 33 bytes pid 1 -> 2 (ok)
[dplay] received 14 data bytes from pid 4
[dplay] Send 14 bytes pid 3 -> 1 (ok)
[dplay] Send 33 bytes pid 1 -> 2 (ok)
[dplay] received 14 data bytes from pid 4
[dplay] Send 14 bytes pid 3 -> 1 (ok)
[dplay] Send 33 bytes pid 1 -> 2 (ok)
[dplay] received 14 data bytes from pid 4
[dplay] Send 14 bytes pid 3 -> 1 (ok)
[dplay] Send 33 bytes pid 1 -> 2 (ok)
[dplay] received 14 data bytes from pid 4
[dplay] Send 14 bytes pid 3 -> 1 (ok)
[dplay] Send 33 bytes pid 1 -> 2 (ok)
[dplay] received 14 data bytes from pid 4
[dplay] Send 14 bytes pid 3 -> 1 (ok)
[dplay] Send 33 bytes pid 1 -> 2 (ok)
[dplay] received 14 data bytes from pid 4
[dplay] Send 14 bytes pid 3 -> 1 (ok)
[dplay] Send 33 bytes pid 1 -> 2 (ok)
[agg] StaticTimeProc 49/s  impl=1 host=1 running=1 resync=0 served=0  -> AggregatorGetPackets 49/s
[dplay] received 14 data bytes from pid 4
[agg] loopback 26/s  from=3 to=1 (local player or group)
[dplay] Send 14 bytes pid 3 -> 1 (ok)
[agg] aggregator received 26 msg/s  right-size 26  mapped-to-slot 26  from: 3 4  (H2H dpids: [0]=3 [1]=4)  sizeof(ACPACKET)=14
[dplay] Send 33 bytes pid 1 -> 2 (ok)
[agg] SendEx aggpacket 13/s  from=1 to=2(playergroup) players=2 size=33 res=0x0
[dplay] received 14 data bytes from pid 4
[dplay] Send 14 bytes pid 3 -> 1 (ok)
[dplay] Send 33 bytes pid 1 -> 2 (ok)
[dplay] received 14 data bytes from pid 4
[dplay] Send 14 bytes pid 3 -> 1 (ok)
[dplay] Send 33 bytes pid 1 -> 2 (ok)
[dplay] received 14 data bytes from pid 4
[dplay] Send 14 bytes pid 3 -> 1 (ok)
[dplay] Send 33 bytes pid 1 -> 2 (ok)
[dplay] received 14 data bytes from pid 4
[dplay] Send 14 bytes pid 3 -> 1 (ok)
[dplay] Send 33 bytes pid 1 -> 2 (ok)
[dplay] received 14 data bytes from pid 4
[dplay] Send 14 bytes pid 3 -> 1 (ok)
[dplay] Send 33 bytes pid 1 -> 2 (ok)
[dplay] received 14 data bytes from pid 4
[dplay] Send 14 bytes pid 3 -> 1 (ok)
[dplay] Send 33 bytes pid 1 -> 2 (ok)
[dplay] received 14 data bytes from pid 4
[dplay] Send 14 bytes pid 3 -> 1 (ok)
[dplay] Send 33 bytes pid 1 -> 2 (ok)
[dplay] received 14 data bytes from pid 4
[dplay] Send 14 bytes pid 3 -> 1 (ok)
[dplay] Send 33 bytes pid 1 -> 2 (ok)
[dplay] received 14 data bytes from pid 4
[dplay] Send 14 bytes pid 3 -> 1 (ok)
[dplay] Send 33 bytes pid 1 -> 2 (ok)
[dplay] received 14 data bytes from pid 4
[dplay] Send 14 bytes pid 3 -> 1 (ok)
[dplay] Send 33 bytes pid 1 -> 2 (ok)
[dplay] received 14 data bytes from pid 4
[dplay] Send 14 bytes pid 3 -> 1 (ok)
[dplay] Send 33 bytes pid 1 -> 2 (ok)
[agg] StaticTimeProc 49/s  impl=1 host=1 running=1 resync=0 served=0  -> AggregatorGetPackets 49/s
[dplay] received 14 data bytes from pid 4
[agg] loopback 24/s  from=3 to=1 (local player or group)
[dplay] Send 14 bytes pid 3 -> 1 (ok)
[agg] aggregator received 24 msg/s  right-size 24  mapped-to-slot 24  from: 3 4  (H2H dpids: [0]=3 [1]=4)  sizeof(ACPACKET)=14
[dplay] Send 33 bytes pid 1 -> 2 (ok)
[agg] SendEx aggpacket 12/s  from=1 to=2(playergroup) players=2 size=33 res=0x0
[dplay] received 14 data bytes from pid 4
[dplay] Send 14 bytes pid 3 -> 1 (ok)
[dplay] Send 33 bytes pid 1 -> 2 (ok)
[dplay] received 14 data bytes from pid 4
[dplay] Send 14 bytes pid 3 -> 1 (ok)
[dplay] Send 33 bytes pid 1 -> 2 (ok)
[dplay] received 14 data bytes from pid 4
[dplay] Send 14 bytes pid 3 -> 1 (ok)
[dplay] Send 33 bytes pid 1 -> 2 (ok)
[dplay] received 14 data bytes from pid 4
[dplay] Send 14 bytes pid 3 -> 1 (ok)
[dplay] Send 33 bytes pid 1 -> 2 (ok)
[dplay] received 14 data bytes from pid 4
[dplay] Send 14 bytes pid 3 -> 1 (ok)
[dplay] Send 33 bytes pid 1 -> 2 (ok)
[dplay] received 14 data bytes from pid 4
[dplay] Send 19 bytes pid 1 -> 2 (ok)
[dplay] Send 14 bytes pid 3 -> 1 (ok)
[dplay] received 14 data bytes from pid 4
[dplay] Send 33 bytes pid 1 -> 2 (ok)
[dplay] Send 14 bytes pid 3 -> 1 (ok)
[dplay] received 14 data bytes from pid 4
[dplay] Send 33 bytes pid 1 -> 2 (ok)
[dplay] Send 14 bytes pid 3 -> 1 (ok)
[dplay] received 14 data bytes from pid 4
[dplay] Send 14 bytes pid 3 -> 1 (ok)
[dplay] Send 33 bytes pid 1 -> 2 (ok)
[dplay] received 14 data bytes from pid 4
[dplay] Send 14 bytes pid 3 -> 1 (ok)
[dplay] Send 33 bytes pid 1 -> 2 (ok)
[dplay] received 14 data bytes from pid 4
[dplay] Send 14 bytes pid 3 -> 1 (ok)
[dplay] Send 33 bytes pid 1 -> 2 (ok)
[dplay] received 14 data bytes from pid 4
[dplay] Send 14 bytes pid 3 -> 1 (ok)
[dplay] Send 33 bytes pid 1 -> 2 (ok)
[agg] StaticTimeProc 50/s  impl=1 host=1 running=1 resync=0 served=0  -> AggregatorGetPackets 50/s
[dplay] received 14 data bytes from pid 4
[agg] loopback 26/s  from=3 to=1 (local player or group)
[dplay] Send 14 bytes pid 3 -> 1 (ok)
[agg] aggregator received 26 msg/s  right-size 26  mapped-to-slot 26  from: 3 4  (H2H dpids: [0]=3 [1]=4)  sizeof(ACPACKET)=14
[dplay] Send 33 bytes pid 1 -> 2 (ok)
[agg] SendEx aggpacket 13/s  from=1 to=2(playergroup) players=2 size=33 res=0x0
[dplay] received 14 data bytes from pid 4
[dplay] Send 14 bytes pid 3 -> 1 (ok)
[dplay] Send 33 bytes pid 1 -> 2 (ok)
[dplay] received 14 data bytes from pid 4
[dplay] Send 14 bytes pid 3 -> 1 (ok)
[dplay] Send 33 bytes pid 1 -> 2 (ok)
[dplay] received 14 data bytes from pid 4
[dplay] Send 14 bytes pid 3 -> 1 (ok)
[dplay] Send 33 bytes pid 1 -> 2 (ok)
[dplay] received 14 data bytes from pid 4
[dplay] Send 14 bytes pid 3 -> 1 (ok)
[dplay] pump #581000 (host=1) -- discovery is answered only from here
[dplay] Send 33 bytes pid 1 -> 2 (ok)
[dplay] Send 14 bytes pid 3 -> 1 (ok)
[dplay] received 14 data bytes from pid 4
[dplay] Send 33 bytes pid 1 -> 2 (ok)
[dplay] received 14 data bytes from pid 4
[dplay] Send 14 bytes pid 3 -> 1 (ok)
[dplay] Send 33 bytes pid 1 -> 2 (ok)
[dplay] received 14 data bytes from pid 4
[dplay] Send 14 bytes pid 3 -> 1 (ok)
[dplay] Send 33 bytes pid 1 -> 2 (ok)
[dplay] received 14 data bytes from pid 4
[dplay] Send 14 bytes pid 3 -> 1 (ok)
[dplay] Send 33 bytes pid 1 -> 2 (ok)
[dplay] received 14 data bytes from pid 4
[dplay] Send 14 bytes pid 3 -> 1 (ok)
[dplay] Send 33 bytes pid 1 -> 2 (ok)
[dplay] received 14 data bytes from pid 4
[dplay] Send 33 bytes pid 1 -> 2 (ok)
[dplay] Send 14 bytes pid 3 -> 1 (ok)
[dplay] Send 19 bytes pid 1 -> 2 (ok)
[dplay] received 14 data bytes from pid 4
[dplay] Send 14 bytes pid 3 -> 1 (ok)
[dplay] Send 33 bytes pid 1 -> 2 (ok)
[dplay] received 14 data bytes from pid 4
[agg] loopback 25/s  from=3 to=1 (local player or group)
[dplay] Send 14 bytes pid 3 -> 1 (ok)
[agg] StaticTimeProc 49/s  impl=1 host=1 running=1 resync=0 served=0  -> AggregatorGetPackets 49/s
[agg] aggregator received 24 msg/s  right-size 24  mapped-to-slot 24  from: 3 4  (H2H dpids: [0]=3 [1]=4)  sizeof(ACPACKET)=14
[dplay] Send 33 bytes pid 1 -> 2 (ok)
[agg] SendEx aggpacket 13/s  from=1 to=2(playergroup) players=2 size=33 res=0x0
[dplay] received 14 data bytes from pid 4
[dplay] Send 14 bytes pid 3 -> 1 (ok)
[dplay] Send 33 bytes pid 1 -> 2 (ok)
[dplay] received 14 data bytes from pid 4
[dplay] Send 14 bytes pid 3 -> 1 (ok)
[dplay] Send 33 bytes pid 1 -> 2 (ok)
[dplay] received 14 data bytes from pid 4
[dplay] Send 14 bytes pid 3 -> 1 (ok)
[dplay] Send 33 bytes pid 1 -> 2 (ok)
[dplay] received 14 data bytes from pid 4
[dplay] Send 14 bytes pid 3 -> 1 (ok)
[dplay] Send 33 bytes pid 1 -> 2 (ok)
[dplay] received 14 data bytes from pid 4
[dplay] Send 14 bytes pid 3 -> 1 (ok)
[dplay] Send 33 bytes pid 1 -> 2 (ok)
[dplay] received 14 data bytes from pid 4
[dplay] Send 14 bytes pid 3 -> 1 (ok)
[dplay] Send 33 bytes pid 1 -> 2 (ok)
[dplay] received 14 data bytes from pid 4
[dplay] Send 14 bytes pid 3 -> 1 (ok)
[dplay] Send 33 bytes pid 1 -> 2 (ok)
[dplay] received 14 data bytes from pid 4
[dplay] Send 14 bytes pid 3 -> 1 (ok)
[dplay] Send 33 bytes pid 1 -> 2 (ok)
[dplay] received 14 data bytes from pid 4
[dplay] Send 14 bytes pid 3 -> 1 (ok)
[dplay] Send 33 bytes pid 1 -> 2 (ok)
[dplay] received 14 data bytes from pid 4
[dplay] Send 14 bytes pid 3 -> 1 (ok)
[dplay] Send 33 bytes pid 1 -> 2 (ok)
[dplay] received 14 data bytes from pid 4
[dplay] Send 14 bytes pid 3 -> 1 (ok)
[dplay] Send 33 bytes pid 1 -> 2 (ok)
[dplay] received 14 data bytes from pid 4
[dplay] Send 14 bytes pid 3 -> 1 (ok)
[dplay] Send 33 bytes pid 1 -> 2 (ok)
[agg] StaticTimeProc 49/s  impl=1 host=1 running=1 resync=0 served=0  -> AggregatorGetPackets 49/s
[dplay] received 14 data bytes from pid 4
[agg] aggregator received 26 msg/s  right-size 26  mapped-to-slot 26  from: 3 4  (H2H dpids: [0]=3 [1]=4)  sizeof(ACPACKET)=14
[agg] loopback 26/s  from=3 to=1 (local player or group)
[dplay] Send 14 bytes pid 3 -> 1 (ok)
[dplay] Send 33 bytes pid 1 -> 2 (ok)
[agg] SendEx aggpacket 13/s  from=1 to=2(playergroup) players=2 size=33 res=0x0
[dplay] received 14 data bytes from pid 4
[dplay] Send 14 bytes pid 3 -> 1 (ok)
[dplay] Send 33 bytes pid 1 -> 2 (ok)
[dplay] received 14 data bytes from pid 4
[dplay] Send 14 bytes pid 3 -> 1 (ok)
[dplay] Send 33 bytes pid 1 -> 2 (ok)
[dplay] received 14 data bytes from pid 4
[dplay] Send 14 bytes pid 3 -> 1 (ok)
[dplay] Send 33 bytes pid 1 -> 2 (ok)
[dplay] received 14 data bytes from pid 4
[dplay] Send 14 bytes pid 3 -> 1 (ok)
[dplay] Send 33 bytes pid 1 -> 2 (ok)
[dplay] received 14 data bytes from pid 4
[dplay] Send 14 bytes pid 3 -> 1 (ok)
[dplay] Send 33 bytes pid 1 -> 2 (ok)
[dplay] received 14 data bytes from pid 4
[dplay] Send 14 bytes pid 3 -> 1 (ok)
[dplay] Send 33 bytes pid 1 -> 2 (ok)
[dplay] received 14 data bytes from pid 4
[dplay] Send 14 bytes pid 3 -> 1 (ok)
[dplay] Send 33 bytes pid 1 -> 2 (ok)
[dplay] received 14 data bytes from pid 4
[dplay] Send 14 bytes pid 3 -> 1 (ok)
[dplay] Send 33 bytes pid 1 -> 2 (ok)
[dplay] received 14 data bytes from pid 4
[dplay] Send 14 bytes pid 3 -> 1 (ok)
[dplay] Send 33 bytes pid 1 -> 2 (ok)
[dplay] received 14 data bytes from pid 4
[dplay] Send 14 bytes pid 3 -> 1 (ok)
[dplay] Send 33 bytes pid 1 -> 2 (ok)
[dplay] received 14 data bytes from pid 4
[dplay] Send 14 bytes pid 3 -> 1 (ok)
[dplay] Send 33 bytes pid 1 -> 2 (ok)
[agg] StaticTimeProc 49/s  impl=1 host=1 running=1 resync=0 served=0  -> AggregatorGetPackets 49/s
[dplay] received 14 data bytes from pid 4
[agg] loopback 24/s  from=3 to=1 (local player or group)
[dplay] Send 14 bytes pid 3 -> 1 (ok)
[agg] aggregator received 24 msg/s  right-size 24  mapped-to-slot 24  from: 3 4  (H2H dpids: [0]=3 [1]=4)  sizeof(ACPACKET)=14
[dplay] Send 33 bytes pid 1 -> 2 (ok)
[agg] SendEx aggpacket 12/s  from=1 to=2(playergroup) players=2 size=33 res=0x0
[dplay] received 14 data bytes from pid 4
[dplay] Send 14 bytes pid 3 -> 1 (ok)
[dplay] Send 33 bytes pid 1 -> 2 (ok)
[dplay] received 14 data bytes from pid 4
[dplay] Send 14 bytes pid 3 -> 1 (ok)
[dplay] Send 33 bytes pid 1 -> 2 (ok)
[dplay] received 14 data bytes from pid 4
[dplay] Send 14 bytes pid 3 -> 1 (ok)
[dplay] Send 33 bytes pid 1 -> 2 (ok)
[dplay] received 14 data bytes from pid 4
[dplay] Send 14 bytes pid 3 -> 1 (ok)
[dplay] Send 33 bytes pid 1 -> 2 (ok)
[dplay] received 14 data bytes from pid 4
[dplay] Send 14 bytes pid 3 -> 1 (ok)
[dplay] Send 33 bytes pid 1 -> 2 (ok)
[dplay] received 14 data bytes from pid 4
[dplay] Send 14 bytes pid 3 -> 1 (ok)
[dplay] Send 33 bytes pid 1 -> 2 (ok)
[dplay] received 14 data bytes from pid 4
[dplay] Send 14 bytes pid 3 -> 1 (ok)
[dplay] Send 33 bytes pid 1 -> 2 (ok)
[dplay] received 14 data bytes from pid 4
[dplay] Send 14 bytes pid 3 -> 1 (ok)
[dplay] Send 33 bytes pid 1 -> 2 (ok)
[dplay] received 14 data bytes from pid 4
[dplay] Send 14 bytes pid 3 -> 1 (ok)
[dplay] Send 33 bytes pid 1 -> 2 (ok)
[dplay] received 14 data bytes from pid 4
[dplay] Send 14 bytes pid 3 -> 1 (ok)
[dplay] Send 33 bytes pid 1 -> 2 (ok)
[dplay] received 14 data bytes from pid 4
[dplay] Send 14 bytes pid 3 -> 1 (ok)
[dplay] Send 33 bytes pid 1 -> 2 (ok)
[dplay] received 14 data bytes from pid 4
[dplay] Send 14 bytes pid 3 -> 1 (ok)
[dplay] Send 33 bytes pid 1 -> 2 (ok)
[agg] StaticTimeProc 49/s  impl=1 host=1 running=1 resync=0 served=0  -> AggregatorGetPackets 49/s
[dplay] pump #581500 (host=1) -- discovery is answered only from here
[dplay] received 14 data bytes from pid 4
[agg] loopback 26/s  from=3 to=1 (local player or group)
[dplay] Send 14 bytes pid 3 -> 1 (ok)
[agg] aggregator received 26 msg/s  right-size 26  mapped-to-slot 26  from: 3 4  (H2H dpids: [0]=3 [1]=4)  sizeof(ACPACKET)=14
[dplay] Send 33 bytes pid 1 -> 2 (ok)
[agg] SendEx aggpacket 13/s  from=1 to=2(playergroup) players=2 size=33 res=0x0
[dplay] received 14 data bytes from pid 4
[dplay] Send 14 bytes pid 3 -> 1 (ok)
[dplay] Send 33 bytes pid 1 -> 2 (ok)
[dplay] received 14 data bytes from pid 4
[dplay] Send 14 bytes pid 3 -> 1 (ok)
[dplay] Send 33 bytes pid 1 -> 2 (ok)
[dplay] received 14 data bytes from pid 4
[dplay] Send 14 bytes pid 3 -> 1 (ok)
[dplay] Send 33 bytes pid 1 -> 2 (ok)
[dplay] received 14 data bytes from pid 4
[dplay] Send 14 bytes pid 3 -> 1 (ok)
[dplay] Send 33 bytes pid 1 -> 2 (ok)
[dplay] received 14 data bytes from pid 4
[dplay] Send 14 bytes pid 3 -> 1 (ok)
[dplay] Send 33 bytes pid 1 -> 2 (ok)
[dplay] received 14 data bytes from pid 4
[dplay] Send 14 bytes pid 3 -> 1 (ok)
[dplay] Send 33 bytes pid 1 -> 2 (ok)
[dplay] received 14 data bytes from pid 4
[dplay] Send 14 bytes pid 3 -> 1 (ok)
[dplay] Send 33 bytes pid 1 -> 2 (ok)
[dplay] received 14 data bytes from pid 4
[dplay] Send 14 bytes pid 3 -> 1 (ok)
[dplay] Send 33 bytes pid 1 -> 2 (ok)
[dplay] received 14 data bytes from pid 4
[dplay] Send 19 bytes pid 1 -> 2 (ok)
[dplay] Send 14 bytes pid 3 -> 1 (ok)
[dplay] received 14 data bytes from pid 4
[dplay] Send 33 bytes pid 1 -> 2 (ok)
[dplay] Send 14 bytes pid 3 -> 1 (ok)
[dplay] received 14 data bytes from pid 4
[dplay] Send 14 bytes pid 3 -> 1 (ok)
[dplay] Send 33 bytes pid 1 -> 2 (ok)
[dplay] received 14 data bytes from pid 4
[agg] loopback 24/s  from=3 to=1 (local player or group)
[dplay] Send 14 bytes pid 3 -> 1 (ok)
[agg] StaticTimeProc 50/s  impl=1 host=1 running=1 resync=0 served=0  -> AggregatorGetPackets 50/s
[agg] aggregator received 24 msg/s  right-size 24  mapped-to-slot 24  from: 3 4  (H2H dpids: [0]=3 [1]=4)  sizeof(ACPACKET)=14
[dplay] Send 33 bytes pid 1 -> 2 (ok)
[agg] SendEx aggpacket 12/s  from=1 to=2(playergroup) players=2 size=33 res=0x0
[dplay] received 14 data bytes from pid 4
[dplay] Send 14 bytes pid 3 -> 1 (ok)
[dplay] Send 33 bytes pid 1 -> 2 (ok)
[dplay] received 14 data bytes from pid 4
[dplay] Send 14 bytes pid 3 -> 1 (ok)
[dplay] Send 33 bytes pid 1 -> 2 (ok)
[dplay] received 14 data bytes from pid 4
[dplay] Send 14 bytes pid 3 -> 1 (ok)
[dplay] Send 33 bytes pid 1 -> 2 (ok)
[dplay] received 14 data bytes from pid 4
[dplay] Send 14 bytes pid 3 -> 1 (ok)
[dplay] Send 33 bytes pid 1 -> 2 (ok)
[dplay] received 14 data bytes from pid 4
[dplay] Send 14 bytes pid 3 -> 1 (ok)
[dplay] Send 33 bytes pid 1 -> 2 (ok)
[accnt] aircraft in this world: now=8 MAX=8 visible=2 dead=6 (frame sample #11)
[dplay] received 14 data bytes from pid 4
[dplay] Send 14 bytes pid 3 -> 1 (ok)
[dplay] Send 33 bytes pid 1 -> 2 (ok)
[dplay] received 14 data bytes from pid 4
[dplay] Send 14 bytes pid 3 -> 1 (ok)
[dplay] Send 33 bytes pid 1 -> 2 (ok)
[dplay] received 14 data bytes from pid 4
[dplay] Send 14 bytes pid 3 -> 1 (ok)
[dplay] Send 33 bytes pid 1 -> 2 (ok)
[dplay] received 14 data bytes from pid 4
[dplay] Send 33 bytes pid 1 -> 2 (ok)
[dplay] Send 14 bytes pid 3 -> 1 (ok)
[dplay] Send 19 bytes pid 1 -> 2 (ok)
[dplay] received 14 data bytes from pid 4
[dplay] Send 14 bytes pid 3 -> 1 (ok)
[dplay] Send 33 bytes pid 1 -> 2 (ok)
[dplay] received 14 data bytes from pid 4
[dplay] Send 14 bytes pid 3 -> 1 (ok)
[dplay] Send 33 bytes pid 1 -> 2 (ok)
[dplay] received 14 data bytes from pid 4
[dplay] Send 14 bytes pid 3 -> 1 (ok)
[dplay] Send 33 bytes pid 1 -> 2 (ok)
[agg] StaticTimeProc 49/s  impl=1 host=1 running=1 resync=0 served=0  -> AggregatorGetPackets 49/s
[dplay] received 14 data bytes from pid 4
[agg] loopback 27/s  from=3 to=1 (local player or group)
[dplay] Send 14 bytes pid 3 -> 1 (ok)
[agg] aggregator received 26 msg/s  right-size 26  mapped-to-slot 26  from: 3 4  (H2H dpids: [0]=3 [1]=4)  sizeof(ACPACKET)=14
[dplay] Send 33 bytes pid 1 -> 2 (ok)
[agg] SendEx aggpacket 14/s  from=1 to=2(playergroup) players=2 size=33 res=0x0
[dplay] received 14 data bytes from pid 4
[dplay] Send 14 bytes pid 3 -> 1 (ok)
[dplay] Send 33 bytes pid 1 -> 2 (ok)
[dplay] received 14 data bytes from pid 4
[dplay] Send 14 bytes pid 3 -> 1 (ok)
[dplay] Send 33 bytes pid 1 -> 2 (ok)
[dplay] received 14 data bytes from pid 4
[dplay] Send 14 bytes pid 3 -> 1 (ok)
[dplay] Send 33 bytes pid 1 -> 2 (ok)
[dplay] received 14 data bytes from pid 4
[dplay] Send 14 bytes pid 3 -> 1 (ok)
[dplay] Send 33 bytes pid 1 -> 2 (ok)
[dplay] received 14 data bytes from pid 4
[dplay] Send 14 bytes pid 3 -> 1 (ok)
[dplay] Send 33 bytes pid 1 -> 2 (ok)
[dplay] received 14 data bytes from pid 4
[dplay] Send 14 bytes pid 3 -> 1 (ok)
[dplay] Send 33 bytes pid 1 -> 2 (ok)
[dplay] received 14 data bytes from pid 4
[dplay] Send 14 bytes pid 3 -> 1 (ok)
[dplay] Send 33 bytes pid 1 -> 2 (ok)
[dplay] received 14 data bytes from pid 4
[dplay] Send 14 bytes pid 3 -> 1 (ok)
[dplay] Send 33 bytes pid 1 -> 2 (ok)
[dplay] received 14 data bytes from pid 4
[dplay] Send 14 bytes pid 3 -> 1 (ok)
[dplay] Send 33 bytes pid 1 -> 2 (ok)
[dplay] received 14 data bytes from pid 4
[dplay] Send 14 bytes pid 3 -> 1 (ok)
[dplay] Send 33 bytes pid 1 -> 2 (ok)
[dplay] received 14 data bytes from pid 4
[dplay] Send 14 bytes pid 3 -> 1 (ok)
[dplay] Send 33 bytes pid 1 -> 2 (ok)
[dplay] received 14 data bytes from pid 4
[agg] loopback 24/s  from=3 to=1 (local player or group)
[dplay] Send 14 bytes pid 3 -> 1 (ok)
[agg] StaticTimeProc 49/s  impl=1 host=1 running=1 resync=0 served=0  -> AggregatorGetPackets 49/s
[agg] aggregator received 24 msg/s  right-size 24  mapped-to-slot 24  from: 3 4  (H2H dpids: [0]=3 [1]=4)  sizeof(ACPACKET)=14
[dplay] Send 33 bytes pid 1 -> 2 (ok)
[agg] SendEx aggpacket 12/s  from=1 to=2(playergroup) players=2 size=33 res=0x0
[dplay] received 14 data bytes from pid 4
[dplay] Send 14 bytes pid 3 -> 1 (ok)
[dplay] Send 33 bytes pid 1 -> 2 (ok)
[dplay] received 14 data bytes from pid 4
[dplay] Send 14 bytes pid 3 -> 1 (ok)
[dplay] Send 33 bytes pid 1 -> 2 (ok)
[dplay] received 14 data bytes from pid 4
[dplay] Send 14 bytes pid 3 -> 1 (ok)
[dplay] Send 33 bytes pid 1 -> 2 (ok)
[dplay] received 14 data bytes from pid 4
[dplay] Send 14 bytes pid 3 -> 1 (ok)
[dplay] Send 33 bytes pid 1 -> 2 (ok)
[dplay] received 14 data bytes from pid 4
[dplay] Send 14 bytes pid 3 -> 1 (ok)
[dplay] Send 33 bytes pid 1 -> 2 (ok)
[dplay] received 14 data bytes from pid 4
[dplay] Send 14 bytes pid 3 -> 1 (ok)
[dplay] Send 33 bytes pid 1 -> 2 (ok)
[dplay] received 14 data bytes from pid 4
[dplay] Send 14 bytes pid 3 -> 1 (ok)
[dplay] Send 33 bytes pid 1 -> 2 (ok)
[dplay] received 14 data bytes from pid 4
[dplay] Send 14 bytes pid 3 -> 1 (ok)
[dplay] pump #582000 (host=1) -- discovery is answered only from here
[dplay] Send 33 bytes pid 1 -> 2 (ok)
[dplay] received 14 data bytes from pid 4
[dplay] Send 14 bytes pid 3 -> 1 (ok)
[dplay] Send 33 bytes pid 1 -> 2 (ok)
[dplay] received 14 data bytes from pid 4
[dplay] Send 14 bytes pid 3 -> 1 (ok)
[dplay] Send 33 bytes pid 1 -> 2 (ok)
[dplay] received 14 data bytes from pid 4
[dplay] Send 14 bytes pid 3 -> 1 (ok)
[dplay] Send 33 bytes pid 1 -> 2 (ok)
[dplay] received 14 data bytes from pid 4
[dplay] Send 14 bytes pid 3 -> 1 (ok)
[dplay] Send 33 bytes pid 1 -> 2 (ok)
[agg] StaticTimeProc 49/s  impl=1 host=1 running=1 resync=0 served=0  -> AggregatorGetPackets 49/s
[dplay] received 14 data bytes from pid 4
[agg] aggregator received 26 msg/s  right-size 26  mapped-to-slot 26  from: 3 4  (H2H dpids: [0]=3 [1]=4)  sizeof(ACPACKET)=14
[agg] loopback 26/s  from=3 to=1 (local player or group)
[dplay] Send 14 bytes pid 3 -> 1 (ok)
[dplay] Send 33 bytes pid 1 -> 2 (ok)
[agg] SendEx aggpacket 13/s  from=1 to=2(playergroup) players=2 size=33 res=0x0
[dplay] received 14 data bytes from pid 4
[dplay] Send 14 bytes pid 3 -> 1 (ok)
[dplay] Send 33 bytes pid 1 -> 2 (ok)
[dplay] received 14 data bytes from pid 4
[dplay] Send 14 bytes pid 3 -> 1 (ok)
[dplay] Send 33 bytes pid 1 -> 2 (ok)
[dplay] received 14 data bytes from pid 4
[dplay] Send 14 bytes pid 3 -> 1 (ok)
[dplay] Send 33 bytes pid 1 -> 2 (ok)
[dplay] received 14 data bytes from pid 4
[dplay] Send 14 bytes pid 3 -> 1 (ok)
[dplay] Send 33 bytes pid 1 -> 2 (ok)
[dplay] received 14 data bytes from pid 4
[dplay] Send 14 bytes pid 3 -> 1 (ok)
[dplay] Send 33 bytes pid 1 -> 2 (ok)
[dplay] received 14 data bytes from pid 4
[dplay] Send 14 bytes pid 3 -> 1 (ok)
[dplay] Send 33 bytes pid 1 -> 2 (ok)
[dplay] received 14 data bytes from pid 4
[dplay] Send 14 bytes pid 3 -> 1 (ok)
[dplay] Send 33 bytes pid 1 -> 2 (ok)
[dplay] received 14 data bytes from pid 4
[dplay] Send 14 bytes pid 3 -> 1 (ok)
[dplay] Send 33 bytes pid 1 -> 2 (ok)
[dplay] received 14 data bytes from pid 4
[dplay] Send 14 bytes pid 3 -> 1 (ok)
[dplay] Send 33 bytes pid 1 -> 2 (ok)
[dplay] received 14 data bytes from pid 4
[dplay] Send 14 bytes pid 3 -> 1 (ok)
[dplay] Send 33 bytes pid 1 -> 2 (ok)
[dplay] received 14 data bytes from pid 4
[dplay] Send 14 bytes pid 3 -> 1 (ok)
[dplay] Send 33 bytes pid 1 -> 2 (ok)
[agg] StaticTimeProc 49/s  impl=1 host=1 running=1 resync=0 served=0  -> AggregatorGetPackets 49/s
[dplay] received 14 data bytes from pid 4
[agg] loopback 24/s  from=3 to=1 (local player or group)
[dplay] Send 14 bytes pid 3 -> 1 (ok)
[agg] aggregator received 24 msg/s  right-size 24  mapped-to-slot 24  from: 3 4  (H2H dpids: [0]=3 [1]=4)  sizeof(ACPACKET)=14
[dplay] Send 33 bytes pid 1 -> 2 (ok)
[agg] SendEx aggpacket 12/s  from=1 to=2(playergroup) players=2 size=33 res=0x0
[dplay] received 14 data bytes from pid 4
[dplay] Send 14 bytes pid 3 -> 1 (ok)
[dplay] Send 33 bytes pid 1 -> 2 (ok)
[dplay] received 14 data bytes from pid 4
[dplay] Send 14 bytes pid 3 -> 1 (ok)
[dplay] Send 33 bytes pid 1 -> 2 (ok)
[dplay] received 14 data bytes from pid 4
[dplay] Send 14 bytes pid 3 -> 1 (ok)
[dplay] Send 33 bytes pid 1 -> 2 (ok)
[dplay] received 14 data bytes from pid 4
[dplay] Send 14 bytes pid 3 -> 1 (ok)
[dplay] Send 33 bytes pid 1 -> 2 (ok)
[dplay] received 14 data bytes from pid 4
[dplay] Send 14 bytes pid 3 -> 1 (ok)
[dplay] Send 33 bytes pid 1 -> 2 (ok)
[dplay] received 14 data bytes from pid 4
[dplay] Send 19 bytes pid 1 -> 2 (ok)
[dplay] Send 14 bytes pid 3 -> 1 (ok)
[dplay] received 14 data bytes from pid 4
[dplay] Send 33 bytes pid 1 -> 2 (ok)
[dplay] Send 14 bytes pid 3 -> 1 (ok)
[dplay] received 14 data bytes from pid 4
[dplay] Send 14 bytes pid 3 -> 1 (ok)
[dplay] Send 33 bytes pid 1 -> 2 (ok)
[dplay] received 14 data bytes from pid 4
[dplay] Send 14 bytes pid 3 -> 1 (ok)
[dplay] Send 33 bytes pid 1 -> 2 (ok)
[dplay] received 14 data bytes from pid 4
[dplay] Send 14 bytes pid 3 -> 1 (ok)
[dplay] Send 33 bytes pid 1 -> 2 (ok)
[dplay] received 14 data bytes from pid 4
[dplay] Send 14 bytes pid 3 -> 1 (ok)
[dplay] Send 33 bytes pid 1 -> 2 (ok)
[dplay] received 14 data bytes from pid 4
[dplay] Send 14 bytes pid 3 -> 1 (ok)
[dplay] Send 33 bytes pid 1 -> 2 (ok)
[agg] StaticTimeProc 50/s  impl=1 host=1 running=1 resync=0 served=0  -> AggregatorGetPackets 50/s
[dplay] received 14 data bytes from pid 4
[agg] loopback 26/s  from=3 to=1 (local player or group)
[dplay] Send 14 bytes pid 3 -> 1 (ok)
[agg] aggregator received 26 msg/s  right-size 26  mapped-to-slot 26  from: 3 4  (H2H dpids: [0]=3 [1]=4)  sizeof(ACPACKET)=14
[dplay] Send 33 bytes pid 1 -> 2 (ok)
[agg] SendEx aggpacket 13/s  from=1 to=2(playergroup) players=2 size=33 res=0x0
[dplay] received 14 data bytes from pid 4
[dplay] Send 14 bytes pid 3 -> 1 (ok)
[dplay] Send 33 bytes pid 1 -> 2 (ok)
[dplay] received 14 data bytes from pid 4
[dplay] Send 14 bytes pid 3 -> 1 (ok)
[dplay] Send 33 bytes pid 1 -> 2 (ok)
[dplay] received 14 data bytes from pid 4
[dplay] Send 14 bytes pid 3 -> 1 (ok)
[dplay] Send 33 bytes pid 1 -> 2 (ok)
[dplay] received 14 data bytes from pid 4
[dplay] Send 14 bytes pid 3 -> 1 (ok)
[dplay] Send 33 bytes pid 1 -> 2 (ok)
[dplay] received 14 data bytes from pid 4
[dplay] Send 14 bytes pid 3 -> 1 (ok)
[dplay] Send 33 bytes pid 1 -> 2 (ok)
[dplay] received 14 data bytes from pid 4
[dplay] Send 14 bytes pid 3 -> 1 (ok)
[dplay] Send 33 bytes pid 1 -> 2 (ok)
[dplay] received 14 data bytes from pid 4
[dplay] Send 14 bytes pid 3 -> 1 (ok)
[dplay] Send 33 bytes pid 1 -> 2 (ok)
[dplay] received 14 data bytes from pid 4
[dplay] Send 14 bytes pid 3 -> 1 (ok)
[dplay] Send 33 bytes pid 1 -> 2 (ok)
[dplay] received 14 data bytes from pid 4
[dplay] Send 33 bytes pid 1 -> 2 (ok)
[dplay] Send 14 bytes pid 3 -> 1 (ok)
[dplay] Send 19 bytes pid 1 -> 2 (ok)
[dplay] received 14 data bytes from pid 4
[dplay] Send 14 bytes pid 3 -> 1 (ok)
[dplay] Send 33 bytes pid 1 -> 2 (ok)
[dplay] received 14 data bytes from pid 4
[dplay] Send 14 bytes pid 3 -> 1 (ok)
[dplay] Send 33 bytes pid 1 -> 2 (ok)
[dplay] received 14 data bytes from pid 4
[agg] loopback 25/s  from=3 to=1 (local player or group)
[dplay] Send 14 bytes pid 3 -> 1 (ok)
[agg] StaticTimeProc 49/s  impl=1 host=1 running=1 resync=0 served=0  -> AggregatorGetPackets 49/s
[agg] aggregator received 24 msg/s  right-size 24  mapped-to-slot 24  from: 3 4  (H2H dpids: [0]=3 [1]=4)  sizeof(ACPACKET)=14
[dplay] Send 33 bytes pid 1 -> 2 (ok)
[agg] SendEx aggpacket 13/s  from=1 to=2(playergroup) players=2 size=33 res=0x0
[vid] window closed -> exit
