[timer] set id=1 delay=20ms periodic=1 cb=0x83aef08 live=1/32
Mig Alley - Linux native port (Rowan engine)
  wmig ELF links (15 game unities + MFC UI + standalones + runtime).
  derived BOB_DRIVE_C=/home/admin/sgl/TUE/MigAlley/WP/drive_c (from cwd)
  cwd -> /home/admin/sgl/TUE/MigAlley/WP/drive_c/rowan/mig
  main module: Mig.exe resources loaded
  Driving CMIGApp::InitInstance()...
[mfctimer] set wnd=0x98c9456 id=2378 every 0 ms  (now 1 timers)
fluidsynth: warning: SDL3 not initialized, SDL3 audio driver won't be usable. Have you called SDL_Init(SDL_INIT_AUDIO) ?

(process:348502): GLib-GObject-CRITICAL **: 15:35:52.914: g_param_spec_enum: assertion 'g_enum_get_value (enum_class, default_value) != NULL' failed

(process:348502): GLib-GObject-CRITICAL **: 15:35:52.914: validate_pspec_to_install: assertion 'G_IS_PARAM_SPEC (pspec)' failed

(process:348502): GLib-GObject-CRITICAL **: 15:35:52.914: g_param_spec_ref_sink: assertion 'G_IS_PARAM_SPEC (pspec)' failed

(process:348502): GLib-GObject-CRITICAL **: 15:35:52.914: g_param_spec_unref: assertion 'G_IS_PARAM_SPEC (pspec)' failed
[agg] StaticTimeProc 1/s  impl=0 host=0 running=0 resync=0 served=0  -> AggregatorGetPackets 0/s
[timeproc] tick=0 instances=0 currinst=(nil)
[agg] StaticTimeProc 4/s  impl=0 host=0 running=0 resync=0 served=0  -> AggregatorGetPackets 0/s
fluidsynth: Using PulseAudio driver
[mus] FluidSynth music ready (sf2 id=1)
[ALSOFT] (EE) Failed to create PipeWire event context (errno: 2)
fluidsynth: warning: Failed to set thread to high priority
[al] OpenAL ready: OpenAL Soft / OpenAL Soft
[vid] 2 display(s); centring 640x480 on display 0 (USABLE 1853x1048 at 67,32) -> window at (673,316)
[vid] swap interval -> 1 (vsync)
[vid] SDL2 window 640x480 + GL context: NVIDIA GeForce GTX 1660 SUPER/PCIe/SSE2 | 4.6.0 NVIDIA 595.84
[3d] IDirectDraw2::EnumDisplayModes called cb=0x817caae
[hw] display init: fSoftware=0 dddriver=-1
[maximize] OnGoBig -> frame and view moved to 1200x1080
[gdifont] loaded /home/admin/sgl/TUE/MigAlley/WP/drive_c/windows/Fonts/Intel.ttf (symbol cmap) (winAsc=1004 winDesc=217)
[gdifont] loaded /usr/share/fonts/truetype/liberation/LiberationSans-Regular.ttf (winAsc=1854 winDesc=434)
  InitInstance() returned 1
  Entering CMIGApp::Run()...
[typeseq] counts are MILLISECONDS (BOB_CLICKSEQ_MS)
[mfctimer] fire #0 wnd=0x98c9456 id=2378
[lbrefit] id=2063 rect w=105 -> painted w=247 (h=234)
[menu] ---- 4 clickable control(s) ----
[menu] #4@10CSystemBox  rect(0,0 24x24)  centre(12,12)  type=3  ""
[menu] #7@10CSystemBox  rect(0,24 24x24)  centre(12,36)  type=3  ""
[menu] #10@10CSystemBox  rect(24,0 48x48)  centre(48,24)  type=3  ""
[menu] #2063@14RFullPanelDial  rect(675,260 105x100)  centre(727,310)  type=1  ""
[menu]      row 0: [0] "Preferences"
[menu]      row 1: [0] "Single Player"
[menu]      row 2: [0] "Multi-Player"
[menu]      row 3: [0] "Load Game"
[menu]      row 4: [0] "Replay"
[menu]      row 5: [0] "Credits"
[menu]      row 6: [0] "Quit"
[clickseq] counts are MILLISECONDS (BOB_CLICKSEQ_MS)
[agg] StaticTimeProc 49/s  impl=0 host=0 running=0 resync=0 served=0  -> AggregatorGetPackets 0/s
[agg] StaticTimeProc 49/s  impl=0 host=0 running=0 resync=0 served=0  -> AggregatorGetPackets 0/s
[agg] StaticTimeProc 49/s  impl=0 host=0 running=0 resync=0 served=0  -> AggregatorGetPackets 0/s
[agg] StaticTimeProc 49/s  impl=0 host=0 running=0 resync=0 served=0  -> AggregatorGetPackets 0/s
[agg] StaticTimeProc 50/s  impl=0 host=0 running=0 resync=0 served=0  -> AggregatorGetPackets 0/s
[timeproc] tick=250 instances=0 currinst=(nil)
[agg] StaticTimeProc 49/s  impl=0 host=0 running=0 resync=0 served=0  -> AggregatorGetPackets 0/s
[agg] StaticTimeProc 49/s  impl=0 host=0 running=0 resync=0 served=0  -> AggregatorGetPackets 0/s
[agg] StaticTimeProc 49/s  impl=0 host=0 running=0 resync=0 served=0  -> AggregatorGetPackets 0/s
[agg] StaticTimeProc 49/s  impl=0 host=0 running=0 resync=0 served=0  -> AggregatorGetPackets 0/s
[mfctimer] fire #500 wnd=0x98c9456 id=2378
[agg] StaticTimeProc 48/s  impl=0 host=0 running=0 resync=0 served=0  -> AggregatorGetPackets 0/s
[timeproc] tick=500 instances=0 currinst=(nil)
[agg] StaticTimeProc 49/s  impl=0 host=0 running=0 resync=0 served=0  -> AggregatorGetPackets 0/s
[agg] StaticTimeProc 49/s  impl=0 host=0 running=0 resync=0 served=0  -> AggregatorGetPackets 0/s
[agg] StaticTimeProc 50/s  impl=0 host=0 running=0 resync=0 served=0  -> AggregatorGetPackets 0/s
[agg] StaticTimeProc 49/s  impl=0 host=0 running=0 resync=0 served=0  -> AggregatorGetPackets 0/s
[agg] StaticTimeProc 49/s  impl=0 host=0 running=0 resync=0 served=0  -> AggregatorGetPackets 0/s
[timeproc] tick=750 instances=0 currinst=(nil)
[agg] StaticTimeProc 49/s  impl=0 host=0 running=0 resync=0 served=0  -> AggregatorGetPackets 0/s
[agg] StaticTimeProc 50/s  impl=0 host=0 running=0 resync=0 served=0  -> AggregatorGetPackets 0/s
[agg] StaticTimeProc 48/s  impl=0 host=0 running=0 resync=0 served=0  -> AggregatorGetPackets 0/s
[agg] StaticTimeProc 50/s  impl=0 host=0 running=0 resync=0 served=0  -> AggregatorGetPackets 0/s
[mfctimer] fire #1000 wnd=0x98c9456 id=2378
[agg] StaticTimeProc 49/s  impl=0 host=0 running=0 resync=0 served=0  -> AggregatorGetPackets 0/s
[timeproc] tick=1000 instances=0 currinst=(nil)
[clickrow] row=2 -> (815,498)  [listbox (675,260) 105x100 origin=(763,416), 7 rows, listH=234 rowH=33]
[dplay] CoCreateInstance(CLSID_DirectPlay) -> 0xab31570
[dplay] EnumConnections -> 1 provider
[panelclear] transition #1: panel 0xa6d5a60 art 27905 -> 0xa6d5a60 art 27914
[lbrefit] id=2325 rect w=586 -> painted w=586 (h=230)
[menu] ---- 6 clickable control(s) ----
[menu] #4@10CSystemBox  rect(0,0 24x24)  centre(12,12)  type=3  ""
[menu] #7@10CSystemBox  rect(0,24 24x24)  centre(12,36)  type=3  ""
[menu] #10@10CSystemBox  rect(24,0 48x48)  centre(48,24)  type=3  ""
[menu] #2063@14RFullPanelDial  rect(25,720 591x36)  centre(320,738)  type=1  ""
[menu]      row 0: [0] "Back"  [1] "Create Game   "  [2] "Join Game    "
[menu] #2325@14CSelectService  rect(0,32 586x230)  centre(293,147)  type=1  ""
[menu]      row 0: [0] "Internet TCP/IP Connection For DirectPlay"
[menu] #2023@14CSelectService  rect(25,450 585x26)  centre(317,463)  type=2  "Select a Service"
[agg] StaticTimeProc 49/s  impl=0 host=0 running=0 resync=0 served=0  -> AggregatorGetPackets 0/s
[agg] StaticTimeProc 49/s  impl=0 host=0 running=0 resync=0 served=0  -> AggregatorGetPackets 0/s
[agg] StaticTimeProc 49/s  impl=0 host=0 running=0 resync=0 served=0  -> AggregatorGetPackets 0/s
[agg] StaticTimeProc 50/s  impl=0 host=0 running=0 resync=0 served=0  -> AggregatorGetPackets 0/s
[agg] StaticTimeProc 49/s  impl=0 host=0 running=0 resync=0 served=0  -> AggregatorGetPackets 0/s
[timeproc] tick=1250 instances=0 currinst=(nil)
[agg] StaticTimeProc 49/s  impl=0 host=0 running=0 resync=0 served=0  -> AggregatorGetPackets 0/s
[agg] StaticTimeProc 49/s  impl=0 host=0 running=0 resync=0 served=0  -> AggregatorGetPackets 0/s
[agg] StaticTimeProc 49/s  impl=0 host=0 running=0 resync=0 served=0  -> AggregatorGetPackets 0/s
[mfctimer] fire #1500 wnd=0x98c9456 id=2378
[agg] StaticTimeProc 49/s  impl=0 host=0 running=0 resync=0 served=0  -> AggregatorGetPackets 0/s
[agg] StaticTimeProc 50/s  impl=0 host=0 running=0 resync=0 served=0  -> AggregatorGetPackets 0/s
[timeproc] tick=1500 instances=0 currinst=(nil)
[agg] StaticTimeProc 49/s  impl=0 host=0 running=0 resync=0 served=0  -> AggregatorGetPackets 0/s
[agg] StaticTimeProc 49/s  impl=0 host=0 running=0 resync=0 served=0  -> AggregatorGetPackets 0/s
[agg] StaticTimeProc 49/s  impl=0 host=0 running=0 resync=0 served=0  -> AggregatorGetPackets 0/s
[agg] StaticTimeProc 50/s  impl=0 host=0 running=0 resync=0 served=0  -> AggregatorGetPackets 0/s
[agg] StaticTimeProc 49/s  impl=0 host=0 running=0 resync=0 served=0  -> AggregatorGetPackets 0/s
[timeproc] tick=1750 instances=0 currinst=(nil)
[agg] StaticTimeProc 49/s  impl=0 host=0 running=0 resync=0 served=0  -> AggregatorGetPackets 0/s
[agg] StaticTimeProc 49/s  impl=0 host=0 running=0 resync=0 served=0  -> AggregatorGetPackets 0/s
[mfctimer] fire #2000 wnd=0x98c9456 id=2378
[agg] StaticTimeProc 49/s  impl=0 host=0 running=0 resync=0 served=0  -> AggregatorGetPackets 0/s
[agg] StaticTimeProc 50/s  impl=0 host=0 running=0 resync=0 served=0  -> AggregatorGetPackets 0/s
[agg] StaticTimeProc 49/s  impl=0 host=0 running=0 resync=0 served=0  -> AggregatorGetPackets 0/s
[timeproc] tick=2000 instances=0 currinst=(nil)
[agg] StaticTimeProc 49/s  impl=0 host=0 running=0 resync=0 served=0  -> AggregatorGetPackets 0/s
[agg] StaticTimeProc 49/s  impl=0 host=0 running=0 resync=0 served=0  -> AggregatorGetPackets 0/s
[agg] StaticTimeProc 48/s  impl=0 host=0 running=0 resync=0 served=0  -> AggregatorGetPackets 0/s
[agg] StaticTimeProc 50/s  impl=0 host=0 running=0 resync=0 served=0  -> AggregatorGetPackets 0/s
[agg] StaticTimeProc 49/s  impl=0 host=0 running=0 resync=0 served=0  -> AggregatorGetPackets 0/s
[timeproc] tick=2250 instances=0 currinst=(nil)
[agg] StaticTimeProc 49/s  impl=0 host=0 running=0 resync=0 served=0  -> AggregatorGetPackets 0/s
[mfctimer] fire #2500 wnd=0x98c9456 id=2378
[agg] StaticTimeProc 49/s  impl=0 host=0 running=0 resync=0 served=0  -> AggregatorGetPackets 0/s
[agg] StaticTimeProc 49/s  impl=0 host=0 running=0 resync=0 served=0  -> AggregatorGetPackets 0/s
[agg] StaticTimeProc 50/s  impl=0 host=0 running=0 resync=0 served=0  -> AggregatorGetPackets 0/s
[agg] StaticTimeProc 49/s  impl=0 host=0 running=0 resync=0 served=0  -> AggregatorGetPackets 0/s
[timeproc] tick=2500 instances=0 currinst=(nil)
[agg] StaticTimeProc 49/s  impl=0 host=0 running=0 resync=0 served=0  -> AggregatorGetPackets 0/s
[agg] StaticTimeProc 49/s  impl=0 host=0 running=0 resync=0 served=0  -> AggregatorGetPackets 0/s
[agg] StaticTimeProc 49/s  impl=0 host=0 running=0 resync=0 served=0  -> AggregatorGetPackets 0/s
[agg] StaticTimeProc 50/s  impl=0 host=0 running=0 resync=0 served=0  -> AggregatorGetPackets 0/s
[agg] StaticTimeProc 48/s  impl=0 host=0 running=0 resync=0 served=0  -> AggregatorGetPackets 0/s
[clickid] id=2063 col=-868 -> (546,892)  [type=1 rect(113,876 591x36) rel=0 drawOx=88]
[dplay] InitializeConnection (TCP/IP provider selected)
[dplay] EnumSessions: probing 127.0.0.1:47624
[dplay] EnumSessions: found "MiG Alley"
[timeproc] tick=2750 instances=0 currinst=(nil)
[dplay] EnumSessions -> 1 session(s)
[mfctimer] set wnd=0xa6b9300 id=2365 every 0 ms  (now 2 timers)
[dplay] EnumSessions: probing 127.0.0.1:47624
[dplay] EnumSessions: found "MiG Alley"
[agg] StaticTimeProc 50/s  impl=0 host=0 running=0 resync=0 served=0  -> AggregatorGetPackets 0/s
[dplay] EnumSessions -> 1 session(s)
[lbrefit] id=2326 rect w=570 -> painted w=570 (h=230)
[menu] ---- 6 clickable control(s) ----
[menu] #4@10CSystemBox  rect(0,0 24x24)  centre(12,12)  type=3  ""
[menu] #7@10CSystemBox  rect(0,24 24x24)  centre(12,36)  type=3  ""
[menu] #10@10CSystemBox  rect(24,0 48x48)  centre(48,24)  type=3  ""
[menu] #2326@14CSelectSession  rect(0,32 570x230)  centre(285,147)  type=1  ""
[menu]      row 0: [0] "MiG Alley"
[menu] #2023@14CSelectSession  rect(25,450 603x26)  centre(326,463)  type=2  "Select a Session"
[menu] #2063@14RFullPanelDial  rect(25,720 218x36)  centre(134,738)  type=1  ""
[menu]      row 0: [0] "Back"  [1] "Select"
[dplay] EnumSessions: probing 127.0.0.1:47624
[dplay] EnumSessions: found "MiG Alley"
[dplay] EnumSessions -> 1 session(s)
[dplay] EnumSessions: probing 127.0.0.1:47624
[dplay] EnumSessions: found "MiG Alley"
[agg] StaticTimeProc 49/s  impl=0 host=0 running=0 resync=0 served=0  -> AggregatorGetPackets 0/s
[dplay] EnumSessions -> 1 session(s)
[dplay] EnumSessions: probing 127.0.0.1:47624
[dplay] EnumSessions: found "MiG Alley"
[dplay] EnumSessions -> 1 session(s)
[dplay] EnumSessions: probing 127.0.0.1:47624
[dplay] EnumSessions: found "MiG Alley"
[agg] StaticTimeProc 49/s  impl=0 host=0 running=0 resync=0 served=0  -> AggregatorGetPackets 0/s
[dplay] EnumSessions -> 1 session(s)
[dplay] EnumSessions: probing 127.0.0.1:47624
[dplay] EnumSessions: found "MiG Alley"
[dplay] EnumSessions -> 1 session(s)
[mfctimer] fire #3000 wnd=0xa6b9300 id=2365
[dplay] EnumSessions: probing 127.0.0.1:47624
[dplay] EnumSessions: found "MiG Alley"
[dplay] EnumSessions -> 1 session(s)
[dplay] EnumSessions: probing 127.0.0.1:47624
[dplay] EnumSessions: found "MiG Alley"
[agg] StaticTimeProc 50/s  impl=0 host=0 running=0 resync=0 served=0  -> AggregatorGetPackets 0/s
[dplay] EnumSessions -> 1 session(s)
[dplay] EnumSessions: probing 127.0.0.1:47624
[dplay] EnumSessions: found "MiG Alley"
[dplay] EnumSessions -> 1 session(s)
[dplay] EnumSessions: probing 127.0.0.1:47624
[dplay] EnumSessions: found "MiG Alley"
[agg] StaticTimeProc 49/s  impl=0 host=0 running=0 resync=0 served=0  -> AggregatorGetPackets 0/s
[dplay] EnumSessions -> 1 session(s)
[dplay] EnumSessions: probing 127.0.0.1:47624
[dplay] EnumSessions: found "MiG Alley"
[dplay] EnumSessions -> 1 session(s)
[dplay] EnumSessions: probing 127.0.0.1:47624
[dplay] EnumSessions: found "MiG Alley"
[timeproc] tick=3000 instances=0 currinst=(nil)
[dplay] EnumSessions -> 1 session(s)
[dplay] EnumSessions: probing 127.0.0.1:47624
[agg] StaticTimeProc 49/s  impl=0 host=0 running=0 resync=0 served=0  -> AggregatorGetPackets 0/s
[dplay] EnumSessions: found "MiG Alley"
[dplay] EnumSessions -> 1 session(s)
[dplay] EnumSessions: probing 127.0.0.1:47624
[dplay] EnumSessions: found "MiG Alley"
[dplay] EnumSessions -> 1 session(s)
[dplay] EnumSessions: probing 127.0.0.1:47624
[dplay] EnumSessions: found "MiG Alley"
[agg] StaticTimeProc 49/s  impl=0 host=0 running=0 resync=0 served=0  -> AggregatorGetPackets 0/s
[dplay] EnumSessions -> 1 session(s)
[dplay] EnumSessions: probing 127.0.0.1:47624
[dplay] EnumSessions: found "MiG Alley"
[dplay] EnumSessions -> 1 session(s)
[clickid] id=2326 col=-100 -> (398,646)  [type=1 rect(113,638 570x230) rel=0 drawOx=113]
[click] listbox id=2326 rect=(113,638,570,230) drawH=230 hitH=230 drawW=570 hit=(113..683) vs (398,646) HIT
[click] file-listbox id=2326 hit local=(285,8) -> row=0 col=0
[dplay] EnumSessions: probing 127.0.0.1:47624
[dplay] EnumSessions: found "MiG Alley"
[agg] StaticTimeProc 50/s  impl=0 host=0 running=0 resync=0 served=0  -> AggregatorGetPackets 0/s
[dplay] EnumSessions -> 1 session(s)
[dplay] EnumSessions: probing 127.0.0.1:47624
[dplay] EnumSessions: found "MiG Alley"
[dplay] EnumSessions -> 1 session(s)
[dplay] EnumSessions: probing 127.0.0.1:47624
[dplay] EnumSessions: found "MiG Alley"
[dplay] EnumSessions -> 1 session(s)
[dplay] EnumSessions: probing 127.0.0.1:47624
[dplay] EnumSessions: found "MiG Alley"
[agg] StaticTimeProc 49/s  impl=0 host=0 running=0 resync=0 served=0  -> AggregatorGetPackets 0/s
[dplay] EnumSessions -> 1 session(s)
[dplay] EnumSessions: probing 127.0.0.1:47624
[dplay] EnumSessions: found "MiG Alley"
[dplay] EnumSessions -> 1 session(s)
[dplay] EnumSessions: probing 127.0.0.1:47624
[dplay] EnumSessions: found "MiG Alley"
[agg] StaticTimeProc 49/s  impl=0 host=0 running=0 resync=0 served=0  -> AggregatorGetPackets 0/s
[dplay] EnumSessions -> 1 session(s)
[dplay] EnumSessions: probing 127.0.0.1:47624
[dplay] EnumSessions: found "MiG Alley"
[dplay] EnumSessions -> 1 session(s)
[dplay] EnumSessions: probing 127.0.0.1:47624
[dplay] EnumSessions: found "MiG Alley"
[dplay] EnumSessions -> 1 session(s)
[agg] StaticTimeProc 50/s  impl=0 host=0 running=0 resync=0 served=0  -> AggregatorGetPackets 0/s
[dplay] EnumSessions: probing 127.0.0.1:47624
[timeproc] tick=3250 instances=0 currinst=(nil)
[dplay] EnumSessions: found "MiG Alley"
[dplay] EnumSessions -> 1 session(s)
[dplay] EnumSessions: probing 127.0.0.1:47624
[dplay] EnumSessions: found "MiG Alley"
[dplay] EnumSessions -> 1 session(s)
[clickid] id=2063 col=-612 -> (256,892)  [type=1 rect(113,876 218x36) rel=0 drawOx=88]
[dplay] UINewPlayer: PlayerName="temp name" (len 9)  SessionName="MiG Alley"  ServedGame=0  type=3
[dplay] EnumSessions: probing 127.0.0.1:47624
[dplay] EnumSessions: found "MiG Alley"
[dplay] EnumSessions -> 1 session(s)
[dplay] Open(JOIN) -> host 127.0.0.1:47624
[dplay] pump #0 (host=0) -- discovery is answered only from here
[dplay] host assigned us pid 4
[dplay] CreatePlayer "(unnamed)" -> pid 4
[dplay] Send 75 bytes pid 4 -> 0 (ok)
[dplay] pump #500 (host=0) -- discovery is answered only from here
[dplay] pump #1000 (host=0) -- discovery is answered only from here
[dplay] pump #1500 (host=0) -- discovery is answered only from here
[dplay] pump #2000 (host=0) -- discovery is answered only from here
[dplay] pump #2500 (host=0) -- discovery is answered only from here
[dplay] pump #3000 (host=0) -- discovery is answered only from here
[dplay] pump #3500 (host=0) -- discovery is answered only from here
[dplay] pump #4000 (host=0) -- discovery is answered only from here
[dplay] pump #4500 (host=0) -- discovery is answered only from here
[dplay] pump #5000 (host=0) -- discovery is answered only from here
[dplay] pump #5500 (host=0) -- discovery is answered only from here
[dplay] pump #6000 (host=0) -- discovery is answered only from here
[dplay] pump #6500 (host=0) -- discovery is answered only from here
[dplay] pump #7000 (host=0) -- discovery is answered only from here
[dplay] pump #7500 (host=0) -- discovery is answered only from here
[dplay] pump #8000 (host=0) -- discovery is answered only from here
[dplay] pump #8500 (host=0) -- discovery is answered only from here
[dplay] pump #9000 (host=0) -- discovery is answered only from here
[dplay] pump #9500 (host=0) -- discovery is answered only from here
[dplay] pump #10000 (host=0) -- discovery is answered only from here
[dplay] pump #10500 (host=0) -- discovery is answered only from here
[dplay] pump #11000 (host=0) -- discovery is answered only from here
[dplay] pump #11500 (host=0) -- discovery is answered only from here
[dplay] received 75 data bytes from pid 3
[agg] drained/s:  WINMOVE.CPP:7785 from=3 to=0 len=75 x1
[dplay] Send 12 bytes pid 4 -> 0 (ok)
[dplay] pump #12000 (host=0) -- discovery is answered only from here
[dplay] pump #12500 (host=0) -- discovery is answered only from here
[dplay] pump #13000 (host=0) -- discovery is answered only from here
[dplay] pump #13500 (host=0) -- discovery is answered only from here
[dplay] pump #14000 (host=0) -- discovery is answered only from here
[dplay] pump #14500 (host=0) -- discovery is answered only from here
[dplay] pump #15000 (host=0) -- discovery is answered only from here
[dplay] pump #15500 (host=0) -- discovery is answered only from here
[dplay] pump #16000 (host=0) -- discovery is answered only from here
[dplay] pump #16500 (host=0) -- discovery is answered only from here
[dplay] pump #17000 (host=0) -- discovery is answered only from here
[dplay] pump #17500 (host=0) -- discovery is answered only from here
[dplay] pump #18000 (host=0) -- discovery is answered only from here
[dplay] pump #18500 (host=0) -- discovery is answered only from here
[dplay] pump #19000 (host=0) -- discovery is answered only from here
[dplay] pump #19500 (host=0) -- discovery is answered only from here
[dplay] pump #20000 (host=0) -- discovery is answered only from here
[dplay] pump #20500 (host=0) -- discovery is answered only from here
[dplay] pump #21000 (host=0) -- discovery is answered only from here
[dplay] pump #21500 (host=0) -- discovery is answered only from here
[dplay] pump #22000 (host=0) -- discovery is answered only from here
[dplay] pump #22500 (host=0) -- discovery is answered only from here
[dplay] pump #23000 (host=0) -- discovery is answered only from here
[dplay] pump #23500 (host=0) -- discovery is answered only from here
[dplay] pump #24000 (host=0) -- discovery is answered only from here
[dplay] pump #24500 (host=0) -- discovery is answered only from here
[dplay] pump #25000 (host=0) -- discovery is answered only from here
[dplay] pump #25500 (host=0) -- discovery is answered only from here
[dplay] pump #26000 (host=0) -- discovery is answered only from here
[dplay] pump #26500 (host=0) -- discovery is answered only from here
[dplay] pump #27000 (host=0) -- discovery is answered only from here
[dplay] pump #27500 (host=0) -- discovery is answered only from here
[dplay] pump #28000 (host=0) -- discovery is answered only from here
[dplay] pump #28500 (host=0) -- discovery is answered only from here
[dplay] pump #29000 (host=0) -- discovery is answered only from here
[dplay] pump #29500 (host=0) -- discovery is answered only from here
[dplay] pump #30000 (host=0) -- discovery is answered only from here
[dplay] pump #30500 (host=0) -- discovery is answered only from here
[dplay] pump #31000 (host=0) -- discovery is answered only from here
[dplay] pump #31500 (host=0) -- discovery is answered only from here
[dplay] pump #32000 (host=0) -- discovery is answered only from here
[dplay] pump #32500 (host=0) -- discovery is answered only from here
[dplay] pump #33000 (host=0) -- discovery is answered only from here
[dplay] received 12 data bytes from pid 3
[dplay] received 524 data bytes from pid 3
[dplay] received 524 data bytes from pid 3
[dplay] received 524 data bytes from pid 3
[menu] ---- 19 clickable control(s) ----
[menu] #4@10CSystemBox  rect(0,0 24x24)  centre(12,12)  type=3  ""
[menu] #7@10CSystemBox  rect(0,24 24x24)  centre(12,36)  type=3  ""
[menu] #10@10CSystemBox  rect(24,0 48x48)  centre(48,24)  type=3  ""
[menu] #2063@14RFullPanelDial  rect(25,720 474x36)  centre(262,738)  type=1  ""
[menu]      row 0: [0] "Back"  [1] "Continue"
[menu] #2321@11CLockerRoom  rect(118,400 283x26)  centre(259,413)  type=5  ""
[menu] #2021@11CLockerRoom  rect(25,400 67x26)  centre(58,413)  type=2  "Name"
[menu] #2320@11CLockerRoom  rect(118,427 283x26)  centre(259,440)  type=5  ""
[menu] #2022@11CLockerRoom  rect(25,427 84x26)  centre(67,440)  type=2  "Session"
[menu] #2023@11CLockerRoom  rect(26,547 148x26)  centre(100,560)  type=2  "GAME TYPE"
[menu] #2024@11CLockerRoom  rect(269,547 144x26)  centre(341,560)  type=2  "SELECT SIDE"
[menu] #2323@11CLockerRoom  rect(26,575 193x99)  centre(122,624)  type=8  ""
[menu] #2025@11CLockerRoom  rect(25,456 91x26)  centre(70,469)  type=2  "Password"
[menu] #2144@11CLockerRoom  rect(118,456 283x26)  centre(259,469)  type=5  ""
[menu] #2248@11CLockerRoom  rect(56,520 345x24)  centre(228,532)  type=2  "Add my name to the Host's Visitors Book"
[menu] #2346@11CLockerRoom  rect(26,521 24x24)  centre(38,533)  type=3  "2"
[menu] #1010@11CLockerRoom  rect(140,677 270x26)  centre(275,690)  type=4  ""
[menu] #1012@11CLockerRoom  rect(118,487 283x26)  centre(259,500)  type=4  ""
[menu] #1011@11CLockerRoom  rect(26,677 84x26)  centre(68,690)  type=2  "Scenario"
[menu] #2027@11CLockerRoom  rect(25,489 91x26)  centre(70,502)  type=2  "Data Rate"
[agg] StaticTimeProc 49/s  impl=0 host=0 running=0 resync=0 served=0  -> AggregatorGetPackets 0/s
[agg] StaticTimeProc 49/s  impl=0 host=0 running=0 resync=0 served=0  -> AggregatorGetPackets 0/s
[agg] StaticTimeProc 49/s  impl=0 host=0 running=0 resync=0 served=0  -> AggregatorGetPackets 0/s
[agg] StaticTimeProc 50/s  impl=0 host=0 running=0 resync=0 served=0  -> AggregatorGetPackets 0/s
[agg] StaticTimeProc 49/s  impl=0 host=0 running=0 resync=0 served=0  -> AggregatorGetPackets 0/s
[timeproc] tick=3500 instances=0 currinst=(nil)
[agg] StaticTimeProc 49/s  impl=0 host=0 running=0 resync=0 served=0  -> AggregatorGetPackets 0/s
[agg] StaticTimeProc 49/s  impl=0 host=0 running=0 resync=0 served=0  -> AggregatorGetPackets 0/s
[typeseq] entry 0 injected "Viper2" at ms 73020 -> focused=0
[agg] StaticTimeProc 49/s  impl=0 host=0 running=0 resync=0 served=0  -> AggregatorGetPackets 0/s
[clickid] id=2321 col=-1 -> (347,569)  [type=5 rect(206,556 283x26) rel=1 drawOx=113]
[click] edit id=2321 takes keyboard focus (topmost, before the list)
[agg] StaticTimeProc 49/s  impl=0 host=0 running=0 resync=0 served=0  -> AggregatorGetPackets 0/s
[agg] StaticTimeProc 49/s  impl=0 host=0 running=0 resync=0 served=0  -> AggregatorGetPackets 0/s
[timeproc] tick=3750 instances=0 currinst=(nil)
[mfctimer] fire #3500 wnd=0x98c9456 id=2378
[agg] StaticTimeProc 49/s  impl=0 host=0 running=0 resync=0 served=0  -> AggregatorGetPackets 0/s
[agg] StaticTimeProc 49/s  impl=0 host=0 running=0 resync=0 served=0  -> AggregatorGetPackets 0/s
[agg] StaticTimeProc 49/s  impl=0 host=0 running=0 resync=0 served=0  -> AggregatorGetPackets 0/s
[agg] StaticTimeProc 50/s  impl=0 host=0 running=0 resync=0 served=0  -> AggregatorGetPackets 0/s
[agg] StaticTimeProc 49/s  impl=0 host=0 running=0 resync=0 served=0  -> AggregatorGetPackets 0/s
[timeproc] tick=4000 instances=0 currinst=(nil)
[agg] StaticTimeProc 49/s  impl=0 host=0 running=0 resync=0 served=0  -> AggregatorGetPackets 0/s
[clickid] id=2320 col=-1 -> (347,596)  [type=5 rect(206,583 283x26) rel=1 drawOx=113]
[click] edit id=2320 takes keyboard focus (topmost, before the list)
[agg] StaticTimeProc 49/s  impl=0 host=0 running=0 resync=0 served=0  -> AggregatorGetPackets 0/s
[agg] StaticTimeProc 49/s  impl=0 host=0 running=0 resync=0 served=0  -> AggregatorGetPackets 0/s
[agg] StaticTimeProc 50/s  impl=0 host=0 running=0 resync=0 served=0  -> AggregatorGetPackets 0/s
[typeseq] entry 1 injected "MAGAME" at ms 85012 -> focused=1
[agg] StaticTimeProc 49/s  impl=0 host=0 running=0 resync=0 served=0  -> AggregatorGetPackets 0/s
[timeproc] tick=4250 instances=0 currinst=(nil)
[agg] StaticTimeProc 49/s  impl=0 host=0 running=0 resync=0 served=0  -> AggregatorGetPackets 0/s
[mfctimer] fire #4000 wnd=0x98c9456 id=2378
[agg] StaticTimeProc 49/s  impl=0 host=0 running=0 resync=0 served=0  -> AggregatorGetPackets 0/s
[agg] StaticTimeProc 49/s  impl=0 host=0 running=0 resync=0 served=0  -> AggregatorGetPackets 0/s
[agg] StaticTimeProc 49/s  impl=0 host=0 running=0 resync=0 served=0  -> AggregatorGetPackets 0/s
[agg] StaticTimeProc 50/s  impl=0 host=0 running=0 resync=0 served=0  -> AggregatorGetPackets 0/s
[timeproc] tick=4500 instances=0 currinst=(nil)
[agg] StaticTimeProc 49/s  impl=0 host=0 running=0 resync=0 served=0  -> AggregatorGetPackets 0/s
[agg] StaticTimeProc 49/s  impl=0 host=0 running=0 resync=0 served=0  -> AggregatorGetPackets 0/s
[agg] StaticTimeProc 49/s  impl=0 host=0 running=0 resync=0 served=0  -> AggregatorGetPackets 0/s
[agg] StaticTimeProc 50/s  impl=0 host=0 running=0 resync=0 served=0  -> AggregatorGetPackets 0/s
[agg] StaticTimeProc 49/s  impl=0 host=0 running=0 resync=0 served=0  -> AggregatorGetPackets 0/s
[timeproc] tick=4750 instances=0 currinst=(nil)
[clickid] id=2323 col=-100 -> (210,780)  [type=8 rect(114,731 193x99) rel=1 drawOx=113]
[click] listbox id=2063 rect=(113,876,474,36) drawH=36 hitH=36 drawW=247 hit=(113..587) vs (210,780) miss
[click] button id=4 rect=(0,0,24,24) centre=(12,12)
[click] button id=7 rect=(0,24,24,24) centre=(12,36)
[click] button id=10 rect=(24,0,48,48) centre=(48,24)
[radioclick] front-end id=2323 local=(96,49) of 193x99 -> hit=0 sel=-1 parent=11CLockerRoom
[click] button id=2346 rect=(114,677,24,24) centre=(126,689)
[click] combo box=(228,833,270,26) vs (210,780) miss
[click] combo box=(206,643,283,26) vs (210,780) miss
[agg] StaticTimeProc 49/s  impl=0 host=0 running=0 resync=0 served=0  -> AggregatorGetPackets 0/s
[mfctimer] fire #4500 wnd=0x98c9456 id=2378
[agg] StaticTimeProc 49/s  impl=0 host=0 running=0 resync=0 served=0  -> AggregatorGetPackets 0/s
[agg] StaticTimeProc 49/s  impl=0 host=0 running=0 resync=0 served=0  -> AggregatorGetPackets 0/s
[agg] StaticTimeProc 49/s  impl=0 host=0 running=0 resync=0 served=0  -> AggregatorGetPackets 0/s
[agg] StaticTimeProc 50/s  impl=0 host=0 running=0 resync=0 served=0  -> AggregatorGetPackets 0/s
[timeproc] tick=5000 instances=0 currinst=(nil)
[agg] StaticTimeProc 49/s  impl=0 host=0 running=0 resync=0 served=0  -> AggregatorGetPackets 0/s
[agg] StaticTimeProc 49/s  impl=0 host=0 running=0 resync=0 served=0  -> AggregatorGetPackets 0/s
[agg] StaticTimeProc 49/s  impl=0 host=0 running=0 resync=0 served=0  -> AggregatorGetPackets 0/s
[agg] StaticTimeProc 49/s  impl=0 host=0 running=0 resync=0 served=0  -> AggregatorGetPackets 0/s
[agg] StaticTimeProc 50/s  impl=0 host=0 running=0 resync=0 served=0  -> AggregatorGetPackets 0/s
[timeproc] tick=5250 instances=0 currinst=(nil)
[agg] StaticTimeProc 49/s  impl=0 host=0 running=0 resync=0 served=0  -> AggregatorGetPackets 0/s
[agg] StaticTimeProc 49/s  impl=0 host=0 running=0 resync=0 served=0  -> AggregatorGetPackets 0/s
[mfctimer] fire #5000 wnd=0x98c9456 id=2378
[agg] StaticTimeProc 49/s  impl=0 host=0 running=0 resync=0 served=0  -> AggregatorGetPackets 0/s
[agg] StaticTimeProc 49/s  impl=0 host=0 running=0 resync=0 served=0  -> AggregatorGetPackets 0/s
[agg] StaticTimeProc 50/s  impl=0 host=0 running=0 resync=0 served=0  -> AggregatorGetPackets 0/s
[timeproc] tick=5500 instances=0 currinst=(nil)
[agg] StaticTimeProc 49/s  impl=0 host=0 running=0 resync=0 served=0  -> AggregatorGetPackets 0/s
[agg] StaticTimeProc 49/s  impl=0 host=0 running=0 resync=0 served=0  -> AggregatorGetPackets 0/s
[agg] StaticTimeProc 49/s  impl=0 host=0 running=0 resync=0 served=0  -> AggregatorGetPackets 0/s
[agg] StaticTimeProc 49/s  impl=0 host=0 running=0 resync=0 served=0  -> AggregatorGetPackets 0/s
[agg] StaticTimeProc 50/s  impl=0 host=0 running=0 resync=0 served=0  -> AggregatorGetPackets 0/s
[timeproc] tick=5750 instances=0 currinst=(nil)
[agg] StaticTimeProc 49/s  impl=0 host=0 running=0 resync=0 served=0  -> AggregatorGetPackets 0/s
[agg] StaticTimeProc 49/s  impl=0 host=0 running=0 resync=0 served=0  -> AggregatorGetPackets 0/s
[mfctimer] fire #5500 wnd=0x98c9456 id=2378
[agg] StaticTimeProc 49/s  impl=0 host=0 running=0 resync=0 served=0  -> AggregatorGetPackets 0/s
[agg] StaticTimeProc 49/s  impl=0 host=0 running=0 resync=0 served=0  -> AggregatorGetPackets 0/s
[clickid] id=2063 col=-612 -> (280,892)  [type=1 rect(113,876 474x36) rel=0 drawOx=88]
[dplay] UpDateDPlay: IDC_NAME hWnd=(nil) (GetCaption branch) -> "Player" len=6; editbox=0xab438c9
[dplay] Send 82 bytes pid 4 -> 0 (ok)
[dplay] pump #33500 (host=0) -- discovery is answered only from here
[dplay] pump #34000 (host=0) -- discovery is answered only from here
[dplay] pump #34500 (host=0) -- discovery is answered only from here
[dplay] pump #35000 (host=0) -- discovery is answered only from here
[dplay] pump #35500 (host=0) -- discovery is answered only from here
[dplay] pump #36000 (host=0) -- discovery is answered only from here
[dplay] pump #36500 (host=0) -- discovery is answered only from here
[dplay] pump #37000 (host=0) -- discovery is answered only from here
[dplay] pump #37500 (host=0) -- discovery is answered only from here
[dplay] pump #38000 (host=0) -- discovery is answered only from here
[dplay] pump #38500 (host=0) -- discovery is answered only from here
[dplay] pump #39000 (host=0) -- discovery is answered only from here
[dplay] pump #39500 (host=0) -- discovery is answered only from here
[dplay] pump #40000 (host=0) -- discovery is answered only from here
[dplay] pump #40500 (host=0) -- discovery is answered only from here
[dplay] pump #41000 (host=0) -- discovery is answered only from here
[dplay] pump #41500 (host=0) -- discovery is answered only from here
[dplay] pump #42000 (host=0) -- discovery is answered only from here
[dplay] pump #42500 (host=0) -- discovery is answered only from here
[dplay] pump #43000 (host=0) -- discovery is answered only from here
[dplay] pump #43500 (host=0) -- discovery is answered only from here
[dplay] pump #44000 (host=0) -- discovery is answered only from here
[dplay] pump #44500 (host=0) -- discovery is answered only from here
[dplay] pump #45000 (host=0) -- discovery is answered only from here
[dplay] pump #45500 (host=0) -- discovery is answered only from here
[dplay] pump #46000 (host=0) -- discovery is answered only from here
[dplay] pump #46500 (host=0) -- discovery is answered only from here
[dplay] pump #47000 (host=0) -- discovery is answered only from here
[dplay] pump #47500 (host=0) -- discovery is answered only from here
[dplay] pump #48000 (host=0) -- discovery is answered only from here
[dplay] pump #48500 (host=0) -- discovery is answered only from here
[dplay] pump #49000 (host=0) -- discovery is answered only from here
[dplay] pump #49500 (host=0) -- discovery is answered only from here
[dplay] received 12 data bytes from pid 3
[agg] drained/s:  WINMOVE.CPP:7785 from=3 to=0 len=75 x1  COMMS.CPP:4478 from=3 to=0 len=12 x1  COMMS.CPP:4478 from=3 to=0 len=524 x4  COMMS.CPP:3822 from=3 to=0 len=12 x1
[dplay] Send 12 bytes pid 4 -> 0 (ok)
[dplay] pump #50000 (host=0) -- discovery is answered only from here
[dplay] pump #50500 (host=0) -- discovery is answered only from here
[dplay] pump #51000 (host=0) -- discovery is answered only from here
[dplay] pump #51500 (host=0) -- discovery is answered only from here
[dplay] pump #52000 (host=0) -- discovery is answered only from here
[dplay] pump #52500 (host=0) -- discovery is answered only from here
[dplay] pump #53000 (host=0) -- discovery is answered only from here
[dplay] pump #53500 (host=0) -- discovery is answered only from here
[dplay] pump #54000 (host=0) -- discovery is answered only from here
[dplay] pump #54500 (host=0) -- discovery is answered only from here
[dplay] pump #55000 (host=0) -- discovery is answered only from here
[dplay] pump #55500 (host=0) -- discovery is answered only from here
[dplay] pump #56000 (host=0) -- discovery is answered only from here
[dplay] pump #56500 (host=0) -- discovery is answered only from here
[dplay] pump #57000 (host=0) -- discovery is answered only from here
[dplay] pump #57500 (host=0) -- discovery is answered only from here
[dplay] pump #58000 (host=0) -- discovery is answered only from here
[dplay] pump #58500 (host=0) -- discovery is answered only from here
[dplay] pump #59000 (host=0) -- discovery is answered only from here
[dplay] pump #59500 (host=0) -- discovery is answered only from here
[dplay] pump #60000 (host=0) -- discovery is answered only from here
[dplay] pump #60500 (host=0) -- discovery is answered only from here
[dplay] pump #61000 (host=0) -- discovery is answered only from here
[dplay] pump #61500 (host=0) -- discovery is answered only from here
[dplay] pump #62000 (host=0) -- discovery is answered only from here
[dplay] pump #62500 (host=0) -- discovery is answered only from here
[dplay] pump #63000 (host=0) -- discovery is answered only from here
[dplay] pump #63500 (host=0) -- discovery is answered only from here
[dplay] pump #64000 (host=0) -- discovery is answered only from here
[dplay] pump #64500 (host=0) -- discovery is answered only from here
[dplay] pump #65000 (host=0) -- discovery is answered only from here
[dplay] pump #65500 (host=0) -- discovery is answered only from here
[dplay] pump #66000 (host=0) -- discovery is answered only from here
[dplay] pump #66500 (host=0) -- discovery is answered only from here
[dplay] pump #67000 (host=0) -- discovery is answered only from here
[dplay] pump #67500 (host=0) -- discovery is answered only from here
[dplay] pump #68000 (host=0) -- discovery is answered only from here
[dplay] pump #68500 (host=0) -- discovery is answered only from here
[dplay] pump #69000 (host=0) -- discovery is answered only from here
[dplay] pump #69500 (host=0) -- discovery is answered only from here
[dplay] pump #70000 (host=0) -- discovery is answered only from here
[dplay] pump #70500 (host=0) -- discovery is answered only from here
[dplay] pump #71000 (host=0) -- discovery is answered only from here
[dplay] received 12 data bytes from pid 1
[dplay] Send 12 bytes pid 4 -> 0 (ok)
[dplay] adopted group 2 from the wire and joined player 4 to it
[group] AddPlayerToGroup player 4 -> group 2 : recorded (ngroups=1)
[dplay] AddPlayerToGroup player 4 -> group 2
[mfctimer] set wnd=0xab47b00 id=2373 every 0 ms  (now 2 timers)
[dplay] Send 12 bytes pid 4 -> 2 (ok)
[dplay] Send 189 bytes pid 4 -> 2 (ok)
[dplay] Send 189 bytes pid 4 -> 2 (ok)
[panelclear] transition #2: panel 0xa6d5a60 art 27914 -> 0xa6d5a60 art 27916
[lbrefit] id=2310 rect w=648 -> painted w=648 (h=237)
[lbrefit] id=2312 rect w=648 -> painted w=648 (h=121)
[menu] ---- 12 clickable control(s) ----
[menu] #4@10CSystemBox  rect(0,0 24x24)  centre(12,12)  type=3  ""
[menu] #7@10CSystemBox  rect(0,24 24x24)  centre(12,36)  type=3  ""
[menu] #10@10CSystemBox  rect(24,0 48x48)  centre(48,24)  type=3  ""
[menu] #2063@14RFullPanelDial  rect(25,720 565x36)  centre(307,738)  type=1  ""
[menu]      row 0: [0] "Quit"  [1] "Fly"  [2] "Radio"  [3] "Paint Shop"  [4] "Prefs"
[menu] #2310@10CReadyRoom  rect(0,32 648x237)  centre(324,150)  type=1  ""
[menu] #2021@10CReadyRoom  rect(342,15 67x26)  centre(375,28)  type=2  "Chat to:"
[menu] #2312@10CReadyRoom  rect(1,273 648x121)  centre(325,333)  type=1  ""
[menu] #2144@10CReadyRoom  rect(16,411 648x26)  centre(340,424)  type=5  ""
[menu] #2324@10CReadyRoom  rect(427,16 235x26)  centre(544,29)  type=8  ""
[menu] #2309@10CReadyRoom  rect(99,15 225x26)  centre(211,28)  type=2  "Invalid ID!"
[menu] #2023@10CReadyRoom  rect(15,15 81x26)  centre(55,28)  type=2  "Scenario:"
[menu] #0@13CRListBoxCtrl  rect(1,-16 207x16)  centre(104,-8)  type=9  ""
[menu] ---- 12 clickable control(s) ----
[menu] #4@10CSystemBox  rect(0,0 24x24)  centre(12,12)  type=3  ""
[menu] #7@10CSystemBox  rect(0,24 24x24)  centre(12,36)  type=3  ""
[menu] #10@10CSystemBox  rect(24,0 48x48)  centre(48,24)  type=3  ""
[menu] #2063@14RFullPanelDial  rect(25,720 565x36)  centre(307,738)  type=1  ""
[menu]      row 0: [0] "Quit"  [1] "Fly"  [2] "Radio"  [3] "Paint Shop"  [4] "Prefs"
[menu] #2310@10CReadyRoom  rect(0,32 648x237)  centre(324,150)  type=1  ""
[menu]      row 0: [1] "Name"  [2] "Aircraft"  [3] "Status"  [4] "Kills"  [5] "Losses"
[menu]      row 1: [0] "1"  [1] "Player"  [2] "F86 1"  [3] "Flight Line"  [4] "0"  [5] "0"
[menu] #2021@10CReadyRoom  rect(342,15 67x26)  centre(375,28)  type=2  "Chat to:"
[menu] #2312@10CReadyRoom  rect(1,273 648x121)  centre(325,333)  type=1  ""
[menu] #2144@10CReadyRoom  rect(16,411 648x26)  centre(340,424)  type=5  ""
[menu] #2324@10CReadyRoom  rect(427,16 235x26)  centre(544,29)  type=8  ""
[menu] #2309@10CReadyRoom  rect(99,15 225x26)  centre(211,28)  type=2  "1) Implode"
[menu] #2023@10CReadyRoom  rect(15,15 81x26)  centre(55,28)  type=2  "Scenario:"
[menu] #0@13CRListBoxCtrl  rect(1,-16 207x16)  centre(104,-8)  type=9  ""
[dplay] received 189 data bytes from pid 3
[dplay] received 29 data bytes from pid 3
[menu] ---- 12 clickable control(s) ----
[menu] #4@10CSystemBox  rect(0,0 24x24)  centre(12,12)  type=3  ""
[menu] #7@10CSystemBox  rect(0,24 24x24)  centre(12,36)  type=3  ""
[menu] #10@10CSystemBox  rect(24,0 48x48)  centre(48,24)  type=3  ""
[menu] #2063@14RFullPanelDial  rect(25,720 565x36)  centre(307,738)  type=1  ""
[menu]      row 0: [0] "Quit"  [1] "Fly"  [2] "Radio"  [3] "Paint Shop"  [4] "Prefs"
[menu] #2310@10CReadyRoom  rect(0,32 648x237)  centre(324,150)  type=1  ""
[menu]      row 0: [1] "Name"  [2] "Aircraft"  [3] "Status"  [4] "Kills"  [5] "Losses"
[menu]      row 1: [0] "1"  [1] "Player"  [2] "F86 1"  [3] "Flight Line"  [4] "0"  [5] "0"
[menu]      row 2: [0] "2"  [1] "Player"  [2] "F86 1"  [3] "Flight Line"  [4] "0"  [5] "0"
[menu] #2021@10CReadyRoom  rect(342,15 67x26)  centre(375,28)  type=2  "Chat to:"
[menu] #2312@10CReadyRoom  rect(1,273 648x121)  centre(325,333)  type=1  ""
[menu] #2144@10CReadyRoom  rect(16,411 648x26)  centre(340,424)  type=5  ""
[menu] #2324@10CReadyRoom  rect(427,16 235x26)  centre(544,29)  type=8  ""
[menu] #2309@10CReadyRoom  rect(99,15 225x26)  centre(211,28)  type=2  "1) Implode"
[menu] #2023@10CReadyRoom  rect(15,15 81x26)  centre(55,28)  type=2  "Scenario:"
[menu] #0@13CRListBoxCtrl  rect(1,-16 207x16)  centre(104,-8)  type=9  ""
[agg] StaticTimeProc 49/s  impl=0 host=0 running=0 resync=0 served=0  -> AggregatorGetPackets 0/s
[dplay] Send 16 bytes pid 4 -> 2 (ok)
[dplay] received 16 data bytes from pid 3
[agg] drained/s:  COMMS.CPP:1317 from=1 to=4 len=12 x1  COMMS.CPP:595 from=3 to=2 len=189 x2  COMMS.CPP:595 from=3 to=2 len=29 x1  COMMS.CPP:595 from=3 to=2 len=16 x1
[dplay] Send 16 bytes pid 4 -> 2 (ok)
[dplay] received 16 data bytes from pid 3
[dplay] Send 16 bytes pid 4 -> 2 (ok)
[dplay] received 16 data bytes from pid 3
[timeproc] tick=6000 instances=0 currinst=(nil)
[agg] StaticTimeProc 49/s  impl=0 host=0 running=0 resync=0 served=0  -> AggregatorGetPackets 0/s
[dplay] Send 16 bytes pid 4 -> 2 (ok)
[dplay] received 16 data bytes from pid 3
[agg] drained/s:  COMMS.CPP:595 from=3 to=2 len=16 x3
[dplay] Send 16 bytes pid 4 -> 2 (ok)
[dplay] received 16 data bytes from pid 3
[agg] StaticTimeProc 50/s  impl=0 host=0 running=0 resync=0 served=0  -> AggregatorGetPackets 0/s
[dplay] Send 16 bytes pid 4 -> 2 (ok)
[dplay] received 16 data bytes from pid 3
[agg] drained/s:  COMMS.CPP:595 from=3 to=2 len=16 x2
[dplay] Send 16 bytes pid 4 -> 2 (ok)
[dplay] received 16 data bytes from pid 3
[dplay] Send 16 bytes pid 4 -> 2 (ok)
[dplay] received 16 data bytes from pid 3
[agg] drained/s:  COMMS.CPP:595 from=3 to=2 len=16 x2
[agg] StaticTimeProc 49/s  impl=0 host=0 running=0 resync=0 served=0  -> AggregatorGetPackets 0/s
[dplay] Send 16 bytes pid 4 -> 2 (ok)
[dplay] received 16 data bytes from pid 3
[dplay] Send 16 bytes pid 4 -> 2 (ok)
[dplay] received 16 data bytes from pid 3
[agg] StaticTimeProc 49/s  impl=0 host=0 running=0 resync=0 served=0  -> AggregatorGetPackets 0/s
[mfctimer] fire #6000 wnd=0xab47b00 id=2373
[dplay] Send 16 bytes pid 4 -> 2 (ok)
[dplay] received 16 data bytes from pid 3
[agg] drained/s:  COMMS.CPP:595 from=3 to=2 len=16 x3
[dplay] Send 16 bytes pid 4 -> 2 (ok)
[dplay] received 16 data bytes from pid 3
[agg] StaticTimeProc 49/s  impl=0 host=0 running=0 resync=0 served=0  -> AggregatorGetPackets 0/s
[dplay] pump #71500 (host=0) -- discovery is answered only from here
[dplay] Send 16 bytes pid 4 -> 2 (ok)
[dplay] received 16 data bytes from pid 3
[agg] drained/s:  COMMS.CPP:595 from=3 to=2 len=16 x2
[dplay] Send 16 bytes pid 4 -> 2 (ok)
[dplay] received 16 data bytes from pid 3
[dplay] Send 16 bytes pid 4 -> 2 (ok)
[dplay] received 16 data bytes from pid 3
[agg] StaticTimeProc 49/s  impl=0 host=0 running=0 resync=0 served=0  -> AggregatorGetPackets 0/s
[timeproc] tick=6250 instances=0 currinst=(nil)
[dplay] Send 16 bytes pid 4 -> 2 (ok)
[dplay] received 16 data bytes from pid 3
[agg] drained/s:  COMMS.CPP:595 from=3 to=2 len=16 x3
[dplay] Send 16 bytes pid 4 -> 2 (ok)
[dplay] received 16 data bytes from pid 3
[agg] StaticTimeProc 49/s  impl=0 host=0 running=0 resync=0 served=0  -> AggregatorGetPackets 0/s
[dplay] Send 16 bytes pid 4 -> 2 (ok)
[dplay] received 16 data bytes from pid 3
[agg] drained/s:  COMMS.CPP:595 from=3 to=2 len=16 x2
[dplay] Send 16 bytes pid 4 -> 2 (ok)
[dplay] received 16 data bytes from pid 3
[agg] StaticTimeProc 49/s  impl=0 host=0 running=0 resync=0 served=0  -> AggregatorGetPackets 0/s
[dplay] Send 16 bytes pid 4 -> 2 (ok)
[dplay] received 16 data bytes from pid 3
[agg] drained/s:  COMMS.CPP:595 from=3 to=2 len=16 x2
[dplay] Send 16 bytes pid 4 -> 2 (ok)
[dplay] received 16 data bytes from pid 3
[dplay] Send 16 bytes pid 4 -> 2 (ok)
[dplay] received 16 data bytes from pid 3
[agg] StaticTimeProc 49/s  impl=0 host=0 running=0 resync=0 served=0  -> AggregatorGetPackets 0/s
[dplay] Send 16 bytes pid 4 -> 2 (ok)
[dplay] received 16 data bytes from pid 3
[agg] drained/s:  COMMS.CPP:595 from=3 to=2 len=16 x3
[mfctimer] fire #6500 wnd=0xab47b00 id=2373
[dplay] Send 16 bytes pid 4 -> 2 (ok)
[dplay] received 16 data bytes from pid 3
[agg] StaticTimeProc 50/s  impl=0 host=0 running=0 resync=0 served=0  -> AggregatorGetPackets 0/s
[dplay] Send 16 bytes pid 4 -> 2 (ok)
[dplay] received 16 data bytes from pid 3
[agg] drained/s:  COMMS.CPP:595 from=3 to=2 len=16 x2
[dplay] Send 16 bytes pid 4 -> 2 (ok)
[dplay] received 16 data bytes from pid 3
[agg] StaticTimeProc 49/s  impl=0 host=0 running=0 resync=0 served=0  -> AggregatorGetPackets 0/s
[dplay] Send 16 bytes pid 4 -> 2 (ok)
[dplay] received 16 data bytes from pid 3
[agg] drained/s:  COMMS.CPP:595 from=3 to=2 len=16 x2
[timeproc] tick=6500 instances=0 currinst=(nil)
[dplay] Send 16 bytes pid 4 -> 2 (ok)
[dplay] received 16 data bytes from pid 3
[dplay] Send 16 bytes pid 4 -> 2 (ok)
[dplay] received 16 data bytes from pid 3
[agg] StaticTimeProc 49/s  impl=0 host=0 running=0 resync=0 served=0  -> AggregatorGetPackets 0/s
[dplay] Send 16 bytes pid 4 -> 2 (ok)
[dplay] received 16 data bytes from pid 3
[agg] drained/s:  COMMS.CPP:595 from=3 to=2 len=16 x3
[dplay] Send 16 bytes pid 4 -> 2 (ok)
[dplay] received 16 data bytes from pid 3
[agg] StaticTimeProc 49/s  impl=0 host=0 running=0 resync=0 served=0  -> AggregatorGetPackets 0/s
[dplay] Send 16 bytes pid 4 -> 2 (ok)
[dplay] received 16 data bytes from pid 3
[agg] drained/s:  COMMS.CPP:595 from=3 to=2 len=16 x2
[dplay] Send 16 bytes pid 4 -> 2 (ok)
[dplay] received 16 data bytes from pid 3
[agg] StaticTimeProc 49/s  impl=0 host=0 running=0 resync=0 served=0  -> AggregatorGetPackets 0/s
[dplay] Send 16 bytes pid 4 -> 2 (ok)
[dplay] received 16 data bytes from pid 3
[agg] drained/s:  COMMS.CPP:595 from=3 to=2 len=16 x2
[dplay] Send 16 bytes pid 4 -> 2 (ok)
[dplay] received 16 data bytes from pid 3
[mfctimer] fire #7000 wnd=0xab47b00 id=2373
[dplay] Send 16 bytes pid 4 -> 2 (ok)
[dplay] received 16 data bytes from pid 3
[agg] StaticTimeProc 49/s  impl=0 host=0 running=0 resync=0 served=0  -> AggregatorGetPackets 0/s
[dplay] pump #72000 (host=0) -- discovery is answered only from here
[dplay] Send 16 bytes pid 4 -> 2 (ok)
[dplay] received 16 data bytes from pid 3
[agg] drained/s:  COMMS.CPP:595 from=3 to=2 len=16 x3
[dplay] Send 16 bytes pid 4 -> 2 (ok)
[dplay] received 16 data bytes from pid 3
[agg] StaticTimeProc 49/s  impl=0 host=0 running=0 resync=0 served=0  -> AggregatorGetPackets 0/s
[timeproc] tick=6750 instances=0 currinst=(nil)
[dplay] Send 16 bytes pid 4 -> 2 (ok)
[dplay] received 16 data bytes from pid 3
[agg] drained/s:  COMMS.CPP:595 from=3 to=2 len=16 x2
[dplay] Send 16 bytes pid 4 -> 2 (ok)
[dplay] received 16 data bytes from pid 3
[agg] StaticTimeProc 49/s  impl=0 host=0 running=0 resync=0 served=0  -> AggregatorGetPackets 0/s
[dplay] Send 16 bytes pid 4 -> 2 (ok)
[dplay] received 16 data bytes from pid 3
[agg] drained/s:  COMMS.CPP:595 from=3 to=2 len=16 x2
[dplay] Send 16 bytes pid 4 -> 2 (ok)
[dplay] received 16 data bytes from pid 3
[agg] StaticTimeProc 49/s  impl=0 host=0 running=0 resync=0 served=0  -> AggregatorGetPackets 0/s
[dplay] Send 16 bytes pid 4 -> 2 (ok)
[dplay] received 16 data bytes from pid 3
[agg] drained/s:  COMMS.CPP:595 from=3 to=2 len=16 x2
[dplay] Send 16 bytes pid 4 -> 2 (ok)
[dplay] received 16 data bytes from pid 3
[dplay] Send 16 bytes pid 4 -> 2 (ok)
[dplay] received 16 data bytes from pid 3
[agg] StaticTimeProc 49/s  impl=0 host=0 running=0 resync=0 served=0  -> AggregatorGetPackets 0/s
[dplay] Send 16 bytes pid 4 -> 2 (ok)
[dplay] received 16 data bytes from pid 3
[agg] drained/s:  COMMS.CPP:595 from=3 to=2 len=16 x3
[dplay] Send 16 bytes pid 4 -> 2 (ok)
[dplay] received 16 data bytes from pid 3
[agg] StaticTimeProc 50/s  impl=0 host=0 running=0 resync=0 served=0  -> AggregatorGetPackets 0/s
[dplay] Send 16 bytes pid 4 -> 2 (ok)
[dplay] received 16 data bytes from pid 3
[agg] drained/s:  COMMS.CPP:595 from=3 to=2 len=16 x2
[mfctimer] fire #7500 wnd=0xab47b00 id=2373
[dplay] Send 16 bytes pid 4 -> 2 (ok)
[dplay] received 16 data bytes from pid 3
[dplay] Send 16 bytes pid 4 -> 2 (ok)
[dplay] received 16 data bytes from pid 3
[agg] drained/s:  COMMS.CPP:595 from=3 to=2 len=16 x2
[agg] StaticTimeProc 49/s  impl=0 host=0 running=0 resync=0 served=0  -> AggregatorGetPackets 0/s
[timeproc] tick=7000 instances=0 currinst=(nil)
[dplay] Send 16 bytes pid 4 -> 2 (ok)
[dplay] received 16 data bytes from pid 3
[dplay] Send 16 bytes pid 4 -> 2 (ok)
[dplay] received 16 data bytes from pid 3
[agg] StaticTimeProc 49/s  impl=0 host=0 running=0 resync=0 served=0  -> AggregatorGetPackets 0/s
[dplay] Send 16 bytes pid 4 -> 2 (ok)
[dplay] received 16 data bytes from pid 3
[agg] drained/s:  COMMS.CPP:595 from=3 to=2 len=16 x3
[dplay] Send 16 bytes pid 4 -> 2 (ok)
[dplay] received 16 data bytes from pid 3
[agg] StaticTimeProc 49/s  impl=0 host=0 running=0 resync=0 served=0  -> AggregatorGetPackets 0/s
[dplay] Send 16 bytes pid 4 -> 2 (ok)
[dplay] received 16 data bytes from pid 3
[agg] drained/s:  COMMS.CPP:595 from=3 to=2 len=16 x2
[dplay] Send 16 bytes pid 4 -> 2 (ok)
[dplay] received 16 data bytes from pid 3
[dplay] Send 16 bytes pid 4 -> 2 (ok)
[dplay] received 16 data bytes from pid 3
[agg] StaticTimeProc 49/s  impl=0 host=0 running=0 resync=0 served=0  -> AggregatorGetPackets 0/s
[dplay] Send 16 bytes pid 4 -> 2 (ok)
[dplay] received 16 data bytes from pid 3
[agg] drained/s:  COMMS.CPP:595 from=3 to=2 len=16 x3
[dplay] Send 16 bytes pid 4 -> 2 (ok)
[dplay] received 16 data bytes from pid 3
[agg] StaticTimeProc 50/s  impl=0 host=0 running=0 resync=0 served=0  -> AggregatorGetPackets 0/s
[dplay] Send 16 bytes pid 4 -> 2 (ok)
[dplay] received 16 data bytes from pid 3
[agg] drained/s:  COMMS.CPP:595 from=3 to=2 len=16 x2
[dplay] pump #72500 (host=0) -- discovery is answered only from here
[mfctimer] fire #8000 wnd=0xab47b00 id=2373
[dplay] Send 16 bytes pid 4 -> 2 (ok)
[dplay] received 16 data bytes from pid 3
[agg] StaticTimeProc 49/s  impl=0 host=0 running=0 resync=0 served=0  -> AggregatorGetPackets 0/s
[dplay] Send 16 bytes pid 4 -> 2 (ok)
[dplay] received 16 data bytes from pid 3
[agg] drained/s:  COMMS.CPP:595 from=3 to=2 len=16 x2
[timeproc] tick=7250 instances=0 currinst=(nil)
[dplay] Send 16 bytes pid 4 -> 2 (ok)
[dplay] received 16 data bytes from pid 3
[dplay] Send 16 bytes pid 4 -> 2 (ok)
[dplay] received 16 data bytes from pid 3
[agg] StaticTimeProc 49/s  impl=0 host=0 running=0 resync=0 served=0  -> AggregatorGetPackets 0/s
[dplay] Send 16 bytes pid 4 -> 2 (ok)
[dplay] received 16 data bytes from pid 3
[agg] drained/s:  COMMS.CPP:595 from=3 to=2 len=16 x3
[dplay] Send 16 bytes pid 4 -> 2 (ok)
[dplay] received 16 data bytes from pid 3
[agg] StaticTimeProc 49/s  impl=0 host=0 running=0 resync=0 served=0  -> AggregatorGetPackets 0/s
[dplay] Send 16 bytes pid 4 -> 2 (ok)
[dplay] received 16 data bytes from pid 3
[agg] drained/s:  COMMS.CPP:595 from=3 to=2 len=16 x2
[dplay] Send 16 bytes pid 4 -> 2 (ok)
[dplay] received 16 data bytes from pid 3
[agg] StaticTimeProc 49/s  impl=0 host=0 running=0 resync=0 served=0  -> AggregatorGetPackets 0/s
[dplay] Send 16 bytes pid 4 -> 2 (ok)
[dplay] received 16 data bytes from pid 3
[agg] drained/s:  COMMS.CPP:595 from=3 to=2 len=16 x2
[dplay] Send 16 bytes pid 4 -> 2 (ok)
[dplay] received 16 data bytes from pid 3
[dplay] Send 16 bytes pid 4 -> 2 (ok)
[dplay] received 16 data bytes from pid 3
[agg] drained/s:  COMMS.CPP:595 from=3 to=2 len=16 x2
[agg] StaticTimeProc 49/s  impl=0 host=0 running=0 resync=0 served=0  -> AggregatorGetPackets 0/s
[dplay] Send 16 bytes pid 4 -> 2 (ok)
[dplay] received 16 data bytes from pid 3
[dplay] Send 16 bytes pid 4 -> 2 (ok)
[dplay] received 16 data bytes from pid 3
[mfctimer] fire #8500 wnd=0xab47b00 id=2373
[agg] StaticTimeProc 49/s  impl=0 host=0 running=0 resync=0 served=0  -> AggregatorGetPackets 0/s
[dplay] Send 16 bytes pid 4 -> 2 (ok)
[dplay] received 16 data bytes from pid 3
[agg] drained/s:  COMMS.CPP:595 from=3 to=2 len=16 x3
[timeproc] tick=7500 instances=0 currinst=(nil)
[dplay] Send 16 bytes pid 4 -> 2 (ok)
[dplay] received 16 data bytes from pid 3
[agg] StaticTimeProc 50/s  impl=0 host=0 running=0 resync=0 served=0  -> AggregatorGetPackets 0/s
[dplay] Send 16 bytes pid 4 -> 2 (ok)
[dplay] received 16 data bytes from pid 3
[agg] drained/s:  COMMS.CPP:595 from=3 to=2 len=16 x2
[dplay] Send 16 bytes pid 4 -> 2 (ok)
[dplay] received 16 data bytes from pid 3
[dplay] Send 16 bytes pid 4 -> 2 (ok)
[dplay] received 16 data bytes from pid 3
[agg] StaticTimeProc 49/s  impl=0 host=0 running=0 resync=0 served=0  -> AggregatorGetPackets 0/s
[dplay] Send 16 bytes pid 4 -> 2 (ok)
[dplay] received 16 data bytes from pid 3
[agg] drained/s:  COMMS.CPP:595 from=3 to=2 len=16 x3
[dplay] Send 16 bytes pid 4 -> 2 (ok)
[dplay] received 16 data bytes from pid 3
[agg] StaticTimeProc 49/s  impl=0 host=0 running=0 resync=0 served=0  -> AggregatorGetPackets 0/s
[dplay] Send 16 bytes pid 4 -> 2 (ok)
[dplay] received 16 data bytes from pid 3
[agg] drained/s:  COMMS.CPP:595 from=3 to=2 len=16 x2
[dplay] Send 16 bytes pid 4 -> 2 (ok)
[dplay] received 16 data bytes from pid 3
[agg] StaticTimeProc 49/s  impl=0 host=0 running=0 resync=0 served=0  -> AggregatorGetPackets 0/s
[dplay] Send 16 bytes pid 4 -> 2 (ok)
[dplay] received 16 data bytes from pid 3
[agg] drained/s:  COMMS.CPP:595 from=3 to=2 len=16 x2
[dplay] Send 16 bytes pid 4 -> 2 (ok)
[dplay] received 16 data bytes from pid 3
[dplay] pump #73000 (host=0) -- discovery is answered only from here
[dplay] Send 16 bytes pid 4 -> 2 (ok)
[dplay] received 16 data bytes from pid 3
[agg] StaticTimeProc 49/s  impl=0 host=0 running=0 resync=0 served=0  -> AggregatorGetPackets 0/s
[mfctimer] fire #9000 wnd=0xab47b00 id=2373
[dplay] Send 16 bytes pid 4 -> 2 (ok)
[dplay] received 16 data bytes from pid 3
[agg] drained/s:  COMMS.CPP:595 from=3 to=2 len=16 x3
[timeproc] tick=7750 instances=0 currinst=(nil)
[dplay] Send 16 bytes pid 4 -> 2 (ok)
[dplay] received 16 data bytes from pid 3
[agg] StaticTimeProc 50/s  impl=0 host=0 running=0 resync=0 served=0  -> AggregatorGetPackets 0/s
[dplay] Send 16 bytes pid 4 -> 2 (ok)
[dplay] received 16 data bytes from pid 3
[agg] drained/s:  COMMS.CPP:595 from=3 to=2 len=16 x2
[dplay] Send 16 bytes pid 4 -> 2 (ok)
[dplay] received 16 data bytes from pid 3
[agg] StaticTimeProc 49/s  impl=0 host=0 running=0 resync=0 served=0  -> AggregatorGetPackets 0/s
[dplay] Send 16 bytes pid 4 -> 2 (ok)
[dplay] received 16 data bytes from pid 3
[agg] drained/s:  COMMS.CPP:595 from=3 to=2 len=16 x2
[dplay] Send 16 bytes pid 4 -> 2 (ok)
[dplay] received 16 data bytes from pid 3
[dplay] Send 16 bytes pid 4 -> 2 (ok)
[dplay] received 16 data bytes from pid 3
[agg] StaticTimeProc 49/s  impl=0 host=0 running=0 resync=0 served=0  -> AggregatorGetPackets 0/s
[dplay] Send 16 bytes pid 4 -> 2 (ok)
[dplay] received 16 data bytes from pid 3
[agg] drained/s:  COMMS.CPP:595 from=3 to=2 len=16 x3
[dplay] Send 16 bytes pid 4 -> 2 (ok)
[dplay] received 16 data bytes from pid 3
[agg] StaticTimeProc 49/s  impl=0 host=0 running=0 resync=0 served=0  -> AggregatorGetPackets 0/s
[dplay] Send 16 bytes pid 4 -> 2 (ok)
[dplay] received 16 data bytes from pid 3
[agg] drained/s:  COMMS.CPP:595 from=3 to=2 len=16 x2
[dplay] received 189 data bytes from pid 3
[dplay] received 1292 data bytes from pid 3
[dplay] received 189 data bytes from pid 3
[dplay] received 29 data bytes from pid 3
[dplay] received 524 data bytes from pid 3
[dplay] UINetworkSelectFly: Host=0 GameType=0 PlayerCreated=1
[dplay]   player 0 status=3
[dplay]   player 1 status=3
[dplay] Send 1292 bytes pid 4 -> 2 (ok)
[dplay] Send 189 bytes pid 4 -> 2 (ok)
[panelclear] transition #3: panel 0xa6d5a60 art 27916 -> 0xa6d5a60 art 0
[3d] Start3d(stat=4) status=1
[3d]   -> status=5 (waiting for DONESHEET=2)
[menu] ---- 5 clickable control(s) ----
[menu] #4@10CSystemBox  rect(0,0 24x24)  centre(12,12)  type=3  ""
[menu] #7@10CSystemBox  rect(0,24 24x24)  centre(12,36)  type=3  ""
[menu] #10@10CSystemBox  rect(24,0 48x48)  centre(48,24)  type=3  ""
[menu] #2063@14RFullPanelDial  rect(50,700 142x36)  centre(121,718)  type=1  ""
[menu]      row 0: [0] "Debrief"
[menu] #0@13CRListBoxCtrl  rect(1,-16 207x16)  centre(104,-8)  type=9  ""
[3d] Start3d(stat=2) status=5
[3d]   -> status=7 (7 = GOING)
[3d] Start3d(stat=4) status=8  <-- IGNORED: setup not started
[3d] flight-view active; setup3dstatus=8 (8=GOING: setup done, WM_GETSTRING posted)
[3d] driving Launch3d (OnGetString)...
[dplay] received 114 data bytes from pid 3
[dplay] pump #73500 (host=0) -- discovery is answered only from here
[dplay] pump #74000 (host=0) -- discovery is answered only from here
[dplay] pump #74500 (host=0) -- discovery is answered only from here
[dplay] pump #75000 (host=0) -- discovery is answered only from here
[dplay] pump #75500 (host=0) -- discovery is answered only from here
[dplay] pump #76000 (host=0) -- discovery is answered only from here
[dplay] pump #76500 (host=0) -- discovery is answered only from here
[dplay] pump #77000 (host=0) -- discovery is answered only from here
[dplay] pump #77500 (host=0) -- discovery is answered only from here
[dplay] pump #78000 (host=0) -- discovery is answered only from here
[dplay] pump #78500 (host=0) -- discovery is answered only from here
[dplay] pump #79000 (host=0) -- discovery is answered only from here
[dplay] pump #79500 (host=0) -- discovery is answered only from here
[dplay] pump #80000 (host=0) -- discovery is answered only from here
[dplay] pump #80500 (host=0) -- discovery is answered only from here
[dplay] pump #81000 (host=0) -- discovery is answered only from here
[dplay] pump #81500 (host=0) -- discovery is answered only from here
[dplay] pump #82000 (host=0) -- discovery is answered only from here
[dplay] pump #82500 (host=0) -- discovery is answered only from here
[dplay] pump #83000 (host=0) -- discovery is answered only from here
[dplay] pump #83500 (host=0) -- discovery is answered only from here
[dplay] pump #84000 (host=0) -- discovery is answered only from here
[dplay] pump #84500 (host=0) -- discovery is answered only from here
[dplay] pump #85000 (host=0) -- discovery is answered only from here
[dplay] pump #85500 (host=0) -- discovery is answered only from here
[dplay] pump #86000 (host=0) -- discovery is answered only from here
[dplay] pump #86500 (host=0) -- discovery is answered only from here
[dplay] pump #87000 (host=0) -- discovery is answered only from here
[dplay] pump #87500 (host=0) -- discovery is answered only from here
[dplay] pump #88000 (host=0) -- discovery is answered only from here
[dplay] pump #88500 (host=0) -- discovery is answered only from here
[dplay] pump #89000 (host=0) -- discovery is answered only from here
[dplay] pump #89500 (host=0) -- discovery is answered only from here
[dplay] pump #90000 (host=0) -- discovery is answered only from here
[dplay] pump #90500 (host=0) -- discovery is answered only from here
[dplay] pump #91000 (host=0) -- discovery is answered only from here
[dplay] pump #91500 (host=0) -- discovery is answered only from here
[dplay] pump #92000 (host=0) -- discovery is answered only from here
[dplay] pump #92500 (host=0) -- discovery is answered only from here
[dplay] pump #93000 (host=0) -- discovery is answered only from here
[dplay] pump #93500 (host=0) -- discovery is answered only from here
[dplay] pump #94000 (host=0) -- discovery is answered only from here
[dplay] pump #94500 (host=0) -- discovery is answered only from here
[dplay] pump #95000 (host=0) -- discovery is answered only from here
[dplay] pump #95500 (host=0) -- discovery is answered only from here
[dplay] pump #96000 (host=0) -- discovery is answered only from here
[dplay] pump #96500 (host=0) -- discovery is answered only from here
[dplay] pump #97000 (host=0) -- discovery is answered only from here
[dplay] pump #97500 (host=0) -- discovery is answered only from here
[dplay] pump #98000 (host=0) -- discovery is answered only from here
[dplay] pump #98500 (host=0) -- discovery is answered only from here
[dplay] pump #99000 (host=0) -- discovery is answered only from here
[dplay] pump #99500 (host=0) -- discovery is answered only from here
[dplay] pump #100000 (host=0) -- discovery is answered only from here
[dplay] pump #100500 (host=0) -- discovery is answered only from here
[dplay] pump #101000 (host=0) -- discovery is answered only from here
[dplay] pump #101500 (host=0) -- discovery is answered only from here
[dplay] pump #102000 (host=0) -- discovery is answered only from here
[dplay] pump #102500 (host=0) -- discovery is answered only from here
[dplay] pump #103000 (host=0) -- discovery is answered only from here
[dplay] pump #103500 (host=0) -- discovery is answered only from here
[dplay] pump #104000 (host=0) -- discovery is answered only from here
[dplay] pump #104500 (host=0) -- discovery is answered only from here
[dplay] pump #105000 (host=0) -- discovery is answered only from here
[dplay] pump #105500 (host=0) -- discovery is answered only from here
[dplay] pump #106000 (host=0) -- discovery is answered only from here
[dplay] pump #106500 (host=0) -- discovery is answered only from here
[dplay] pump #107000 (host=0) -- discovery is answered only from here
[dplay] pump #107500 (host=0) -- discovery is answered only from here
[dplay] pump #108000 (host=0) -- discovery is answered only from here
[dplay] pump #108500 (host=0) -- discovery is answered only from here
[dplay] pump #109000 (host=0) -- discovery is answered only from here
[dplay] pump #109500 (host=0) -- discovery is answered only from here
[dplay] pump #110000 (host=0) -- discovery is answered only from here
[dplay] pump #110500 (host=0) -- discovery is answered only from here
[dplay] pump #111000 (host=0) -- discovery is answered only from here
[dplay] pump #111500 (host=0) -- discovery is answered only from here
[dplay] pump #112000 (host=0) -- discovery is answered only from here
[dplay] pump #112500 (host=0) -- discovery is answered only from here
[dplay] pump #113000 (host=0) -- discovery is answered only from here
[dplay] pump #113500 (host=0) -- discovery is answered only from here
[dplay] pump #114000 (host=0) -- discovery is answered only from here
[dplay] pump #114500 (host=0) -- discovery is answered only from here
[dplay] pump #115000 (host=0) -- discovery is answered only from here
[dplay] pump #115500 (host=0) -- discovery is answered only from here
[dplay] pump #116000 (host=0) -- discovery is answered only from here
[dplay] pump #116500 (host=0) -- discovery is answered only from here
[dplay] pump #117000 (host=0) -- discovery is answered only from here
[dplay] pump #117500 (host=0) -- discovery is answered only from here
[dplay] pump #118000 (host=0) -- discovery is answered only from here
[dplay] pump #118500 (host=0) -- discovery is answered only from here
[dplay] pump #119000 (host=0) -- discovery is answered only from here
[dplay] pump #119500 (host=0) -- discovery is answered only from here
[dplay] pump #120000 (host=0) -- discovery is answered only from here
[dplay] pump #120500 (host=0) -- discovery is answered only from here
[dplay] pump #121000 (host=0) -- discovery is answered only from here
[dplay] pump #121500 (host=0) -- discovery is answered only from here
[dplay] pump #122000 (host=0) -- discovery is answered only from here
[dplay] pump #122500 (host=0) -- discovery is answered only from here
[dplay] pump #123000 (host=0) -- discovery is answered only from here
[dplay] pump #123500 (host=0) -- discovery is answered only from here
[dplay] pump #124000 (host=0) -- discovery is answered only from here
[dplay] pump #124500 (host=0) -- discovery is answered only from here
[dplay] pump #125000 (host=0) -- discovery is answered only from here
[dplay] pump #125500 (host=0) -- discovery is answered only from here
[dplay] pump #126000 (host=0) -- discovery is answered only from here
[dplay] pump #126500 (host=0) -- discovery is answered only from here
[dplay] pump #127000 (host=0) -- discovery is answered only from here
[dplay] pump #127500 (host=0) -- discovery is answered only from here
[dplay] pump #128000 (host=0) -- discovery is answered only from here
[dplay] pump #128500 (host=0) -- discovery is answered only from here
[dplay] pump #129000 (host=0) -- discovery is answered only from here
[dplay] pump #129500 (host=0) -- discovery is answered only from here
[dplay] pump #130000 (host=0) -- discovery is answered only from here
[dplay] pump #130500 (host=0) -- discovery is answered only from here
[dplay] pump #131000 (host=0) -- discovery is answered only from here
[dplay] pump #131500 (host=0) -- discovery is answered only from here
[dplay] pump #132000 (host=0) -- discovery is answered only from here
[dplay] pump #132500 (host=0) -- discovery is answered only from here
[dplay] pump #133000 (host=0) -- discovery is answered only from here
[dplay] pump #133500 (host=0) -- discovery is answered only from here
[dplay] pump #134000 (host=0) -- discovery is answered only from here
[dplay] pump #134500 (host=0) -- discovery is answered only from here
[dplay] pump #135000 (host=0) -- discovery is answered only from here
[dplay] pump #135500 (host=0) -- discovery is answered only from here
[dplay] pump #136000 (host=0) -- discovery is answered only from here
[dplay] pump #136500 (host=0) -- discovery is answered only from here
[dplay] pump #137000 (host=0) -- discovery is answered only from here
[dplay] pump #137500 (host=0) -- discovery is answered only from here
[dplay] pump #138000 (host=0) -- discovery is answered only from here
[dplay] pump #138500 (host=0) -- discovery is answered only from here
[dplay] pump #139000 (host=0) -- discovery is answered only from here
[dplay] pump #139500 (host=0) -- discovery is answered only from here
[dplay] pump #140000 (host=0) -- discovery is answered only from here
[dplay] pump #140500 (host=0) -- discovery is answered only from here
[dplay] pump #141000 (host=0) -- discovery is answered only from here
[dplay] pump #141500 (host=0) -- discovery is answered only from here
[dplay] pump #142000 (host=0) -- discovery is answered only from here
[dplay] pump #142500 (host=0) -- discovery is answered only from here
[dplay] pump #143000 (host=0) -- discovery is answered only from here
[dplay] pump #143500 (host=0) -- discovery is answered only from here
[dplay] pump #144000 (host=0) -- discovery is answered only from here
[dplay] pump #144500 (host=0) -- discovery is answered only from here
[dplay] pump #145000 (host=0) -- discovery is answered only from here
[dplay] pump #145500 (host=0) -- discovery is answered only from here
[dplay] pump #146000 (host=0) -- discovery is answered only from here
[dplay] pump #146500 (host=0) -- discovery is answered only from here
[dplay] pump #147000 (host=0) -- discovery is answered only from here
[dplay] pump #147500 (host=0) -- discovery is answered only from here
[dplay] pump #148000 (host=0) -- discovery is answered only from here
[dplay] pump #148500 (host=0) -- discovery is answered only from here
[dplay] pump #149000 (host=0) -- discovery is answered only from here
[dplay] pump #149500 (host=0) -- discovery is answered only from here
[dplay] pump #150000 (host=0) -- discovery is answered only from here
[dplay] pump #150500 (host=0) -- discovery is answered only from here
[dplay] pump #151000 (host=0) -- discovery is answered only from here
[dplay] pump #151500 (host=0) -- discovery is answered only from here
[dplay] pump #152000 (host=0) -- discovery is answered only from here
[dplay] pump #152500 (host=0) -- discovery is answered only from here
[dplay] pump #153000 (host=0) -- discovery is answered only from here
[dplay] pump #153500 (host=0) -- discovery is answered only from here
[dplay] pump #154000 (host=0) -- discovery is answered only from here
[dplay] pump #154500 (host=0) -- discovery is answered only from here
[dplay] pump #155000 (host=0) -- discovery is answered only from here
[dplay] pump #155500 (host=0) -- discovery is answered only from here
[dplay] pump #156000 (host=0) -- discovery is answered only from here
[dplay] pump #156500 (host=0) -- discovery is answered only from here
[dplay] pump #157000 (host=0) -- discovery is answered only from here
[dplay] pump #157500 (host=0) -- discovery is answered only from here
[dplay] pump #158000 (host=0) -- discovery is answered only from here
[dplay] pump #158500 (host=0) -- discovery is answered only from here
[dplay] pump #159000 (host=0) -- discovery is answered only from here
[dplay] pump #159500 (host=0) -- discovery is answered only from here
[dplay] pump #160000 (host=0) -- discovery is answered only from here
[dplay] pump #160500 (host=0) -- discovery is answered only from here
[dplay] pump #161000 (host=0) -- discovery is answered only from here
[dplay] pump #161500 (host=0) -- discovery is answered only from here
[dplay] pump #162000 (host=0) -- discovery is answered only from here
[dplay] pump #162500 (host=0) -- discovery is answered only from here
[dplay] pump #163000 (host=0) -- discovery is answered only from here
[dplay] pump #163500 (host=0) -- discovery is answered only from here
[dplay] pump #164000 (host=0) -- discovery is answered only from here
[dplay] pump #164500 (host=0) -- discovery is answered only from here
[dplay] pump #165000 (host=0) -- discovery is answered only from here
[dplay] pump #165500 (host=0) -- discovery is answered only from here
[dplay] pump #166000 (host=0) -- discovery is answered only from here
[dplay] pump #166500 (host=0) -- discovery is answered only from here
[dplay] pump #167000 (host=0) -- discovery is answered only from here
[dplay] pump #167500 (host=0) -- discovery is answered only from here
[dplay] pump #168000 (host=0) -- discovery is answered only from here
[dplay] pump #168500 (host=0) -- discovery is answered only from here
[dplay] pump #169000 (host=0) -- discovery is answered only from here
[dplay] pump #169500 (host=0) -- discovery is answered only from here
[dplay] pump #170000 (host=0) -- discovery is answered only from here
[dplay] pump #170500 (host=0) -- discovery is answered only from here
[dplay] pump #171000 (host=0) -- discovery is answered only from here
[dplay] pump #171500 (host=0) -- discovery is answered only from here
[dplay] pump #172000 (host=0) -- discovery is answered only from here
[dplay] pump #172500 (host=0) -- discovery is answered only from here
[dplay] pump #173000 (host=0) -- discovery is answered only from here
[dplay] pump #173500 (host=0) -- discovery is answered only from here
[dplay] pump #174000 (host=0) -- discovery is answered only from here
[dplay] pump #174500 (host=0) -- discovery is answered only from here
[dplay] pump #175000 (host=0) -- discovery is answered only from here
[dplay] pump #175500 (host=0) -- discovery is answered only from here
[dplay] pump #176000 (host=0) -- discovery is answered only from here
[dplay] pump #176500 (host=0) -- discovery is answered only from here
[dplay] pump #177000 (host=0) -- discovery is answered only from here
[dplay] pump #177500 (host=0) -- discovery is answered only from here
[dplay] pump #178000 (host=0) -- discovery is answered only from here
[dplay] pump #178500 (host=0) -- discovery is answered only from here
[dplay] pump #179000 (host=0) -- discovery is answered only from here
[dplay] pump #179500 (host=0) -- discovery is answered only from here
[dplay] pump #180000 (host=0) -- discovery is answered only from here
[dplay] pump #180500 (host=0) -- discovery is answered only from here
[dplay] pump #181000 (host=0) -- discovery is answered only from here
[dplay] pump #181500 (host=0) -- discovery is answered only from here
[dplay] pump #182000 (host=0) -- discovery is answered only from here
[dplay] pump #182500 (host=0) -- discovery is answered only from here
[dplay] pump #183000 (host=0) -- discovery is answered only from here
[dplay] pump #183500 (host=0) -- discovery is answered only from here
[dplay] pump #184000 (host=0) -- discovery is answered only from here
[dplay] pump #184500 (host=0) -- discovery is answered only from here
[dplay] pump #185000 (host=0) -- discovery is answered only from here
[dplay] pump #185500 (host=0) -- discovery is answered only from here
[dplay] pump #186000 (host=0) -- discovery is answered only from here
[dplay] pump #186500 (host=0) -- discovery is answered only from here
[dplay] pump #187000 (host=0) -- discovery is answered only from here
[dplay] pump #187500 (host=0) -- discovery is answered only from here
[dplay] pump #188000 (host=0) -- discovery is answered only from here
[dplay] pump #188500 (host=0) -- discovery is answered only from here
[dplay] pump #189000 (host=0) -- discovery is answered only from here
[dplay] pump #189500 (host=0) -- discovery is answered only from here
[dplay] pump #190000 (host=0) -- discovery is answered only from here
[dplay] pump #190500 (host=0) -- discovery is answered only from here
[dplay] pump #191000 (host=0) -- discovery is answered only from here
[dplay] pump #191500 (host=0) -- discovery is answered only from here
[dplay] pump #192000 (host=0) -- discovery is answered only from here
[dplay] pump #192500 (host=0) -- discovery is answered only from here
[dplay] pump #193000 (host=0) -- discovery is answered only from here
[dplay] pump #193500 (host=0) -- discovery is answered only from here
[dplay] pump #194000 (host=0) -- discovery is answered only from here
[dplay] pump #194500 (host=0) -- discovery is answered only from here
[dplay] pump #195000 (host=0) -- discovery is answered only from here
[dplay] pump #195500 (host=0) -- discovery is answered only from here
[dplay] pump #196000 (host=0) -- discovery is answered only from here
[dplay] pump #196500 (host=0) -- discovery is answered only from here
[dplay] pump #197000 (host=0) -- discovery is answered only from here
[dplay] pump #197500 (host=0) -- discovery is answered only from here
[dplay] pump #198000 (host=0) -- discovery is answered only from here
[dplay] pump #198500 (host=0) -- discovery is answered only from here
[dplay] pump #199000 (host=0) -- discovery is answered only from here
[dplay] pump #199500 (host=0) -- discovery is answered only from here
[dplay] pump #200000 (host=0) -- discovery is answered only from here
[dplay] pump #200500 (host=0) -- discovery is answered only from here
[dplay] pump #201000 (host=0) -- discovery is answered only from here
[dplay] pump #201500 (host=0) -- discovery is answered only from here
[dplay] pump #202000 (host=0) -- discovery is answered only from here
[dplay] pump #202500 (host=0) -- discovery is answered only from here
[dplay] pump #203000 (host=0) -- discovery is answered only from here
[dplay] pump #203500 (host=0) -- discovery is answered only from here
[dplay] pump #204000 (host=0) -- discovery is answered only from here
[dplay] pump #204500 (host=0) -- discovery is answered only from here
[dplay] pump #205000 (host=0) -- discovery is answered only from here
[dplay] pump #205500 (host=0) -- discovery is answered only from here
[dplay] pump #206000 (host=0) -- discovery is answered only from here
[dplay] pump #206500 (host=0) -- discovery is answered only from here
[dplay] pump #207000 (host=0) -- discovery is answered only from here
[dplay] pump #207500 (host=0) -- discovery is answered only from here
[dplay] pump #208000 (host=0) -- discovery is answered only from here
[dplay] pump #208500 (host=0) -- discovery is answered only from here
[dplay] pump #209000 (host=0) -- discovery is answered only from here
[dplay] pump #209500 (host=0) -- discovery is answered only from here
[dplay] pump #210000 (host=0) -- discovery is answered only from here
[dplay] pump #210500 (host=0) -- discovery is answered only from here
[dplay] pump #211000 (host=0) -- discovery is answered only from here
[dplay] pump #211500 (host=0) -- discovery is answered only from here
[dplay] pump #212000 (host=0) -- discovery is answered only from here
[dplay] pump #212500 (host=0) -- discovery is answered only from here
[dplay] pump #213000 (host=0) -- discovery is answered only from here
[dplay] pump #213500 (host=0) -- discovery is answered only from here
[dplay] pump #214000 (host=0) -- discovery is answered only from here
[dplay] pump #214500 (host=0) -- discovery is answered only from here
[dplay] pump #215000 (host=0) -- discovery is answered only from here
[dplay] pump #215500 (host=0) -- discovery is answered only from here
[dplay] pump #216000 (host=0) -- discovery is answered only from here
[dplay] pump #216500 (host=0) -- discovery is answered only from here
[dplay] pump #217000 (host=0) -- discovery is answered only from here
[dplay] pump #217500 (host=0) -- discovery is answered only from here
[dplay] pump #218000 (host=0) -- discovery is answered only from here
[dplay] pump #218500 (host=0) -- discovery is answered only from here
[dplay] pump #219000 (host=0) -- discovery is answered only from here
[dplay] pump #219500 (host=0) -- discovery is answered only from here
[dplay] pump #220000 (host=0) -- discovery is answered only from here
[dplay] pump #220500 (host=0) -- discovery is answered only from here
[dplay] pump #221000 (host=0) -- discovery is answered only from here
[dplay] pump #221500 (host=0) -- discovery is answered only from here
[dplay] pump #222000 (host=0) -- discovery is answered only from here
[dplay] pump #222500 (host=0) -- discovery is answered only from here
[dplay] pump #223000 (host=0) -- discovery is answered only from here
[dplay] pump #223500 (host=0) -- discovery is answered only from here
[dplay] pump #224000 (host=0) -- discovery is answered only from here
[dplay] pump #224500 (host=0) -- discovery is answered only from here
[dplay] pump #225000 (host=0) -- discovery is answered only from here
[dplay] pump #225500 (host=0) -- discovery is answered only from here
[dplay] pump #226000 (host=0) -- discovery is answered only from here
[dplay] pump #226500 (host=0) -- discovery is answered only from here
[dplay] pump #227000 (host=0) -- discovery is answered only from here
[dplay] pump #227500 (host=0) -- discovery is answered only from here
[dplay] pump #228000 (host=0) -- discovery is answered only from here
[dplay] pump #228500 (host=0) -- discovery is answered only from here
[dplay] pump #229000 (host=0) -- discovery is answered only from here
[dplay] pump #229500 (host=0) -- discovery is answered only from here
[dplay] pump #230000 (host=0) -- discovery is answered only from here
[dplay] pump #230500 (host=0) -- discovery is answered only from here
[dplay] pump #231000 (host=0) -- discovery is answered only from here
[dplay] pump #231500 (host=0) -- discovery is answered only from here
[dplay] pump #232000 (host=0) -- discovery is answered only from here
[dplay] pump #232500 (host=0) -- discovery is answered only from here
[dplay] pump #233000 (host=0) -- discovery is answered only from here
[dplay] pump #233500 (host=0) -- discovery is answered only from here
[dplay] pump #234000 (host=0) -- discovery is answered only from here
[dplay] pump #234500 (host=0) -- discovery is answered only from here
[dplay] pump #235000 (host=0) -- discovery is answered only from here
[dplay] pump #235500 (host=0) -- discovery is answered only from here
[dplay] pump #236000 (host=0) -- discovery is answered only from here
[dplay] pump #236500 (host=0) -- discovery is answered only from here
[dplay] pump #237000 (host=0) -- discovery is answered only from here
[dplay] pump #237500 (host=0) -- discovery is answered only from here
[dplay] pump #238000 (host=0) -- discovery is answered only from here
[dplay] pump #238500 (host=0) -- discovery is answered only from here
[dplay] pump #239000 (host=0) -- discovery is answered only from here
[dplay] pump #239500 (host=0) -- discovery is answered only from here
[dplay] pump #240000 (host=0) -- discovery is answered only from here
[dplay] pump #240500 (host=0) -- discovery is answered only from here
[dplay] pump #241000 (host=0) -- discovery is answered only from here
[dplay] pump #241500 (host=0) -- discovery is answered only from here
[dplay] pump #242000 (host=0) -- discovery is answered only from here
[dplay] pump #242500 (host=0) -- discovery is answered only from here
[dplay] pump #243000 (host=0) -- discovery is answered only from here
[dplay] pump #243500 (host=0) -- discovery is answered only from here
[dplay] pump #244000 (host=0) -- discovery is answered only from here
[dplay] pump #244500 (host=0) -- discovery is answered only from here
[dplay] pump #245000 (host=0) -- discovery is answered only from here
[dplay] pump #245500 (host=0) -- discovery is answered only from here
[dplay] pump #246000 (host=0) -- discovery is answered only from here
[dplay] pump #246500 (host=0) -- discovery is answered only from here
[dplay] pump #247000 (host=0) -- discovery is answered only from here
[dplay] pump #247500 (host=0) -- discovery is answered only from here
[dplay] pump #248000 (host=0) -- discovery is answered only from here
[dplay] pump #248500 (host=0) -- discovery is answered only from here
[dplay] pump #249000 (host=0) -- discovery is answered only from here
[dplay] pump #249500 (host=0) -- discovery is answered only from here
[dplay] pump #250000 (host=0) -- discovery is answered only from here
[dplay] pump #250500 (host=0) -- discovery is answered only from here
[dplay] pump #251000 (host=0) -- discovery is answered only from here
[dplay] pump #251500 (host=0) -- discovery is answered only from here
[dplay] pump #252000 (host=0) -- discovery is answered only from here
[dplay] pump #252500 (host=0) -- discovery is answered only from here
[dplay] pump #253000 (host=0) -- discovery is answered only from here
[dplay] pump #253500 (host=0) -- discovery is answered only from here
[dplay] pump #254000 (host=0) -- discovery is answered only from here
[dplay] pump #254500 (host=0) -- discovery is answered only from here
[dplay] pump #255000 (host=0) -- discovery is answered only from here
[dplay] pump #255500 (host=0) -- discovery is answered only from here
[dplay] pump #256000 (host=0) -- discovery is answered only from here
[dplay] pump #256500 (host=0) -- discovery is answered only from here
[dplay] pump #257000 (host=0) -- discovery is answered only from here
[dplay] pump #257500 (host=0) -- discovery is answered only from here
[dplay] pump #258000 (host=0) -- discovery is answered only from here
[dplay] pump #258500 (host=0) -- discovery is answered only from here
[dplay] pump #259000 (host=0) -- discovery is answered only from here
[dplay] pump #259500 (host=0) -- discovery is answered only from here
[dplay] pump #260000 (host=0) -- discovery is answered only from here
[dplay] pump #260500 (host=0) -- discovery is answered only from here
[dplay] pump #261000 (host=0) -- discovery is answered only from here
[dplay] pump #261500 (host=0) -- discovery is answered only from here
[dplay] pump #262000 (host=0) -- discovery is answered only from here
[dplay] pump #262500 (host=0) -- discovery is answered only from here
[dplay] pump #263000 (host=0) -- discovery is answered only from here
[dplay] pump #263500 (host=0) -- discovery is answered only from here
[dplay] pump #264000 (host=0) -- discovery is answered only from here
[dplay] pump #264500 (host=0) -- discovery is answered only from here
[dplay] pump #265000 (host=0) -- discovery is answered only from here
[dplay] pump #265500 (host=0) -- discovery is answered only from here
[dplay] pump #266000 (host=0) -- discovery is answered only from here
[dplay] pump #266500 (host=0) -- discovery is answered only from here
[dplay] pump #267000 (host=0) -- discovery is answered only from here
[dplay] pump #267500 (host=0) -- discovery is answered only from here
[dplay] pump #268000 (host=0) -- discovery is answered only from here
[dplay] pump #268500 (host=0) -- discovery is answered only from here
[dplay] pump #269000 (host=0) -- discovery is answered only from here
[dplay] pump #269500 (host=0) -- discovery is answered only from here
[dplay] pump #270000 (host=0) -- discovery is answered only from here
[dplay] pump #270500 (host=0) -- discovery is answered only from here
[dplay] pump #271000 (host=0) -- discovery is answered only from here
[dplay] pump #271500 (host=0) -- discovery is answered only from here
[dplay] pump #272000 (host=0) -- discovery is answered only from here
[dplay] pump #272500 (host=0) -- discovery is answered only from here
[dplay] pump #273000 (host=0) -- discovery is answered only from here
[dplay] pump #273500 (host=0) -- discovery is answered only from here
[dplay] pump #274000 (host=0) -- discovery is answered only from here
[dplay] pump #274500 (host=0) -- discovery is answered only from here
[dplay] pump #275000 (host=0) -- discovery is answered only from here
[dplay] pump #275500 (host=0) -- discovery is answered only from here
[dplay] pump #276000 (host=0) -- discovery is answered only from here
[dplay] pump #276500 (host=0) -- discovery is answered only from here
[dplay] pump #277000 (host=0) -- discovery is answered only from here
[dplay] pump #277500 (host=0) -- discovery is answered only from here
[dplay] pump #278000 (host=0) -- discovery is answered only from here
[dplay] pump #278500 (host=0) -- discovery is answered only from here
[dplay] pump #279000 (host=0) -- discovery is answered only from here
[dplay] pump #279500 (host=0) -- discovery is answered only from here
[dplay] pump #280000 (host=0) -- discovery is answered only from here
[dplay] pump #280500 (host=0) -- discovery is answered only from here
[dplay] pump #281000 (host=0) -- discovery is answered only from here
[dplay] pump #281500 (host=0) -- discovery is answered only from here
[dplay] pump #282000 (host=0) -- discovery is answered only from here
[dplay] pump #282500 (host=0) -- discovery is answered only from here
[dplay] pump #283000 (host=0) -- discovery is answered only from here
[dplay] pump #283500 (host=0) -- discovery is answered only from here
[dplay] pump #284000 (host=0) -- discovery is answered only from here
[dplay] pump #284500 (host=0) -- discovery is answered only from here
[dplay] pump #285000 (host=0) -- discovery is answered only from here
[dplay] pump #285500 (host=0) -- discovery is answered only from here
[dplay] pump #286000 (host=0) -- discovery is answered only from here
[dplay] pump #286500 (host=0) -- discovery is answered only from here
[dplay] pump #287000 (host=0) -- discovery is answered only from here
[dplay] pump #287500 (host=0) -- discovery is answered only from here
[dplay] pump #288000 (host=0) -- discovery is answered only from here
[dplay] pump #288500 (host=0) -- discovery is answered only from here
[dplay] pump #289000 (host=0) -- discovery is answered only from here
[dplay] pump #289500 (host=0) -- discovery is answered only from here
[dplay] pump #290000 (host=0) -- discovery is answered only from here
[dplay] pump #290500 (host=0) -- discovery is answered only from here
[dplay] pump #291000 (host=0) -- discovery is answered only from here
[dplay] pump #291500 (host=0) -- discovery is answered only from here
[dplay] pump #292000 (host=0) -- discovery is answered only from here
[dplay] pump #292500 (host=0) -- discovery is answered only from here
[dplay] pump #293000 (host=0) -- discovery is answered only from here
[dplay] pump #293500 (host=0) -- discovery is answered only from here
[dplay] pump #294000 (host=0) -- discovery is answered only from here
[dplay] pump #294500 (host=0) -- discovery is answered only from here
[dplay] pump #295000 (host=0) -- discovery is answered only from here
[dplay] pump #295500 (host=0) -- discovery is answered only from here
[dplay] pump #296000 (host=0) -- discovery is answered only from here
[dplay] pump #296500 (host=0) -- discovery is answered only from here
[dplay] pump #297000 (host=0) -- discovery is answered only from here
[dplay] pump #297500 (host=0) -- discovery is answered only from here
[dplay] received 79 data bytes from pid 3
[dplay] pump #298000 (host=0) -- discovery is answered only from here
[dplay] pump #298500 (host=0) -- discovery is answered only from here
[dplay] pump #299000 (host=0) -- discovery is answered only from here
[dplay] pump #299500 (host=0) -- discovery is answered only from here
[dplay] pump #300000 (host=0) -- discovery is answered only from here
[dplay] pump #300500 (host=0) -- discovery is answered only from here
[dplay] pump #301000 (host=0) -- discovery is answered only from here
[dplay] pump #301500 (host=0) -- discovery is answered only from here
[dplay] pump #302000 (host=0) -- discovery is answered only from here
[dplay] pump #302500 (host=0) -- discovery is answered only from here
[dplay] pump #303000 (host=0) -- discovery is answered only from here
[dplay] pump #303500 (host=0) -- discovery is answered only from here
[dplay] pump #304000 (host=0) -- discovery is answered only from here
[dplay] pump #304500 (host=0) -- discovery is answered only from here
[dplay] pump #305000 (host=0) -- discovery is answered only from here
[dplay] pump #305500 (host=0) -- discovery is answered only from here
[dplay] pump #306000 (host=0) -- discovery is answered only from here
[dplay] pump #306500 (host=0) -- discovery is answered only from here
[dplay] pump #307000 (host=0) -- discovery is answered only from here
[dplay] pump #307500 (host=0) -- discovery is answered only from here
[dplay] received 87 data bytes from pid 3
[dplay] pump #308000 (host=0) -- discovery is answered only from here
[dplay] pump #308500 (host=0) -- discovery is answered only from here
[dplay] pump #309000 (host=0) -- discovery is answered only from here
[dplay] pump #309500 (host=0) -- discovery is answered only from here
[dplay] pump #310000 (host=0) -- discovery is answered only from here
[dplay] pump #310500 (host=0) -- discovery is answered only from here
[dplay] pump #311000 (host=0) -- discovery is answered only from here
[dplay] pump #311500 (host=0) -- discovery is answered only from here
[dplay] pump #312000 (host=0) -- discovery is answered only from here
[dplay] pump #312500 (host=0) -- discovery is answered only from here
[dplay] pump #313000 (host=0) -- discovery is answered only from here
[dplay] pump #313500 (host=0) -- discovery is answered only from here
[dplay] pump #314000 (host=0) -- discovery is answered only from here
[dplay] pump #314500 (host=0) -- discovery is answered only from here
[dplay] pump #315000 (host=0) -- discovery is answered only from here
[dplay] pump #315500 (host=0) -- discovery is answered only from here
[dplay] pump #316000 (host=0) -- discovery is answered only from here
[dplay] pump #316500 (host=0) -- discovery is answered only from here
[dplay] pump #317000 (host=0) -- discovery is answered only from here
[dplay] pump #317500 (host=0) -- discovery is answered only from here
[dplay] pump #318000 (host=0) -- discovery is answered only from here
[dplay] pump #318500 (host=0) -- discovery is answered only from here
[dplay] received 87 data bytes from pid 3
[dplay] pump #319000 (host=0) -- discovery is answered only from here
[dplay] pump #319500 (host=0) -- discovery is answered only from here
[dplay] pump #320000 (host=0) -- discovery is answered only from here
[dplay] pump #320500 (host=0) -- discovery is answered only from here
[dplay] pump #321000 (host=0) -- discovery is answered only from here
[dplay] pump #321500 (host=0) -- discovery is answered only from here
[dplay] pump #322000 (host=0) -- discovery is answered only from here
[dplay] pump #322500 (host=0) -- discovery is answered only from here
[dplay] pump #323000 (host=0) -- discovery is answered only from here
[dplay] pump #323500 (host=0) -- discovery is answered only from here
[dplay] pump #324000 (host=0) -- discovery is answered only from here
[dplay] pump #324500 (host=0) -- discovery is answered only from here
[dplay] pump #325000 (host=0) -- discovery is answered only from here
[dplay] pump #325500 (host=0) -- discovery is answered only from here
[dplay] pump #326000 (host=0) -- discovery is answered only from here
[dplay] pump #326500 (host=0) -- discovery is answered only from here
[dplay] pump #327000 (host=0) -- discovery is answered only from here
[dplay] pump #327500 (host=0) -- discovery is answered only from here
[dplay] pump #328000 (host=0) -- discovery is answered only from here
[dplay] pump #328500 (host=0) -- discovery is answered only from here
[dplay] pump #329000 (host=0) -- discovery is answered only from here
[dplay] received 87 data bytes from pid 3
[dplay] pump #329500 (host=0) -- discovery is answered only from here
[dplay] pump #330000 (host=0) -- discovery is answered only from here
[dplay] pump #330500 (host=0) -- discovery is answered only from here
[dplay] pump #331000 (host=0) -- discovery is answered only from here
[dplay] pump #331500 (host=0) -- discovery is answered only from here
[dplay] pump #332000 (host=0) -- discovery is answered only from here
[dplay] pump #332500 (host=0) -- discovery is answered only from here
[dplay] pump #333000 (host=0) -- discovery is answered only from here
[dplay] pump #333500 (host=0) -- discovery is answered only from here
[dplay] pump #334000 (host=0) -- discovery is answered only from here
[dplay] pump #334500 (host=0) -- discovery is answered only from here
[dplay] pump #335000 (host=0) -- discovery is answered only from here
[dplay] pump #335500 (host=0) -- discovery is answered only from here
[dplay] pump #336000 (host=0) -- discovery is answered only from here
[dplay] pump #336500 (host=0) -- discovery is answered only from here
[dplay] pump #337000 (host=0) -- discovery is answered only from here
[dplay] pump #337500 (host=0) -- discovery is answered only from here
[dplay] pump #338000 (host=0) -- discovery is answered only from here
[dplay] pump #338500 (host=0) -- discovery is answered only from here
[dplay] pump #339000 (host=0) -- discovery is answered only from here
[dplay] pump #339500 (host=0) -- discovery is answered only from here
[dplay] received 95 data bytes from pid 3
[dplay] pump #340000 (host=0) -- discovery is answered only from here
[dplay] pump #340500 (host=0) -- discovery is answered only from here
[dplay] pump #341000 (host=0) -- discovery is answered only from here
[dplay] pump #341500 (host=0) -- discovery is answered only from here
[dplay] pump #342000 (host=0) -- discovery is answered only from here
[dplay] pump #342500 (host=0) -- discovery is answered only from here
[dplay] pump #343000 (host=0) -- discovery is answered only from here
[dplay] pump #343500 (host=0) -- discovery is answered only from here
[dplay] pump #344000 (host=0) -- discovery is answered only from here
[dplay] pump #344500 (host=0) -- discovery is answered only from here
[dplay] pump #345000 (host=0) -- discovery is answered only from here
[dplay] pump #345500 (host=0) -- discovery is answered only from here
[dplay] pump #346000 (host=0) -- discovery is answered only from here
[dplay] pump #346500 (host=0) -- discovery is answered only from here
[dplay] pump #347000 (host=0) -- discovery is answered only from here
[dplay] pump #347500 (host=0) -- discovery is answered only from here
[dplay] pump #348000 (host=0) -- discovery is answered only from here
[dplay] pump #348500 (host=0) -- discovery is answered only from here
[dplay] pump #349000 (host=0) -- discovery is answered only from here
[dplay] pump #349500 (host=0) -- discovery is answered only from here
[dplay] pump #350000 (host=0) -- discovery is answered only from here
[dplay] received 103 data bytes from pid 3
[dplay] pump #350500 (host=0) -- discovery is answered only from here
[dplay] pump #351000 (host=0) -- discovery is answered only from here
[dplay] pump #351500 (host=0) -- discovery is answered only from here
[dplay] pump #352000 (host=0) -- discovery is answered only from here
[dplay] pump #352500 (host=0) -- discovery is answered only from here
[dplay] pump #353000 (host=0) -- discovery is answered only from here
[dplay] pump #353500 (host=0) -- discovery is answered only from here
[dplay] pump #354000 (host=0) -- discovery is answered only from here
[dplay] pump #354500 (host=0) -- discovery is answered only from here
[dplay] pump #355000 (host=0) -- discovery is answered only from here
[dplay] pump #355500 (host=0) -- discovery is answered only from here
[dplay] pump #356000 (host=0) -- discovery is answered only from here
[dplay] pump #356500 (host=0) -- discovery is answered only from here
[dplay] pump #357000 (host=0) -- discovery is answered only from here
[dplay] pump #357500 (host=0) -- discovery is answered only from here
[dplay] pump #358000 (host=0) -- discovery is answered only from here
[dplay] pump #358500 (host=0) -- discovery is answered only from here
[dplay] pump #359000 (host=0) -- discovery is answered only from here
[dplay] pump #359500 (host=0) -- discovery is answered only from here
[dplay] pump #360000 (host=0) -- discovery is answered only from here
[dplay] pump #360500 (host=0) -- discovery is answered only from here
[dplay] received 103 data bytes from pid 3
[dplay] pump #361000 (host=0) -- discovery is answered only from here
[dplay] pump #361500 (host=0) -- discovery is answered only from here
[dplay] pump #362000 (host=0) -- discovery is answered only from here
[dplay] pump #362500 (host=0) -- discovery is answered only from here
[dplay] pump #363000 (host=0) -- discovery is answered only from here
[dplay] pump #363500 (host=0) -- discovery is answered only from here
[dplay] pump #364000 (host=0) -- discovery is answered only from here
[dplay] pump #364500 (host=0) -- discovery is answered only from here
[dplay] pump #365000 (host=0) -- discovery is answered only from here
[dplay] pump #365500 (host=0) -- discovery is answered only from here
[dplay] pump #366000 (host=0) -- discovery is answered only from here
[dplay] pump #366500 (host=0) -- discovery is answered only from here
[dplay] pump #367000 (host=0) -- discovery is answered only from here
[dplay] pump #367500 (host=0) -- discovery is answered only from here
[dplay] pump #368000 (host=0) -- discovery is answered only from here
[dplay] pump #368500 (host=0) -- discovery is answered only from here
[dplay] pump #369000 (host=0) -- discovery is answered only from here
[dplay] pump #369500 (host=0) -- discovery is answered only from here
[dplay] pump #370000 (host=0) -- discovery is answered only from here
[dplay] pump #370500 (host=0) -- discovery is answered only from here
[dplay] pump #371000 (host=0) -- discovery is answered only from here
[dplay] received 103 data bytes from pid 3
[dplay] pump #371500 (host=0) -- discovery is answered only from here
[dplay] pump #372000 (host=0) -- discovery is answered only from here
[dplay] pump #372500 (host=0) -- discovery is answered only from here
[dplay] pump #373000 (host=0) -- discovery is answered only from here
[dplay] pump #373500 (host=0) -- discovery is answered only from here
[dplay] pump #374000 (host=0) -- discovery is answered only from here
[dplay] pump #374500 (host=0) -- discovery is answered only from here
[dplay] pump #375000 (host=0) -- discovery is answered only from here
[dplay] pump #375500 (host=0) -- discovery is answered only from here
[dplay] pump #376000 (host=0) -- discovery is answered only from here
[dplay] pump #376500 (host=0) -- discovery is answered only from here
[dplay] pump #377000 (host=0) -- discovery is answered only from here
[dplay] pump #377500 (host=0) -- discovery is answered only from here
[dplay] pump #378000 (host=0) -- discovery is answered only from here
[dplay] pump #378500 (host=0) -- discovery is answered only from here
[dplay] pump #379000 (host=0) -- discovery is answered only from here
[dplay] pump #379500 (host=0) -- discovery is answered only from here
[dplay] pump #380000 (host=0) -- discovery is answered only from here
[dplay] pump #380500 (host=0) -- discovery is answered only from here
[dplay] pump #381000 (host=0) -- discovery is answered only from here
[dplay] pump #381500 (host=0) -- discovery is answered only from here
[dplay] received 103 data bytes from pid 3
[dplay] pump #382000 (host=0) -- discovery is answered only from here
[dplay] pump #382500 (host=0) -- discovery is answered only from here
[dplay] pump #383000 (host=0) -- discovery is answered only from here
[dplay] pump #383500 (host=0) -- discovery is answered only from here
[dplay] pump #384000 (host=0) -- discovery is answered only from here
[dplay] pump #384500 (host=0) -- discovery is answered only from here
[dplay] pump #385000 (host=0) -- discovery is answered only from here
[dplay] pump #385500 (host=0) -- discovery is answered only from here
[dplay] pump #386000 (host=0) -- discovery is answered only from here
[dplay] pump #386500 (host=0) -- discovery is answered only from here
[dplay] pump #387000 (host=0) -- discovery is answered only from here
[dplay] pump #387500 (host=0) -- discovery is answered only from here
[dplay] pump #388000 (host=0) -- discovery is answered only from here
[dplay] pump #388500 (host=0) -- discovery is answered only from here
[dplay] pump #389000 (host=0) -- discovery is answered only from here
[dplay] pump #389500 (host=0) -- discovery is answered only from here
[dplay] pump #390000 (host=0) -- discovery is answered only from here
[dplay] pump #390500 (host=0) -- discovery is answered only from here
[dplay] pump #391000 (host=0) -- discovery is answered only from here
[dplay] pump #391500 (host=0) -- discovery is answered only from here
[dplay] pump #392000 (host=0) -- discovery is answered only from here
[dplay] received 103 data bytes from pid 3
[dplay] pump #392500 (host=0) -- discovery is answered only from here
[dplay] pump #393000 (host=0) -- discovery is answered only from here
[dplay] pump #393500 (host=0) -- discovery is answered only from here
[dplay] pump #394000 (host=0) -- discovery is answered only from here
[dplay] pump #394500 (host=0) -- discovery is answered only from here
[dplay] pump #395000 (host=0) -- discovery is answered only from here
[dplay] pump #395500 (host=0) -- discovery is answered only from here
[dplay] pump #396000 (host=0) -- discovery is answered only from here
[dplay] pump #396500 (host=0) -- discovery is answered only from here
[dplay] pump #397000 (host=0) -- discovery is answered only from here
[dplay] pump #397500 (host=0) -- discovery is answered only from here
[dplay] pump #398000 (host=0) -- discovery is answered only from here
[dplay] pump #398500 (host=0) -- discovery is answered only from here
[dplay] pump #399000 (host=0) -- discovery is answered only from here
[dplay] pump #399500 (host=0) -- discovery is answered only from here
[dplay] pump #400000 (host=0) -- discovery is answered only from here
[dplay] pump #400500 (host=0) -- discovery is answered only from here
[dplay] pump #401000 (host=0) -- discovery is answered only from here
[dplay] pump #401500 (host=0) -- discovery is answered only from here
[dplay] pump #402000 (host=0) -- discovery is answered only from here
[dplay] pump #402500 (host=0) -- discovery is answered only from here
[dplay] received 103 data bytes from pid 3
[dplay] pump #403000 (host=0) -- discovery is answered only from here
[dplay] pump #403500 (host=0) -- discovery is answered only from here
[dplay] pump #404000 (host=0) -- discovery is answered only from here
[dplay] pump #404500 (host=0) -- discovery is answered only from here
[dplay] pump #405000 (host=0) -- discovery is answered only from here
[dplay] pump #405500 (host=0) -- discovery is answered only from here
[dplay] pump #406000 (host=0) -- discovery is answered only from here
[dplay] pump #406500 (host=0) -- discovery is answered only from here
[dplay] pump #407000 (host=0) -- discovery is answered only from here
[dplay] pump #407500 (host=0) -- discovery is answered only from here
[dplay] pump #408000 (host=0) -- discovery is answered only from here
[dplay] pump #408500 (host=0) -- discovery is answered only from here
[dplay] pump #409000 (host=0) -- discovery is answered only from here
[dplay] pump #409500 (host=0) -- discovery is answered only from here
[dplay] pump #410000 (host=0) -- discovery is answered only from here
[dplay] pump #410500 (host=0) -- discovery is answered only from here
[dplay] pump #411000 (host=0) -- discovery is answered only from here
[dplay] pump #411500 (host=0) -- discovery is answered only from here
[dplay] pump #412000 (host=0) -- discovery is answered only from here
[dplay] pump #412500 (host=0) -- discovery is answered only from here
[dplay] pump #413000 (host=0) -- discovery is answered only from here
[dplay] pump #413500 (host=0) -- discovery is answered only from here
[dplay] received 167 data bytes from pid 3
[iamin] announcing entry (started with host, Joining=FALSE)
[iamin-wire] SENT from=4 to=2 len=16
[dplay] Send 16 bytes pid 4 -> 2 (ok)
[keybind] ./controls.cfg: applied 585 binding(s)
[layout] RTESTSH1: sizeof(Inst3d)=49 sizeof(View3d)=84 tmpinst=0xab4b5a0
[layout] STUB3D: sizeof(Inst3d)=49 off(viewedwin)=11 sizeof(View3d)=84 off(timeSinceLastMove)=68 inst=0xab4b5a0 viewedwin=0xae90fe0
[moveloop] iter=0 -> waiting on SEMAPHORE
[moveloop] iter=0 -> got semaphore, waiting on MUTEX
[movegate] cycle=0 timeout=0 accelcountdown=1 accel=0
[movestep] cycle=0 paused=1 num=1
[agg] StaticTimeProc 49/s  impl=1 host=0 running=1 resync=0 served=0  -> AggregatorGetPackets 0/s
[hw] renderer: hardware (the player's saved choice)
[3d] IDirectDraw2::EnumDisplayModes called cb=0x817caae
[3d] wired logicalscreenptr=0xc222a010 (back-surface bits) NumberOfScreens=1
[3d] XX_SetGraphicsMode: DDCurrMode=0 colourdepth=16 BytesPerPixel=2 masks R=0xf800 G=0x7e0 B=0x1f bitcount=16
[overlay] GetSurfaceDimensions -> 640x480
[overlay] GetSurfaceDimensions -> 640x480
[overlay] GetSurfaceDimensions -> 640x480
[iamin-wire] QUEUED from=3 to=2 len=16
[dplay] received 16 data bytes from pid 3
[agg] drained/s:  COMMS.CPP:595 from=3 to=2 len=189 x2  COMMS.CPP:2586 from=3 to=2 len=1024 x2  COMMS.CPP:2586 from=3 to=2 len=189 x1  COMMS.CPP:2586 from=3 to=2 len=29 x1  COMMS.CPP:5098 from=3 to=2 len=524 x2  WINMOVE.CPP:2068 from=3 to=2 len=114 x1  WINMOVE.CPP:2068 from=3 to=2 len=79 x1  WINMOVE.CPP:2068 from=3 to=2 len=87 x4  WINMOVE.CPP:2068 from=3 to=2 len=95 x2  WINMOVE.CPP:2068 from=3 to=2 len=103 x7  WINMOVE.CPP:2068 from=3 to=2 len=167 x2  WINMOVE.CPP:4150 from=3 to=2 len=16 x1
[iamin-wire] DELIVERED caller=WINMOVE.CPP:4150 from=3 to=2 len=16 flags=0x2 toarg=4
[agg] InitSyncPhase received 1 msg/s  aggID=1  From seen: 3
[addplayer] slot=0 actype=0 id=3584 -> ConvertPtrUID FOUND (player will be made visible)
[agg] InitSyncPhase got-agg-packet 0/s  no-packet 1/s
[dplay] pump #414000 (host=0) -- discovery is answered only from here
[dplay] pump #414500 (host=0) -- discovery is answered only from here
[dplay] pump #415000 (host=0) -- discovery is answered only from here
[dplay] pump #415500 (host=0) -- discovery is answered only from here
[dplay] pump #416000 (host=0) -- discovery is answered only from here
[dplay] pump #416500 (host=0) -- discovery is answered only from here
[dplay] pump #417000 (host=0) -- discovery is answered only from here
[dplay] pump #417500 (host=0) -- discovery is answered only from here
[joy] opened 'Logitech Extreme 3D' axes=4 buttons=12 hats=1
[paused] 1 -> 0  caller=0x8384a38
[3d] Launch3d returned; tmpinst=0xab4b5a0 tmpview=0xae90fe0
[movestep] cycle=47 paused=0 num=1
[peer] uid=3584 found=1 visible=1 dead=0 range=226m
[self] uid=3585 visible=1 dead=0
[accnt] CHANGE at call 0: aircraft=8 MAX=8 visible=2 dead=6
[accnt] aircraft in this world: now=8 MAX=8 visible=2 dead=6 (frame sample #0)
[hatbtn] dwData=0xffffffff base=292 pressing=8 -> raw -1
[hatbtn] dwData=0xffffffff base=292 pressing=8 -> raw -1
[dplay] received 5 data bytes from pid 1
[moveloop] iter=50 -> waiting on SEMAPHORE
[moveloop] iter=50 -> got semaphore, waiting on MUTEX
[dplay] Send 14 bytes pid 4 -> 1 (ok)
[agg] sent-to-agg/s dummy=0 init=0 other=1 (last other IDCode=207)  Count=0 FrameCount=1 synched=0 csync=0 res=0
[dplay] received 14 data bytes from pid 3
[dplay] received 5 data bytes from pid 1
[dplay] Send 14 bytes pid 4 -> 1 (ok)
[dplay] received 14 data bytes from pid 3
[agg] InitSyncPhase got-agg-packet 0/s  no-packet 4107/s
[agg] StaticTimeProc 49/s  impl=1 host=0 running=1 resync=0 served=0  -> AggregatorGetPackets 0/s
[dplay] received 5 data bytes from pid 1
[agg] drained/s:  WINMOVE.CPP:4941 from=1 to=2 len=5 x3  WINMOVE.CPP:4941 from=3 to=1 len=14 x4
[dplay] received 14 data bytes from pid 3
[dplay] Send 14 bytes pid 4 -> 1 (ok)
[agg] sent-to-agg/s dummy=0 init=0 other=2 (last other IDCode=207)  Count=2 FrameCount=3 synched=0 csync=0 res=0
[dplay] received 5 data bytes from pid 1
[dplay] Send 14 bytes pid 4 -> 1 (ok)
[dplay] received 14 data bytes from pid 3
[agg] InitSyncPhase received 1 msg/s  aggID=1  From seen: 3
[dplay] received 5 data bytes from pid 1
[dplay] Send 14 bytes pid 4 -> 1 (ok)
[dplay] received 14 data bytes from pid 3
[mfctimer] fire #9500 wnd=0x98c9456 id=2378
[dplay] received 5 data bytes from pid 1
[dplay] Send 14 bytes pid 4 -> 1 (ok)
[dplay] received 14 data bytes from pid 3
[dplay] received 5 data bytes from pid 1
[dplay] Send 14 bytes pid 4 -> 1 (ok)
[agg] GATE num=0 CurrPlayers=2  aggCount=6 myFrame=6  IDCodes: 194 194 194 194 194 194 194 194  (DUMMY=196)
[dplay] received 14 data bytes from pid 3
[dplay] Send 14 bytes pid 4 -> 1 (ok)
[dplay] received 14 data bytes from pid 3
[dplay] received 33 data bytes from pid 1
[dplay] received 5 data bytes from pid 1
[dplay] Send 14 bytes pid 4 -> 1 (ok)
[dplay] received 14 data bytes from pid 3
[dplay] received 5 data bytes from pid 1
[dplay] Send 14 bytes pid 4 -> 1 (ok)
[dplay] received 14 data bytes from pid 3
[dplay] received 5 data bytes from pid 1
[dplay] Send 14 bytes pid 4 -> 1 (ok)
[dplay] received 14 data bytes from pid 3
[dplay] Send 14 bytes pid 4 -> 1 (ok)
[dplay] received 14 data bytes from pid 3
[dplay] received 33 data bytes from pid 1
[dplay] Send 14 bytes pid 4 -> 1 (ok)
[dplay] received 14 data bytes from pid 3
[dplay] received 33 data bytes from pid 1
[dplay] received 14 data bytes from pid 3
[dplay] Send 14 bytes pid 4 -> 1 (ok)
[dplay] received 33 data bytes from pid 1
[dplay] Send 14 bytes pid 4 -> 1 (ok)
[agg] GATE2 num=0 CurrPlayers=2  aggCount=13 myFrame=14  IDCodes: 196 196 194 194 194 194 194 194  (INITPACK=195)
[dplay] Send 14 bytes pid 4 -> 1 (ok)
[dplay] received 14 data bytes from pid 3
[dplay] received 33 data bytes from pid 1
[dplay] received 14 data bytes from pid 3
[dplay] received 33 data bytes from pid 1
[dplay] received 14 data bytes from pid 3
[dplay] Send 14 bytes pid 4 -> 1 (ok)
[dplay] received 33 data bytes from pid 1
[dplay] Send 14 bytes pid 4 -> 1 (ok)
[dplay] received 14 data bytes from pid 3
[timeproc] tick=7937 instances=1 currinst=0xab4b5a0
[dplay] received 33 data bytes from pid 1
[dplay] Send 14 bytes pid 4 -> 1 (ok)
[dplay] received 14 data bytes from pid 3
[dplay] received 33 data bytes from pid 1
[dplay] Send 14 bytes pid 4 -> 1 (ok)
[dplay] received 14 data bytes from pid 3
[dplay] received 33 data bytes from pid 1
[moveloop] iter=100 -> waiting on SEMAPHORE
[moveloop] iter=100 -> got semaphore, waiting on MUTEX
[dplay] Send 14 bytes pid 4 -> 1 (ok)
[dplay] received 14 data bytes from pid 3
[dplay] received 33 data bytes from pid 1
[dplay] Send 14 bytes pid 4 -> 1 (ok)
[agg] sent-to-agg/s dummy=4 init=3 other=12 (last other IDCode=207)  Count=21 FrameCount=22 synched=1 csync=1 res=0
[agg] StaticTimeProc 49/s  impl=1 host=0 running=1 resync=0 served=0  -> AggregatorGetPackets 0/s
[dplay] received 14 data bytes from pid 3
[dplay] received 33 data bytes from pid 1
[agg] drained/s:  WINMOVE.CPP:4941 from=1 to=2 len=5 x5  WINMOVE.CPP:4941 from=3 to=1 len=14 x14  WINMOVE.CPP:4150 from=3 to=1 len=14 x12  WINMOVE.CPP:4150 from=1 to=2 len=5 x2  WINMOVE.CPP:4941 from=1 to=2 len=33 x12  WINMOVE.CPP:4150 from=1 to=2 len=33 x4  WINMOVE.CPP:4346 from=3 to=1 len=14 x2  WINMOVE.CPP:4346 from=1 to=2 len=33 x6
[dplay] Send 14 bytes pid 4 -> 1 (ok)
[dplay] received 14 data bytes from pid 3
[dplay] received 33 data bytes from pid 1
[dplay] Send 14 bytes pid 4 -> 1 (ok)
[dplay] received 14 data bytes from pid 3
[dplay] received 33 data bytes from pid 1
[dplay] Send 14 bytes pid 4 -> 1 (ok)
[dplay] received 14 data bytes from pid 3
[dplay] received 33 data bytes from pid 1
[dplay] Send 14 bytes pid 4 -> 1 (ok)
[dplay] received 14 data bytes from pid 3
[dplay] received 33 data bytes from pid 1
[dplay] Send 14 bytes pid 4 -> 1 (ok)
[dplay] received 14 data bytes from pid 3
[dplay] received 33 data bytes from pid 1
[dplay] Send 14 bytes pid 4 -> 1 (ok)
[dplay] received 14 data bytes from pid 3
[dplay] received 33 data bytes from pid 1
[dplay] Send 14 bytes pid 4 -> 1 (ok)
[dplay] received 14 data bytes from pid 3
[dplay] received 33 data bytes from pid 1
[dplay] Send 14 bytes pid 4 -> 1 (ok)
[dplay] received 14 data bytes from pid 3
[dplay] received 33 data bytes from pid 1
[dplay] Send 14 bytes pid 4 -> 1 (ok)
[dplay] received 14 data bytes from pid 3
[dplay] received 33 data bytes from pid 1
[dplay] Send 14 bytes pid 4 -> 1 (ok)
[mfctimer] fire #10000 wnd=0x98c9456 id=2378
[dplay] received 14 data bytes from pid 3
[dplay] received 33 data bytes from pid 1
[moveloop] iter=150 -> waiting on SEMAPHORE
[moveloop] iter=150 -> got semaphore, waiting on MUTEX
[dplay] Send 14 bytes pid 4 -> 1 (ok)
[dplay] received 14 data bytes from pid 3
[dplay] received 33 data bytes from pid 1
[dplay] Send 14 bytes pid 4 -> 1 (ok)
[dplay] received 14 data bytes from pid 3
[dplay] received 33 data bytes from pid 1
[agg] drained/s:  WINMOVE.CPP:4941 from=3 to=1 len=14 x12  WINMOVE.CPP:4941 from=1 to=2 len=33 x25
[agg] StaticTimeProc 49/s  impl=1 host=0 running=1 resync=0 served=0  -> AggregatorGetPackets 0/s
[timeproc] tick=8000 instances=1 currinst=0xab4b5a0
[dplay] Send 14 bytes pid 4 -> 1 (ok)
[agg] sent-to-agg/s dummy=0 init=0 other=13 (last other IDCode=207)  Count=34 FrameCount=35 synched=1 csync=1 res=0
[dplay] received 14 data bytes from pid 3
[dplay] received 33 data bytes from pid 1
[dplay] Send 14 bytes pid 4 -> 1 (ok)
[dplay] received 14 data bytes from pid 3
[dplay] received 33 data bytes from pid 1
[dplay] Send 14 bytes pid 4 -> 1 (ok)
[dplay] received 14 data bytes from pid 3
[dplay] received 33 data bytes from pid 1
[dplay] Send 14 bytes pid 4 -> 1 (ok)
[dplay] received 14 data bytes from pid 3
[dplay] received 33 data bytes from pid 1
[dplay] Send 14 bytes pid 4 -> 1 (ok)
[dplay] received 14 data bytes from pid 3
[dplay] received 33 data bytes from pid 1
[dplay] Send 14 bytes pid 4 -> 1 (ok)
[dplay] Send 14 bytes pid 4 -> 1 (ok)
[dplay] received 14 data bytes from pid 3
[dplay] received 14 data bytes from pid 3
[dplay] received 33 data bytes from pid 1
[dplay] received 33 data bytes from pid 1
[dplay] Send 14 bytes pid 4 -> 1 (ok)
[dplay] received 14 data bytes from pid 3
[dplay] received 33 data bytes from pid 1
[dplay] Send 14 bytes pid 4 -> 1 (ok)
[dplay] received 14 data bytes from pid 3
[dplay] received 33 data bytes from pid 1
[dplay] Send 14 bytes pid 4 -> 1 (ok)
[dplay] received 14 data bytes from pid 3
[dplay] received 33 data bytes from pid 1
[dplay] Send 14 bytes pid 4 -> 1 (ok)
[dplay] received 14 data bytes from pid 3
[dplay] received 33 data bytes from pid 1
[dplay] pump #418000 (host=0) -- discovery is answered only from here
[dplay] Send 14 bytes pid 4 -> 1 (ok)
[dplay] received 14 data bytes from pid 3
[dplay] received 33 data bytes from pid 1
[moveloop] iter=200 -> waiting on SEMAPHORE
[moveloop] iter=200 -> got semaphore, waiting on MUTEX
[dplay] Send 14 bytes pid 4 -> 1 (ok)
[dplay] received 14 data bytes from pid 3
[dplay] received 33 data bytes from pid 1
[agg] StaticTimeProc 49/s  impl=1 host=0 running=1 resync=0 served=0  -> AggregatorGetPackets 0/s
[dplay] Send 14 bytes pid 4 -> 1 (ok)
[agg] sent-to-agg/s dummy=0 init=0 other=13 (last other IDCode=207)  Count=46 FrameCount=47 synched=1 csync=1 res=0
[dplay] received 14 data bytes from pid 3
[agg] drained/s:  WINMOVE.CPP:4941 from=3 to=1 len=14 x14  WINMOVE.CPP:4941 from=1 to=2 len=33 x26
[dplay] received 33 data bytes from pid 1
[dplay] Send 14 bytes pid 4 -> 1 (ok)
[dplay] received 14 data bytes from pid 3
[dplay] received 33 data bytes from pid 1
[dplay] Send 14 bytes pid 4 -> 1 (ok)
[dplay] received 14 data bytes from pid 3
[dplay] received 33 data bytes from pid 1
[dplay] Send 14 bytes pid 4 -> 1 (ok)
[dplay] received 14 data bytes from pid 3
[dplay] received 33 data bytes from pid 1
[dplay] Send 14 bytes pid 4 -> 1 (ok)
[dplay] received 14 data bytes from pid 3
[dplay] received 33 data bytes from pid 1
[mfctimer] fire #10500 wnd=0x98c9456 id=2378
[dplay] Send 14 bytes pid 4 -> 1 (ok)
[dplay] received 14 data bytes from pid 3
[dplay] received 33 data bytes from pid 1
[dplay] Send 14 bytes pid 4 -> 1 (ok)
[dplay] received 14 data bytes from pid 3
[dplay] received 33 data bytes from pid 1
[dplay] Send 14 bytes pid 4 -> 1 (ok)
[dplay] received 14 data bytes from pid 3
[dplay] received 33 data bytes from pid 1
[dplay] Send 14 bytes pid 4 -> 1 (ok)
[dplay] received 14 data bytes from pid 3
[dplay] received 33 data bytes from pid 1
[dplay] Send 14 bytes pid 4 -> 1 (ok)
[dplay] received 14 data bytes from pid 3
[dplay] received 33 data bytes from pid 1
[dplay] Send 14 bytes pid 4 -> 1 (ok)
[dplay] received 14 data bytes from pid 3
[dplay] received 33 data bytes from pid 1
[moveloop] iter=250 -> waiting on SEMAPHORE
[moveloop] iter=250 -> got semaphore, waiting on MUTEX
[movegate] cycle=250 timeout=0 accelcountdown=1 accel=0
[movestep] cycle=250 paused=0 num=1
[dplay] Send 14 bytes pid 4 -> 1 (ok)
[dplay] received 14 data bytes from pid 3
[dplay] received 33 data bytes from pid 1
[dplay] Send 14 bytes pid 4 -> 1 (ok)
[dplay] received 14 data bytes from pid 3
[dplay] received 33 data bytes from pid 1
[agg] drained/s:  WINMOVE.CPP:4941 from=3 to=1 len=14 x12  WINMOVE.CPP:4941 from=1 to=2 len=33 x25
[agg] StaticTimeProc 50/s  impl=1 host=0 running=1 resync=0 served=0  -> AggregatorGetPackets 0/s
[dplay] Send 14 bytes pid 4 -> 1 (ok)
[agg] sent-to-agg/s dummy=0 init=0 other=13 (last other IDCode=207)  Count=59 FrameCount=60 synched=1 csync=1 res=0
[dplay] received 14 data bytes from pid 3
[dplay] received 33 data bytes from pid 1
[dplay] Send 14 bytes pid 4 -> 1 (ok)
[dplay] received 14 data bytes from pid 3
[dplay] received 33 data bytes from pid 1
[dplay] Send 14 bytes pid 4 -> 1 (ok)
[dplay] received 14 data bytes from pid 3
[dplay] received 33 data bytes from pid 1
[dplay] Send 14 bytes pid 4 -> 1 (ok)
[dplay] received 14 data bytes from pid 3
[dplay] received 33 data bytes from pid 1
[dplay] Send 14 bytes pid 4 -> 1 (ok)
[dplay] received 14 data bytes from pid 3
[dplay] received 33 data bytes from pid 1
[dplay] Send 14 bytes pid 4 -> 1 (ok)
[dplay] received 14 data bytes from pid 3
[dplay] received 33 data bytes from pid 1
[dplay] Send 14 bytes pid 4 -> 1 (ok)
[dplay] received 14 data bytes from pid 3
[dplay] received 33 data bytes from pid 1
[dplay] received 14 data bytes from pid 3
[dplay] Send 14 bytes pid 4 -> 1 (ok)
[dplay] received 33 data bytes from pid 1
[dplay] Send 14 bytes pid 4 -> 1 (ok)
[dplay] received 14 data bytes from pid 3
[dplay] received 33 data bytes from pid 1
[dplay] Send 14 bytes pid 4 -> 1 (ok)
[dplay] received 14 data bytes from pid 3
[dplay] received 33 data bytes from pid 1
[dplay] Send 14 bytes pid 4 -> 1 (ok)
[dplay] received 14 data bytes from pid 3
[dplay] received 33 data bytes from pid 1
[moveloop] iter=300 -> waiting on SEMAPHORE
[moveloop] iter=300 -> got semaphore, waiting on MUTEX
[dplay] Send 14 bytes pid 4 -> 1 (ok)
[mfctimer] fire #11000 wnd=0x98c9456 id=2378
[dplay] received 14 data bytes from pid 3
[dplay] received 33 data bytes from pid 1
[dplay] Send 14 bytes pid 4 -> 1 (ok)
[agg] sent-to-agg/s dummy=0 init=0 other=12 (last other IDCode=207)  Count=71 FrameCount=72 synched=1 csync=1 res=0
[dplay] Send 14 bytes pid 4 -> 1 (ok)
[agg] StaticTimeProc 49/s  impl=1 host=0 running=1 resync=0 served=0  -> AggregatorGetPackets 0/s
[dplay] received 14 data bytes from pid 3
[dplay] received 14 data bytes from pid 3
[dplay] received 33 data bytes from pid 1
[dplay] received 33 data bytes from pid 1
[agg] drained/s:  WINMOVE.CPP:4941 from=3 to=1 len=14 x13  WINMOVE.CPP:4941 from=1 to=2 len=33 x25
[dplay] Send 14 bytes pid 4 -> 1 (ok)
[dplay] received 14 data bytes from pid 3
[dplay] received 33 data bytes from pid 1
[dplay] Send 14 bytes pid 4 -> 1 (ok)
[dplay] received 14 data bytes from pid 3
[dplay] received 33 data bytes from pid 1
[dplay] Send 14 bytes pid 4 -> 1 (ok)
[dplay] received 14 data bytes from pid 3
[dplay] received 33 data bytes from pid 1
[dplay] Send 14 bytes pid 4 -> 1 (ok)
[dplay] received 14 data bytes from pid 3
[dplay] received 33 data bytes from pid 1
[dplay] Send 14 bytes pid 4 -> 1 (ok)
[dplay] received 14 data bytes from pid 3
[dplay] received 33 data bytes from pid 1
[dplay] Send 14 bytes pid 4 -> 1 (ok)
[dplay] received 14 data bytes from pid 3
[dplay] received 33 data bytes from pid 1
[dplay] Send 14 bytes pid 4 -> 1 (ok)
[dplay] received 14 data bytes from pid 3
[dplay] received 33 data bytes from pid 1
[dplay] Send 14 bytes pid 4 -> 1 (ok)
[dplay] received 14 data bytes from pid 3
[dplay] received 33 data bytes from pid 1
[dplay] Send 14 bytes pid 4 -> 1 (ok)
[dplay] received 14 data bytes from pid 3
[dplay] received 33 data bytes from pid 1
[dplay] Send 14 bytes pid 4 -> 1 (ok)
[dplay] received 14 data bytes from pid 3
[dplay] received 33 data bytes from pid 1
[moveloop] iter=350 -> waiting on SEMAPHORE
[moveloop] iter=350 -> got semaphore, waiting on MUTEX
[dplay] Send 14 bytes pid 4 -> 1 (ok)
[dplay] received 14 data bytes from pid 3
[dplay] received 33 data bytes from pid 1
[dplay] Send 14 bytes pid 4 -> 1 (ok)
[dplay] received 14 data bytes from pid 3
[dplay] received 33 data bytes from pid 1
[agg] drained/s:  WINMOVE.CPP:4941 from=3 to=1 len=14 x13  WINMOVE.CPP:4941 from=1 to=2 len=33 x26
[agg] StaticTimeProc 49/s  impl=1 host=0 running=1 resync=0 served=0  -> AggregatorGetPackets 0/s
[dplay] Send 14 bytes pid 4 -> 1 (ok)
[agg] sent-to-agg/s dummy=0 init=0 other=14 (last other IDCode=207)  Count=84 FrameCount=85 synched=1 csync=1 res=0
[dplay] received 14 data bytes from pid 3
[dplay] received 33 data bytes from pid 1
[dplay] Send 14 bytes pid 4 -> 1 (ok)
[dplay] received 14 data bytes from pid 3
[dplay] received 33 data bytes from pid 1
[dplay] Send 14 bytes pid 4 -> 1 (ok)
[dplay] received 14 data bytes from pid 3
[dplay] received 33 data bytes from pid 1
[dplay] Send 14 bytes pid 4 -> 1 (ok)
[dplay] received 14 data bytes from pid 3
[dplay] received 33 data bytes from pid 1
[dplay] Send 14 bytes pid 4 -> 1 (ok)
[dplay] received 14 data bytes from pid 3
[dplay] received 33 data bytes from pid 1
[dplay] Send 14 bytes pid 4 -> 1 (ok)
[dplay] received 14 data bytes from pid 3
[dplay] received 33 data bytes from pid 1
[mfctimer] fire #11500 wnd=0x98c9456 id=2378
[dplay] Send 14 bytes pid 4 -> 1 (ok)
[dplay] received 14 data bytes from pid 3
[dplay] received 33 data bytes from pid 1
[dplay] Send 14 bytes pid 4 -> 1 (ok)
[dplay] received 14 data bytes from pid 3
[dplay] received 33 data bytes from pid 1
[dplay] Send 14 bytes pid 4 -> 1 (ok)
[dplay] received 14 data bytes from pid 3
[dplay] received 33 data bytes from pid 1
[dplay] Send 14 bytes pid 4 -> 1 (ok)
[dplay] received 14 data bytes from pid 3
[dplay] received 33 data bytes from pid 1
[dplay] Send 14 bytes pid 4 -> 1 (ok)
[dplay] received 14 data bytes from pid 3
[dplay] received 33 data bytes from pid 1
[moveloop] iter=400 -> waiting on SEMAPHORE
[moveloop] iter=400 -> got semaphore, waiting on MUTEX
[dplay] Send 14 bytes pid 4 -> 1 (ok)
[dplay] received 14 data bytes from pid 3
[dplay] received 33 data bytes from pid 1
[dplay] Send 14 bytes pid 4 -> 1 (ok)
[agg] sent-to-agg/s dummy=0 init=0 other=12 (last other IDCode=207)  Count=96 FrameCount=97 synched=1 csync=1 res=0
[agg] StaticTimeProc 50/s  impl=1 host=0 running=1 resync=0 served=0  -> AggregatorGetPackets 0/s
[dplay] received 14 data bytes from pid 3
[dplay] received 33 data bytes from pid 1
[agg] drained/s:  WINMOVE.CPP:4941 from=3 to=1 len=14 x13  WINMOVE.CPP:4941 from=1 to=2 len=33 x25
[dplay] Send 14 bytes pid 4 -> 1 (ok)
[timeproc] tick=8250 instances=1 currinst=0xab4b5a0
[dplay] received 14 data bytes from pid 3
[dplay] received 33 data bytes from pid 1
[dplay] Send 14 bytes pid 4 -> 1 (ok)
[dplay] received 14 data bytes from pid 3
[dplay] received 33 data bytes from pid 1
[dplay] Send 14 bytes pid 4 -> 1 (ok)
[dplay] received 14 data bytes from pid 3
[dplay] received 33 data bytes from pid 1
[dplay] Send 14 bytes pid 4 -> 1 (ok)
[dplay] received 14 data bytes from pid 3
[dplay] received 33 data bytes from pid 1
[dplay] Send 14 bytes pid 4 -> 1 (ok)
[dplay] received 14 data bytes from pid 3
[dplay] received 33 data bytes from pid 1
[dplay] Send 14 bytes pid 4 -> 1 (ok)
[dplay] received 14 data bytes from pid 3
[dplay] received 33 data bytes from pid 1
[dplay] Send 14 bytes pid 4 -> 1 (ok)
[dplay] received 14 data bytes from pid 3
[dplay] received 33 data bytes from pid 1
[dplay] Send 14 bytes pid 4 -> 1 (ok)
[dplay] received 14 data bytes from pid 3
[dplay] received 33 data bytes from pid 1
[dplay] Send 14 bytes pid 4 -> 1 (ok)
[dplay] received 14 data bytes from pid 3
[dplay] received 33 data bytes from pid 1
[dplay] Send 14 bytes pid 4 -> 1 (ok)
[dplay] received 14 data bytes from pid 3
[dplay] received 33 data bytes from pid 1
[moveloop] iter=450 -> waiting on SEMAPHORE
[moveloop] iter=450 -> got semaphore, waiting on MUTEX
[dplay] Send 14 bytes pid 4 -> 1 (ok)
[dplay] received 14 data bytes from pid 3
[dplay] received 33 data bytes from pid 1
[dplay] Send 14 bytes pid 4 -> 1 (ok)
[dplay] received 14 data bytes from pid 3
[dplay] received 33 data bytes from pid 1
[agg] drained/s:  WINMOVE.CPP:4941 from=3 to=1 len=14 x12  WINMOVE.CPP:4941 from=1 to=2 len=33 x25
[agg] StaticTimeProc 49/s  impl=1 host=0 running=1 resync=0 served=0  -> AggregatorGetPackets 0/s
[mfctimer] fire #12000 wnd=0x98c9456 id=2378
[dplay] Send 14 bytes pid 4 -> 1 (ok)
[agg] sent-to-agg/s dummy=0 init=0 other=13 (last other IDCode=207)  Count=109 FrameCount=110 synched=1 csync=1 res=0
[dplay] received 14 data bytes from pid 3
[dplay] received 33 data bytes from pid 1
[dplay] Send 14 bytes pid 4 -> 1 (ok)
[dplay] received 14 data bytes from pid 3
[dplay] received 33 data bytes from pid 1
[dplay] Send 14 bytes pid 4 -> 1 (ok)
[dplay] received 14 data bytes from pid 3
[dplay] received 33 data bytes from pid 1
[dplay] Send 14 bytes pid 4 -> 1 (ok)
[dplay] received 14 data bytes from pid 3
[dplay] received 33 data bytes from pid 1
[dplay] Send 14 bytes pid 4 -> 1 (ok)
[dplay] received 14 data bytes from pid 3
[dplay] received 33 data bytes from pid 1
[dplay] Send 14 bytes pid 4 -> 1 (ok)
[dplay] received 14 data bytes from pid 3
[dplay] received 33 data bytes from pid 1
[dplay] pump #418500 (host=0) -- discovery is answered only from here
[dplay] Send 14 bytes pid 4 -> 1 (ok)
[dplay] received 14 data bytes from pid 3
[dplay] received 33 data bytes from pid 1
[dplay] Send 14 bytes pid 4 -> 1 (ok)
[dplay] received 14 data bytes from pid 3
[dplay] received 33 data bytes from pid 1
[dplay] Send 14 bytes pid 4 -> 1 (ok)
[dplay] received 14 data bytes from pid 3
[dplay] received 33 data bytes from pid 1
[dplay] Send 14 bytes pid 4 -> 1 (ok)
[dplay] received 14 data bytes from pid 3
[dplay] received 33 data bytes from pid 1
[dplay] Send 14 bytes pid 4 -> 1 (ok)
[dplay] received 14 data bytes from pid 3
[dplay] received 33 data bytes from pid 1
[moveloop] iter=500 -> waiting on SEMAPHORE
[moveloop] iter=500 -> got semaphore, waiting on MUTEX
[movegate] cycle=500 timeout=0 accelcountdown=1 accel=0
[movestep] cycle=500 paused=0 num=1
[dplay] Send 14 bytes pid 4 -> 1 (ok)
[dplay] received 14 data bytes from pid 3
[dplay] received 33 data bytes from pid 1
[dplay] Send 14 bytes pid 4 -> 1 (ok)
[agg] sent-to-agg/s dummy=0 init=0 other=12 (last other IDCode=207)  Count=121 FrameCount=122 synched=1 csync=1 res=0
[agg] StaticTimeProc 49/s  impl=1 host=0 running=1 resync=0 served=0  -> AggregatorGetPackets 0/s
[dplay] received 14 data bytes from pid 3
[dplay] received 33 data bytes from pid 1
[agg] drained/s:  WINMOVE.CPP:4941 from=3 to=1 len=14 x13  WINMOVE.CPP:4941 from=1 to=2 len=33 x25
[dplay] Send 14 bytes pid 4 -> 1 (ok)
[dplay] received 14 data bytes from pid 3
[dplay] received 33 data bytes from pid 1
[dplay] Send 14 bytes pid 4 -> 1 (ok)
[dplay] received 14 data bytes from pid 3
[dplay] received 33 data bytes from pid 1
[dplay] Send 14 bytes pid 4 -> 1 (ok)
[dplay] received 14 data bytes from pid 3
[dplay] received 33 data bytes from pid 1
[dplay] Send 14 bytes pid 4 -> 1 (ok)
[dplay] received 14 data bytes from pid 3
[dplay] received 33 data bytes from pid 1
[dplay] Send 14 bytes pid 4 -> 1 (ok)
[dplay] received 14 data bytes from pid 3
[dplay] received 33 data bytes from pid 1
[dplay] Send 14 bytes pid 4 -> 1 (ok)
[dplay] received 14 data bytes from pid 3
[dplay] received 33 data bytes from pid 1
[dplay] Send 14 bytes pid 4 -> 1 (ok)
[dplay] received 14 data bytes from pid 3
[dplay] received 33 data bytes from pid 1
[mfctimer] fire #12500 wnd=0x98c9456 id=2378
[dplay] Send 14 bytes pid 4 -> 1 (ok)
[dplay] received 14 data bytes from pid 3
[dplay] received 33 data bytes from pid 1
[dplay] Send 14 bytes pid 4 -> 1 (ok)
[dplay] received 14 data bytes from pid 3
[dplay] received 33 data bytes from pid 1
[dplay] Send 14 bytes pid 4 -> 1 (ok)
[dplay] received 14 data bytes from pid 3
[dplay] received 33 data bytes from pid 1
[hatbtn] dwData=0xffffffff base=292 pressing=8 -> raw -1
[moveloop] iter=550 -> waiting on SEMAPHORE
[moveloop] iter=550 -> got semaphore, waiting on MUTEX
[dplay] Send 14 bytes pid 4 -> 1 (ok)
[dplay] received 14 data bytes from pid 3
[dplay] received 33 data bytes from pid 1
[dplay] Send 14 bytes pid 4 -> 1 (ok)
[dplay] received 14 data bytes from pid 3
[dplay] received 33 data bytes from pid 1
[agg] drained/s:  WINMOVE.CPP:4941 from=3 to=1 len=14 x12  WINMOVE.CPP:4941 from=1 to=2 len=33 x25
[agg] StaticTimeProc 49/s  impl=1 host=0 running=1 resync=0 served=0  -> AggregatorGetPackets 0/s
[dplay] Send 14 bytes pid 4 -> 1 (ok)
[agg] sent-to-agg/s dummy=0 init=0 other=13 (last other IDCode=207)  Count=134 FrameCount=135 synched=1 csync=1 res=0
[dplay] received 14 data bytes from pid 3
[dplay] received 33 data bytes from pid 1
[dplay] Send 14 bytes pid 4 -> 1 (ok)
[resync] BeginSyncPhase requested at WINMOVE.CPP:4827 Host=0 synched=1 csync=1
[dplay] Send 12 bytes pid 4 -> 0 (ok)
[paused] 0 -> 1  caller=0x83b01bf
[movestep] cycle=563 paused=1 num=1
[dplay] Send 81 bytes pid 4 -> 2 (ok)
[dplay] received 14 data bytes from pid 3
[dplay] received 12 data bytes from pid 3
[dplay] received 81 data bytes from pid 3
[agg] InitSyncPhase got-agg-packet 4/s  no-packet 36/s
[dplay] pump #419000 (host=0) -- discovery is answered only from here
[dplay] pump #419500 (host=0) -- discovery is answered only from here
[dplay] pump #420000 (host=0) -- discovery is answered only from here
[dplay] pump #420500 (host=0) -- discovery is answered only from here
[dplay] pump #421000 (host=0) -- discovery is answered only from here
[dplay] pump #421500 (host=0) -- discovery is answered only from here
[dplay] pump #422000 (host=0) -- discovery is answered only from here
[dplay] pump #422500 (host=0) -- discovery is answered only from here
[dplay] pump #423000 (host=0) -- discovery is answered only from here
[dplay] pump #423500 (host=0) -- discovery is answered only from here
[dplay] pump #424000 (host=0) -- discovery is answered only from here
[dplay] pump #424500 (host=0) -- discovery is answered only from here
[dplay] pump #425000 (host=0) -- discovery is answered only from here
[dplay] pump #425500 (host=0) -- discovery is answered only from here
[dplay] pump #426000 (host=0) -- discovery is answered only from here
[dplay] pump #426500 (host=0) -- discovery is answered only from here
[dplay] pump #427000 (host=0) -- discovery is answered only from here
[dplay] pump #427500 (host=0) -- discovery is answered only from here
[dplay] pump #428000 (host=0) -- discovery is answered only from here
[dplay] pump #428500 (host=0) -- discovery is answered only from here
[dplay] pump #429000 (host=0) -- discovery is answered only from here
[dplay] pump #429500 (host=0) -- discovery is answered only from here
[dplay] pump #430000 (host=0) -- discovery is answered only from here
[dplay] pump #430500 (host=0) -- discovery is answered only from here
[dplay] pump #431000 (host=0) -- discovery is answered only from here
[dplay] pump #431500 (host=0) -- discovery is answered only from here
[dplay] pump #432000 (host=0) -- discovery is answered only from here
[dplay] pump #432500 (host=0) -- discovery is answered only from here
[dplay] pump #433000 (host=0) -- discovery is answered only from here
[dplay] pump #433500 (host=0) -- discovery is answered only from here
[dplay] pump #434000 (host=0) -- discovery is answered only from here
[dplay] pump #434500 (host=0) -- discovery is answered only from here
[dplay] pump #435000 (host=0) -- discovery is answered only from here
[dplay] pump #435500 (host=0) -- discovery is answered only from here
[dplay] pump #436000 (host=0) -- discovery is answered only from here
[dplay] pump #436500 (host=0) -- discovery is answered only from here
[dplay] pump #437000 (host=0) -- discovery is answered only from here
[dplay] pump #437500 (host=0) -- discovery is answered only from here
[dplay] pump #438000 (host=0) -- discovery is answered only from here
[dplay] pump #438500 (host=0) -- discovery is answered only from here
[dplay] pump #439000 (host=0) -- discovery is answered only from here
[dplay] pump #439500 (host=0) -- discovery is answered only from here
[dplay] pump #440000 (host=0) -- discovery is answered only from here
[dplay] pump #440500 (host=0) -- discovery is answered only from here
[dplay] pump #441000 (host=0) -- discovery is answered only from here
[dplay] pump #441500 (host=0) -- discovery is answered only from here
[dplay] pump #442000 (host=0) -- discovery is answered only from here
[dplay] pump #442500 (host=0) -- discovery is answered only from here
[dplay] pump #443000 (host=0) -- discovery is answered only from here
[dplay] pump #443500 (host=0) -- discovery is answered only from here
[dplay] pump #444000 (host=0) -- discovery is answered only from here
[dplay] pump #444500 (host=0) -- discovery is answered only from here
[dplay] pump #445000 (host=0) -- discovery is answered only from here
[dplay] pump #445500 (host=0) -- discovery is answered only from here
[dplay] pump #446000 (host=0) -- discovery is answered only from here
[dplay] pump #446500 (host=0) -- discovery is answered only from here
[dplay] pump #447000 (host=0) -- discovery is answered only from here
[dplay] pump #447500 (host=0) -- discovery is answered only from here
[dplay] pump #448000 (host=0) -- discovery is answered only from here
[dplay] pump #448500 (host=0) -- discovery is answered only from here
[dplay] pump #449000 (host=0) -- discovery is answered only from here
[dplay] pump #449500 (host=0) -- discovery is answered only from here
[dplay] pump #450000 (host=0) -- discovery is answered only from here
[dplay] pump #450500 (host=0) -- discovery is answered only from here
[dplay] pump #451000 (host=0) -- discovery is answered only from here
[dplay] pump #451500 (host=0) -- discovery is answered only from here
[dplay] pump #452000 (host=0) -- discovery is answered only from here
[dplay] pump #452500 (host=0) -- discovery is answered only from here
[dplay] pump #453000 (host=0) -- discovery is answered only from here
[dplay] pump #453500 (host=0) -- discovery is answered only from here
[dplay] pump #454000 (host=0) -- discovery is answered only from here
[dplay] pump #454500 (host=0) -- discovery is answered only from here
[dplay] pump #455000 (host=0) -- discovery is answered only from here
[dplay] pump #455500 (host=0) -- discovery is answered only from here
[dplay] pump #456000 (host=0) -- discovery is answered only from here
[dplay] pump #456500 (host=0) -- discovery is answered only from here
[dplay] pump #457000 (host=0) -- discovery is answered only from here
[dplay] pump #457500 (host=0) -- discovery is answered only from here
[dplay] pump #458000 (host=0) -- discovery is answered only from here
[dplay] pump #458500 (host=0) -- discovery is answered only from here
[dplay] pump #459000 (host=0) -- discovery is answered only from here
[dplay] pump #459500 (host=0) -- discovery is answered only from here
[dplay] pump #460000 (host=0) -- discovery is answered only from here
[dplay] pump #460500 (host=0) -- discovery is answered only from here
[dplay] pump #461000 (host=0) -- discovery is answered only from here
[dplay] pump #461500 (host=0) -- discovery is answered only from here
[dplay] pump #462000 (host=0) -- discovery is answered only from here
[dplay] pump #462500 (host=0) -- discovery is answered only from here
[dplay] pump #463000 (host=0) -- discovery is answered only from here
[dplay] pump #463500 (host=0) -- discovery is answered only from here
[dplay] pump #464000 (host=0) -- discovery is answered only from here
[dplay] pump #464500 (host=0) -- discovery is answered only from here
[dplay] pump #465000 (host=0) -- discovery is answered only from here
[dplay] pump #465500 (host=0) -- discovery is answered only from here
[dplay] pump #466000 (host=0) -- discovery is answered only from here
[dplay] pump #466500 (host=0) -- discovery is answered only from here
[dplay] pump #467000 (host=0) -- discovery is answered only from here
[dplay] pump #467500 (host=0) -- discovery is answered only from here
[dplay] pump #468000 (host=0) -- discovery is answered only from here
[dplay] pump #468500 (host=0) -- discovery is answered only from here
[dplay] pump #469000 (host=0) -- discovery is answered only from here
[dplay] pump #469500 (host=0) -- discovery is answered only from here
[dplay] pump #470000 (host=0) -- discovery is answered only from here
[dplay] pump #470500 (host=0) -- discovery is answered only from here
[dplay] pump #471000 (host=0) -- discovery is answered only from here
[dplay] pump #471500 (host=0) -- discovery is answered only from here
[dplay] pump #472000 (host=0) -- discovery is answered only from here
[dplay] pump #472500 (host=0) -- discovery is answered only from here
[dplay] pump #473000 (host=0) -- discovery is answered only from here
[dplay] pump #473500 (host=0) -- discovery is answered only from here
[dplay] pump #474000 (host=0) -- discovery is answered only from here
[dplay] pump #474500 (host=0) -- discovery is answered only from here
[dplay] pump #475000 (host=0) -- discovery is answered only from here
[dplay] pump #475500 (host=0) -- discovery is answered only from here
[dplay] pump #476000 (host=0) -- discovery is answered only from here
[dplay] pump #476500 (host=0) -- discovery is answered only from here
[dplay] pump #477000 (host=0) -- discovery is answered only from here
[dplay] pump #477500 (host=0) -- discovery is answered only from here
[dplay] pump #478000 (host=0) -- discovery is answered only from here
[dplay] pump #478500 (host=0) -- discovery is answered only from here
[dplay] pump #479000 (host=0) -- discovery is answered only from here
[dplay] pump #479500 (host=0) -- discovery is answered only from here
[dplay] pump #480000 (host=0) -- discovery is answered only from here
[dplay] pump #480500 (host=0) -- discovery is answered only from here
[dplay] pump #481000 (host=0) -- discovery is answered only from here
[dplay] pump #481500 (host=0) -- discovery is answered only from here
[dplay] pump #482000 (host=0) -- discovery is answered only from here
[dplay] pump #482500 (host=0) -- discovery is answered only from here
[dplay] pump #483000 (host=0) -- discovery is answered only from here
[dplay] pump #483500 (host=0) -- discovery is answered only from here
[dplay] pump #484000 (host=0) -- discovery is answered only from here
[dplay] pump #484500 (host=0) -- discovery is answered only from here
[dplay] pump #485000 (host=0) -- discovery is answered only from here
[dplay] pump #485500 (host=0) -- discovery is answered only from here
[dplay] pump #486000 (host=0) -- discovery is answered only from here
[dplay] pump #486500 (host=0) -- discovery is answered only from here
[dplay] pump #487000 (host=0) -- discovery is answered only from here
[dplay] pump #487500 (host=0) -- discovery is answered only from here
[dplay] pump #488000 (host=0) -- discovery is answered only from here
[dplay] pump #488500 (host=0) -- discovery is answered only from here
[dplay] pump #489000 (host=0) -- discovery is answered only from here
[dplay] received 14 data bytes from pid 3
[dplay] received 5 data bytes from pid 1
[agg] InitSyncPhase received 11 msg/s  aggID=1  From seen: 3 1
[dplay] Send 14 bytes pid 4 -> 1 (ok)
[agg] GATE num=0 CurrPlayers=2  aggCount=0 myFrame=0  IDCodes: 194 194 194 194 194 194 194 194  (DUMMY=196)
[dplay] pump #489500 (host=0) -- discovery is answered only from here
[dplay] pump #490000 (host=0) -- discovery is answered only from here
[dplay] pump #490500 (host=0) -- discovery is answered only from here
[dplay] pump #491000 (host=0) -- discovery is answered only from here
[dplay] pump #491500 (host=0) -- discovery is answered only from here
[dplay] pump #492000 (host=0) -- discovery is answered only from here
[dplay] pump #492500 (host=0) -- discovery is answered only from here
[dplay] pump #493000 (host=0) -- discovery is answered only from here
[dplay] pump #493500 (host=0) -- discovery is answered only from here
[dplay] pump #494000 (host=0) -- discovery is answered only from here
[dplay] pump #494500 (host=0) -- discovery is answered only from here
[dplay] pump #495000 (host=0) -- discovery is answered only from here
[dplay] pump #495500 (host=0) -- discovery is answered only from here
[dplay] pump #496000 (host=0) -- discovery is answered only from here
[dplay] pump #496500 (host=0) -- discovery is answered only from here
[dplay] pump #497000 (host=0) -- discovery is answered only from here
[dplay] pump #497500 (host=0) -- discovery is answered only from here
[dplay] pump #498000 (host=0) -- discovery is answered only from here
[dplay] pump #498500 (host=0) -- discovery is answered only from here
[dplay] pump #499000 (host=0) -- discovery is answered only from here
[dplay] pump #499500 (host=0) -- discovery is answered only from here
[dplay] pump #500000 (host=0) -- discovery is answered only from here
[dplay] pump #500500 (host=0) -- discovery is answered only from here
[dplay] pump #501000 (host=0) -- discovery is answered only from here
[dplay] pump #501500 (host=0) -- discovery is answered only from here
[dplay] pump #502000 (host=0) -- discovery is answered only from here
[dplay] pump #502500 (host=0) -- discovery is answered only from here
[dplay] pump #503000 (host=0) -- discovery is answered only from here
[dplay] pump #503500 (host=0) -- discovery is answered only from here
[dplay] pump #504000 (host=0) -- discovery is answered only from here
[dplay] pump #504500 (host=0) -- discovery is answered only from here
[dplay] pump #505000 (host=0) -- discovery is answered only from here
[dplay] pump #505500 (host=0) -- discovery is answered only from here
[dplay] pump #506000 (host=0) -- discovery is answered only from here
[dplay] pump #506500 (host=0) -- discovery is answered only from here
[dplay] pump #507000 (host=0) -- discovery is answered only from here
[dplay] pump #507500 (host=0) -- discovery is answered only from here
[dplay] pump #508000 (host=0) -- discovery is answered only from here
[dplay] pump #508500 (host=0) -- discovery is answered only from here
[dplay] pump #509000 (host=0) -- discovery is answered only from here
[dplay] pump #509500 (host=0) -- discovery is answered only from here
[dplay] pump #510000 (host=0) -- discovery is answered only from here
[dplay] pump #510500 (host=0) -- discovery is answered only from here
[dplay] pump #511000 (host=0) -- discovery is answered only from here
[dplay] pump #511500 (host=0) -- discovery is answered only from here
[dplay] pump #512000 (host=0) -- discovery is answered only from here
[dplay] pump #512500 (host=0) -- discovery is answered only from here
[dplay] pump #513000 (host=0) -- discovery is answered only from here
[dplay] pump #513500 (host=0) -- discovery is answered only from here
[dplay] pump #514000 (host=0) -- discovery is answered only from here
[dplay] pump #514500 (host=0) -- discovery is answered only from here
[dplay] pump #515000 (host=0) -- discovery is answered only from here
[dplay] pump #515500 (host=0) -- discovery is answered only from here
[dplay] pump #516000 (host=0) -- discovery is answered only from here
[dplay] pump #516500 (host=0) -- discovery is answered only from here
[dplay] pump #517000 (host=0) -- discovery is answered only from here
[dplay] pump #517500 (host=0) -- discovery is answered only from here
[dplay] pump #518000 (host=0) -- discovery is answered only from here
[dplay] pump #518500 (host=0) -- discovery is answered only from here
[dplay] pump #519000 (host=0) -- discovery is answered only from here
[dplay] pump #519500 (host=0) -- discovery is answered only from here
[dplay] pump #520000 (host=0) -- discovery is answered only from here
[dplay] pump #520500 (host=0) -- discovery is answered only from here
[dplay] pump #521000 (host=0) -- discovery is answered only from here
[dplay] pump #521500 (host=0) -- discovery is answered only from here
[dplay] pump #522000 (host=0) -- discovery is answered only from here
[dplay] pump #522500 (host=0) -- discovery is answered only from here
[dplay] pump #523000 (host=0) -- discovery is answered only from here
[dplay] pump #523500 (host=0) -- discovery is answered only from here
[dplay] pump #524000 (host=0) -- discovery is answered only from here
[dplay] pump #524500 (host=0) -- discovery is answered only from here
[dplay] pump #525000 (host=0) -- discovery is answered only from here
[dplay] pump #525500 (host=0) -- discovery is answered only from here
[dplay] pump #526000 (host=0) -- discovery is answered only from here
[dplay] pump #526500 (host=0) -- discovery is answered only from here
[dplay] pump #527000 (host=0) -- discovery is answered only from here
[dplay] pump #527500 (host=0) -- discovery is answered only from here
[dplay] pump #528000 (host=0) -- discovery is answered only from here
[dplay] pump #528500 (host=0) -- discovery is answered only from here
[dplay] pump #529000 (host=0) -- discovery is answered only from here
[dplay] pump #529500 (host=0) -- discovery is answered only from here
[dplay] pump #530000 (host=0) -- discovery is answered only from here
[dplay] pump #530500 (host=0) -- discovery is answered only from here
[dplay] pump #531000 (host=0) -- discovery is answered only from here
[dplay] pump #531500 (host=0) -- discovery is answered only from here
[dplay] pump #532000 (host=0) -- discovery is answered only from here
[dplay] pump #532500 (host=0) -- discovery is answered only from here
[dplay] pump #533000 (host=0) -- discovery is answered only from here
[dplay] pump #533500 (host=0) -- discovery is answered only from here
[dplay] pump #534000 (host=0) -- discovery is answered only from here
[dplay] pump #534500 (host=0) -- discovery is answered only from here
[dplay] pump #535000 (host=0) -- discovery is answered only from here
[dplay] pump #535500 (host=0) -- discovery is answered only from here
[dplay] pump #536000 (host=0) -- discovery is answered only from here
[dplay] pump #536500 (host=0) -- discovery is answered only from here
[dplay] pump #537000 (host=0) -- discovery is answered only from here
[dplay] pump #537500 (host=0) -- discovery is answered only from here
[dplay] pump #538000 (host=0) -- discovery is answered only from here
[dplay] pump #538500 (host=0) -- discovery is answered only from here
[dplay] pump #539000 (host=0) -- discovery is answered only from here
[dplay] pump #539500 (host=0) -- discovery is answered only from here
[dplay] pump #540000 (host=0) -- discovery is answered only from here
[dplay] pump #540500 (host=0) -- discovery is answered only from here
[dplay] pump #541000 (host=0) -- discovery is answered only from here
[dplay] pump #541500 (host=0) -- discovery is answered only from here
[dplay] pump #542000 (host=0) -- discovery is answered only from here
[dplay] pump #542500 (host=0) -- discovery is answered only from here
[dplay] pump #543000 (host=0) -- discovery is answered only from here
[dplay] pump #543500 (host=0) -- discovery is answered only from here
[dplay] pump #544000 (host=0) -- discovery is answered only from here
[dplay] pump #544500 (host=0) -- discovery is answered only from here
[dplay] pump #545000 (host=0) -- discovery is answered only from here
[dplay] pump #545500 (host=0) -- discovery is answered only from here
[dplay] pump #546000 (host=0) -- discovery is answered only from here
[dplay] pump #546500 (host=0) -- discovery is answered only from here
[dplay] pump #547000 (host=0) -- discovery is answered only from here
[dplay] pump #547500 (host=0) -- discovery is answered only from here
[dplay] pump #548000 (host=0) -- discovery is answered only from here
[dplay] pump #548500 (host=0) -- discovery is answered only from here
[dplay] pump #549000 (host=0) -- discovery is answered only from here
[dplay] pump #549500 (host=0) -- discovery is answered only from here
[dplay] pump #550000 (host=0) -- discovery is answered only from here
[dplay] pump #550500 (host=0) -- discovery is answered only from here
[dplay] pump #551000 (host=0) -- discovery is answered only from here
[dplay] pump #551500 (host=0) -- discovery is answered only from here
[dplay] pump #552000 (host=0) -- discovery is answered only from here
[dplay] pump #552500 (host=0) -- discovery is answered only from here
[dplay] pump #553000 (host=0) -- discovery is answered only from here
[dplay] pump #553500 (host=0) -- discovery is answered only from here
[dplay] pump #554000 (host=0) -- discovery is answered only from here
[dplay] pump #554500 (host=0) -- discovery is answered only from here
[dplay] pump #555000 (host=0) -- discovery is answered only from here
[dplay] pump #555500 (host=0) -- discovery is answered only from here
[dplay] received 14 data bytes from pid 3
[dplay] received 5 data bytes from pid 1
[dplay] Send 14 bytes pid 4 -> 1 (ok)
[dplay] pump #556000 (host=0) -- discovery is answered only from here
[dplay] pump #556500 (host=0) -- discovery is answered only from here
[dplay] pump #557000 (host=0) -- discovery is answered only from here
[dplay] pump #557500 (host=0) -- discovery is answered only from here
[dplay] pump #558000 (host=0) -- discovery is answered only from here
[dplay] pump #558500 (host=0) -- discovery is answered only from here
[dplay] pump #559000 (host=0) -- discovery is answered only from here
[dplay] pump #559500 (host=0) -- discovery is answered only from here
[dplay] pump #560000 (host=0) -- discovery is answered only from here
[dplay] pump #560500 (host=0) -- discovery is answered only from here
[dplay] pump #561000 (host=0) -- discovery is answered only from here
[dplay] pump #561500 (host=0) -- discovery is answered only from here
[dplay] pump #562000 (host=0) -- discovery is answered only from here
[dplay] pump #562500 (host=0) -- discovery is answered only from here
[dplay] pump #563000 (host=0) -- discovery is answered only from here
[dplay] pump #563500 (host=0) -- discovery is answered only from here
[dplay] pump #564000 (host=0) -- discovery is answered only from here
[dplay] pump #564500 (host=0) -- discovery is answered only from here
[dplay] pump #565000 (host=0) -- discovery is answered only from here
[dplay] pump #565500 (host=0) -- discovery is answered only from here
[dplay] pump #566000 (host=0) -- discovery is answered only from here
[dplay] pump #566500 (host=0) -- discovery is answered only from here
[dplay] pump #567000 (host=0) -- discovery is answered only from here
[dplay] pump #567500 (host=0) -- discovery is answered only from here
[dplay] pump #568000 (host=0) -- discovery is answered only from here
[dplay] pump #568500 (host=0) -- discovery is answered only from here
[dplay] pump #569000 (host=0) -- discovery is answered only from here
[dplay] pump #569500 (host=0) -- discovery is answered only from here
[dplay] pump #570000 (host=0) -- discovery is answered only from here
[dplay] pump #570500 (host=0) -- discovery is answered only from here
[dplay] pump #571000 (host=0) -- discovery is answered only from here
[dplay] pump #571500 (host=0) -- discovery is answered only from here
[dplay] pump #572000 (host=0) -- discovery is answered only from here
[dplay] pump #572500 (host=0) -- discovery is answered only from here
[dplay] pump #573000 (host=0) -- discovery is answered only from here
[dplay] pump #573500 (host=0) -- discovery is answered only from here
[dplay] pump #574000 (host=0) -- discovery is answered only from here
[dplay] pump #574500 (host=0) -- discovery is answered only from here
[dplay] pump #575000 (host=0) -- discovery is answered only from here
[dplay] pump #575500 (host=0) -- discovery is answered only from here
[dplay] pump #576000 (host=0) -- discovery is answered only from here
[dplay] pump #576500 (host=0) -- discovery is answered only from here
[dplay] pump #577000 (host=0) -- discovery is answered only from here
[dplay] pump #577500 (host=0) -- discovery is answered only from here
[dplay] pump #578000 (host=0) -- discovery is answered only from here
[dplay] pump #578500 (host=0) -- discovery is answered only from here
[dplay] pump #579000 (host=0) -- discovery is answered only from here
[dplay] pump #579500 (host=0) -- discovery is answered only from here
[dplay] pump #580000 (host=0) -- discovery is answered only from here
[dplay] pump #580500 (host=0) -- discovery is answered only from here
[dplay] pump #581000 (host=0) -- discovery is answered only from here
[dplay] pump #581500 (host=0) -- discovery is answered only from here
[dplay] pump #582000 (host=0) -- discovery is answered only from here
[dplay] pump #582500 (host=0) -- discovery is answered only from here
[dplay] pump #583000 (host=0) -- discovery is answered only from here
[dplay] pump #583500 (host=0) -- discovery is answered only from here
[dplay] pump #584000 (host=0) -- discovery is answered only from here
[dplay] pump #584500 (host=0) -- discovery is answered only from here
[dplay] pump #585000 (host=0) -- discovery is answered only from here
[dplay] pump #585500 (host=0) -- discovery is answered only from here
[dplay] pump #586000 (host=0) -- discovery is answered only from here
[dplay] pump #586500 (host=0) -- discovery is answered only from here
[dplay] pump #587000 (host=0) -- discovery is answered only from here
[dplay] pump #587500 (host=0) -- discovery is answered only from here
[dplay] pump #588000 (host=0) -- discovery is answered only from here
[dplay] pump #588500 (host=0) -- discovery is answered only from here
[dplay] pump #589000 (host=0) -- discovery is answered only from here
[dplay] pump #589500 (host=0) -- discovery is answered only from here
[dplay] pump #590000 (host=0) -- discovery is answered only from here
[dplay] pump #590500 (host=0) -- discovery is answered only from here
[dplay] pump #591000 (host=0) -- discovery is answered only from here
[dplay] pump #591500 (host=0) -- discovery is answered only from here
[dplay] pump #592000 (host=0) -- discovery is answered only from here
[dplay] pump #592500 (host=0) -- discovery is answered only from here
[dplay] pump #593000 (host=0) -- discovery is answered only from here
[dplay] pump #593500 (host=0) -- discovery is answered only from here
[dplay] pump #594000 (host=0) -- discovery is answered only from here
[dplay] pump #594500 (host=0) -- discovery is answered only from here
[dplay] pump #595000 (host=0) -- discovery is answered only from here
[dplay] pump #595500 (host=0) -- discovery is answered only from here
[dplay] pump #596000 (host=0) -- discovery is answered only from here
[dplay] pump #596500 (host=0) -- discovery is answered only from here
[dplay] pump #597000 (host=0) -- discovery is answered only from here
[dplay] pump #597500 (host=0) -- discovery is answered only from here
[dplay] pump #598000 (host=0) -- discovery is answered only from here
[dplay] pump #598500 (host=0) -- discovery is answered only from here
[dplay] pump #599000 (host=0) -- discovery is answered only from here
[dplay] pump #599500 (host=0) -- discovery is answered only from here
[dplay] pump #600000 (host=0) -- discovery is answered only from here
[dplay] pump #600500 (host=0) -- discovery is answered only from here
[dplay] pump #601000 (host=0) -- discovery is answered only from here
[dplay] pump #601500 (host=0) -- discovery is answered only from here
[dplay] pump #602000 (host=0) -- discovery is answered only from here
[dplay] pump #602500 (host=0) -- discovery is answered only from here
[dplay] pump #603000 (host=0) -- discovery is answered only from here
[dplay] pump #603500 (host=0) -- discovery is answered only from here
[dplay] pump #604000 (host=0) -- discovery is answered only from here
[dplay] pump #604500 (host=0) -- discovery is answered only from here
[dplay] pump #605000 (host=0) -- discovery is answered only from here
[dplay] pump #605500 (host=0) -- discovery is answered only from here
[dplay] pump #606000 (host=0) -- discovery is answered only from here
[dplay] pump #606500 (host=0) -- discovery is answered only from here
[dplay] pump #607000 (host=0) -- discovery is answered only from here
[dplay] pump #607500 (host=0) -- discovery is answered only from here
[dplay] pump #608000 (host=0) -- discovery is answered only from here
[dplay] pump #608500 (host=0) -- discovery is answered only from here
[dplay] pump #609000 (host=0) -- discovery is answered only from here
[dplay] pump #609500 (host=0) -- discovery is answered only from here
[dplay] pump #610000 (host=0) -- discovery is answered only from here
[dplay] pump #610500 (host=0) -- discovery is answered only from here
[dplay] pump #611000 (host=0) -- discovery is answered only from here
[dplay] pump #611500 (host=0) -- discovery is answered only from here
[dplay] pump #612000 (host=0) -- discovery is answered only from here
[dplay] pump #612500 (host=0) -- discovery is answered only from here
[dplay] pump #613000 (host=0) -- discovery is answered only from here
[dplay] pump #613500 (host=0) -- discovery is answered only from here
[dplay] pump #614000 (host=0) -- discovery is answered only from here
[dplay] pump #614500 (host=0) -- discovery is answered only from here
[dplay] pump #615000 (host=0) -- discovery is answered only from here
[dplay] pump #615500 (host=0) -- discovery is answered only from here
[dplay] pump #616000 (host=0) -- discovery is answered only from here
[dplay] pump #616500 (host=0) -- discovery is answered only from here
[dplay] pump #617000 (host=0) -- discovery is answered only from here
[dplay] pump #617500 (host=0) -- discovery is answered only from here
[dplay] pump #618000 (host=0) -- discovery is answered only from here
[dplay] pump #618500 (host=0) -- discovery is answered only from here
[dplay] pump #619000 (host=0) -- discovery is answered only from here
[dplay] pump #619500 (host=0) -- discovery is answered only from here
[dplay] pump #620000 (host=0) -- discovery is answered only from here
[dplay] pump #620500 (host=0) -- discovery is answered only from here
[dplay] pump #621000 (host=0) -- discovery is answered only from here
[dplay] pump #621500 (host=0) -- discovery is answered only from here
[dplay] pump #622000 (host=0) -- discovery is answered only from here
[dplay] pump #622500 (host=0) -- discovery is answered only from here
[dplay] pump #623000 (host=0) -- discovery is answered only from here
[dplay] pump #623500 (host=0) -- discovery is answered only from here
[dplay] received 5 data bytes from pid 1
[dplay] received 14 data bytes from pid 3
[dplay] Send 14 bytes pid 4 -> 1 (ok)
[dplay] pump #624000 (host=0) -- discovery is answered only from here
[dplay] pump #624500 (host=0) -- discovery is answered only from here
[dplay] pump #625000 (host=0) -- discovery is answered only from here
[dplay] pump #625500 (host=0) -- discovery is answered only from here
[dplay] pump #626000 (host=0) -- discovery is answered only from here
[dplay] pump #626500 (host=0) -- discovery is answered only from here
[dplay] pump #627000 (host=0) -- discovery is answered only from here
[dplay] pump #627500 (host=0) -- discovery is answered only from here
[dplay] pump #628000 (host=0) -- discovery is answered only from here
[dplay] pump #628500 (host=0) -- discovery is answered only from here
[dplay] pump #629000 (host=0) -- discovery is answered only from here
[dplay] pump #629500 (host=0) -- discovery is answered only from here
[dplay] pump #630000 (host=0) -- discovery is answered only from here
[dplay] pump #630500 (host=0) -- discovery is answered only from here
[dplay] pump #631000 (host=0) -- discovery is answered only from here
[dplay] pump #631500 (host=0) -- discovery is answered only from here
[dplay] pump #632000 (host=0) -- discovery is answered only from here
[dplay] pump #632500 (host=0) -- discovery is answered only from here
[dplay] pump #633000 (host=0) -- discovery is answered only from here
[dplay] pump #633500 (host=0) -- discovery is answered only from here
[dplay] pump #634000 (host=0) -- discovery is answered only from here
[dplay] pump #634500 (host=0) -- discovery is answered only from here
[dplay] pump #635000 (host=0) -- discovery is answered only from here
[dplay] pump #635500 (host=0) -- discovery is answered only from here
[dplay] pump #636000 (host=0) -- discovery is answered only from here
[dplay] pump #636500 (host=0) -- discovery is answered only from here
[dplay] pump #637000 (host=0) -- discovery is answered only from here
[dplay] pump #637500 (host=0) -- discovery is answered only from here
[dplay] pump #638000 (host=0) -- discovery is answered only from here
[dplay] pump #638500 (host=0) -- discovery is answered only from here
[dplay] pump #639000 (host=0) -- discovery is answered only from here
[dplay] pump #639500 (host=0) -- discovery is answered only from here
[dplay] pump #640000 (host=0) -- discovery is answered only from here
[dplay] pump #640500 (host=0) -- discovery is answered only from here
[dplay] pump #641000 (host=0) -- discovery is answered only from here
[dplay] pump #641500 (host=0) -- discovery is answered only from here
[dplay] pump #642000 (host=0) -- discovery is answered only from here
[dplay] pump #642500 (host=0) -- discovery is answered only from here
[dplay] pump #643000 (host=0) -- discovery is answered only from here
[dplay] pump #643500 (host=0) -- discovery is answered only from here
[dplay] pump #644000 (host=0) -- discovery is answered only from here
[dplay] pump #644500 (host=0) -- discovery is answered only from here
[dplay] pump #645000 (host=0) -- discovery is answered only from here
[dplay] pump #645500 (host=0) -- discovery is answered only from here
[dplay] pump #646000 (host=0) -- discovery is answered only from here
[dplay] pump #646500 (host=0) -- discovery is answered only from here
[dplay] pump #647000 (host=0) -- discovery is answered only from here
[dplay] pump #647500 (host=0) -- discovery is answered only from here
[dplay] pump #648000 (host=0) -- discovery is answered only from here
[dplay] pump #648500 (host=0) -- discovery is answered only from here
[dplay] pump #649000 (host=0) -- discovery is answered only from here
[dplay] pump #649500 (host=0) -- discovery is answered only from here
[dplay] pump #650000 (host=0) -- discovery is answered only from here
[dplay] pump #650500 (host=0) -- discovery is answered only from here
[dplay] pump #651000 (host=0) -- discovery is answered only from here
[dplay] pump #651500 (host=0) -- discovery is answered only from here
[dplay] pump #652000 (host=0) -- discovery is answered only from here
[dplay] pump #652500 (host=0) -- discovery is answered only from here
[dplay] pump #653000 (host=0) -- discovery is answered only from here
[dplay] pump #653500 (host=0) -- discovery is answered only from here
[dplay] pump #654000 (host=0) -- discovery is answered only from here
[dplay] pump #654500 (host=0) -- discovery is answered only from here
[dplay] pump #655000 (host=0) -- discovery is answered only from here
[dplay] pump #655500 (host=0) -- discovery is answered only from here
[dplay] pump #656000 (host=0) -- discovery is answered only from here
[dplay] pump #656500 (host=0) -- discovery is answered only from here
[dplay] pump #657000 (host=0) -- discovery is answered only from here
[dplay] pump #657500 (host=0) -- discovery is answered only from here
[dplay] pump #658000 (host=0) -- discovery is answered only from here
[dplay] pump #658500 (host=0) -- discovery is answered only from here
[dplay] pump #659000 (host=0) -- discovery is answered only from here
[dplay] pump #659500 (host=0) -- discovery is answered only from here
[dplay] pump #660000 (host=0) -- discovery is answered only from here
[dplay] pump #660500 (host=0) -- discovery is answered only from here
[dplay] pump #661000 (host=0) -- discovery is answered only from here
[dplay] pump #661500 (host=0) -- discovery is answered only from here
[dplay] pump #662000 (host=0) -- discovery is answered only from here
[dplay] pump #662500 (host=0) -- discovery is answered only from here
[dplay] pump #663000 (host=0) -- discovery is answered only from here
[dplay] pump #663500 (host=0) -- discovery is answered only from here
[dplay] pump #664000 (host=0) -- discovery is answered only from here
[dplay] pump #664500 (host=0) -- discovery is answered only from here
[dplay] pump #665000 (host=0) -- discovery is answered only from here
[dplay] pump #665500 (host=0) -- discovery is answered only from here
[dplay] pump #666000 (host=0) -- discovery is answered only from here
[dplay] pump #666500 (host=0) -- discovery is answered only from here
[dplay] pump #667000 (host=0) -- discovery is answered only from here
[dplay] pump #667500 (host=0) -- discovery is answered only from here
[dplay] pump #668000 (host=0) -- discovery is answered only from here
[dplay] pump #668500 (host=0) -- discovery is answered only from here
[dplay] pump #669000 (host=0) -- discovery is answered only from here
[dplay] pump #669500 (host=0) -- discovery is answered only from here
[dplay] pump #670000 (host=0) -- discovery is answered only from here
[dplay] pump #670500 (host=0) -- discovery is answered only from here
[dplay] pump #671000 (host=0) -- discovery is answered only from here
[dplay] pump #671500 (host=0) -- discovery is answered only from here
[dplay] pump #672000 (host=0) -- discovery is answered only from here
[dplay] pump #672500 (host=0) -- discovery is answered only from here
[dplay] pump #673000 (host=0) -- discovery is answered only from here
[dplay] pump #673500 (host=0) -- discovery is answered only from here
[dplay] pump #674000 (host=0) -- discovery is answered only from here
[dplay] pump #674500 (host=0) -- discovery is answered only from here
[dplay] pump #675000 (host=0) -- discovery is answered only from here
[dplay] pump #675500 (host=0) -- discovery is answered only from here
[dplay] pump #676000 (host=0) -- discovery is answered only from here
[dplay] pump #676500 (host=0) -- discovery is answered only from here
[dplay] pump #677000 (host=0) -- discovery is answered only from here
[dplay] pump #677500 (host=0) -- discovery is answered only from here
[dplay] pump #678000 (host=0) -- discovery is answered only from here
[dplay] pump #678500 (host=0) -- discovery is answered only from here
[dplay] pump #679000 (host=0) -- discovery is answered only from here
[dplay] pump #679500 (host=0) -- discovery is answered only from here
[dplay] pump #680000 (host=0) -- discovery is answered only from here
[dplay] pump #680500 (host=0) -- discovery is answered only from here
[dplay] pump #681000 (host=0) -- discovery is answered only from here
[dplay] pump #681500 (host=0) -- discovery is answered only from here
[dplay] pump #682000 (host=0) -- discovery is answered only from here
[dplay] pump #682500 (host=0) -- discovery is answered only from here
[dplay] pump #683000 (host=0) -- discovery is answered only from here
[dplay] pump #683500 (host=0) -- discovery is answered only from here
[dplay] pump #684000 (host=0) -- discovery is answered only from here
[dplay] pump #684500 (host=0) -- discovery is answered only from here
[dplay] pump #685000 (host=0) -- discovery is answered only from here
[dplay] pump #685500 (host=0) -- discovery is answered only from here
[dplay] pump #686000 (host=0) -- discovery is answered only from here
[dplay] pump #686500 (host=0) -- discovery is answered only from here
[dplay] pump #687000 (host=0) -- discovery is answered only from here
[dplay] pump #687500 (host=0) -- discovery is answered only from here
[dplay] pump #688000 (host=0) -- discovery is answered only from here
[dplay] pump #688500 (host=0) -- discovery is answered only from here
[dplay] pump #689000 (host=0) -- discovery is answered only from here
[dplay] pump #689500 (host=0) -- discovery is answered only from here
[dplay] pump #690000 (host=0) -- discovery is answered only from here
[dplay] pump #690500 (host=0) -- discovery is answered only from here
[dplay] pump #691000 (host=0) -- discovery is answered only from here
[dplay] pump #691500 (host=0) -- discovery is answered only from here
[dplay] pump #692000 (host=0) -- discovery is answered only from here
[dplay] pump #692500 (host=0) -- discovery is answered only from here
[dplay] pump #693000 (host=0) -- discovery is answered only from here
[dplay] pump #693500 (host=0) -- discovery is answered only from here
[dplay] pump #694000 (host=0) -- discovery is answered only from here
[dplay] received 14 data bytes from pid 3
[dplay] received 5 data bytes from pid 1
[dplay] Send 14 bytes pid 4 -> 1 (ok)
[dplay] pump #694500 (host=0) -- discovery is answered only from here
[dplay] pump #695000 (host=0) -- discovery is answered only from here
[dplay] pump #695500 (host=0) -- discovery is answered only from here
[dplay] pump #696000 (host=0) -- discovery is answered only from here
[dplay] pump #696500 (host=0) -- discovery is answered only from here
[dplay] pump #697000 (host=0) -- discovery is answered only from here
[dplay] pump #697500 (host=0) -- discovery is answered only from here
[dplay] pump #698000 (host=0) -- discovery is answered only from here
[dplay] pump #698500 (host=0) -- discovery is answered only from here
[dplay] pump #699000 (host=0) -- discovery is answered only from here
[dplay] pump #699500 (host=0) -- discovery is answered only from here
[dplay] pump #700000 (host=0) -- discovery is answered only from here
[dplay] pump #700500 (host=0) -- discovery is answered only from here
[dplay] pump #701000 (host=0) -- discovery is answered only from here
[dplay] pump #701500 (host=0) -- discovery is answered only from here
[dplay] pump #702000 (host=0) -- discovery is answered only from here
[dplay] pump #702500 (host=0) -- discovery is answered only from here
[dplay] pump #703000 (host=0) -- discovery is answered only from here
[dplay] pump #703500 (host=0) -- discovery is answered only from here
[dplay] pump #704000 (host=0) -- discovery is answered only from here
[dplay] pump #704500 (host=0) -- discovery is answered only from here
[dplay] pump #705000 (host=0) -- discovery is answered only from here
[dplay] pump #705500 (host=0) -- discovery is answered only from here
[dplay] pump #706000 (host=0) -- discovery is answered only from here
[dplay] pump #706500 (host=0) -- discovery is answered only from here
[dplay] pump #707000 (host=0) -- discovery is answered only from here
[dplay] pump #707500 (host=0) -- discovery is answered only from here
[dplay] pump #708000 (host=0) -- discovery is answered only from here
[dplay] pump #708500 (host=0) -- discovery is answered only from here
[dplay] pump #709000 (host=0) -- discovery is answered only from here
[dplay] pump #709500 (host=0) -- discovery is answered only from here
[dplay] pump #710000 (host=0) -- discovery is answered only from here
[dplay] pump #710500 (host=0) -- discovery is answered only from here
[dplay] pump #711000 (host=0) -- discovery is answered only from here
[dplay] pump #711500 (host=0) -- discovery is answered only from here
[dplay] pump #712000 (host=0) -- discovery is answered only from here
[dplay] pump #712500 (host=0) -- discovery is answered only from here
[dplay] pump #713000 (host=0) -- discovery is answered only from here
[dplay] pump #713500 (host=0) -- discovery is answered only from here
[dplay] pump #714000 (host=0) -- discovery is answered only from here
[dplay] pump #714500 (host=0) -- discovery is answered only from here
[dplay] pump #715000 (host=0) -- discovery is answered only from here
[dplay] pump #715500 (host=0) -- discovery is answered only from here
[dplay] pump #716000 (host=0) -- discovery is answered only from here
[dplay] pump #716500 (host=0) -- discovery is answered only from here
[dplay] pump #717000 (host=0) -- discovery is answered only from here
[dplay] pump #717500 (host=0) -- discovery is answered only from here
[dplay] pump #718000 (host=0) -- discovery is answered only from here
[dplay] pump #718500 (host=0) -- discovery is answered only from here
[dplay] pump #719000 (host=0) -- discovery is answered only from here
[dplay] pump #719500 (host=0) -- discovery is answered only from here
[dplay] pump #720000 (host=0) -- discovery is answered only from here
[dplay] pump #720500 (host=0) -- discovery is answered only from here
[dplay] pump #721000 (host=0) -- discovery is answered only from here
[dplay] pump #721500 (host=0) -- discovery is answered only from here
[dplay] pump #722000 (host=0) -- discovery is answered only from here
[dplay] pump #722500 (host=0) -- discovery is answered only from here
[dplay] pump #723000 (host=0) -- discovery is answered only from here
[dplay] pump #723500 (host=0) -- discovery is answered only from here
[dplay] pump #724000 (host=0) -- discovery is answered only from here
[dplay] pump #724500 (host=0) -- discovery is answered only from here
[dplay] pump #725000 (host=0) -- discovery is answered only from here
[dplay] pump #725500 (host=0) -- discovery is answered only from here
[dplay] pump #726000 (host=0) -- discovery is answered only from here
[dplay] pump #726500 (host=0) -- discovery is answered only from here
[dplay] pump #727000 (host=0) -- discovery is answered only from here
[dplay] pump #727500 (host=0) -- discovery is answered only from here
[dplay] pump #728000 (host=0) -- discovery is answered only from here
[dplay] pump #728500 (host=0) -- discovery is answered only from here
[dplay] pump #729000 (host=0) -- discovery is answered only from here
[dplay] pump #729500 (host=0) -- discovery is answered only from here
[dplay] pump #730000 (host=0) -- discovery is answered only from here
[dplay] pump #730500 (host=0) -- discovery is answered only from here
[dplay] pump #731000 (host=0) -- discovery is answered only from here
[dplay] pump #731500 (host=0) -- discovery is answered only from here
[dplay] pump #732000 (host=0) -- discovery is answered only from here
[dplay] pump #732500 (host=0) -- discovery is answered only from here
[dplay] pump #733000 (host=0) -- discovery is answered only from here
[dplay] pump #733500 (host=0) -- discovery is answered only from here
[dplay] pump #734000 (host=0) -- discovery is answered only from here
[dplay] pump #734500 (host=0) -- discovery is answered only from here
[dplay] pump #735000 (host=0) -- discovery is answered only from here
[dplay] pump #735500 (host=0) -- discovery is answered only from here
[dplay] pump #736000 (host=0) -- discovery is answered only from here
[dplay] pump #736500 (host=0) -- discovery is answered only from here
[dplay] pump #737000 (host=0) -- discovery is answered only from here
[dplay] pump #737500 (host=0) -- discovery is answered only from here
[dplay] pump #738000 (host=0) -- discovery is answered only from here
[dplay] pump #738500 (host=0) -- discovery is answered only from here
[dplay] pump #739000 (host=0) -- discovery is answered only from here
[dplay] pump #739500 (host=0) -- discovery is answered only from here
[dplay] pump #740000 (host=0) -- discovery is answered only from here
[dplay] pump #740500 (host=0) -- discovery is answered only from here
[dplay] pump #741000 (host=0) -- discovery is answered only from here
[dplay] pump #741500 (host=0) -- discovery is answered only from here
[dplay] pump #742000 (host=0) -- discovery is answered only from here
[dplay] pump #742500 (host=0) -- discovery is answered only from here
[dplay] pump #743000 (host=0) -- discovery is answered only from here
[dplay] pump #743500 (host=0) -- discovery is answered only from here
[dplay] pump #744000 (host=0) -- discovery is answered only from here
[dplay] pump #744500 (host=0) -- discovery is answered only from here
[dplay] pump #745000 (host=0) -- discovery is answered only from here
[dplay] pump #745500 (host=0) -- discovery is answered only from here
[dplay] pump #746000 (host=0) -- discovery is answered only from here
[dplay] pump #746500 (host=0) -- discovery is answered only from here
[dplay] pump #747000 (host=0) -- discovery is answered only from here
[dplay] pump #747500 (host=0) -- discovery is answered only from here
[dplay] pump #748000 (host=0) -- discovery is answered only from here
[dplay] pump #748500 (host=0) -- discovery is answered only from here
[dplay] pump #749000 (host=0) -- discovery is answered only from here
[dplay] pump #749500 (host=0) -- discovery is answered only from here
[dplay] pump #750000 (host=0) -- discovery is answered only from here
[dplay] pump #750500 (host=0) -- discovery is answered only from here
[dplay] pump #751000 (host=0) -- discovery is answered only from here
[dplay] pump #751500 (host=0) -- discovery is answered only from here
[dplay] pump #752000 (host=0) -- discovery is answered only from here
[dplay] pump #752500 (host=0) -- discovery is answered only from here
[dplay] pump #753000 (host=0) -- discovery is answered only from here
[dplay] pump #753500 (host=0) -- discovery is answered only from here
[dplay] pump #754000 (host=0) -- discovery is answered only from here
[dplay] pump #754500 (host=0) -- discovery is answered only from here
[dplay] pump #755000 (host=0) -- discovery is answered only from here
[dplay] pump #755500 (host=0) -- discovery is answered only from here
[dplay] pump #756000 (host=0) -- discovery is answered only from here
[dplay] pump #756500 (host=0) -- discovery is answered only from here
[dplay] pump #757000 (host=0) -- discovery is answered only from here
[dplay] pump #757500 (host=0) -- discovery is answered only from here
[dplay] pump #758000 (host=0) -- discovery is answered only from here
[dplay] pump #758500 (host=0) -- discovery is answered only from here
[dplay] pump #759000 (host=0) -- discovery is answered only from here
[dplay] pump #759500 (host=0) -- discovery is answered only from here
[dplay] pump #760000 (host=0) -- discovery is answered only from here
[dplay] pump #760500 (host=0) -- discovery is answered only from here
[dplay] pump #761000 (host=0) -- discovery is answered only from here
[dplay] pump #761500 (host=0) -- discovery is answered only from here
[dplay] received 14 data bytes from pid 3
[dplay] received 5 data bytes from pid 1
[dplay] Send 14 bytes pid 4 -> 1 (ok)
[dplay] pump #762000 (host=0) -- discovery is answered only from here
[dplay] pump #762500 (host=0) -- discovery is answered only from here
[dplay] pump #763000 (host=0) -- discovery is answered only from here
[dplay] pump #763500 (host=0) -- discovery is answered only from here
[dplay] pump #764000 (host=0) -- discovery is answered only from here
[dplay] pump #764500 (host=0) -- discovery is answered only from here
[dplay] pump #765000 (host=0) -- discovery is answered only from here
[dplay] pump #765500 (host=0) -- discovery is answered only from here
[dplay] pump #766000 (host=0) -- discovery is answered only from here
[dplay] pump #766500 (host=0) -- discovery is answered only from here
[dplay] pump #767000 (host=0) -- discovery is answered only from here
[dplay] pump #767500 (host=0) -- discovery is answered only from here
[dplay] pump #768000 (host=0) -- discovery is answered only from here
[dplay] pump #768500 (host=0) -- discovery is answered only from here
[dplay] pump #769000 (host=0) -- discovery is answered only from here
[dplay] pump #769500 (host=0) -- discovery is answered only from here
[dplay] pump #770000 (host=0) -- discovery is answered only from here
[dplay] pump #770500 (host=0) -- discovery is answered only from here
[dplay] pump #771000 (host=0) -- discovery is answered only from here
[dplay] pump #771500 (host=0) -- discovery is answered only from here
[dplay] pump #772000 (host=0) -- discovery is answered only from here
[dplay] pump #772500 (host=0) -- discovery is answered only from here
[dplay] pump #773000 (host=0) -- discovery is answered only from here
[dplay] pump #773500 (host=0) -- discovery is answered only from here
[dplay] pump #774000 (host=0) -- discovery is answered only from here
[dplay] pump #774500 (host=0) -- discovery is answered only from here
[dplay] pump #775000 (host=0) -- discovery is answered only from here
[dplay] pump #775500 (host=0) -- discovery is answered only from here
[dplay] pump #776000 (host=0) -- discovery is answered only from here
[dplay] pump #776500 (host=0) -- discovery is answered only from here
[dplay] pump #777000 (host=0) -- discovery is answered only from here
[dplay] pump #777500 (host=0) -- discovery is answered only from here
[dplay] pump #778000 (host=0) -- discovery is answered only from here
[dplay] pump #778500 (host=0) -- discovery is answered only from here
[dplay] pump #779000 (host=0) -- discovery is answered only from here
[dplay] pump #779500 (host=0) -- discovery is answered only from here
[dplay] pump #780000 (host=0) -- discovery is answered only from here
[dplay] pump #780500 (host=0) -- discovery is answered only from here
[dplay] pump #781000 (host=0) -- discovery is answered only from here
[dplay] pump #781500 (host=0) -- discovery is answered only from here
[dplay] pump #782000 (host=0) -- discovery is answered only from here
[dplay] pump #782500 (host=0) -- discovery is answered only from here
[dplay] pump #783000 (host=0) -- discovery is answered only from here
[dplay] pump #783500 (host=0) -- discovery is answered only from here
[dplay] pump #784000 (host=0) -- discovery is answered only from here
[dplay] pump #784500 (host=0) -- discovery is answered only from here
[dplay] pump #785000 (host=0) -- discovery is answered only from here
[dplay] pump #785500 (host=0) -- discovery is answered only from here
[dplay] pump #786000 (host=0) -- discovery is answered only from here
[dplay] pump #786500 (host=0) -- discovery is answered only from here
[dplay] pump #787000 (host=0) -- discovery is answered only from here
[dplay] pump #787500 (host=0) -- discovery is answered only from here
[dplay] pump #788000 (host=0) -- discovery is answered only from here
[dplay] pump #788500 (host=0) -- discovery is answered only from here
[dplay] pump #789000 (host=0) -- discovery is answered only from here
[dplay] pump #789500 (host=0) -- discovery is answered only from here
[dplay] pump #790000 (host=0) -- discovery is answered only from here
[dplay] pump #790500 (host=0) -- discovery is answered only from here
[dplay] pump #791000 (host=0) -- discovery is answered only from here
[dplay] pump #791500 (host=0) -- discovery is answered only from here
[dplay] pump #792000 (host=0) -- discovery is answered only from here
[dplay] pump #792500 (host=0) -- discovery is answered only from here
[dplay] pump #793000 (host=0) -- discovery is answered only from here
[dplay] pump #793500 (host=0) -- discovery is answered only from here
[dplay] pump #794000 (host=0) -- discovery is answered only from here
[dplay] pump #794500 (host=0) -- discovery is answered only from here
[dplay] pump #795000 (host=0) -- discovery is answered only from here
[dplay] pump #795500 (host=0) -- discovery is answered only from here
[dplay] pump #796000 (host=0) -- discovery is answered only from here
[dplay] pump #796500 (host=0) -- discovery is answered only from here
[dplay] pump #797000 (host=0) -- discovery is answered only from here
[dplay] pump #797500 (host=0) -- discovery is answered only from here
[dplay] pump #798000 (host=0) -- discovery is answered only from here
[dplay] pump #798500 (host=0) -- discovery is answered only from here
[dplay] pump #799000 (host=0) -- discovery is answered only from here
[dplay] pump #799500 (host=0) -- discovery is answered only from here
[dplay] pump #800000 (host=0) -- discovery is answered only from here
[dplay] pump #800500 (host=0) -- discovery is answered only from here
[dplay] pump #801000 (host=0) -- discovery is answered only from here
[dplay] pump #801500 (host=0) -- discovery is answered only from here
[dplay] pump #802000 (host=0) -- discovery is answered only from here
[dplay] pump #802500 (host=0) -- discovery is answered only from here
[dplay] pump #803000 (host=0) -- discovery is answered only from here
[dplay] pump #803500 (host=0) -- discovery is answered only from here
[dplay] pump #804000 (host=0) -- discovery is answered only from here
[dplay] pump #804500 (host=0) -- discovery is answered only from here
[dplay] pump #805000 (host=0) -- discovery is answered only from here
[dplay] pump #805500 (host=0) -- discovery is answered only from here
[dplay] pump #806000 (host=0) -- discovery is answered only from here
[dplay] pump #806500 (host=0) -- discovery is answered only from here
[dplay] pump #807000 (host=0) -- discovery is answered only from here
[dplay] pump #807500 (host=0) -- discovery is answered only from here
[dplay] pump #808000 (host=0) -- discovery is answered only from here
[dplay] pump #808500 (host=0) -- discovery is answered only from here
[dplay] pump #809000 (host=0) -- discovery is answered only from here
[dplay] pump #809500 (host=0) -- discovery is answered only from here
[dplay] pump #810000 (host=0) -- discovery is answered only from here
[dplay] pump #810500 (host=0) -- discovery is answered only from here
[dplay] pump #811000 (host=0) -- discovery is answered only from here
[dplay] pump #811500 (host=0) -- discovery is answered only from here
[dplay] pump #812000 (host=0) -- discovery is answered only from here
[dplay] pump #812500 (host=0) -- discovery is answered only from here
[dplay] pump #813000 (host=0) -- discovery is answered only from here
[dplay] pump #813500 (host=0) -- discovery is answered only from here
[dplay] pump #814000 (host=0) -- discovery is answered only from here
[dplay] pump #814500 (host=0) -- discovery is answered only from here
[dplay] pump #815000 (host=0) -- discovery is answered only from here
[dplay] pump #815500 (host=0) -- discovery is answered only from here
[dplay] pump #816000 (host=0) -- discovery is answered only from here
[dplay] pump #816500 (host=0) -- discovery is answered only from here
[dplay] pump #817000 (host=0) -- discovery is answered only from here
[dplay] pump #817500 (host=0) -- discovery is answered only from here
[dplay] pump #818000 (host=0) -- discovery is answered only from here
[dplay] pump #818500 (host=0) -- discovery is answered only from here
[dplay] pump #819000 (host=0) -- discovery is answered only from here
[dplay] pump #819500 (host=0) -- discovery is answered only from here
[dplay] pump #820000 (host=0) -- discovery is answered only from here
[dplay] pump #820500 (host=0) -- discovery is answered only from here
[dplay] pump #821000 (host=0) -- discovery is answered only from here
[dplay] pump #821500 (host=0) -- discovery is answered only from here
[dplay] pump #822000 (host=0) -- discovery is answered only from here
[dplay] pump #822500 (host=0) -- discovery is answered only from here
[dplay] pump #823000 (host=0) -- discovery is answered only from here
[dplay] pump #823500 (host=0) -- discovery is answered only from here
[dplay] pump #824000 (host=0) -- discovery is answered only from here
[dplay] pump #824500 (host=0) -- discovery is answered only from here
[dplay] pump #825000 (host=0) -- discovery is answered only from here
[dplay] pump #825500 (host=0) -- discovery is answered only from here
[dplay] pump #826000 (host=0) -- discovery is answered only from here
[dplay] pump #826500 (host=0) -- discovery is answered only from here
[dplay] pump #827000 (host=0) -- discovery is answered only from here
[dplay] pump #827500 (host=0) -- discovery is answered only from here
[dplay] pump #828000 (host=0) -- discovery is answered only from here
[dplay] pump #828500 (host=0) -- discovery is answered only from here
[dplay] received 14 data bytes from pid 3
[dplay] received 5 data bytes from pid 1
[dplay] Send 14 bytes pid 4 -> 1 (ok)
[dplay] pump #829000 (host=0) -- discovery is answered only from here
[dplay] pump #829500 (host=0) -- discovery is answered only from here
[dplay] pump #830000 (host=0) -- discovery is answered only from here
[dplay] pump #830500 (host=0) -- discovery is answered only from here
[dplay] pump #831000 (host=0) -- discovery is answered only from here
[dplay] pump #831500 (host=0) -- discovery is answered only from here
[dplay] pump #832000 (host=0) -- discovery is answered only from here
[dplay] pump #832500 (host=0) -- discovery is answered only from here
[dplay] pump #833000 (host=0) -- discovery is answered only from here
[dplay] pump #833500 (host=0) -- discovery is answered only from here
[dplay] pump #834000 (host=0) -- discovery is answered only from here
[dplay] pump #834500 (host=0) -- discovery is answered only from here
[dplay] pump #835000 (host=0) -- discovery is answered only from here
[dplay] pump #835500 (host=0) -- discovery is answered only from here
[dplay] pump #836000 (host=0) -- discovery is answered only from here
[dplay] pump #836500 (host=0) -- discovery is answered only from here
[dplay] pump #837000 (host=0) -- discovery is answered only from here
[dplay] pump #837500 (host=0) -- discovery is answered only from here
[dplay] pump #838000 (host=0) -- discovery is answered only from here
[dplay] pump #838500 (host=0) -- discovery is answered only from here
[dplay] pump #839000 (host=0) -- discovery is answered only from here
[dplay] pump #839500 (host=0) -- discovery is answered only from here
[dplay] pump #840000 (host=0) -- discovery is answered only from here
[dplay] pump #840500 (host=0) -- discovery is answered only from here
[dplay] pump #841000 (host=0) -- discovery is answered only from here
[dplay] pump #841500 (host=0) -- discovery is answered only from here
[dplay] pump #842000 (host=0) -- discovery is answered only from here
[dplay] pump #842500 (host=0) -- discovery is answered only from here
[dplay] pump #843000 (host=0) -- discovery is answered only from here
[dplay] pump #843500 (host=0) -- discovery is answered only from here
[dplay] pump #844000 (host=0) -- discovery is answered only from here
[dplay] pump #844500 (host=0) -- discovery is answered only from here
[dplay] pump #845000 (host=0) -- discovery is answered only from here
[dplay] pump #845500 (host=0) -- discovery is answered only from here
[dplay] pump #846000 (host=0) -- discovery is answered only from here
[dplay] pump #846500 (host=0) -- discovery is answered only from here
[dplay] pump #847000 (host=0) -- discovery is answered only from here
[dplay] pump #847500 (host=0) -- discovery is answered only from here
[dplay] pump #848000 (host=0) -- discovery is answered only from here
[dplay] pump #848500 (host=0) -- discovery is answered only from here
[dplay] pump #849000 (host=0) -- discovery is answered only from here
[dplay] pump #849500 (host=0) -- discovery is answered only from here
[dplay] pump #850000 (host=0) -- discovery is answered only from here
[dplay] pump #850500 (host=0) -- discovery is answered only from here
[dplay] pump #851000 (host=0) -- discovery is answered only from here
[dplay] pump #851500 (host=0) -- discovery is answered only from here
[dplay] pump #852000 (host=0) -- discovery is answered only from here
[dplay] pump #852500 (host=0) -- discovery is answered only from here
[dplay] pump #853000 (host=0) -- discovery is answered only from here
[dplay] pump #853500 (host=0) -- discovery is answered only from here
[dplay] pump #854000 (host=0) -- discovery is answered only from here
[dplay] pump #854500 (host=0) -- discovery is answered only from here
[dplay] pump #855000 (host=0) -- discovery is answered only from here
[dplay] pump #855500 (host=0) -- discovery is answered only from here
[dplay] pump #856000 (host=0) -- discovery is answered only from here
[dplay] pump #856500 (host=0) -- discovery is answered only from here
[dplay] pump #857000 (host=0) -- discovery is answered only from here
[dplay] pump #857500 (host=0) -- discovery is answered only from here
[dplay] pump #858000 (host=0) -- discovery is answered only from here
[dplay] pump #858500 (host=0) -- discovery is answered only from here
[dplay] pump #859000 (host=0) -- discovery is answered only from here
[dplay] pump #859500 (host=0) -- discovery is answered only from here
[dplay] pump #860000 (host=0) -- discovery is answered only from here
[dplay] pump #860500 (host=0) -- discovery is answered only from here
[dplay] pump #861000 (host=0) -- discovery is answered only from here
[dplay] pump #861500 (host=0) -- discovery is answered only from here
[dplay] pump #862000 (host=0) -- discovery is answered only from here
[dplay] pump #862500 (host=0) -- discovery is answered only from here
[dplay] pump #863000 (host=0) -- discovery is answered only from here
[dplay] pump #863500 (host=0) -- discovery is answered only from here
[dplay] pump #864000 (host=0) -- discovery is answered only from here
[dplay] pump #864500 (host=0) -- discovery is answered only from here
[dplay] pump #865000 (host=0) -- discovery is answered only from here
[dplay] pump #865500 (host=0) -- discovery is answered only from here
[dplay] pump #866000 (host=0) -- discovery is answered only from here
[dplay] pump #866500 (host=0) -- discovery is answered only from here
[dplay] pump #867000 (host=0) -- discovery is answered only from here
[dplay] pump #867500 (host=0) -- discovery is answered only from here
[dplay] pump #868000 (host=0) -- discovery is answered only from here
[dplay] pump #868500 (host=0) -- discovery is answered only from here
[dplay] pump #869000 (host=0) -- discovery is answered only from here
[dplay] pump #869500 (host=0) -- discovery is answered only from here
[dplay] pump #870000 (host=0) -- discovery is answered only from here
[dplay] pump #870500 (host=0) -- discovery is answered only from here
[dplay] pump #871000 (host=0) -- discovery is answered only from here
[dplay] pump #871500 (host=0) -- discovery is answered only from here
[dplay] pump #872000 (host=0) -- discovery is answered only from here
[dplay] pump #872500 (host=0) -- discovery is answered only from here
[dplay] pump #873000 (host=0) -- discovery is answered only from here
[dplay] pump #873500 (host=0) -- discovery is answered only from here
[dplay] pump #874000 (host=0) -- discovery is answered only from here
[dplay] pump #874500 (host=0) -- discovery is answered only from here
[dplay] pump #875000 (host=0) -- discovery is answered only from here
[dplay] pump #875500 (host=0) -- discovery is answered only from here
[dplay] pump #876000 (host=0) -- discovery is answered only from here
[dplay] pump #876500 (host=0) -- discovery is answered only from here
[dplay] pump #877000 (host=0) -- discovery is answered only from here
[dplay] pump #877500 (host=0) -- discovery is answered only from here
[dplay] pump #878000 (host=0) -- discovery is answered only from here
[dplay] pump #878500 (host=0) -- discovery is answered only from here
[dplay] pump #879000 (host=0) -- discovery is answered only from here
[dplay] pump #879500 (host=0) -- discovery is answered only from here
[dplay] pump #880000 (host=0) -- discovery is answered only from here
[dplay] pump #880500 (host=0) -- discovery is answered only from here
[dplay] pump #881000 (host=0) -- discovery is answered only from here
[dplay] pump #881500 (host=0) -- discovery is answered only from here
[dplay] pump #882000 (host=0) -- discovery is answered only from here
[dplay] pump #882500 (host=0) -- discovery is answered only from here
[dplay] pump #883000 (host=0) -- discovery is answered only from here
[dplay] pump #883500 (host=0) -- discovery is answered only from here
[dplay] pump #884000 (host=0) -- discovery is answered only from here
[dplay] pump #884500 (host=0) -- discovery is answered only from here
[dplay] pump #885000 (host=0) -- discovery is answered only from here
[dplay] pump #885500 (host=0) -- discovery is answered only from here
[dplay] pump #886000 (host=0) -- discovery is answered only from here
[dplay] pump #886500 (host=0) -- discovery is answered only from here
[dplay] pump #887000 (host=0) -- discovery is answered only from here
[dplay] pump #887500 (host=0) -- discovery is answered only from here
[dplay] pump #888000 (host=0) -- discovery is answered only from here
[dplay] pump #888500 (host=0) -- discovery is answered only from here
[dplay] pump #889000 (host=0) -- discovery is answered only from here
[dplay] pump #889500 (host=0) -- discovery is answered only from here
[dplay] pump #890000 (host=0) -- discovery is answered only from here
[dplay] pump #890500 (host=0) -- discovery is answered only from here
[dplay] pump #891000 (host=0) -- discovery is answered only from here
[dplay] pump #891500 (host=0) -- discovery is answered only from here
[dplay] pump #892000 (host=0) -- discovery is answered only from here
[dplay] pump #892500 (host=0) -- discovery is answered only from here
[dplay] pump #893000 (host=0) -- discovery is answered only from here
[dplay] pump #893500 (host=0) -- discovery is answered only from here
[dplay] pump #894000 (host=0) -- discovery is answered only from here
[dplay] pump #894500 (host=0) -- discovery is answered only from here
[dplay] pump #895000 (host=0) -- discovery is answered only from here
[dplay] pump #895500 (host=0) -- discovery is answered only from here
[dplay] pump #896000 (host=0) -- discovery is answered only from here
[dplay] pump #896500 (host=0) -- discovery is answered only from here
[dplay] pump #897000 (host=0) -- discovery is answered only from here
[dplay] received 14 data bytes from pid 3
[dplay] received 5 data bytes from pid 1
[dplay] Send 14 bytes pid 4 -> 1 (ok)
[dplay] pump #897500 (host=0) -- discovery is answered only from here
[dplay] pump #898000 (host=0) -- discovery is answered only from here
[dplay] pump #898500 (host=0) -- discovery is answered only from here
[dplay] pump #899000 (host=0) -- discovery is answered only from here
[dplay] pump #899500 (host=0) -- discovery is answered only from here
[dplay] pump #900000 (host=0) -- discovery is answered only from here
[dplay] pump #900500 (host=0) -- discovery is answered only from here
[dplay] pump #901000 (host=0) -- discovery is answered only from here
[dplay] pump #901500 (host=0) -- discovery is answered only from here
[dplay] pump #902000 (host=0) -- discovery is answered only from here
[dplay] pump #902500 (host=0) -- discovery is answered only from here
[dplay] pump #903000 (host=0) -- discovery is answered only from here
[dplay] pump #903500 (host=0) -- discovery is answered only from here
[dplay] pump #904000 (host=0) -- discovery is answered only from here
[dplay] pump #904500 (host=0) -- discovery is answered only from here
[dplay] pump #905000 (host=0) -- discovery is answered only from here
[dplay] pump #905500 (host=0) -- discovery is answered only from here
[dplay] pump #906000 (host=0) -- discovery is answered only from here
[dplay] pump #906500 (host=0) -- discovery is answered only from here
[dplay] pump #907000 (host=0) -- discovery is answered only from here
[dplay] pump #907500 (host=0) -- discovery is answered only from here
[dplay] pump #908000 (host=0) -- discovery is answered only from here
[dplay] pump #908500 (host=0) -- discovery is answered only from here
[dplay] pump #909000 (host=0) -- discovery is answered only from here
[dplay] pump #909500 (host=0) -- discovery is answered only from here
[dplay] pump #910000 (host=0) -- discovery is answered only from here
[dplay] pump #910500 (host=0) -- discovery is answered only from here
[dplay] pump #911000 (host=0) -- discovery is answered only from here
[dplay] pump #911500 (host=0) -- discovery is answered only from here
[dplay] pump #912000 (host=0) -- discovery is answered only from here
[dplay] pump #912500 (host=0) -- discovery is answered only from here
[dplay] pump #913000 (host=0) -- discovery is answered only from here
[dplay] pump #913500 (host=0) -- discovery is answered only from here
[dplay] pump #914000 (host=0) -- discovery is answered only from here
[dplay] pump #914500 (host=0) -- discovery is answered only from here
[dplay] pump #915000 (host=0) -- discovery is answered only from here
[dplay] pump #915500 (host=0) -- discovery is answered only from here
[dplay] pump #916000 (host=0) -- discovery is answered only from here
[dplay] pump #916500 (host=0) -- discovery is answered only from here
[dplay] pump #917000 (host=0) -- discovery is answered only from here
[dplay] pump #917500 (host=0) -- discovery is answered only from here
[dplay] pump #918000 (host=0) -- discovery is answered only from here
[dplay] pump #918500 (host=0) -- discovery is answered only from here
[dplay] pump #919000 (host=0) -- discovery is answered only from here
[dplay] pump #919500 (host=0) -- discovery is answered only from here
[dplay] pump #920000 (host=0) -- discovery is answered only from here
[dplay] pump #920500 (host=0) -- discovery is answered only from here
[dplay] pump #921000 (host=0) -- discovery is answered only from here
[dplay] pump #921500 (host=0) -- discovery is answered only from here
[dplay] pump #922000 (host=0) -- discovery is answered only from here
[dplay] pump #922500 (host=0) -- discovery is answered only from here
[dplay] pump #923000 (host=0) -- discovery is answered only from here
[dplay] pump #923500 (host=0) -- discovery is answered only from here
[dplay] pump #924000 (host=0) -- discovery is answered only from here
[dplay] pump #924500 (host=0) -- discovery is answered only from here
[dplay] pump #925000 (host=0) -- discovery is answered only from here
[dplay] pump #925500 (host=0) -- discovery is answered only from here
[dplay] pump #926000 (host=0) -- discovery is answered only from here
[dplay] pump #926500 (host=0) -- discovery is answered only from here
[dplay] pump #927000 (host=0) -- discovery is answered only from here
[dplay] pump #927500 (host=0) -- discovery is answered only from here
[dplay] pump #928000 (host=0) -- discovery is answered only from here
[dplay] pump #928500 (host=0) -- discovery is answered only from here
[dplay] pump #929000 (host=0) -- discovery is answered only from here
[dplay] pump #929500 (host=0) -- discovery is answered only from here
[dplay] pump #930000 (host=0) -- discovery is answered only from here
[dplay] pump #930500 (host=0) -- discovery is answered only from here
[dplay] pump #931000 (host=0) -- discovery is answered only from here
[dplay] pump #931500 (host=0) -- discovery is answered only from here
[dplay] pump #932000 (host=0) -- discovery is answered only from here
[dplay] pump #932500 (host=0) -- discovery is answered only from here
[dplay] pump #933000 (host=0) -- discovery is answered only from here
[dplay] pump #933500 (host=0) -- discovery is answered only from here
[dplay] pump #934000 (host=0) -- discovery is answered only from here
[dplay] pump #934500 (host=0) -- discovery is answered only from here
[dplay] pump #935000 (host=0) -- discovery is answered only from here
[dplay] pump #935500 (host=0) -- discovery is answered only from here
[dplay] pump #936000 (host=0) -- discovery is answered only from here
[dplay] pump #936500 (host=0) -- discovery is answered only from here
[dplay] pump #937000 (host=0) -- discovery is answered only from here
[dplay] pump #937500 (host=0) -- discovery is answered only from here
[dplay] pump #938000 (host=0) -- discovery is answered only from here
[dplay] pump #938500 (host=0) -- discovery is answered only from here
[dplay] pump #939000 (host=0) -- discovery is answered only from here
[dplay] pump #939500 (host=0) -- discovery is answered only from here
[dplay] pump #940000 (host=0) -- discovery is answered only from here
[dplay] pump #940500 (host=0) -- discovery is answered only from here
[dplay] pump #941000 (host=0) -- discovery is answered only from here
[dplay] pump #941500 (host=0) -- discovery is answered only from here
[dplay] pump #942000 (host=0) -- discovery is answered only from here
[dplay] pump #942500 (host=0) -- discovery is answered only from here
[dplay] pump #943000 (host=0) -- discovery is answered only from here
[dplay] pump #943500 (host=0) -- discovery is answered only from here
[dplay] pump #944000 (host=0) -- discovery is answered only from here
[dplay] pump #944500 (host=0) -- discovery is answered only from here
[dplay] pump #945000 (host=0) -- discovery is answered only from here
[dplay] pump #945500 (host=0) -- discovery is answered only from here
[dplay] pump #946000 (host=0) -- discovery is answered only from here
[dplay] pump #946500 (host=0) -- discovery is answered only from here
[dplay] pump #947000 (host=0) -- discovery is answered only from here
[dplay] pump #947500 (host=0) -- discovery is answered only from here
[dplay] pump #948000 (host=0) -- discovery is answered only from here
[dplay] pump #948500 (host=0) -- discovery is answered only from here
[dplay] pump #949000 (host=0) -- discovery is answered only from here
[dplay] pump #949500 (host=0) -- discovery is answered only from here
[dplay] pump #950000 (host=0) -- discovery is answered only from here
[dplay] pump #950500 (host=0) -- discovery is answered only from here
[dplay] pump #951000 (host=0) -- discovery is answered only from here
[dplay] pump #951500 (host=0) -- discovery is answered only from here
[dplay] pump #952000 (host=0) -- discovery is answered only from here
[dplay] pump #952500 (host=0) -- discovery is answered only from here
[dplay] pump #953000 (host=0) -- discovery is answered only from here
[dplay] pump #953500 (host=0) -- discovery is answered only from here
[dplay] pump #954000 (host=0) -- discovery is answered only from here
[dplay] pump #954500 (host=0) -- discovery is answered only from here
[dplay] pump #955000 (host=0) -- discovery is answered only from here
[dplay] pump #955500 (host=0) -- discovery is answered only from here
[dplay] pump #956000 (host=0) -- discovery is answered only from here
[dplay] pump #956500 (host=0) -- discovery is answered only from here
[dplay] pump #957000 (host=0) -- discovery is answered only from here
[dplay] pump #957500 (host=0) -- discovery is answered only from here
[dplay] pump #958000 (host=0) -- discovery is answered only from here
[dplay] pump #958500 (host=0) -- discovery is answered only from here
[dplay] pump #959000 (host=0) -- discovery is answered only from here
[dplay] pump #959500 (host=0) -- discovery is answered only from here
[dplay] pump #960000 (host=0) -- discovery is answered only from here
[dplay] pump #960500 (host=0) -- discovery is answered only from here
[dplay] pump #961000 (host=0) -- discovery is answered only from here
[dplay] pump #961500 (host=0) -- discovery is answered only from here
[dplay] pump #962000 (host=0) -- discovery is answered only from here
[dplay] pump #962500 (host=0) -- discovery is answered only from here
[dplay] pump #963000 (host=0) -- discovery is answered only from here
[dplay] received 14 data bytes from pid 3
[dplay] received 5 data bytes from pid 1
[dplay] Send 14 bytes pid 4 -> 1 (ok)
[dplay] pump #963500 (host=0) -- discovery is answered only from here
[dplay] pump #964000 (host=0) -- discovery is answered only from here
[dplay] pump #964500 (host=0) -- discovery is answered only from here
[dplay] pump #965000 (host=0) -- discovery is answered only from here
[dplay] pump #965500 (host=0) -- discovery is answered only from here
[dplay] pump #966000 (host=0) -- discovery is answered only from here
[dplay] pump #966500 (host=0) -- discovery is answered only from here
[dplay] pump #967000 (host=0) -- discovery is answered only from here
[dplay] pump #967500 (host=0) -- discovery is answered only from here
[dplay] pump #968000 (host=0) -- discovery is answered only from here
[dplay] pump #968500 (host=0) -- discovery is answered only from here
[dplay] pump #969000 (host=0) -- discovery is answered only from here
[dplay] pump #969500 (host=0) -- discovery is answered only from here
[dplay] pump #970000 (host=0) -- discovery is answered only from here
[dplay] pump #970500 (host=0) -- discovery is answered only from here
[dplay] pump #971000 (host=0) -- discovery is answered only from here
[dplay] pump #971500 (host=0) -- discovery is answered only from here
[dplay] pump #972000 (host=0) -- discovery is answered only from here
[dplay] pump #972500 (host=0) -- discovery is answered only from here
[dplay] pump #973000 (host=0) -- discovery is answered only from here
[dplay] pump #973500 (host=0) -- discovery is answered only from here
[dplay] pump #974000 (host=0) -- discovery is answered only from here
[dplay] pump #974500 (host=0) -- discovery is answered only from here
[dplay] pump #975000 (host=0) -- discovery is answered only from here
[dplay] pump #975500 (host=0) -- discovery is answered only from here
[dplay] pump #976000 (host=0) -- discovery is answered only from here
[dplay] pump #976500 (host=0) -- discovery is answered only from here
[dplay] pump #977000 (host=0) -- discovery is answered only from here
[dplay] pump #977500 (host=0) -- discovery is answered only from here
[dplay] pump #978000 (host=0) -- discovery is answered only from here
[dplay] pump #978500 (host=0) -- discovery is answered only from here
[dplay] pump #979000 (host=0) -- discovery is answered only from here
[dplay] pump #979500 (host=0) -- discovery is answered only from here
[dplay] pump #980000 (host=0) -- discovery is answered only from here
[dplay] received 33 data bytes from pid 1
[dplay] received 14 data bytes from pid 3
[dplay] Send 14 bytes pid 4 -> 1 (ok)
[dplay] pump #980500 (host=0) -- discovery is answered only from here
[dplay] pump #981000 (host=0) -- discovery is answered only from here
[dplay] pump #981500 (host=0) -- discovery is answered only from here
[dplay] pump #982000 (host=0) -- discovery is answered only from here
[dplay] pump #982500 (host=0) -- discovery is answered only from here
[dplay] pump #983000 (host=0) -- discovery is answered only from here
[dplay] pump #983500 (host=0) -- discovery is answered only from here
[dplay] pump #984000 (host=0) -- discovery is answered only from here
[dplay] pump #984500 (host=0) -- discovery is answered only from here
[dplay] pump #985000 (host=0) -- discovery is answered only from here
[dplay] pump #985500 (host=0) -- discovery is answered only from here
[dplay] pump #986000 (host=0) -- discovery is answered only from here
[dplay] pump #986500 (host=0) -- discovery is answered only from here
[dplay] pump #987000 (host=0) -- discovery is answered only from here
[dplay] pump #987500 (host=0) -- discovery is answered only from here
[dplay] pump #988000 (host=0) -- discovery is answered only from here
[dplay] pump #988500 (host=0) -- discovery is answered only from here
[dplay] pump #989000 (host=0) -- discovery is answered only from here
[dplay] pump #989500 (host=0) -- discovery is answered only from here
[dplay] pump #990000 (host=0) -- discovery is answered only from here
[dplay] pump #990500 (host=0) -- discovery is answered only from here
[dplay] pump #991000 (host=0) -- discovery is answered only from here
[dplay] pump #991500 (host=0) -- discovery is answered only from here
[dplay] pump #992000 (host=0) -- discovery is answered only from here
[dplay] pump #992500 (host=0) -- discovery is answered only from here
[dplay] pump #993000 (host=0) -- discovery is answered only from here
[dplay] pump #993500 (host=0) -- discovery is answered only from here
[dplay] pump #994000 (host=0) -- discovery is answered only from here
[dplay] pump #994500 (host=0) -- discovery is answered only from here
[dplay] pump #995000 (host=0) -- discovery is answered only from here
[dplay] pump #995500 (host=0) -- discovery is answered only from here
[dplay] pump #996000 (host=0) -- discovery is answered only from here
[dplay] pump #996500 (host=0) -- discovery is answered only from here
[dplay] pump #997000 (host=0) -- discovery is answered only from here
[dplay] pump #997500 (host=0) -- discovery is answered only from here
[dplay] received 33 data bytes from pid 1
[dplay] received 14 data bytes from pid 3
[dplay] Send 14 bytes pid 4 -> 1 (ok)
[agg] GATE2 num=0 CurrPlayers=2  aggCount=9 myFrame=10  IDCodes: 196 196 194 194 194 194 194 194  (INITPACK=195)
[dplay] pump #998000 (host=0) -- discovery is answered only from here
[dplay] pump #998500 (host=0) -- discovery is answered only from here
[dplay] pump #999000 (host=0) -- discovery is answered only from here
[dplay] pump #999500 (host=0) -- discovery is answered only from here
[dplay] pump #1000000 (host=0) -- discovery is answered only from here
[dplay] pump #1000500 (host=0) -- discovery is answered only from here
[dplay] pump #1001000 (host=0) -- discovery is answered only from here
[dplay] pump #1001500 (host=0) -- discovery is answered only from here
[dplay] pump #1002000 (host=0) -- discovery is answered only from here
[dplay] pump #1002500 (host=0) -- discovery is answered only from here
[dplay] pump #1003000 (host=0) -- discovery is answered only from here
[dplay] pump #1003500 (host=0) -- discovery is answered only from here
[dplay] pump #1004000 (host=0) -- discovery is answered only from here
[dplay] pump #1004500 (host=0) -- discovery is answered only from here
[dplay] pump #1005000 (host=0) -- discovery is answered only from here
[dplay] pump #1005500 (host=0) -- discovery is answered only from here
[dplay] pump #1006000 (host=0) -- discovery is answered only from here
[dplay] pump #1006500 (host=0) -- discovery is answered only from here
[dplay] pump #1007000 (host=0) -- discovery is answered only from here
[dplay] pump #1007500 (host=0) -- discovery is answered only from here
[dplay] pump #1008000 (host=0) -- discovery is answered only from here
[dplay] pump #1008500 (host=0) -- discovery is answered only from here
[dplay] pump #1009000 (host=0) -- discovery is answered only from here
[dplay] pump #1009500 (host=0) -- discovery is answered only from here
[dplay] pump #1010000 (host=0) -- discovery is answered only from here
[dplay] pump #1010500 (host=0) -- discovery is answered only from here
[dplay] pump #1011000 (host=0) -- discovery is answered only from here
[dplay] pump #1011500 (host=0) -- discovery is answered only from here
[dplay] pump #1012000 (host=0) -- discovery is answered only from here
[dplay] pump #1012500 (host=0) -- discovery is answered only from here
[dplay] pump #1013000 (host=0) -- discovery is answered only from here
[dplay] pump #1013500 (host=0) -- discovery is answered only from here
[dplay] pump #1014000 (host=0) -- discovery is answered only from here
[dplay] pump #1014500 (host=0) -- discovery is answered only from here
[dplay] pump #1015000 (host=0) -- discovery is answered only from here
[dplay] received 14 data bytes from pid 3
[dplay] received 33 data bytes from pid 1
[dplay] Send 14 bytes pid 4 -> 1 (ok)
[paused] 1 -> 0  caller=0x83b09ca
[moveloop] iter=600 -> waiting on SEMAPHORE
[moveloop] iter=600 -> got semaphore, waiting on MUTEX
[movestep] cycle=600 paused=0 num=1
[dplay] received 33 data bytes from pid 1
[dplay] Send 14 bytes pid 4 -> 1 (ok)
[dplay] received 14 data bytes from pid 3
[dplay] received 33 data bytes from pid 1
[agg] StaticTimeProc 50/s  impl=1 host=0 running=1 resync=0 served=0  -> AggregatorGetPackets 0/s
[dplay] Send 14 bytes pid 4 -> 1 (ok)
[agg] sent-to-agg/s dummy=9 init=2 other=3 (last other IDCode=207)  Count=13 FrameCount=14 synched=1 csync=1 res=0
[dplay] received 14 data bytes from pid 3
[dplay] received 33 data bytes from pid 1
[agg] drained/s:  WINMOVE.CPP:4941 from=3 to=1 len=14 x3  WINMOVE.CPP:4150 from=3 to=1 len=14 x14  WINMOVE.CPP:4150 from=1 to=2 len=5 x8  WINMOVE.CPP:4941 from=1 to=2 len=33 x6  WINMOVE.CPP:4150 from=1 to=2 len=33 x2  WINMOVE.CPP:4346 from=3 to=1 len=14 x3  WINMOVE.CPP:4346 from=1 to=2 len=33 x4  WINMOVE.CPP:3895 from=3 to=1 len=14 x1  WINMOVE.CPP:3895 from=3 to=0 len=12 x1  WINMOVE.CPP:3895 from=3 to=2 len=81 x2
[dplay] Send 14 bytes pid 4 -> 1 (ok)
[dplay] received 14 data bytes from pid 3
[dplay] received 33 data bytes from pid 1
[mfctimer] fire #13000 wnd=0x98c9456 id=2378
[dplay] Send 14 bytes pid 4 -> 1 (ok)
[dplay] received 14 data bytes from pid 3
[dplay] received 33 data bytes from pid 1
[dplay] Send 14 bytes pid 4 -> 1 (ok)
[dplay] received 14 data bytes from pid 3
[dplay] received 33 data bytes from pid 1
[dplay] Send 14 bytes pid 4 -> 1 (ok)
[dplay] received 14 data bytes from pid 3
[dplay] received 33 data bytes from pid 1
[dplay] Send 14 bytes pid 4 -> 1 (ok)
[dplay] received 14 data bytes from pid 3
[dplay] received 33 data bytes from pid 1
[dplay] Send 14 bytes pid 4 -> 1 (ok)
[dplay] received 14 data bytes from pid 3
[dplay] received 33 data bytes from pid 1
[dplay] Send 14 bytes pid 4 -> 1 (ok)
[dplay] received 14 data bytes from pid 3
[dplay] received 33 data bytes from pid 1
[dplay] Send 14 bytes pid 4 -> 1 (ok)
[dplay] received 14 data bytes from pid 3
[dplay] received 33 data bytes from pid 1
[dplay] Send 14 bytes pid 4 -> 1 (ok)
[dplay] received 14 data bytes from pid 3
[dplay] received 33 data bytes from pid 1
[dplay] Send 14 bytes pid 4 -> 1 (ok)
[dplay] received 14 data bytes from pid 3
[dplay] received 33 data bytes from pid 1
[moveloop] iter=650 -> waiting on SEMAPHORE
[moveloop] iter=650 -> got semaphore, waiting on MUTEX
[dplay] Send 14 bytes pid 4 -> 1 (ok)
[dplay] received 14 data bytes from pid 3
[dplay] received 33 data bytes from pid 1
[dplay] Send 14 bytes pid 4 -> 1 (ok)
[dplay] received 14 data bytes from pid 3
[dplay] received 33 data bytes from pid 1
[agg] drained/s:  WINMOVE.CPP:4941 from=3 to=1 len=14 x12  WINMOVE.CPP:4941 from=1 to=2 len=33 x24
[agg] StaticTimeProc 49/s  impl=1 host=0 running=1 resync=0 served=0  -> AggregatorGetPackets 0/s
[dplay] Send 14 bytes pid 4 -> 1 (ok)
[agg] sent-to-agg/s dummy=0 init=0 other=13 (last other IDCode=207)  Count=26 FrameCount=27 synched=1 csync=1 res=0
[dplay] received 14 data bytes from pid 3
[dplay] received 33 data bytes from pid 1
[dplay] Send 14 bytes pid 4 -> 1 (ok)
[dplay] received 14 data bytes from pid 3
[dplay] received 33 data bytes from pid 1
[dplay] Send 14 bytes pid 4 -> 1 (ok)
[dplay] received 14 data bytes from pid 3
[dplay] received 33 data bytes from pid 1
[dplay] Send 14 bytes pid 4 -> 1 (ok)
[dplay] received 14 data bytes from pid 3
[dplay] received 33 data bytes from pid 1
[dplay] Send 14 bytes pid 4 -> 1 (ok)
[dplay] received 14 data bytes from pid 3
[dplay] received 33 data bytes from pid 1
[dplay] Send 14 bytes pid 4 -> 1 (ok)
[dplay] received 14 data bytes from pid 3
[dplay] received 33 data bytes from pid 1
[dplay] Send 14 bytes pid 4 -> 1 (ok)
[dplay] received 14 data bytes from pid 3
[dplay] received 33 data bytes from pid 1
[accnt] aircraft in this world: now=8 MAX=8 visible=2 dead=6 (frame sample #1)
[dplay] Send 14 bytes pid 4 -> 1 (ok)
[dplay] received 14 data bytes from pid 3
[dplay] received 33 data bytes from pid 1
[dplay] Send 14 bytes pid 4 -> 1 (ok)
[mfctimer] fire #13500 wnd=0x98c9456 id=2378
[dplay] received 14 data bytes from pid 3
[dplay] received 33 data bytes from pid 1
[dplay] Send 14 bytes pid 4 -> 1 (ok)
[dplay] received 14 data bytes from pid 3
[dplay] received 33 data bytes from pid 1
[dplay] Send 14 bytes pid 4 -> 1 (ok)
[moveloop] iter=700 -> waiting on SEMAPHORE
[moveloop] iter=700 -> got semaphore, waiting on MUTEX
[dplay] received 14 data bytes from pid 3
[dplay] received 33 data bytes from pid 1
[timeproc] tick=8500 instances=1 currinst=0xab4b5a0
[dplay] Send 14 bytes pid 4 -> 1 (ok)
[dplay] received 14 data bytes from pid 3
[dplay] received 33 data bytes from pid 1
[agg] StaticTimeProc 49/s  impl=1 host=0 running=1 resync=0 served=0  -> AggregatorGetPackets 0/s
[dplay] Send 14 bytes pid 4 -> 1 (ok)
[agg] sent-to-agg/s dummy=0 init=0 other=12 (last other IDCode=207)  Count=38 FrameCount=39 synched=1 csync=1 res=0
[dplay] received 14 data bytes from pid 3
[dplay] received 33 data bytes from pid 1
[agg] drained/s:  WINMOVE.CPP:4941 from=3 to=1 len=14 x13  WINMOVE.CPP:4941 from=1 to=2 len=33 x26
[dplay] Send 14 bytes pid 4 -> 1 (ok)
[dplay] received 14 data bytes from pid 3
[dplay] received 33 data bytes from pid 1
[dplay] Send 14 bytes pid 4 -> 1 (ok)
[dplay] received 14 data bytes from pid 3
[dplay] received 33 data bytes from pid 1
[dplay] Send 14 bytes pid 4 -> 1 (ok)
[dplay] received 14 data bytes from pid 3
[dplay] received 33 data bytes from pid 1
[dplay] Send 14 bytes pid 4 -> 1 (ok)
[dplay] received 14 data bytes from pid 3
[dplay] received 33 data bytes from pid 1
[dplay] Send 14 bytes pid 4 -> 1 (ok)
[dplay] received 14 data bytes from pid 3
[dplay] received 33 data bytes from pid 1
[dplay] Send 14 bytes pid 4 -> 1 (ok)
[dplay] received 14 data bytes from pid 3
[dplay] received 33 data bytes from pid 1
[dplay] Send 14 bytes pid 4 -> 1 (ok)
[dplay] received 14 data bytes from pid 3
[dplay] received 33 data bytes from pid 1
[dplay] Send 14 bytes pid 4 -> 1 (ok)
[dplay] received 14 data bytes from pid 3
[dplay] received 33 data bytes from pid 1
[dplay] Send 14 bytes pid 4 -> 1 (ok)
[dplay] received 14 data bytes from pid 3
[dplay] received 33 data bytes from pid 1
[dplay] Send 14 bytes pid 4 -> 1 (ok)
[dplay] received 14 data bytes from pid 3
[dplay] received 33 data bytes from pid 1
[moveloop] iter=750 -> waiting on SEMAPHORE
[moveloop] iter=750 -> got semaphore, waiting on MUTEX
[movegate] cycle=750 timeout=0 accelcountdown=1 accel=0
[movestep] cycle=750 paused=0 num=1
[dplay] Send 14 bytes pid 4 -> 1 (ok)
[dplay] received 14 data bytes from pid 3
[dplay] received 33 data bytes from pid 1
[dplay] Send 14 bytes pid 4 -> 1 (ok)
[dplay] received 14 data bytes from pid 3
[dplay] received 33 data bytes from pid 1
[agg] drained/s:  WINMOVE.CPP:4941 from=3 to=1 len=14 x12  WINMOVE.CPP:4941 from=1 to=2 len=33 x24
[agg] StaticTimeProc 49/s  impl=1 host=0 running=1 resync=0 served=0  -> AggregatorGetPackets 0/s
[dplay] Send 14 bytes pid 4 -> 1 (ok)
[agg] sent-to-agg/s dummy=0 init=0 other=13 (last other IDCode=207)  Count=51 FrameCount=52 synched=1 csync=1 res=0
[dplay] received 14 data bytes from pid 3
[dplay] received 33 data bytes from pid 1
[dplay] Send 14 bytes pid 4 -> 1 (ok)
[dplay] received 14 data bytes from pid 3
[dplay] received 33 data bytes from pid 1
[dplay] Send 14 bytes pid 4 -> 1 (ok)
[dplay] received 14 data bytes from pid 3
[mfctimer] fire #14000 wnd=0x98c9456 id=2378
[dplay] received 33 data bytes from pid 1
[dplay] Send 14 bytes pid 4 -> 1 (ok)
[dplay] received 14 data bytes from pid 3
[dplay] received 33 data bytes from pid 1
[dplay] Send 14 bytes pid 4 -> 1 (ok)
[dplay] received 14 data bytes from pid 3
[dplay] received 33 data bytes from pid 1
[dplay] Send 14 bytes pid 4 -> 1 (ok)
[dplay] received 14 data bytes from pid 3
[dplay] received 33 data bytes from pid 1
[dplay] Send 14 bytes pid 4 -> 1 (ok)
[dplay] received 14 data bytes from pid 3
[dplay] received 33 data bytes from pid 1
[dplay] Send 14 bytes pid 4 -> 1 (ok)
[dplay] received 14 data bytes from pid 3
[dplay] received 33 data bytes from pid 1
[dplay] Send 14 bytes pid 4 -> 1 (ok)
[dplay] received 14 data bytes from pid 3
[dplay] received 33 data bytes from pid 1
[dplay] Send 14 bytes pid 4 -> 1 (ok)
[dplay] received 14 data bytes from pid 3
[dplay] received 33 data bytes from pid 1
[dplay] Send 14 bytes pid 4 -> 1 (ok)
[moveloop] iter=800 -> waiting on SEMAPHORE
[moveloop] iter=800 -> got semaphore, waiting on MUTEX
[dplay] received 14 data bytes from pid 3
[dplay] received 33 data bytes from pid 1
[dplay] Send 14 bytes pid 4 -> 1 (ok)
[dplay] received 14 data bytes from pid 3
[dplay] received 33 data bytes from pid 1
[agg] StaticTimeProc 49/s  impl=1 host=0 running=1 resync=0 served=0  -> AggregatorGetPackets 0/s
[dplay] Send 14 bytes pid 4 -> 1 (ok)
[agg] sent-to-agg/s dummy=0 init=0 other=12 (last other IDCode=207)  Count=63 FrameCount=64 synched=1 csync=1 res=0
[dplay] received 14 data bytes from pid 3
[dplay] received 33 data bytes from pid 1
[agg] drained/s:  WINMOVE.CPP:4941 from=3 to=1 len=14 x13  WINMOVE.CPP:4941 from=1 to=2 len=33 x26
[dplay] Send 14 bytes pid 4 -> 1 (ok)
[dplay] received 14 data bytes from pid 3
[dplay] received 33 data bytes from pid 1
[dplay] Send 14 bytes pid 4 -> 1 (ok)
[dplay] received 14 data bytes from pid 3
[dplay] received 33 data bytes from pid 1
[dplay] Send 14 bytes pid 4 -> 1 (ok)
[dplay] received 14 data bytes from pid 3
[dplay] received 33 data bytes from pid 1
[dplay] Send 14 bytes pid 4 -> 1 (ok)
[dplay] received 14 data bytes from pid 3
[dplay] received 33 data bytes from pid 1
[dplay] pump #1015500 (host=0) -- discovery is answered only from here
[dplay] received 14 data bytes from pid 3
[dplay] Send 14 bytes pid 4 -> 1 (ok)
[dplay] received 33 data bytes from pid 1
[dplay] Send 14 bytes pid 4 -> 1 (ok)
[dplay] received 14 data bytes from pid 3
[dplay] received 33 data bytes from pid 1
[dplay] Send 14 bytes pid 4 -> 1 (ok)
[dplay] received 14 data bytes from pid 3
[dplay] received 33 data bytes from pid 1
[dplay] Send 14 bytes pid 4 -> 1 (ok)
[dplay] received 14 data bytes from pid 3
[dplay] received 33 data bytes from pid 1
[dplay] Send 14 bytes pid 4 -> 1 (ok)
[dplay] received 14 data bytes from pid 3
[dplay] received 33 data bytes from pid 1
[mfctimer] fire #14500 wnd=0x98c9456 id=2378
[dplay] Send 14 bytes pid 4 -> 1 (ok)
[dplay] received 14 data bytes from pid 3
[dplay] received 33 data bytes from pid 1
[moveloop] iter=850 -> waiting on SEMAPHORE
[moveloop] iter=850 -> got semaphore, waiting on MUTEX
[dplay] Send 14 bytes pid 4 -> 1 (ok)
[dplay] received 14 data bytes from pid 3
[dplay] received 33 data bytes from pid 1
[dplay] Send 14 bytes pid 4 -> 1 (ok)
[dplay] received 14 data bytes from pid 3
[dplay] received 33 data bytes from pid 1
[agg] drained/s:  WINMOVE.CPP:4941 from=3 to=1 len=14 x12  WINMOVE.CPP:4941 from=1 to=2 len=33 x24
[agg] StaticTimeProc 50/s  impl=1 host=0 running=1 resync=0 served=0  -> AggregatorGetPackets 0/s
[dplay] Send 14 bytes pid 4 -> 1 (ok)
[agg] sent-to-agg/s dummy=0 init=0 other=13 (last other IDCode=207)  Count=76 FrameCount=77 synched=1 csync=1 res=0
[dplay] received 14 data bytes from pid 3
[dplay] received 33 data bytes from pid 1
[dplay] Send 14 bytes pid 4 -> 1 (ok)
[dplay] received 14 data bytes from pid 3
[dplay] received 33 data bytes from pid 1
[dplay] Send 14 bytes pid 4 -> 1 (ok)
[dplay] received 14 data bytes from pid 3
[dplay] received 33 data bytes from pid 1
[dplay] Send 14 bytes pid 4 -> 1 (ok)
[dplay] received 14 data bytes from pid 3
[dplay] received 33 data bytes from pid 1
[dplay] Send 14 bytes pid 4 -> 1 (ok)
[dplay] received 14 data bytes from pid 3
[dplay] received 33 data bytes from pid 1
[dplay] Send 14 bytes pid 4 -> 1 (ok)
[dplay] received 14 data bytes from pid 3
[dplay] received 33 data bytes from pid 1
[dplay] Send 14 bytes pid 4 -> 1 (ok)
[dplay] received 14 data bytes from pid 3
[dplay] received 33 data bytes from pid 1
[dplay] Send 14 bytes pid 4 -> 1 (ok)
[dplay] received 14 data bytes from pid 3
[dplay] received 33 data bytes from pid 1
[dplay] Send 14 bytes pid 4 -> 1 (ok)
[dplay] received 14 data bytes from pid 3
[dplay] received 33 data bytes from pid 1
[dplay] Send 14 bytes pid 4 -> 1 (ok)
[dplay] received 14 data bytes from pid 3
[dplay] received 33 data bytes from pid 1
[dplay] Send 14 bytes pid 4 -> 1 (ok)
[moveloop] iter=900 -> waiting on SEMAPHORE
[moveloop] iter=900 -> got semaphore, waiting on MUTEX
[dplay] received 14 data bytes from pid 3
[dplay] received 33 data bytes from pid 1
[dplay] Send 14 bytes pid 4 -> 1 (ok)
[dplay] received 14 data bytes from pid 3
[dplay] received 33 data bytes from pid 1
[agg] StaticTimeProc 49/s  impl=1 host=0 running=1 resync=0 served=0  -> AggregatorGetPackets 0/s
[dplay] Send 14 bytes pid 4 -> 1 (ok)
[agg] sent-to-agg/s dummy=0 init=0 other=12 (last other IDCode=207)  Count=88 FrameCount=89 synched=1 csync=1 res=0
[dplay] received 14 data bytes from pid 3
[dplay] received 33 data bytes from pid 1
[agg] drained/s:  WINMOVE.CPP:4941 from=3 to=1 len=14 x13  WINMOVE.CPP:4941 from=1 to=2 len=33 x26
[dplay] Send 14 bytes pid 4 -> 1 (ok)
[dplay] received 14 data bytes from pid 3
[dplay] received 33 data bytes from pid 1
[dplay] Send 14 bytes pid 4 -> 1 (ok)
[dplay] received 14 data bytes from pid 3
[dplay] received 33 data bytes from pid 1
[dplay] Send 14 bytes pid 4 -> 1 (ok)
[dplay] received 14 data bytes from pid 3
[dplay] received 33 data bytes from pid 1
[dplay] Send 14 bytes pid 4 -> 1 (ok)
[dplay] received 14 data bytes from pid 3
[dplay] received 33 data bytes from pid 1
[mfctimer] fire #15000 wnd=0x98c9456 id=2378
[dplay] Send 14 bytes pid 4 -> 1 (ok)
[dplay] received 14 data bytes from pid 3
[dplay] received 33 data bytes from pid 1
[dplay] Send 14 bytes pid 4 -> 1 (ok)
[dplay] received 14 data bytes from pid 3
[dplay] received 33 data bytes from pid 1
[dplay] Send 14 bytes pid 4 -> 1 (ok)
[dplay] received 14 data bytes from pid 3
[dplay] received 33 data bytes from pid 1
[dplay] Send 14 bytes pid 4 -> 1 (ok)
[dplay] received 14 data bytes from pid 3
[dplay] received 33 data bytes from pid 1
[dplay] Send 14 bytes pid 4 -> 1 (ok)
[dplay] received 14 data bytes from pid 3
[dplay] received 33 data bytes from pid 1
[dplay] Send 14 bytes pid 4 -> 1 (ok)
[dplay] received 14 data bytes from pid 3
[dplay] received 33 data bytes from pid 1
[moveloop] iter=950 -> waiting on SEMAPHORE
[moveloop] iter=950 -> got semaphore, waiting on MUTEX
[dplay] Send 14 bytes pid 4 -> 1 (ok)
[dplay] received 14 data bytes from pid 3
[dplay] received 33 data bytes from pid 1
[dplay] Send 14 bytes pid 4 -> 1 (ok)
[dplay] received 14 data bytes from pid 3
[dplay] received 33 data bytes from pid 1
[agg] drained/s:  WINMOVE.CPP:4941 from=3 to=1 len=14 x12  WINMOVE.CPP:4941 from=1 to=2 len=33 x24
[agg] StaticTimeProc 49/s  impl=1 host=0 running=1 resync=0 served=0  -> AggregatorGetPackets 0/s
[timeproc] tick=8750 instances=1 currinst=0xab4b5a0
[dplay] Send 14 bytes pid 4 -> 1 (ok)
[agg] sent-to-agg/s dummy=0 init=0 other=13 (last other IDCode=207)  Count=101 FrameCount=102 synched=1 csync=1 res=0
[dplay] received 14 data bytes from pid 3
[dplay] received 33 data bytes from pid 1
[dplay] Send 14 bytes pid 4 -> 1 (ok)
[dplay] received 14 data bytes from pid 3
[dplay] received 33 data bytes from pid 1
[dplay] Send 14 bytes pid 4 -> 1 (ok)
[dplay] received 14 data bytes from pid 3
[dplay] received 33 data bytes from pid 1
[dplay] Send 14 bytes pid 4 -> 1 (ok)
[dplay] received 14 data bytes from pid 3
[dplay] received 33 data bytes from pid 1
[dplay] Send 14 bytes pid 4 -> 1 (ok)
[dplay] received 14 data bytes from pid 3
[dplay] received 33 data bytes from pid 1
[dplay] Send 14 bytes pid 4 -> 1 (ok)
[dplay] received 14 data bytes from pid 3
[dplay] received 33 data bytes from pid 1
[dplay] Send 14 bytes pid 4 -> 1 (ok)
[dplay] received 14 data bytes from pid 3
[dplay] received 33 data bytes from pid 1
[dplay] Send 14 bytes pid 4 -> 1 (ok)
[dplay] received 14 data bytes from pid 3
[dplay] received 33 data bytes from pid 1
[dplay] Send 14 bytes pid 4 -> 1 (ok)
[dplay] received 14 data bytes from pid 3
[dplay] received 33 data bytes from pid 1
[dplay] Send 14 bytes pid 4 -> 1 (ok)
[dplay] received 14 data bytes from pid 3
[dplay] received 33 data bytes from pid 1
[dplay] Send 14 bytes pid 4 -> 1 (ok)
[moveloop] iter=1000 -> waiting on SEMAPHORE
[moveloop] iter=1000 -> got semaphore, waiting on MUTEX
[movegate] cycle=1000 timeout=0 accelcountdown=1 accel=0
[movestep] cycle=1000 paused=0 num=1
[dplay] received 14 data bytes from pid 3
[dplay] received 33 data bytes from pid 1
[mfctimer] fire #15500 wnd=0x98c9456 id=2378
[dplay] Send 14 bytes pid 4 -> 1 (ok)
[dplay] received 14 data bytes from pid 3
[dplay] received 33 data bytes from pid 1
[agg] StaticTimeProc 49/s  impl=1 host=0 running=1 resync=0 served=0  -> AggregatorGetPackets 0/s
[dplay] Send 14 bytes pid 4 -> 1 (ok)
[agg] sent-to-agg/s dummy=0 init=0 other=12 (last other IDCode=207)  Count=113 FrameCount=114 synched=1 csync=1 res=0
[dplay] received 14 data bytes from pid 3
[dplay] received 33 data bytes from pid 1
[agg] drained/s:  WINMOVE.CPP:4941 from=3 to=1 len=14 x13  WINMOVE.CPP:4941 from=1 to=2 len=33 x26
[dplay] Send 14 bytes pid 4 -> 1 (ok)
[dplay] received 14 data bytes from pid 3
[dplay] received 33 data bytes from pid 1
[dplay] Send 14 bytes pid 4 -> 1 (ok)
[dplay] received 14 data bytes from pid 3
[dplay] received 33 data bytes from pid 1
[dplay] Send 14 bytes pid 4 -> 1 (ok)
[dplay] received 14 data bytes from pid 3
[dplay] received 33 data bytes from pid 1
[dplay] Send 14 bytes pid 4 -> 1 (ok)
[dplay] received 14 data bytes from pid 3
[dplay] received 33 data bytes from pid 1
[dplay] Send 14 bytes pid 4 -> 1 (ok)
[dplay] received 14 data bytes from pid 3
[dplay] received 33 data bytes from pid 1
[dplay] Send 14 bytes pid 4 -> 1 (ok)
[dplay] received 14 data bytes from pid 3
[dplay] received 33 data bytes from pid 1
[dplay] Send 14 bytes pid 4 -> 1 (ok)
[dplay] received 14 data bytes from pid 3
[dplay] received 33 data bytes from pid 1
[dplay] Send 14 bytes pid 4 -> 1 (ok)
[dplay] received 14 data bytes from pid 3
[dplay] received 33 data bytes from pid 1
[dplay] Send 14 bytes pid 4 -> 1 (ok)
[dplay] received 14 data bytes from pid 3
[dplay] received 33 data bytes from pid 1
[dplay] Send 14 bytes pid 4 -> 1 (ok)
[dplay] received 14 data bytes from pid 3
[dplay] received 33 data bytes from pid 1
[hatbtn] dwData=0xffffffff base=292 pressing=8 -> raw -1
[moveloop] iter=1050 -> waiting on SEMAPHORE
[moveloop] iter=1050 -> got semaphore, waiting on MUTEX
[dplay] Send 14 bytes pid 4 -> 1 (ok)
[dplay] received 14 data bytes from pid 3
[dplay] received 33 data bytes from pid 1
[dplay] Send 14 bytes pid 4 -> 1 (ok)
[agg] StaticTimeProc 49/s  impl=1 host=0 running=1 resync=0 served=0  -> AggregatorGetPackets 0/s
[dplay] received 14 data bytes from pid 3
[dplay] received 33 data bytes from pid 1
[agg] drained/s:  WINMOVE.CPP:4941 from=3 to=1 len=14 x12  WINMOVE.CPP:4941 from=1 to=2 len=33 x24
[dplay] Send 14 bytes pid 4 -> 1 (ok)
[agg] sent-to-agg/s dummy=0 init=0 other=13 (last other IDCode=207)  Count=126 FrameCount=127 synched=1 csync=1 res=0
[dplay] received 14 data bytes from pid 3
[dplay] received 33 data bytes from pid 1
[dplay] Send 14 bytes pid 4 -> 1 (ok)
[dplay] received 14 data bytes from pid 3
[dplay] received 33 data bytes from pid 1
[dplay] Send 14 bytes pid 4 -> 1 (ok)
[dplay] received 14 data bytes from pid 3
[dplay] received 33 data bytes from pid 1
[dplay] Send 14 bytes pid 4 -> 1 (ok)
[dplay] received 14 data bytes from pid 3
[dplay] received 33 data bytes from pid 1
[dplay] Send 14 bytes pid 4 -> 1 (ok)
[dplay] received 14 data bytes from pid 3
[dplay] received 33 data bytes from pid 1
[dplay] Send 14 bytes pid 4 -> 1 (ok)
[mfctimer] fire #16000 wnd=0x98c9456 id=2378
[dplay] received 14 data bytes from pid 3
[dplay] received 33 data bytes from pid 1
[dplay] Send 14 bytes pid 4 -> 1 (ok)
[dplay] received 14 data bytes from pid 3
[dplay] received 33 data bytes from pid 1
[dplay] Send 14 bytes pid 4 -> 1 (ok)
[dplay] received 14 data bytes from pid 3
[dplay] received 33 data bytes from pid 1
[dplay] Send 14 bytes pid 4 -> 1 (ok)
[dplay] received 14 data bytes from pid 3
[dplay] received 33 data bytes from pid 1
[dplay] Send 14 bytes pid 4 -> 1 (ok)
[dplay] received 14 data bytes from pid 3
[dplay] received 33 data bytes from pid 1
[dplay] Send 14 bytes pid 4 -> 1 (ok)
[moveloop] iter=1100 -> waiting on SEMAPHORE
[moveloop] iter=1100 -> got semaphore, waiting on MUTEX
[dplay] received 14 data bytes from pid 3
[dplay] received 33 data bytes from pid 1
[dplay] Send 14 bytes pid 4 -> 1 (ok)
[dplay] received 14 data bytes from pid 3
[dplay] received 33 data bytes from pid 1
[agg] StaticTimeProc 50/s  impl=1 host=0 running=1 resync=0 served=0  -> AggregatorGetPackets 0/s
[dplay] Send 14 bytes pid 4 -> 1 (ok)
[agg] sent-to-agg/s dummy=0 init=0 other=12 (last other IDCode=207)  Count=138 FrameCount=139 synched=1 csync=1 res=0
[dplay] received 14 data bytes from pid 3
[dplay] received 33 data bytes from pid 1
[agg] drained/s:  WINMOVE.CPP:4941 from=3 to=1 len=14 x13  WINMOVE.CPP:4941 from=1 to=2 len=33 x26
[dplay] pump #1016000 (host=0) -- discovery is answered only from here
[dplay] Send 14 bytes pid 4 -> 1 (ok)
[dplay] received 14 data bytes from pid 3
[dplay] received 33 data bytes from pid 1
[dplay] Send 14 bytes pid 4 -> 1 (ok)
[dplay] received 14 data bytes from pid 3
[dplay] received 33 data bytes from pid 1
[dplay] Send 14 bytes pid 4 -> 1 (ok)
[dplay] received 14 data bytes from pid 3
[dplay] received 33 data bytes from pid 1
[dplay] Send 14 bytes pid 4 -> 1 (ok)
[dplay] received 14 data bytes from pid 3
[dplay] received 33 data bytes from pid 1
[dplay] Send 14 bytes pid 4 -> 1 (ok)
[dplay] received 14 data bytes from pid 3
[dplay] received 33 data bytes from pid 1
[dplay] Send 14 bytes pid 4 -> 1 (ok)
[dplay] received 14 data bytes from pid 3
[dplay] received 33 data bytes from pid 1
[dplay] Send 14 bytes pid 4 -> 1 (ok)
[dplay] received 14 data bytes from pid 3
[dplay] received 33 data bytes from pid 1
[dplay] Send 14 bytes pid 4 -> 1 (ok)
[dplay] received 14 data bytes from pid 3
[dplay] received 33 data bytes from pid 1
[dplay] Send 14 bytes pid 4 -> 1 (ok)
[dplay] received 14 data bytes from pid 3
[dplay] received 33 data bytes from pid 1
[dplay] Send 14 bytes pid 4 -> 1 (ok)
[dplay] received 14 data bytes from pid 3
[dplay] received 33 data bytes from pid 1
[moveloop] iter=1150 -> waiting on SEMAPHORE
[moveloop] iter=1150 -> got semaphore, waiting on MUTEX
[dplay] Send 14 bytes pid 4 -> 1 (ok)
[dplay] received 14 data bytes from pid 3
[dplay] received 33 data bytes from pid 1
[dplay] Send 14 bytes pid 4 -> 1 (ok)
[dplay] received 14 data bytes from pid 3
[dplay] received 33 data bytes from pid 1
[agg] drained/s:  WINMOVE.CPP:4941 from=3 to=1 len=14 x12  WINMOVE.CPP:4941 from=1 to=2 len=33 x24
[agg] StaticTimeProc 49/s  impl=1 host=0 running=1 resync=0 served=0  -> AggregatorGetPackets 0/s
[mfctimer] fire #16500 wnd=0x98c9456 id=2378
[dplay] Send 14 bytes pid 4 -> 1 (ok)
[agg] sent-to-agg/s dummy=0 init=0 other=13 (last other IDCode=207)  Count=151 FrameCount=152 synched=1 csync=1 res=0
[dplay] received 14 data bytes from pid 3
[dplay] received 33 data bytes from pid 1
[dplay] Send 14 bytes pid 4 -> 1 (ok)
[dplay] received 14 data bytes from pid 3
[dplay] received 33 data bytes from pid 1
[dplay] Send 14 bytes pid 4 -> 1 (ok)
[dplay] received 14 data bytes from pid 3
[dplay] received 33 data bytes from pid 1
[dplay] Send 14 bytes pid 4 -> 1 (ok)
[dplay] received 14 data bytes from pid 3
[dplay] received 33 data bytes from pid 1
[dplay] Send 14 bytes pid 4 -> 1 (ok)
[dplay] received 14 data bytes from pid 3
[dplay] received 33 data bytes from pid 1
[dplay] Send 14 bytes pid 4 -> 1 (ok)
[dplay] received 14 data bytes from pid 3
[dplay] received 33 data bytes from pid 1
[dplay] Send 14 bytes pid 4 -> 1 (ok)
[dplay] received 14 data bytes from pid 3
[dplay] received 33 data bytes from pid 1
[dplay] Send 14 bytes pid 4 -> 1 (ok)
[dplay] received 14 data bytes from pid 3
[dplay] received 33 data bytes from pid 1
[dplay] Send 14 bytes pid 4 -> 1 (ok)
[dplay] received 14 data bytes from pid 3
[dplay] received 33 data bytes from pid 1
[dplay] Send 14 bytes pid 4 -> 1 (ok)
[dplay] received 14 data bytes from pid 3
[dplay] received 33 data bytes from pid 1
[dplay] Send 14 bytes pid 4 -> 1 (ok)
[moveloop] iter=1200 -> waiting on SEMAPHORE
[moveloop] iter=1200 -> got semaphore, waiting on MUTEX
[dplay] received 14 data bytes from pid 3
[dplay] received 33 data bytes from pid 1
[dplay] Send 14 bytes pid 4 -> 1 (ok)
[dplay] received 14 data bytes from pid 3
[dplay] received 33 data bytes from pid 1
[agg] StaticTimeProc 49/s  impl=1 host=0 running=1 resync=0 served=0  -> AggregatorGetPackets 0/s
[dplay] Send 14 bytes pid 4 -> 1 (ok)
[agg] sent-to-agg/s dummy=0 init=0 other=12 (last other IDCode=207)  Count=163 FrameCount=164 synched=1 csync=1 res=0
[dplay] received 14 data bytes from pid 3
[dplay] received 33 data bytes from pid 1
[agg] drained/s:  WINMOVE.CPP:4941 from=3 to=1 len=14 x13  WINMOVE.CPP:4941 from=1 to=2 len=33 x26
[timeproc] tick=9000 instances=1 currinst=0xab4b5a0
[dplay] Send 14 bytes pid 4 -> 1 (ok)
[dplay] received 14 data bytes from pid 3
[dplay] received 33 data bytes from pid 1
[dplay] Send 14 bytes pid 4 -> 1 (ok)
[dplay] received 14 data bytes from pid 3
[dplay] received 33 data bytes from pid 1
[dplay] Send 14 bytes pid 4 -> 1 (ok)
[dplay] received 14 data bytes from pid 3
[dplay] received 33 data bytes from pid 1
[dplay] Send 14 bytes pid 4 -> 1 (ok)
[dplay] received 14 data bytes from pid 3
[dplay] received 33 data bytes from pid 1
[dplay] Send 14 bytes pid 4 -> 1 (ok)
[dplay] received 14 data bytes from pid 3
[dplay] received 33 data bytes from pid 1
[dplay] Send 14 bytes pid 4 -> 1 (ok)
[dplay] received 14 data bytes from pid 3
[dplay] received 33 data bytes from pid 1
[dplay] Send 14 bytes pid 4 -> 1 (ok)
[mfctimer] fire #17000 wnd=0x98c9456 id=2378
[dplay] received 14 data bytes from pid 3
[dplay] received 33 data bytes from pid 1
[dplay] Send 14 bytes pid 4 -> 1 (ok)
[dplay] received 14 data bytes from pid 3
[dplay] received 33 data bytes from pid 1
[dplay] Send 14 bytes pid 4 -> 1 (ok)
[dplay] received 14 data bytes from pid 3
[dplay] received 33 data bytes from pid 1
[dplay] Send 14 bytes pid 4 -> 1 (ok)
[dplay] received 14 data bytes from pid 3
[dplay] received 33 data bytes from pid 1
[moveloop] iter=1250 -> waiting on SEMAPHORE
[moveloop] iter=1250 -> got semaphore, waiting on MUTEX
[movegate] cycle=1250 timeout=0 accelcountdown=1 accel=0
[movestep] cycle=1250 paused=0 num=1
[dplay] Send 14 bytes pid 4 -> 1 (ok)
[dplay] received 14 data bytes from pid 3
[dplay] received 33 data bytes from pid 1
[dplay] Send 14 bytes pid 4 -> 1 (ok)
[dplay] received 14 data bytes from pid 3
[dplay] received 33 data bytes from pid 1
[agg] drained/s:  WINMOVE.CPP:4941 from=3 to=1 len=14 x12  WINMOVE.CPP:4941 from=1 to=2 len=33 x24
[agg] StaticTimeProc 50/s  impl=1 host=0 running=1 resync=0 served=0  -> AggregatorGetPackets 0/s
[dplay] Send 14 bytes pid 4 -> 1 (ok)
[agg] sent-to-agg/s dummy=0 init=0 other=13 (last other IDCode=207)  Count=176 FrameCount=177 synched=1 csync=1 res=0
[dplay] received 14 data bytes from pid 3
[dplay] received 33 data bytes from pid 1
[dplay] Send 14 bytes pid 4 -> 1 (ok)
[dplay] received 14 data bytes from pid 3
[dplay] received 33 data bytes from pid 1
[dplay] Send 14 bytes pid 4 -> 1 (ok)
[dplay] received 14 data bytes from pid 3
[dplay] received 33 data bytes from pid 1
[dplay] Send 14 bytes pid 4 -> 1 (ok)
[dplay] received 14 data bytes from pid 3
[dplay] received 33 data bytes from pid 1
[dplay] Send 14 bytes pid 4 -> 1 (ok)
[dplay] received 14 data bytes from pid 3
[dplay] received 33 data bytes from pid 1
[dplay] Send 14 bytes pid 4 -> 1 (ok)
[dplay] received 14 data bytes from pid 3
[dplay] received 33 data bytes from pid 1
[dplay] Send 14 bytes pid 4 -> 1 (ok)
[dplay] received 14 data bytes from pid 3
[dplay] received 33 data bytes from pid 1
[accnt] aircraft in this world: now=8 MAX=8 visible=2 dead=6 (frame sample #2)
[dplay] received 14 data bytes from pid 3
[dplay] Send 14 bytes pid 4 -> 1 (ok)
[dplay] received 33 data bytes from pid 1
[dplay] Send 14 bytes pid 4 -> 1 (ok)
[dplay] received 14 data bytes from pid 3
[dplay] received 33 data bytes from pid 1
[dplay] Send 14 bytes pid 4 -> 1 (ok)
[dplay] received 14 data bytes from pid 3
[dplay] received 33 data bytes from pid 1
[dplay] Send 14 bytes pid 4 -> 1 (ok)
[moveloop] iter=1300 -> waiting on SEMAPHORE
[moveloop] iter=1300 -> got semaphore, waiting on MUTEX
[dplay] received 14 data bytes from pid 3
[dplay] received 33 data bytes from pid 1
[dplay] Send 14 bytes pid 4 -> 1 (ok)
[dplay] received 14 data bytes from pid 3
[dplay] received 33 data bytes from pid 1
[agg] StaticTimeProc 49/s  impl=1 host=0 running=1 resync=0 served=0  -> AggregatorGetPackets 0/s
[dplay] Send 14 bytes pid 4 -> 1 (ok)
[agg] sent-to-agg/s dummy=0 init=0 other=12 (last other IDCode=207)  Count=188 FrameCount=189 synched=1 csync=1 res=0
[dplay] received 14 data bytes from pid 3
[dplay] received 33 data bytes from pid 1
[agg] drained/s:  WINMOVE.CPP:4941 from=3 to=1 len=14 x13  WINMOVE.CPP:4941 from=1 to=2 len=33 x26
[dplay] Send 14 bytes pid 4 -> 1 (ok)
[dplay] received 14 data bytes from pid 3
[dplay] received 33 data bytes from pid 1
[mfctimer] fire #17500 wnd=0x98c9456 id=2378
[dplay] Send 14 bytes pid 4 -> 1 (ok)
[dplay] received 14 data bytes from pid 3
[dplay] received 33 data bytes from pid 1
[dplay] Send 14 bytes pid 4 -> 1 (ok)
[dplay] received 14 data bytes from pid 3
[dplay] received 33 data bytes from pid 1
[dplay] Send 14 bytes pid 4 -> 1 (ok)
[dplay] received 14 data bytes from pid 3
[dplay] received 33 data bytes from pid 1
[dplay] Send 14 bytes pid 4 -> 1 (ok)
[dplay] received 14 data bytes from pid 3
[dplay] received 33 data bytes from pid 1
[dplay] Send 14 bytes pid 4 -> 1 (ok)
[dplay] received 14 data bytes from pid 3
[dplay] received 33 data bytes from pid 1
[dplay] Send 14 bytes pid 4 -> 1 (ok)
[dplay] received 14 data bytes from pid 3
[dplay] received 33 data bytes from pid 1
[dplay] Send 14 bytes pid 4 -> 1 (ok)
[dplay] received 14 data bytes from pid 3
[dplay] received 33 data bytes from pid 1
[dplay] Send 14 bytes pid 4 -> 1 (ok)
[dplay] received 14 data bytes from pid 3
[dplay] received 33 data bytes from pid 1
[dplay] Send 14 bytes pid 4 -> 1 (ok)
[dplay] received 14 data bytes from pid 3
[dplay] received 33 data bytes from pid 1
[moveloop] iter=1350 -> waiting on SEMAPHORE
[moveloop] iter=1350 -> got semaphore, waiting on MUTEX
[dplay] Send 14 bytes pid 4 -> 1 (ok)
[dplay] received 14 data bytes from pid 3
[dplay] received 33 data bytes from pid 1
[dplay] Send 14 bytes pid 4 -> 1 (ok)
[dplay] received 14 data bytes from pid 3
[agg] drained/s:  WINMOVE.CPP:4941 from=3 to=1 len=14 x12  WINMOVE.CPP:4941 from=1 to=2 len=33 x24
[agg] StaticTimeProc 49/s  impl=1 host=0 running=1 resync=0 served=0  -> AggregatorGetPackets 0/s
[dplay] received 33 data bytes from pid 1
[dplay] Send 14 bytes pid 4 -> 1 (ok)
[agg] sent-to-agg/s dummy=0 init=0 other=13 (last other IDCode=207)  Count=201 FrameCount=202 synched=1 csync=1 res=0
[dplay] received 14 data bytes from pid 3
[dplay] received 33 data bytes from pid 1
[dplay] Send 14 bytes pid 4 -> 1 (ok)
[dplay] received 14 data bytes from pid 3
[dplay] received 33 data bytes from pid 1
[dplay] Send 14 bytes pid 4 -> 1 (ok)
[dplay] received 14 data bytes from pid 3
[dplay] received 33 data bytes from pid 1
[dplay] Send 14 bytes pid 4 -> 1 (ok)
[dplay] received 14 data bytes from pid 3
[dplay] received 33 data bytes from pid 1
[dplay] Send 14 bytes pid 4 -> 1 (ok)
[dplay] received 14 data bytes from pid 3
[dplay] received 33 data bytes from pid 1
[dplay] Send 14 bytes pid 4 -> 1 (ok)
[dplay] received 14 data bytes from pid 3
[dplay] received 33 data bytes from pid 1
[dplay] Send 14 bytes pid 4 -> 1 (ok)
[dplay] received 14 data bytes from pid 3
[dplay] received 33 data bytes from pid 1
[dplay] Send 14 bytes pid 4 -> 1 (ok)
[dplay] received 14 data bytes from pid 3
[dplay] received 33 data bytes from pid 1
[mfctimer] fire #18000 wnd=0x98c9456 id=2378
[dplay] Send 14 bytes pid 4 -> 1 (ok)
[dplay] received 14 data bytes from pid 3
[dplay] received 33 data bytes from pid 1
[dplay] Send 14 bytes pid 4 -> 1 (ok)
[dplay] pump #1016500 (host=0) -- discovery is answered only from here
[dplay] received 14 data bytes from pid 3
[dplay] received 33 data bytes from pid 1
[dplay] Send 14 bytes pid 4 -> 1 (ok)
[moveloop] iter=1400 -> waiting on SEMAPHORE
[moveloop] iter=1400 -> got semaphore, waiting on MUTEX
[dplay] received 14 data bytes from pid 3
[dplay] received 33 data bytes from pid 1
[dplay] Send 14 bytes pid 4 -> 1 (ok)
[dplay] received 14 data bytes from pid 3
[dplay] received 33 data bytes from pid 1
[agg] StaticTimeProc 49/s  impl=1 host=0 running=1 resync=0 served=0  -> AggregatorGetPackets 0/s
[dplay] Send 14 bytes pid 4 -> 1 (ok)
[agg] sent-to-agg/s dummy=0 init=0 other=12 (last other IDCode=207)  Count=213 FrameCount=214 synched=1 csync=1 res=0
[dplay] received 14 data bytes from pid 3
[dplay] received 33 data bytes from pid 1
[agg] drained/s:  WINMOVE.CPP:4941 from=3 to=1 len=14 x13  WINMOVE.CPP:4941 from=1 to=2 len=33 x26
[dplay] Send 14 bytes pid 4 -> 1 (ok)
[dplay] received 14 data bytes from pid 3
[dplay] received 33 data bytes from pid 1
[dplay] Send 14 bytes pid 4 -> 1 (ok)
[dplay] received 14 data bytes from pid 3
[dplay] received 33 data bytes from pid 1
[dplay] Send 14 bytes pid 4 -> 1 (ok)
[dplay] received 14 data bytes from pid 3
[dplay] received 33 data bytes from pid 1
[dplay] Send 14 bytes pid 4 -> 1 (ok)
[dplay] received 14 data bytes from pid 3
[dplay] received 33 data bytes from pid 1
[dplay] Send 14 bytes pid 4 -> 1 (ok)
[dplay] received 14 data bytes from pid 3
[dplay] received 33 data bytes from pid 1
[dplay] Send 14 bytes pid 4 -> 1 (ok)
[dplay] received 14 data bytes from pid 3
[dplay] received 33 data bytes from pid 1
[dplay] Send 14 bytes pid 4 -> 1 (ok)
[dplay] received 14 data bytes from pid 3
[dplay] received 33 data bytes from pid 1
[dplay] Send 14 bytes pid 4 -> 1 (ok)
[dplay] received 14 data bytes from pid 3
[dplay] received 33 data bytes from pid 1
[dplay] Send 14 bytes pid 4 -> 1 (ok)
[dplay] received 14 data bytes from pid 3
[dplay] received 33 data bytes from pid 1
[dplay] Send 14 bytes pid 4 -> 1 (ok)
[dplay] received 14 data bytes from pid 3
[dplay] received 33 data bytes from pid 1
[moveloop] iter=1450 -> waiting on SEMAPHORE
[moveloop] iter=1450 -> got semaphore, waiting on MUTEX
[dplay] Send 14 bytes pid 4 -> 1 (ok)
[dplay] received 14 data bytes from pid 3
[dplay] received 33 data bytes from pid 1
[dplay] Send 14 bytes pid 4 -> 1 (ok)
[dplay] received 14 data bytes from pid 3
[dplay] received 33 data bytes from pid 1
[agg] drained/s:  WINMOVE.CPP:4941 from=3 to=1 len=14 x12  WINMOVE.CPP:4941 from=1 to=2 len=33 x24
[agg] StaticTimeProc 50/s  impl=1 host=0 running=1 resync=0 served=0  -> AggregatorGetPackets 0/s
[dplay] Send 14 bytes pid 4 -> 1 (ok)
[agg] sent-to-agg/s dummy=0 init=0 other=13 (last other IDCode=207)  Count=226 FrameCount=227 synched=1 csync=1 res=0
[dplay] received 14 data bytes from pid 3
[dplay] received 33 data bytes from pid 1
[dplay] Send 14 bytes pid 4 -> 1 (ok)
[timeproc] tick=9250 instances=1 currinst=0xab4b5a0
[dplay] received 14 data bytes from pid 3
[dplay] received 33 data bytes from pid 1
[dplay] Send 14 bytes pid 4 -> 1 (ok)
[dplay] received 14 data bytes from pid 3
[dplay] received 33 data bytes from pid 1
[mfctimer] fire #18500 wnd=0x98c9456 id=2378
[dplay] Send 14 bytes pid 4 -> 1 (ok)
[dplay] received 14 data bytes from pid 3
[dplay] received 33 data bytes from pid 1
[dplay] Send 14 bytes pid 4 -> 1 (ok)
[dplay] received 14 data bytes from pid 3
[dplay] received 33 data bytes from pid 1
[dplay] Send 14 bytes pid 4 -> 1 (ok)
[dplay] received 14 data bytes from pid 3
[dplay] received 33 data bytes from pid 1
[dplay] Send 14 bytes pid 4 -> 1 (ok)
[dplay] received 14 data bytes from pid 3
[dplay] received 33 data bytes from pid 1
[dplay] Send 14 bytes pid 4 -> 1 (ok)
[dplay] received 14 data bytes from pid 3
[dplay] received 33 data bytes from pid 1
[dplay] Send 14 bytes pid 4 -> 1 (ok)
[dplay] received 14 data bytes from pid 3
[dplay] received 33 data bytes from pid 1
[dplay] Send 14 bytes pid 4 -> 1 (ok)
[dplay] received 14 data bytes from pid 3
[dplay] received 33 data bytes from pid 1
[dplay] Send 14 bytes pid 4 -> 1 (ok)
[moveloop] iter=1500 -> waiting on SEMAPHORE
[moveloop] iter=1500 -> got semaphore, waiting on MUTEX
[movegate] cycle=1500 timeout=0 accelcountdown=1 accel=0
[movestep] cycle=1500 paused=0 num=1
[dplay] received 14 data bytes from pid 3
[dplay] received 33 data bytes from pid 1
[dplay] Send 14 bytes pid 4 -> 1 (ok)
[dplay] received 14 data bytes from pid 3
[dplay] received 33 data bytes from pid 1
[agg] StaticTimeProc 49/s  impl=1 host=0 running=1 resync=0 served=0  -> AggregatorGetPackets 0/s
[dplay] Send 14 bytes pid 4 -> 1 (ok)
[agg] sent-to-agg/s dummy=0 init=0 other=12 (last other IDCode=207)  Count=238 FrameCount=239 synched=1 csync=1 res=0
[dplay] received 14 data bytes from pid 3
[dplay] received 33 data bytes from pid 1
[agg] drained/s:  WINMOVE.CPP:4941 from=3 to=1 len=14 x13  WINMOVE.CPP:4941 from=1 to=2 len=33 x26
[dplay] Send 14 bytes pid 4 -> 1 (ok)
[dplay] received 14 data bytes from pid 3
[dplay] received 33 data bytes from pid 1
[dplay] Send 14 bytes pid 4 -> 1 (ok)
[dplay] received 14 data bytes from pid 3
[dplay] received 33 data bytes from pid 1
[dplay] Send 14 bytes pid 4 -> 1 (ok)
[dplay] received 14 data bytes from pid 3
[dplay] received 33 data bytes from pid 1
[dplay] Send 14 bytes pid 4 -> 1 (ok)
[dplay] received 14 data bytes from pid 3
[dplay] received 33 data bytes from pid 1
[dplay] Send 14 bytes pid 4 -> 1 (ok)
[dplay] received 14 data bytes from pid 3
[dplay] received 33 data bytes from pid 1
[dplay] Send 14 bytes pid 4 -> 1 (ok)
[dplay] received 14 data bytes from pid 3
[dplay] received 33 data bytes from pid 1
[dplay] Send 14 bytes pid 4 -> 1 (ok)
[dplay] received 14 data bytes from pid 3
[dplay] received 33 data bytes from pid 1
[dplay] Send 14 bytes pid 4 -> 1 (ok)
[dplay] received 14 data bytes from pid 3
[dplay] received 33 data bytes from pid 1
[dplay] Send 14 bytes pid 4 -> 1 (ok)
[dplay] received 14 data bytes from pid 3
[dplay] received 33 data bytes from pid 1
[mfctimer] fire #19000 wnd=0x98c9456 id=2378
[dplay] received 14 data bytes from pid 3
[dplay] Send 14 bytes pid 4 -> 1 (ok)
[dplay] received 33 data bytes from pid 1
[hatbtn] dwData=0xffffffff base=292 pressing=8 -> raw -1
[moveloop] iter=1550 -> waiting on SEMAPHORE
[moveloop] iter=1550 -> got semaphore, waiting on MUTEX
[dplay] Send 14 bytes pid 4 -> 1 (ok)
[dplay] received 14 data bytes from pid 3
[dplay] received 33 data bytes from pid 1
[dplay] Send 14 bytes pid 4 -> 1 (ok)
[agg] StaticTimeProc 49/s  impl=1 host=0 running=1 resync=0 served=0  -> AggregatorGetPackets 0/s
[dplay] received 14 data bytes from pid 3
[dplay] received 33 data bytes from pid 1
[agg] drained/s:  WINMOVE.CPP:4941 from=3 to=1 len=14 x12  WINMOVE.CPP:4941 from=1 to=2 len=33 x24
[dplay] Send 14 bytes pid 4 -> 1 (ok)
[agg] sent-to-agg/s dummy=0 init=0 other=13 (last other IDCode=207)  Count=251 FrameCount=252 synched=1 csync=1 res=0
[dplay] received 14 data bytes from pid 3
[dplay] received 33 data bytes from pid 1
[dplay] Send 14 bytes pid 4 -> 1 (ok)
[dplay] received 14 data bytes from pid 3
[dplay] received 33 data bytes from pid 1
[dplay] Send 14 bytes pid 4 -> 1 (ok)
[dplay] received 14 data bytes from pid 3
[dplay] received 33 data bytes from pid 1
[dplay] Send 14 bytes pid 4 -> 1 (ok)
[dplay] received 14 data bytes from pid 3
[dplay] received 33 data bytes from pid 1
[dplay] Send 14 bytes pid 4 -> 1 (ok)
[dplay] received 14 data bytes from pid 3
[dplay] received 33 data bytes from pid 1
[dplay] Send 14 bytes pid 4 -> 1 (ok)
[dplay] received 14 data bytes from pid 3
[dplay] received 33 data bytes from pid 1
[dplay] Send 14 bytes pid 4 -> 1 (ok)
[dplay] received 14 data bytes from pid 3
[dplay] received 33 data bytes from pid 1
[dplay] Send 14 bytes pid 4 -> 1 (ok)
[dplay] received 14 data bytes from pid 3
[dplay] received 33 data bytes from pid 1
[dplay] Send 14 bytes pid 4 -> 1 (ok)
[dplay] received 14 data bytes from pid 3
[dplay] received 33 data bytes from pid 1
[dplay] Send 14 bytes pid 4 -> 1 (ok)
[dplay] received 14 data bytes from pid 3
[dplay] received 33 data bytes from pid 1
[dplay] Send 14 bytes pid 4 -> 1 (ok)
[moveloop] iter=1600 -> waiting on SEMAPHORE
[moveloop] iter=1600 -> got semaphore, waiting on MUTEX
[dplay] received 14 data bytes from pid 3
[dplay] received 33 data bytes from pid 1
[dplay] Send 14 bytes pid 4 -> 1 (ok)
[dplay] received 14 data bytes from pid 3
[dplay] received 33 data bytes from pid 1
[agg] StaticTimeProc 49/s  impl=1 host=0 running=1 resync=0 served=0  -> AggregatorGetPackets 0/s
[dplay] Send 14 bytes pid 4 -> 1 (ok)
[agg] sent-to-agg/s dummy=0 init=0 other=12 (last other IDCode=207)  Count=7 FrameCount=8 synched=1 csync=1 res=0
[dplay] received 14 data bytes from pid 3
[dplay] received 33 data bytes from pid 1
[agg] drained/s:  WINMOVE.CPP:4941 from=3 to=1 len=14 x13  WINMOVE.CPP:4941 from=1 to=2 len=33 x26
[dplay] Send 14 bytes pid 4 -> 1 (ok)
[dplay] received 14 data bytes from pid 3
[dplay] received 33 data bytes from pid 1
[dplay] Send 14 bytes pid 4 -> 1 (ok)
[dplay] received 14 data bytes from pid 3
[dplay] received 33 data bytes from pid 1
[dplay] Send 14 bytes pid 4 -> 1 (ok)
[dplay] received 14 data bytes from pid 3
[dplay] received 33 data bytes from pid 1
[dplay] Send 14 bytes pid 4 -> 1 (ok)
[dplay] received 14 data bytes from pid 3
[dplay] received 33 data bytes from pid 1
[mfctimer] fire #19500 wnd=0x98c9456 id=2378
[dplay] Send 14 bytes pid 4 -> 1 (ok)
[dplay] received 14 data bytes from pid 3
[dplay] received 33 data bytes from pid 1
[dplay] Send 14 bytes pid 4 -> 1 (ok)
[dplay] received 14 data bytes from pid 3
[dplay] received 33 data bytes from pid 1
[dplay] Send 14 bytes pid 4 -> 1 (ok)
[dplay] received 14 data bytes from pid 3
[dplay] received 33 data bytes from pid 1
[dplay] Send 14 bytes pid 4 -> 1 (ok)
[dplay] received 14 data bytes from pid 3
[dplay] received 33 data bytes from pid 1
[dplay] Send 14 bytes pid 4 -> 1 (ok)
[dplay] received 14 data bytes from pid 3
[dplay] received 33 data bytes from pid 1
[dplay] Send 14 bytes pid 4 -> 1 (ok)
[dplay] received 14 data bytes from pid 3
[dplay] received 33 data bytes from pid 1
[moveloop] iter=1650 -> waiting on SEMAPHORE
[moveloop] iter=1650 -> got semaphore, waiting on MUTEX
[dplay] Send 14 bytes pid 4 -> 1 (ok)
[dplay] received 14 data bytes from pid 3
[dplay] received 33 data bytes from pid 1
[dplay] Send 14 bytes pid 4 -> 1 (ok)
[dplay] received 14 data bytes from pid 3
[dplay] received 33 data bytes from pid 1
[agg] drained/s:  WINMOVE.CPP:4941 from=3 to=1 len=14 x12  WINMOVE.CPP:4941 from=1 to=2 len=33 x24
[agg] StaticTimeProc 50/s  impl=1 host=0 running=1 resync=0 served=0  -> AggregatorGetPackets 0/s
[dplay] Send 14 bytes pid 4 -> 1 (ok)
[agg] sent-to-agg/s dummy=0 init=0 other=13 (last other IDCode=207)  Count=20 FrameCount=21 synched=1 csync=1 res=0
[dplay] received 14 data bytes from pid 3
[dplay] received 33 data bytes from pid 1
[dplay] Send 14 bytes pid 4 -> 1 (ok)
[dplay] received 14 data bytes from pid 3
[dplay] received 33 data bytes from pid 1
[dplay] Send 14 bytes pid 4 -> 1 (ok)
[dplay] received 14 data bytes from pid 3
[dplay] received 33 data bytes from pid 1
[dplay] Send 14 bytes pid 4 -> 1 (ok)
[dplay] received 14 data bytes from pid 3
[dplay] received 33 data bytes from pid 1
[dplay] Send 14 bytes pid 4 -> 1 (ok)
[dplay] received 14 data bytes from pid 3
[dplay] received 33 data bytes from pid 1
[dplay] Send 14 bytes pid 4 -> 1 (ok)
[dplay] received 14 data bytes from pid 3
[dplay] received 33 data bytes from pid 1
[dplay] pump #1017000 (host=0) -- discovery is answered only from here
[dplay] Send 14 bytes pid 4 -> 1 (ok)
[dplay] received 14 data bytes from pid 3
[dplay] received 33 data bytes from pid 1
[dplay] Send 14 bytes pid 4 -> 1 (ok)
[dplay] received 14 data bytes from pid 3
[dplay] received 33 data bytes from pid 1
[dplay] Send 14 bytes pid 4 -> 1 (ok)
[dplay] received 14 data bytes from pid 3
[dplay] received 33 data bytes from pid 1
[dplay] Send 14 bytes pid 4 -> 1 (ok)
[dplay] received 14 data bytes from pid 3
[dplay] received 33 data bytes from pid 1
[dplay] Send 14 bytes pid 4 -> 1 (ok)
[moveloop] iter=1700 -> waiting on SEMAPHORE
[moveloop] iter=1700 -> got semaphore, waiting on MUTEX
[dplay] received 14 data bytes from pid 3
[dplay] received 33 data bytes from pid 1
[mfctimer] fire #20000 wnd=0x98c9456 id=2378
[dplay] Send 14 bytes pid 4 -> 1 (ok)
[dplay] received 14 data bytes from pid 3
[dplay] received 33 data bytes from pid 1
[agg] StaticTimeProc 49/s  impl=1 host=0 running=1 resync=0 served=0  -> AggregatorGetPackets 0/s
[dplay] Send 14 bytes pid 4 -> 1 (ok)
[agg] sent-to-agg/s dummy=0 init=0 other=12 (last other IDCode=207)  Count=32 FrameCount=33 synched=1 csync=1 res=0
[dplay] received 14 data bytes from pid 3
[dplay] received 33 data bytes from pid 1
[agg] drained/s:  WINMOVE.CPP:4941 from=3 to=1 len=14 x13  WINMOVE.CPP:4941 from=1 to=2 len=33 x26
[dplay] Send 14 bytes pid 4 -> 1 (ok)
[dplay] received 14 data bytes from pid 3
[dplay] received 33 data bytes from pid 1
[dplay] Send 14 bytes pid 4 -> 1 (ok)
[dplay] received 14 data bytes from pid 3
[dplay] received 33 data bytes from pid 1
[timeproc] tick=9500 instances=1 currinst=0xab4b5a0
[dplay] Send 14 bytes pid 4 -> 1 (ok)
[dplay] received 14 data bytes from pid 3
[dplay] received 33 data bytes from pid 1
[dplay] Send 14 bytes pid 4 -> 1 (ok)
[dplay] received 14 data bytes from pid 3
[dplay] received 33 data bytes from pid 1
[dplay] Send 14 bytes pid 4 -> 1 (ok)
[dplay] received 14 data bytes from pid 3
[dplay] received 33 data bytes from pid 1
[dplay] Send 14 bytes pid 4 -> 1 (ok)
[dplay] received 14 data bytes from pid 3
[dplay] received 33 data bytes from pid 1
[dplay] Send 14 bytes pid 4 -> 1 (ok)
[dplay] received 14 data bytes from pid 3
[dplay] received 33 data bytes from pid 1
[dplay] Send 14 bytes pid 4 -> 1 (ok)
[dplay] received 14 data bytes from pid 3
[dplay] received 33 data bytes from pid 1
[dplay] Send 14 bytes pid 4 -> 1 (ok)
[dplay] received 14 data bytes from pid 3
[dplay] received 33 data bytes from pid 1
[dplay] Send 14 bytes pid 4 -> 1 (ok)
[dplay] received 14 data bytes from pid 3
[dplay] received 33 data bytes from pid 1
[moveloop] iter=1750 -> waiting on SEMAPHORE
[moveloop] iter=1750 -> got semaphore, waiting on MUTEX
[movegate] cycle=1750 timeout=0 accelcountdown=1 accel=0
[movestep] cycle=1750 paused=0 num=1
[dplay] Send 14 bytes pid 4 -> 1 (ok)
[dplay] received 14 data bytes from pid 3
[dplay] received 33 data bytes from pid 1
[dplay] Send 14 bytes pid 4 -> 1 (ok)
[dplay] received 14 data bytes from pid 3
[dplay] received 33 data bytes from pid 1
[agg] drained/s:  WINMOVE.CPP:4941 from=3 to=1 len=14 x12  WINMOVE.CPP:4941 from=1 to=2 len=33 x24
[agg] StaticTimeProc 49/s  impl=1 host=0 running=1 resync=0 served=0  -> AggregatorGetPackets 0/s
[dplay] Send 14 bytes pid 4 -> 1 (ok)
[agg] sent-to-agg/s dummy=0 init=0 other=13 (last other IDCode=207)  Count=45 FrameCount=46 synched=1 csync=1 res=0
[dplay] received 14 data bytes from pid 3
[dplay] received 33 data bytes from pid 1
[dplay] Send 14 bytes pid 4 -> 1 (ok)
[dplay] received 14 data bytes from pid 3
[dplay] received 33 data bytes from pid 1
[dplay] Send 14 bytes pid 4 -> 1 (ok)
[dplay] received 14 data bytes from pid 3
[dplay] received 33 data bytes from pid 1
[self] uid=3585 visible=0 dead=1
[accnt] CHANGE at call 1685: aircraft=8 MAX=8 visible=1 dead=7
[dplay] Send 14 bytes pid 4 -> 1 (ok)
[dplay] received 14 data bytes from pid 3
[dplay] received 33 data bytes from pid 1
[dplay] Send 14 bytes pid 4 -> 1 (ok)
[dplay] received 14 data bytes from pid 3
[dplay] received 33 data bytes from pid 1
[dplay] Send 14 bytes pid 4 -> 1 (ok)
[dplay] received 14 data bytes from pid 3
[dplay] received 33 data bytes from pid 1
[mfctimer] fire #20500 wnd=0x98c9456 id=2378
[peer] uid=3584 found=1 visible=1 dead=1 range=1767m
[accnt] CHANGE at call 1697: aircraft=8 MAX=8 visible=1 dead=8
[dplay] Send 14 bytes pid 4 -> 1 (ok)
[dplay] received 14 data bytes from pid 3
[dplay] received 33 data bytes from pid 1
[dplay] Send 14 bytes pid 4 -> 1 (ok)
[dplay] received 14 data bytes from pid 3
[dplay] received 33 data bytes from pid 1
[dplay] Send 14 bytes pid 4 -> 1 (ok)
[dplay] received 14 data bytes from pid 3
[dplay] received 33 data bytes from pid 1
[dplay] Send 14 bytes pid 4 -> 1 (ok)
[dplay] received 14 data bytes from pid 3
[dplay] received 33 data bytes from pid 1
[dplay] Send 14 bytes pid 4 -> 1 (ok)
[moveloop] iter=1800 -> waiting on SEMAPHORE
[moveloop] iter=1800 -> got semaphore, waiting on MUTEX
[dplay] received 14 data bytes from pid 3
[dplay] received 33 data bytes from pid 1
[self] uid=3585 visible=1 dead=1
[accnt] CHANGE at call 1717: aircraft=8 MAX=8 visible=2 dead=8
[dplay] Send 14 bytes pid 4 -> 1 (ok)
[dplay] received 14 data bytes from pid 3
[dplay] received 33 data bytes from pid 1
[peer] uid=3584 found=1 visible=0 dead=1 range=1767m
[accnt] CHANGE at call 1721: aircraft=8 MAX=8 visible=1 dead=8
[agg] StaticTimeProc 50/s  impl=1 host=0 running=1 resync=0 served=0  -> AggregatorGetPackets 0/s
[dplay] Send 14 bytes pid 4 -> 1 (ok)
[agg] sent-to-agg/s dummy=0 init=0 other=12 (last other IDCode=207)  Count=57 FrameCount=58 synched=1 csync=1 res=0
[dplay] received 14 data bytes from pid 3
[agg] drained/s:  WINMOVE.CPP:4941 from=3 to=1 len=14 x13  WINMOVE.CPP:4941 from=1 to=2 len=33 x26
[dplay] received 33 data bytes from pid 1
[peer] uid=3584 found=1 visible=1 dead=1 range=1767m
[accnt] CHANGE at call 1725: aircraft=8 MAX=8 visible=2 dead=8
[dplay] Send 14 bytes pid 4 -> 1 (ok)
[dplay] received 14 data bytes from pid 3
[dplay] received 33 data bytes from pid 1
[dplay] Send 14 bytes pid 4 -> 1 (ok)
[dplay] received 14 data bytes from pid 3
[dplay] received 33 data bytes from pid 1
[dplay] Send 14 bytes pid 4 -> 1 (ok)
[dplay] received 14 data bytes from pid 3
[dplay] received 33 data bytes from pid 1
[dplay] Send 14 bytes pid 4 -> 1 (ok)
[dplay] received 14 data bytes from pid 3
[dplay] received 33 data bytes from pid 1
[dplay] Send 14 bytes pid 4 -> 1 (ok)
[dplay] received 14 data bytes from pid 3
[dplay] received 33 data bytes from pid 1
[dplay] Send 14 bytes pid 4 -> 1 (ok)
[dplay] received 14 data bytes from pid 3
[dplay] received 33 data bytes from pid 1
[dplay] Send 14 bytes pid 4 -> 1 (ok)
[dplay] received 14 data bytes from pid 3
[dplay] received 33 data bytes from pid 1
[dplay] Send 14 bytes pid 4 -> 1 (ok)
[dplay] received 14 data bytes from pid 3
[dplay] received 33 data bytes from pid 1
[dplay] Send 14 bytes pid 4 -> 1 (ok)
[dplay] received 14 data bytes from pid 3
[dplay] received 33 data bytes from pid 1
[dplay] Send 14 bytes pid 4 -> 1 (ok)
[dplay] received 14 data bytes from pid 3
[dplay] received 33 data bytes from pid 1
[moveloop] iter=1850 -> waiting on SEMAPHORE
[moveloop] iter=1850 -> got semaphore, waiting on MUTEX
[dplay] Send 14 bytes pid 4 -> 1 (ok)
[dplay] received 14 data bytes from pid 3
[dplay] received 33 data bytes from pid 1
[dplay] Send 14 bytes pid 4 -> 1 (ok)
[dplay] received 14 data bytes from pid 3
[dplay] received 33 data bytes from pid 1
[agg] drained/s:  WINMOVE.CPP:4941 from=3 to=1 len=14 x12  WINMOVE.CPP:4941 from=1 to=2 len=33 x24
[agg] StaticTimeProc 49/s  impl=1 host=0 running=1 resync=0 served=0  -> AggregatorGetPackets 0/s
[mfctimer] fire #21000 wnd=0x98c9456 id=2378
[dplay] Send 14 bytes pid 4 -> 1 (ok)
[agg] sent-to-agg/s dummy=0 init=0 other=13 (last other IDCode=207)  Count=70 FrameCount=71 synched=1 csync=1 res=0
[dplay] received 14 data bytes from pid 3
[dplay] received 33 data bytes from pid 1
[dplay] Send 14 bytes pid 4 -> 1 (ok)
[dplay] received 14 data bytes from pid 3
[dplay] received 33 data bytes from pid 1
[dplay] Send 14 bytes pid 4 -> 1 (ok)
[dplay] received 14 data bytes from pid 3
[dplay] received 33 data bytes from pid 1
[dplay] Send 14 bytes pid 4 -> 1 (ok)
[dplay] received 14 data bytes from pid 3
[dplay] received 33 data bytes from pid 1
[dplay] Send 14 bytes pid 4 -> 1 (ok)
[dplay] received 14 data bytes from pid 3
[dplay] received 33 data bytes from pid 1
[dplay] Send 14 bytes pid 4 -> 1 (ok)
[dplay] received 14 data bytes from pid 3
[dplay] received 33 data bytes from pid 1
[dplay] Send 14 bytes pid 4 -> 1 (ok)
[dplay] received 14 data bytes from pid 3
[dplay] received 33 data bytes from pid 1
[accnt] aircraft in this world: now=8 MAX=8 visible=2 dead=8 (frame sample #3)
[dplay] Send 14 bytes pid 4 -> 1 (ok)
[dplay] received 14 data bytes from pid 3
[dplay] received 33 data bytes from pid 1
[dplay] Send 14 bytes pid 4 -> 1 (ok)
[dplay] received 14 data bytes from pid 3
[dplay] received 33 data bytes from pid 1
[dplay] Send 14 bytes pid 4 -> 1 (ok)
[dplay] received 14 data bytes from pid 3
[dplay] received 33 data bytes from pid 1
[dplay] Send 14 bytes pid 4 -> 1 (ok)
[moveloop] iter=1900 -> waiting on SEMAPHORE
[moveloop] iter=1900 -> got semaphore, waiting on MUTEX
[dplay] received 14 data bytes from pid 3
[dplay] received 33 data bytes from pid 1
[dplay] Send 14 bytes pid 4 -> 1 (ok)
[dplay] received 14 data bytes from pid 3
[dplay] received 33 data bytes from pid 1
[agg] StaticTimeProc 49/s  impl=1 host=0 running=1 resync=0 served=0  -> AggregatorGetPackets 0/s
[dplay] Send 14 bytes pid 4 -> 1 (ok)
[agg] sent-to-agg/s dummy=0 init=0 other=12 (last other IDCode=207)  Count=82 FrameCount=83 synched=1 csync=1 res=0
[dplay] received 14 data bytes from pid 3
[dplay] received 33 data bytes from pid 1
[agg] drained/s:  WINMOVE.CPP:4941 from=3 to=1 len=14 x13  WINMOVE.CPP:4941 from=1 to=2 len=33 x26
[dplay] Send 14 bytes pid 4 -> 1 (ok)
[dplay] received 14 data bytes from pid 3
[dplay] received 33 data bytes from pid 1
[dplay] Send 14 bytes pid 4 -> 1 (ok)
[dplay] received 14 data bytes from pid 3
[dplay] received 33 data bytes from pid 1
[dplay] Send 14 bytes pid 4 -> 1 (ok)
[dplay] received 14 data bytes from pid 3
[dplay] received 33 data bytes from pid 1
[dplay] Send 14 bytes pid 4 -> 1 (ok)
[dplay] received 14 data bytes from pid 3
[dplay] received 33 data bytes from pid 1
[dplay] Send 14 bytes pid 4 -> 1 (ok)
[dplay] received 14 data bytes from pid 3
[dplay] received 33 data bytes from pid 1
[dplay] Send 14 bytes pid 4 -> 1 (ok)
[dplay] received 14 data bytes from pid 3
[dplay] received 33 data bytes from pid 1
[dplay] Send 14 bytes pid 4 -> 1 (ok)
[mfctimer] fire #21500 wnd=0x98c9456 id=2378
[dplay] received 14 data bytes from pid 3
[dplay] received 33 data bytes from pid 1
[dplay] Send 14 bytes pid 4 -> 1 (ok)
[dplay] received 14 data bytes from pid 3
[dplay] received 33 data bytes from pid 1
[dplay] Send 14 bytes pid 4 -> 1 (ok)
[dplay] received 14 data bytes from pid 3
[dplay] received 33 data bytes from pid 1
[dplay] Send 14 bytes pid 4 -> 1 (ok)
[dplay] received 14 data bytes from pid 3
[dplay] received 33 data bytes from pid 1
[moveloop] iter=1950 -> waiting on SEMAPHORE
[moveloop] iter=1950 -> got semaphore, waiting on MUTEX
[dplay] Send 14 bytes pid 4 -> 1 (ok)
[dplay] received 14 data bytes from pid 3
[dplay] received 33 data bytes from pid 1
[dplay] Send 14 bytes pid 4 -> 1 (ok)
[agg] StaticTimeProc 49/s  impl=1 host=0 running=1 resync=0 served=0  -> AggregatorGetPackets 0/s
[dplay] received 14 data bytes from pid 3
[dplay] received 33 data bytes from pid 1
[agg] drained/s:  WINMOVE.CPP:4941 from=3 to=1 len=14 x12  WINMOVE.CPP:4941 from=1 to=2 len=33 x24
[dplay] Send 14 bytes pid 4 -> 1 (ok)
[agg] sent-to-agg/s dummy=0 init=0 other=13 (last other IDCode=207)  Count=95 FrameCount=96 synched=1 csync=1 res=0
[dplay] received 14 data bytes from pid 3
[dplay] received 33 data bytes from pid 1
[dplay] Send 14 bytes pid 4 -> 1 (ok)
[dplay] received 14 data bytes from pid 3
[dplay] received 33 data bytes from pid 1
[dplay] pump #1017500 (host=0) -- discovery is answered only from here
[dplay] Send 14 bytes pid 4 -> 1 (ok)
[dplay] received 14 data bytes from pid 3
[dplay] received 33 data bytes from pid 1
[dplay] Send 14 bytes pid 4 -> 1 (ok)
[timeproc] tick=9750 instances=1 currinst=0xab4b5a0
[dplay] received 14 data bytes from pid 3
[dplay] received 33 data bytes from pid 1
[dplay] Send 14 bytes pid 4 -> 1 (ok)
[dplay] received 14 data bytes from pid 3
[dplay] received 33 data bytes from pid 1
[dplay] Send 14 bytes pid 4 -> 1 (ok)
[dplay] received 14 data bytes from pid 3
[dplay] received 33 data bytes from pid 1
[dplay] Send 14 bytes pid 4 -> 1 (ok)
[dplay] received 14 data bytes from pid 3
[dplay] received 33 data bytes from pid 1
[dplay] Send 14 bytes pid 4 -> 1 (ok)
[dplay] received 14 data bytes from pid 3
[dplay] received 33 data bytes from pid 1
[dplay] Send 14 bytes pid 4 -> 1 (ok)
[dplay] received 14 data bytes from pid 3
[dplay] received 33 data bytes from pid 1
[dplay] Send 14 bytes pid 4 -> 1 (ok)
[dplay] received 14 data bytes from pid 3
[dplay] received 33 data bytes from pid 1
[dplay] Send 14 bytes pid 4 -> 1 (ok)
[moveloop] iter=2000 -> waiting on SEMAPHORE
[moveloop] iter=2000 -> got semaphore, waiting on MUTEX
[movegate] cycle=2000 timeout=0 accelcountdown=1 accel=0
[movestep] cycle=2000 paused=0 num=1
[dplay] received 14 data bytes from pid 3
[dplay] received 33 data bytes from pid 1
[dplay] Send 14 bytes pid 4 -> 1 (ok)
[dplay] received 14 data bytes from pid 3
[dplay] received 33 data bytes from pid 1
[agg] StaticTimeProc 50/s  impl=1 host=0 running=1 resync=0 served=0  -> AggregatorGetPackets 0/s
[dplay] Send 14 bytes pid 4 -> 1 (ok)
[agg] sent-to-agg/s dummy=0 init=0 other=12 (last other IDCode=207)  Count=107 FrameCount=108 synched=1 csync=1 res=0
[dplay] received 14 data bytes from pid 3
[dplay] received 33 data bytes from pid 1
[agg] drained/s:  WINMOVE.CPP:4941 from=3 to=1 len=14 x13  WINMOVE.CPP:4941 from=1 to=2 len=33 x26
[dplay] Send 14 bytes pid 4 -> 1 (ok)
[dplay] received 14 data bytes from pid 3
[dplay] received 33 data bytes from pid 1
[mfctimer] fire #22000 wnd=0x98c9456 id=2378
[dplay] Send 14 bytes pid 4 -> 1 (ok)
[dplay] received 14 data bytes from pid 3
[dplay] received 33 data bytes from pid 1
[dplay] Send 14 bytes pid 4 -> 1 (ok)
[dplay] received 14 data bytes from pid 3
[dplay] received 33 data bytes from pid 1
[self] uid=3585 visible=1 dead=0
[accnt] CHANGE at call 1938: aircraft=8 MAX=8 visible=2 dead=7
[dplay] Send 14 bytes pid 4 -> 1 (ok)
[dplay] received 14 data bytes from pid 3
[dplay] received 33 data bytes from pid 1
[dplay] Send 14 bytes pid 4 -> 1 (ok)
[dplay] received 14 data bytes from pid 3
[dplay] received 33 data bytes from pid 1
[dplay] Send 14 bytes pid 4 -> 1 (ok)
[dplay] received 14 data bytes from pid 3
[dplay] received 33 data bytes from pid 1
[dplay] Send 14 bytes pid 4 -> 1 (ok)
[dplay] received 14 data bytes from pid 3
[dplay] received 33 data bytes from pid 1
[dplay] Send 14 bytes pid 4 -> 1 (ok)
[dplay] received 14 data bytes from pid 3
[dplay] received 33 data bytes from pid 1
[dplay] Send 14 bytes pid 4 -> 1 (ok)
[dplay] received 14 data bytes from pid 3
[dplay] received 33 data bytes from pid 1
[dplay] Send 14 bytes pid 4 -> 1 (ok)
[dplay] received 14 data bytes from pid 3
[dplay] received 33 data bytes from pid 1
[moveloop] iter=2050 -> waiting on SEMAPHORE
[moveloop] iter=2050 -> got semaphore, waiting on MUTEX
[dplay] Send 14 bytes pid 4 -> 1 (ok)
[dplay] received 14 data bytes from pid 3
[dplay] received 33 data bytes from pid 1
[dplay] Send 14 bytes pid 4 -> 1 (ok)
[dplay] received 14 data bytes from pid 3
[dplay] received 33 data bytes from pid 1
[agg] drained/s:  WINMOVE.CPP:4941 from=3 to=1 len=14 x12  WINMOVE.CPP:4941 from=1 to=2 len=33 x24
[agg] StaticTimeProc 49/s  impl=1 host=0 running=1 resync=0 served=0  -> AggregatorGetPackets 0/s
[dplay] Send 14 bytes pid 4 -> 1 (ok)
[agg] sent-to-agg/s dummy=0 init=0 other=13 (last other IDCode=201)  Count=120 FrameCount=121 synched=1 csync=1 res=0
[dplay] received 14 data bytes from pid 3
[dplay] received 33 data bytes from pid 1
[dplay] Send 14 bytes pid 4 -> 1 (ok)
[dplay] received 14 data bytes from pid 3
[dplay] received 33 data bytes from pid 1
[dplay] Send 14 bytes pid 4 -> 1 (ok)
[dplay] received 14 data bytes from pid 3
[dplay] received 33 data bytes from pid 1
[dplay] Send 14 bytes pid 4 -> 1 (ok)
[dplay] received 14 data bytes from pid 3
[dplay] received 33 data bytes from pid 1
[dplay] Send 14 bytes pid 4 -> 1 (ok)
[dplay] received 14 data bytes from pid 3
[dplay] received 33 data bytes from pid 1
[dplay] Send 14 bytes pid 4 -> 1 (ok)
[dplay] received 14 data bytes from pid 3
[dplay] received 33 data bytes from pid 1
[dplay] Send 14 bytes pid 4 -> 1 (ok)
[dplay] received 14 data bytes from pid 3
[dplay] received 33 data bytes from pid 1
[dplay] Send 14 bytes pid 4 -> 1 (ok)
[dplay] received 14 data bytes from pid 3
[dplay] received 33 data bytes from pid 1
[dplay] Send 14 bytes pid 4 -> 1 (ok)
[mfctimer] fire #22500 wnd=0x98c9456 id=2378
[dplay] received 14 data bytes from pid 3
[dplay] received 33 data bytes from pid 1
[dplay] Send 14 bytes pid 4 -> 1 (ok)
[dplay] received 14 data bytes from pid 3
[dplay] received 33 data bytes from pid 1
[dplay] Send 14 bytes pid 4 -> 1 (ok)
[moveloop] iter=2100 -> waiting on SEMAPHORE
[moveloop] iter=2100 -> got semaphore, waiting on MUTEX
[dplay] received 14 data bytes from pid 3
[dplay] received 33 data bytes from pid 1
[dplay] Send 14 bytes pid 4 -> 1 (ok)
[dplay] received 14 data bytes from pid 3
[dplay] received 33 data bytes from pid 1
[agg] StaticTimeProc 49/s  impl=1 host=0 running=1 resync=0 served=0  -> AggregatorGetPackets 0/s
[dplay] Send 14 bytes pid 4 -> 1 (ok)
[agg] sent-to-agg/s dummy=0 init=0 other=12 (last other IDCode=201)  Count=132 FrameCount=133 synched=1 csync=1 res=0
[dplay] received 14 data bytes from pid 3
[dplay] received 33 data bytes from pid 1
[agg] drained/s:  WINMOVE.CPP:4941 from=3 to=1 len=14 x13  WINMOVE.CPP:4941 from=1 to=2 len=33 x26
[dplay] Send 14 bytes pid 4 -> 1 (ok)
[dplay] received 14 data bytes from pid 3
[dplay] received 33 data bytes from pid 1
[dplay] Send 14 bytes pid 4 -> 1 (ok)
[dplay] received 14 data bytes from pid 3
[dplay] received 33 data bytes from pid 1
[dplay] Send 14 bytes pid 4 -> 1 (ok)
[dplay] received 14 data bytes from pid 3
[dplay] received 33 data bytes from pid 1
[dplay] Send 14 bytes pid 4 -> 1 (ok)
[dplay] received 14 data bytes from pid 3
[dplay] received 33 data bytes from pid 1
[dplay] Send 14 bytes pid 4 -> 1 (ok)
[dplay] received 14 data bytes from pid 3
[dplay] received 33 data bytes from pid 1
[dplay] Send 14 bytes pid 4 -> 1 (ok)
[dplay] received 14 data bytes from pid 3
[dplay] received 33 data bytes from pid 1
[dplay] Send 14 bytes pid 4 -> 1 (ok)
[dplay] received 14 data bytes from pid 3
[dplay] received 33 data bytes from pid 1
[dplay] Send 14 bytes pid 4 -> 1 (ok)
[dplay] received 14 data bytes from pid 3
[dplay] received 33 data bytes from pid 1
[dplay] Send 14 bytes pid 4 -> 1 (ok)
[dplay] received 14 data bytes from pid 3
[dplay] received 33 data bytes from pid 1
[dplay] Send 14 bytes pid 4 -> 1 (ok)
[dplay] received 14 data bytes from pid 3
[dplay] received 33 data bytes from pid 1
[moveloop] iter=2150 -> waiting on SEMAPHORE
[moveloop] iter=2150 -> got semaphore, waiting on MUTEX
[dplay] Send 14 bytes pid 4 -> 1 (ok)
[dplay] received 14 data bytes from pid 3
[dplay] received 33 data bytes from pid 1
[dplay] Send 14 bytes pid 4 -> 1 (ok)
[agg] StaticTimeProc 49/s  impl=1 host=0 running=1 resync=0 served=0  -> AggregatorGetPackets 0/s
[dplay] received 14 data bytes from pid 3
[dplay] received 33 data bytes from pid 1
[agg] drained/s:  WINMOVE.CPP:4941 from=3 to=1 len=14 x12  WINMOVE.CPP:4941 from=1 to=2 len=33 x24
[dplay] Send 14 bytes pid 4 -> 1 (ok)
[agg] sent-to-agg/s dummy=0 init=0 other=13 (last other IDCode=201)  Count=145 FrameCount=146 synched=1 csync=1 res=0
[dplay] received 14 data bytes from pid 3
[dplay] received 33 data bytes from pid 1
[dplay] Send 14 bytes pid 4 -> 1 (ok)
[dplay] received 14 data bytes from pid 3
[dplay] received 33 data bytes from pid 1
[dplay] Send 14 bytes pid 4 -> 1 (ok)
[dplay] received 14 data bytes from pid 3
[dplay] received 33 data bytes from pid 1
[mfctimer] fire #23000 wnd=0x98c9456 id=2378
[dplay] Send 14 bytes pid 4 -> 1 (ok)
[dplay] received 14 data bytes from pid 3
[dplay] received 33 data bytes from pid 1
[dplay] Send 14 bytes pid 4 -> 1 (ok)
[dplay] received 14 data bytes from pid 3
[dplay] received 33 data bytes from pid 1
[dplay] Send 14 bytes pid 4 -> 1 (ok)
[dplay] received 14 data bytes from pid 3
[dplay] received 33 data bytes from pid 1
[dplay] Send 14 bytes pid 4 -> 1 (ok)
[dplay] received 14 data bytes from pid 3
[dplay] received 33 data bytes from pid 1
[dplay] Send 14 bytes pid 4 -> 1 (ok)
[dplay] received 14 data bytes from pid 3
[dplay] received 33 data bytes from pid 1
[dplay] Send 14 bytes pid 4 -> 1 (ok)
[dplay] received 14 data bytes from pid 3
[dplay] received 33 data bytes from pid 1
[dplay] Send 14 bytes pid 4 -> 1 (ok)
[dplay] received 14 data bytes from pid 3
[dplay] received 33 data bytes from pid 1
[dplay] Send 14 bytes pid 4 -> 1 (ok)
[moveloop] iter=2200 -> waiting on SEMAPHORE
[moveloop] iter=2200 -> got semaphore, waiting on MUTEX
[dplay] received 14 data bytes from pid 3
[dplay] received 33 data bytes from pid 1
[dplay] Send 14 bytes pid 4 -> 1 (ok)
[dplay] received 14 data bytes from pid 3
[dplay] received 33 data bytes from pid 1
[agg] StaticTimeProc 50/s  impl=1 host=0 running=1 resync=0 served=0  -> AggregatorGetPackets 0/s
[dplay] Send 14 bytes pid 4 -> 1 (ok)
[agg] sent-to-agg/s dummy=0 init=0 other=12 (last other IDCode=201)  Count=157 FrameCount=158 synched=1 csync=1 res=0
[dplay] received 14 data bytes from pid 3
[dplay] received 33 data bytes from pid 1
[agg] drained/s:  WINMOVE.CPP:4941 from=3 to=1 len=14 x13  WINMOVE.CPP:4941 from=1 to=2 len=33 x26
[dplay] Send 14 bytes pid 4 -> 1 (ok)
[dplay] received 14 data bytes from pid 3
[dplay] received 33 data bytes from pid 1
[dplay] Send 14 bytes pid 4 -> 1 (ok)
[dplay] received 14 data bytes from pid 3
[dplay] received 33 data bytes from pid 1
[dplay] Send 14 bytes pid 4 -> 1 (ok)
[dplay] received 14 data bytes from pid 3
[dplay] received 33 data bytes from pid 1
[dplay] Send 14 bytes pid 4 -> 1 (ok)
[dplay] received 14 data bytes from pid 3
[dplay] received 33 data bytes from pid 1
[timeproc] tick=10000 instances=1 currinst=0xab4b5a0
[dplay] Send 14 bytes pid 4 -> 1 (ok)
[dplay] received 14 data bytes from pid 3
[dplay] received 33 data bytes from pid 1
[dplay] Send 14 bytes pid 4 -> 1 (ok)
[dplay] received 14 data bytes from pid 3
[dplay] received 33 data bytes from pid 1
[dplay] Send 14 bytes pid 4 -> 1 (ok)
[dplay] received 14 data bytes from pid 3
[dplay] received 33 data bytes from pid 1
[dplay] Send 14 bytes pid 4 -> 1 (ok)
[dplay] received 14 data bytes from pid 3
[dplay] received 33 data bytes from pid 1
[dplay] Send 14 bytes pid 4 -> 1 (ok)
[dplay] received 14 data bytes from pid 3
[dplay] received 33 data bytes from pid 1
[mfctimer] fire #23500 wnd=0x98c9456 id=2378
[dplay] received 14 data bytes from pid 3
[dplay] Send 14 bytes pid 4 -> 1 (ok)
[dplay] received 33 data bytes from pid 1
[moveloop] iter=2250 -> waiting on SEMAPHORE
[moveloop] iter=2250 -> got semaphore, waiting on MUTEX
[movegate] cycle=2250 timeout=0 accelcountdown=1 accel=0
[movestep] cycle=2250 paused=0 num=1
[dplay] Send 14 bytes pid 4 -> 1 (ok)
[dplay] received 14 data bytes from pid 3
[dplay] received 33 data bytes from pid 1
[dplay] pump #1018000 (host=0) -- discovery is answered only from here
[dplay] Send 14 bytes pid 4 -> 1 (ok)
[dplay] received 14 data bytes from pid 3
[agg] drained/s:  WINMOVE.CPP:4941 from=3 to=1 len=14 x12  WINMOVE.CPP:4941 from=1 to=2 len=33 x24
[agg] StaticTimeProc 49/s  impl=1 host=0 running=1 resync=0 served=0  -> AggregatorGetPackets 0/s
[dplay] received 33 data bytes from pid 1
[dplay] Send 14 bytes pid 4 -> 1 (ok)
[agg] sent-to-agg/s dummy=0 init=0 other=13 (last other IDCode=201)  Count=170 FrameCount=171 synched=1 csync=1 res=0
[dplay] received 14 data bytes from pid 3
[dplay] received 33 data bytes from pid 1
[dplay] Send 14 bytes pid 4 -> 1 (ok)
[dplay] received 14 data bytes from pid 3
[dplay] received 33 data bytes from pid 1
[dplay] Send 14 bytes pid 4 -> 1 (ok)
[dplay] received 14 data bytes from pid 3
[dplay] received 33 data bytes from pid 1
[dplay] Send 14 bytes pid 4 -> 1 (ok)
[dplay] received 14 data bytes from pid 3
[dplay] received 33 data bytes from pid 1
[dplay] Send 14 bytes pid 4 -> 1 (ok)
[dplay] received 14 data bytes from pid 3
[dplay] received 33 data bytes from pid 1
[dplay] Send 14 bytes pid 4 -> 1 (ok)
[dplay] received 14 data bytes from pid 3
[dplay] received 33 data bytes from pid 1
[dplay] Send 14 bytes pid 4 -> 1 (ok)
[dplay] received 14 data bytes from pid 3
[dplay] received 33 data bytes from pid 1
[dplay] Send 14 bytes pid 4 -> 1 (ok)
[dplay] received 14 data bytes from pid 3
[dplay] received 33 data bytes from pid 1
[dplay] Send 14 bytes pid 4 -> 1 (ok)
[dplay] received 14 data bytes from pid 3
[dplay] received 33 data bytes from pid 1
[dplay] Send 14 bytes pid 4 -> 1 (ok)
[dplay] received 14 data bytes from pid 3
[dplay] received 33 data bytes from pid 1
[dplay] Send 14 bytes pid 4 -> 1 (ok)
[moveloop] iter=2300 -> waiting on SEMAPHORE
[moveloop] iter=2300 -> got semaphore, waiting on MUTEX
[dplay] received 14 data bytes from pid 3
[dplay] received 33 data bytes from pid 1
[dplay] Send 14 bytes pid 4 -> 1 (ok)
[dplay] received 14 data bytes from pid 3
[dplay] received 33 data bytes from pid 1
[agg] StaticTimeProc 49/s  impl=1 host=0 running=1 resync=0 served=0  -> AggregatorGetPackets 0/s
[dplay] Send 14 bytes pid 4 -> 1 (ok)
[agg] sent-to-agg/s dummy=0 init=0 other=12 (last other IDCode=201)  Count=182 FrameCount=183 synched=1 csync=1 res=0
[dplay] received 14 data bytes from pid 3
[dplay] received 33 data bytes from pid 1
[agg] drained/s:  WINMOVE.CPP:4941 from=3 to=1 len=14 x13  WINMOVE.CPP:4941 from=1 to=2 len=33 x26
[dplay] Send 14 bytes pid 4 -> 1 (ok)
[dplay] received 14 data bytes from pid 3
[dplay] received 33 data bytes from pid 1
[dplay] Send 14 bytes pid 4 -> 1 (ok)
[dplay] received 14 data bytes from pid 3
[dplay] received 33 data bytes from pid 1
[dplay] Send 14 bytes pid 4 -> 1 (ok)
[dplay] received 14 data bytes from pid 3
[dplay] received 33 data bytes from pid 1
[dplay] Send 14 bytes pid 4 -> 1 (ok)
[dplay] received 14 data bytes from pid 3
[dplay] received 33 data bytes from pid 1
[mfctimer] fire #24000 wnd=0x98c9456 id=2378
[dplay] Send 14 bytes pid 4 -> 1 (ok)
[dplay] received 14 data bytes from pid 3
[dplay] received 33 data bytes from pid 1
[dplay] Send 14 bytes pid 4 -> 1 (ok)
[dplay] received 14 data bytes from pid 3
[dplay] received 33 data bytes from pid 1
[dplay] Send 14 bytes pid 4 -> 1 (ok)
[dplay] received 14 data bytes from pid 3
[dplay] received 33 data bytes from pid 1
[dplay] Send 14 bytes pid 4 -> 1 (ok)
[dplay] received 14 data bytes from pid 3
[dplay] received 33 data bytes from pid 1
[dplay] Send 14 bytes pid 4 -> 1 (ok)
[dplay] received 14 data bytes from pid 3
[dplay] received 33 data bytes from pid 1
[dplay] Send 14 bytes pid 4 -> 1 (ok)
[dplay] received 14 data bytes from pid 3
[dplay] received 33 data bytes from pid 1
[moveloop] iter=2350 -> waiting on SEMAPHORE
[moveloop] iter=2350 -> got semaphore, waiting on MUTEX
[dplay] Send 14 bytes pid 4 -> 1 (ok)
[dplay] received 14 data bytes from pid 3
[dplay] received 33 data bytes from pid 1
[dplay] Send 14 bytes pid 4 -> 1 (ok)
[dplay] received 14 data bytes from pid 3
[dplay] received 33 data bytes from pid 1
[agg] drained/s:  WINMOVE.CPP:4941 from=3 to=1 len=14 x12  WINMOVE.CPP:4941 from=1 to=2 len=33 x24
[agg] StaticTimeProc 50/s  impl=1 host=0 running=1 resync=0 served=0  -> AggregatorGetPackets 0/s
[dplay] Send 14 bytes pid 4 -> 1 (ok)
[agg] sent-to-agg/s dummy=0 init=0 other=13 (last other IDCode=201)  Count=195 FrameCount=196 synched=1 csync=1 res=0
[dplay] received 14 data bytes from pid 3
[dplay] received 33 data bytes from pid 1
[dplay] Send 14 bytes pid 4 -> 1 (ok)
[dplay] received 14 data bytes from pid 3
[dplay] received 33 data bytes from pid 1
[dplay] Send 14 bytes pid 4 -> 1 (ok)
[dplay] received 14 data bytes from pid 3
[dplay] received 33 data bytes from pid 1
[dplay] Send 14 bytes pid 4 -> 1 (ok)
[dplay] received 14 data bytes from pid 3
[dplay] received 33 data bytes from pid 1
[dplay] Send 14 bytes pid 4 -> 1 (ok)
[dplay] received 14 data bytes from pid 3
[dplay] received 33 data bytes from pid 1
[dplay] Send 14 bytes pid 4 -> 1 (ok)
[dplay] received 14 data bytes from pid 3
[dplay] received 33 data bytes from pid 1
[dplay] Send 14 bytes pid 4 -> 1 (ok)
[dplay] received 14 data bytes from pid 3
[dplay] received 33 data bytes from pid 1
[dplay] Send 14 bytes pid 4 -> 1 (ok)
[dplay] received 14 data bytes from pid 3
[dplay] received 33 data bytes from pid 1
[dplay] Send 14 bytes pid 4 -> 1 (ok)
[dplay] received 14 data bytes from pid 3
[dplay] received 33 data bytes from pid 1
[dplay] Send 14 bytes pid 4 -> 1 (ok)
[dplay] received 14 data bytes from pid 3
[dplay] received 33 data bytes from pid 1
[dplay] Send 14 bytes pid 4 -> 1 (ok)
[moveloop] iter=2400 -> waiting on SEMAPHORE
[moveloop] iter=2400 -> got semaphore, waiting on MUTEX
[dplay] received 14 data bytes from pid 3
[dplay] received 33 data bytes from pid 1
[mfctimer] fire #24500 wnd=0x98c9456 id=2378
[dplay] Send 14 bytes pid 4 -> 1 (ok)
[dplay] received 14 data bytes from pid 3
[dplay] received 33 data bytes from pid 1
[agg] StaticTimeProc 49/s  impl=1 host=0 running=1 resync=0 served=0  -> AggregatorGetPackets 0/s
[dplay] Send 14 bytes pid 4 -> 1 (ok)
[agg] sent-to-agg/s dummy=0 init=0 other=12 (last other IDCode=201)  Count=207 FrameCount=208 synched=1 csync=1 res=0
[dplay] received 14 data bytes from pid 3
[dplay] received 33 data bytes from pid 1
[agg] drained/s:  WINMOVE.CPP:4941 from=3 to=1 len=14 x13  WINMOVE.CPP:4941 from=1 to=2 len=33 x26
[dplay] Send 14 bytes pid 4 -> 1 (ok)
[dplay] received 14 data bytes from pid 3
[dplay] received 33 data bytes from pid 1
[dplay] Send 14 bytes pid 4 -> 1 (ok)
[dplay] received 14 data bytes from pid 3
[dplay] received 33 data bytes from pid 1
[dplay] Send 14 bytes pid 4 -> 1 (ok)
[dplay] received 14 data bytes from pid 3
[dplay] received 33 data bytes from pid 1
[dplay] Send 14 bytes pid 4 -> 1 (ok)
[dplay] received 14 data bytes from pid 3
[dplay] received 33 data bytes from pid 1
[dplay] Send 14 bytes pid 4 -> 1 (ok)
[dplay] received 14 data bytes from pid 3
[dplay] received 33 data bytes from pid 1
[dplay] Send 14 bytes pid 4 -> 1 (ok)
[dplay] received 14 data bytes from pid 3
[dplay] received 33 data bytes from pid 1
[dplay] Send 14 bytes pid 4 -> 1 (ok)
[dplay] received 14 data bytes from pid 3
[dplay] received 33 data bytes from pid 1
[dplay] Send 14 bytes pid 4 -> 1 (ok)
[dplay] received 14 data bytes from pid 3
[dplay] received 33 data bytes from pid 1
[dplay] Send 14 bytes pid 4 -> 1 (ok)
[dplay] received 14 data bytes from pid 3
[dplay] received 33 data bytes from pid 1
[dplay] Send 14 bytes pid 4 -> 1 (ok)
[dplay] received 14 data bytes from pid 3
[dplay] received 33 data bytes from pid 1
[moveloop] iter=2450 -> waiting on SEMAPHORE
[moveloop] iter=2450 -> got semaphore, waiting on MUTEX
[dplay] Send 14 bytes pid 4 -> 1 (ok)
[dplay] received 14 data bytes from pid 3
[dplay] received 33 data bytes from pid 1
[dplay] Send 14 bytes pid 4 -> 1 (ok)
[dplay] received 14 data bytes from pid 3
[dplay] received 33 data bytes from pid 1
[agg] drained/s:  WINMOVE.CPP:4941 from=3 to=1 len=14 x12  WINMOVE.CPP:4941 from=1 to=2 len=33 x24
[agg] StaticTimeProc 49/s  impl=1 host=0 running=1 resync=0 served=0  -> AggregatorGetPackets 0/s
[dplay] Send 14 bytes pid 4 -> 1 (ok)
[agg] sent-to-agg/s dummy=0 init=0 other=13 (last other IDCode=201)  Count=220 FrameCount=221 synched=1 csync=1 res=0
[dplay] received 14 data bytes from pid 3
[dplay] received 33 data bytes from pid 1
[dplay] Send 14 bytes pid 4 -> 1 (ok)
[dplay] received 14 data bytes from pid 3
[dplay] received 33 data bytes from pid 1
[dplay] Send 14 bytes pid 4 -> 1 (ok)
[dplay] received 14 data bytes from pid 3
[dplay] received 33 data bytes from pid 1
[dplay] Send 14 bytes pid 4 -> 1 (ok)
[dplay] received 14 data bytes from pid 3
[dplay] received 33 data bytes from pid 1
[dplay] Send 14 bytes pid 4 -> 1 (ok)
[dplay] received 14 data bytes from pid 3
[dplay] received 33 data bytes from pid 1
[timeproc] tick=10250 instances=1 currinst=0xab4b5a0
[dplay] Send 14 bytes pid 4 -> 1 (ok)
[mfctimer] fire #25000 wnd=0x98c9456 id=2378
[dplay] received 14 data bytes from pid 3
[dplay] received 33 data bytes from pid 1
[dplay] Send 14 bytes pid 4 -> 1 (ok)
[dplay] received 14 data bytes from pid 3
[dplay] received 33 data bytes from pid 1
[accnt] aircraft in this world: now=8 MAX=8 visible=2 dead=7 (frame sample #4)
[dplay] Send 14 bytes pid 4 -> 1 (ok)
[dplay] received 14 data bytes from pid 3
[dplay] received 33 data bytes from pid 1
[dplay] Send 14 bytes pid 4 -> 1 (ok)
[dplay] received 14 data bytes from pid 3
[dplay] received 33 data bytes from pid 1
[dplay] Send 14 bytes pid 4 -> 1 (ok)
[dplay] received 14 data bytes from pid 3
[dplay] received 33 data bytes from pid 1
[dplay] Send 14 bytes pid 4 -> 1 (ok)
[moveloop] iter=2500 -> waiting on SEMAPHORE
[moveloop] iter=2500 -> got semaphore, waiting on MUTEX
[movegate] cycle=2500 timeout=0 accelcountdown=1 accel=0
[movestep] cycle=2500 paused=0 num=1
[dplay] received 14 data bytes from pid 3
[dplay] received 33 data bytes from pid 1
[dplay] Send 14 bytes pid 4 -> 1 (ok)
[dplay] received 14 data bytes from pid 3
[dplay] received 33 data bytes from pid 1
[agg] StaticTimeProc 49/s  impl=1 host=0 running=1 resync=0 served=0  -> AggregatorGetPackets 0/s
[dplay] Send 14 bytes pid 4 -> 1 (ok)
[agg] sent-to-agg/s dummy=0 init=0 other=12 (last other IDCode=201)  Count=232 FrameCount=233 synched=1 csync=1 res=0
[dplay] received 14 data bytes from pid 3
[dplay] received 33 data bytes from pid 1
[agg] drained/s:  WINMOVE.CPP:4941 from=3 to=1 len=14 x13  WINMOVE.CPP:4941 from=1 to=2 len=33 x26
[dplay] Send 14 bytes pid 4 -> 1 (ok)
[dplay] received 14 data bytes from pid 3
[dplay] received 33 data bytes from pid 1
[dplay] received 14 data bytes from pid 3
[dplay] Send 14 bytes pid 4 -> 1 (ok)
[dplay] received 33 data bytes from pid 1
[dplay] Send 14 bytes pid 4 -> 1 (ok)
[dplay] received 14 data bytes from pid 3
[dplay] received 33 data bytes from pid 1
[dplay] Send 14 bytes pid 4 -> 1 (ok)
[dplay] received 14 data bytes from pid 3
[dplay] received 33 data bytes from pid 1
[dplay] Send 14 bytes pid 4 -> 1 (ok)
[dplay] received 14 data bytes from pid 3
[dplay] received 33 data bytes from pid 1
[dplay] Send 14 bytes pid 4 -> 1 (ok)
[dplay] received 14 data bytes from pid 3
[dplay] received 33 data bytes from pid 1
[dplay] Send 14 bytes pid 4 -> 1 (ok)
[dplay] received 14 data bytes from pid 3
[dplay] received 33 data bytes from pid 1
[dplay] pump #1018500 (host=0) -- discovery is answered only from here
[dplay] Send 14 bytes pid 4 -> 1 (ok)
[dplay] received 14 data bytes from pid 3
[dplay] received 33 data bytes from pid 1
[dplay] Send 14 bytes pid 4 -> 1 (ok)
[dplay] received 14 data bytes from pid 3
[dplay] received 33 data bytes from pid 1
[dplay] Send 14 bytes pid 4 -> 1 (ok)
[dplay] received 14 data bytes from pid 3
[dplay] received 33 data bytes from pid 1
[moveloop] iter=2550 -> waiting on SEMAPHORE
[moveloop] iter=2550 -> got semaphore, waiting on MUTEX
[dplay] Send 14 bytes pid 4 -> 1 (ok)
[dplay] received 14 data bytes from pid 3
[dplay] received 33 data bytes from pid 1
[dplay] Send 14 bytes pid 4 -> 1 (ok)
[dplay] received 14 data bytes from pid 3
[dplay] received 33 data bytes from pid 1
[agg] drained/s:  WINMOVE.CPP:4941 from=3 to=1 len=14 x12  WINMOVE.CPP:4941 from=1 to=2 len=33 x24
[agg] StaticTimeProc 49/s  impl=1 host=0 running=1 resync=0 served=0  -> AggregatorGetPackets 0/s
[dplay] Send 14 bytes pid 4 -> 1 (ok)
[agg] sent-to-agg/s dummy=0 init=0 other=13 (last other IDCode=201)  Count=245 FrameCount=246 synched=1 csync=1 res=0
[mfctimer] fire #25500 wnd=0x98c9456 id=2378
[dplay] received 14 data bytes from pid 3
[dplay] received 33 data bytes from pid 1
[dplay] Send 14 bytes pid 4 -> 1 (ok)
[dplay] received 14 data bytes from pid 3
[dplay] received 33 data bytes from pid 1
[dplay] Send 14 bytes pid 4 -> 1 (ok)
[dplay] received 14 data bytes from pid 3
[dplay] received 33 data bytes from pid 1
[dplay] Send 14 bytes pid 4 -> 1 (ok)
[dplay] received 14 data bytes from pid 3
[dplay] received 33 data bytes from pid 1
[dplay] Send 14 bytes pid 4 -> 1 (ok)
[dplay] received 14 data bytes from pid 3
[dplay] received 33 data bytes from pid 1
[dplay] Send 14 bytes pid 4 -> 1 (ok)
[dplay] received 14 data bytes from pid 3
[dplay] received 33 data bytes from pid 1
[dplay] Send 14 bytes pid 4 -> 1 (ok)
[dplay] received 14 data bytes from pid 3
[dplay] received 33 data bytes from pid 1
[dplay] Send 14 bytes pid 4 -> 1 (ok)
[dplay] received 14 data bytes from pid 3
[dplay] received 33 data bytes from pid 1
[dplay] Send 14 bytes pid 4 -> 1 (ok)
[dplay] received 14 data bytes from pid 3
[dplay] received 33 data bytes from pid 1
[dplay] Send 14 bytes pid 4 -> 1 (ok)
[dplay] received 14 data bytes from pid 3
[dplay] received 33 data bytes from pid 1
[dplay] Send 14 bytes pid 4 -> 1 (ok)
[moveloop] iter=2600 -> waiting on SEMAPHORE
[moveloop] iter=2600 -> got semaphore, waiting on MUTEX
[dplay] received 14 data bytes from pid 3
[dplay] received 33 data bytes from pid 1
[dplay] Send 14 bytes pid 4 -> 1 (ok)
[dplay] received 14 data bytes from pid 3
[dplay] received 33 data bytes from pid 1
[agg] StaticTimeProc 49/s  impl=1 host=0 running=1 resync=0 served=0  -> AggregatorGetPackets 0/s
[dplay] Send 14 bytes pid 4 -> 1 (ok)
[agg] sent-to-agg/s dummy=0 init=0 other=12 (last other IDCode=201)  Count=1 FrameCount=2 synched=1 csync=1 res=0
[dplay] received 14 data bytes from pid 3
[dplay] received 33 data bytes from pid 1
[agg] drained/s:  WINMOVE.CPP:4941 from=3 to=1 len=14 x13  WINMOVE.CPP:4941 from=1 to=2 len=33 x26
[dplay] Send 14 bytes pid 4 -> 1 (ok)
[dplay] received 14 data bytes from pid 3
[dplay] received 33 data bytes from pid 1
[dplay] received 14 data bytes from pid 3
[dplay] Send 14 bytes pid 4 -> 1 (ok)
[dplay] received 33 data bytes from pid 1
[dplay] Send 14 bytes pid 4 -> 1 (ok)
[dplay] received 14 data bytes from pid 3
[dplay] received 33 data bytes from pid 1
[dplay] Send 14 bytes pid 4 -> 1 (ok)
[dplay] received 14 data bytes from pid 3
[dplay] received 33 data bytes from pid 1
[dplay] received 14 data bytes from pid 3
[dplay] Send 14 bytes pid 4 -> 1 (ok)
[dplay] received 33 data bytes from pid 1
[dplay] Send 14 bytes pid 4 -> 1 (ok)
[dplay] received 14 data bytes from pid 3
[dplay] received 33 data bytes from pid 1
[dplay] received 14 data bytes from pid 3
[dplay] Send 14 bytes pid 4 -> 1 (ok)
[dplay] received 33 data bytes from pid 1
[mfctimer] fire #26000 wnd=0x98c9456 id=2378
[dplay] received 14 data bytes from pid 3
[dplay] Send 14 bytes pid 4 -> 1 (ok)
[dplay] received 33 data bytes from pid 1
[dplay] Send 14 bytes pid 4 -> 1 (ok)
[dplay] received 14 data bytes from pid 3
[dplay] received 33 data bytes from pid 1
[dplay] Send 14 bytes pid 4 -> 1 (ok)
[dplay] received 14 data bytes from pid 3
[dplay] received 33 data bytes from pid 1
[moveloop] iter=2650 -> waiting on SEMAPHORE
[moveloop] iter=2650 -> got semaphore, waiting on MUTEX
[dplay] received 14 data bytes from pid 3
[dplay] Send 14 bytes pid 4 -> 1 (ok)
[dplay] received 33 data bytes from pid 1
[dplay] Send 14 bytes pid 4 -> 1 (ok)
[dplay] received 14 data bytes from pid 3
[dplay] received 33 data bytes from pid 1
[agg] drained/s:  WINMOVE.CPP:4941 from=3 to=1 len=14 x12  WINMOVE.CPP:4941 from=1 to=2 len=33 x24
[agg] StaticTimeProc 49/s  impl=1 host=0 running=1 resync=0 served=0  -> AggregatorGetPackets 0/s
[dplay] Send 14 bytes pid 4 -> 1 (ok)
[agg] sent-to-agg/s dummy=0 init=0 other=13 (last other IDCode=201)  Count=14 FrameCount=15 synched=1 csync=1 res=0
[dplay] received 14 data bytes from pid 3
[dplay] received 33 data bytes from pid 1
[dplay] Send 14 bytes pid 4 -> 1 (ok)
[dplay] received 14 data bytes from pid 3
[dplay] received 33 data bytes from pid 1
[dplay] Send 14 bytes pid 4 -> 1 (ok)
[dplay] received 14 data bytes from pid 3
[dplay] received 33 data bytes from pid 1
[dplay] Send 14 bytes pid 4 -> 1 (ok)
[dplay] received 14 data bytes from pid 3
[dplay] received 33 data bytes from pid 1
[dplay] Send 14 bytes pid 4 -> 1 (ok)
[dplay] received 14 data bytes from pid 3
[dplay] received 33 data bytes from pid 1
[dplay] Send 14 bytes pid 4 -> 1 (ok)
[dplay] received 14 data bytes from pid 3
[dplay] received 33 data bytes from pid 1
[dplay] Send 14 bytes pid 4 -> 1 (ok)
[dplay] received 14 data bytes from pid 3
[dplay] received 33 data bytes from pid 1
[dplay] Send 14 bytes pid 4 -> 1 (ok)
[dplay] received 14 data bytes from pid 3
[dplay] received 33 data bytes from pid 1
[dplay] Send 14 bytes pid 4 -> 1 (ok)
[dplay] received 14 data bytes from pid 3
[dplay] received 33 data bytes from pid 1
[dplay] Send 14 bytes pid 4 -> 1 (ok)
[dplay] received 14 data bytes from pid 3
[dplay] received 33 data bytes from pid 1
[dplay] Send 14 bytes pid 4 -> 1 (ok)
[moveloop] iter=2700 -> waiting on SEMAPHORE
[moveloop] iter=2700 -> got semaphore, waiting on MUTEX
[dplay] received 14 data bytes from pid 3
[dplay] received 33 data bytes from pid 1
[dplay] Send 14 bytes pid 4 -> 1 (ok)
[dplay] received 14 data bytes from pid 3
[dplay] received 33 data bytes from pid 1
[agg] StaticTimeProc 49/s  impl=1 host=0 running=1 resync=0 served=0  -> AggregatorGetPackets 0/s
[dplay] Send 14 bytes pid 4 -> 1 (ok)
[agg] sent-to-agg/s dummy=0 init=0 other=12 (last other IDCode=201)  Count=26 FrameCount=27 synched=1 csync=1 res=0
[dplay] received 14 data bytes from pid 3
[dplay] received 33 data bytes from pid 1
[agg] drained/s:  WINMOVE.CPP:4941 from=3 to=1 len=14 x13  WINMOVE.CPP:4941 from=1 to=2 len=33 x26
[dplay] Send 14 bytes pid 4 -> 1 (ok)
[dplay] received 14 data bytes from pid 3
[dplay] received 33 data bytes from pid 1
[dplay] Send 14 bytes pid 4 -> 1 (ok)
[dplay] received 14 data bytes from pid 3
[dplay] received 33 data bytes from pid 1
[mfctimer] fire #26500 wnd=0x98c9456 id=2378
[dplay] Send 14 bytes pid 4 -> 1 (ok)
[dplay] received 14 data bytes from pid 3
[dplay] received 33 data bytes from pid 1
[dplay] Send 14 bytes pid 4 -> 1 (ok)
[dplay] received 14 data bytes from pid 3
[dplay] received 33 data bytes from pid 1
[dplay] Send 14 bytes pid 4 -> 1 (ok)
[dplay] received 14 data bytes from pid 3
[dplay] received 33 data bytes from pid 1
[dplay] Send 14 bytes pid 4 -> 1 (ok)
[dplay] received 14 data bytes from pid 3
[dplay] received 33 data bytes from pid 1
[timeproc] tick=10500 instances=1 currinst=0xab4b5a0
[dplay] Send 14 bytes pid 4 -> 1 (ok)
[dplay] received 14 data bytes from pid 3
[dplay] received 33 data bytes from pid 1
[dplay] Send 14 bytes pid 4 -> 1 (ok)
[dplay] received 14 data bytes from pid 3
[dplay] received 33 data bytes from pid 1
[dplay] Send 14 bytes pid 4 -> 1 (ok)
[dplay] received 14 data bytes from pid 3
[dplay] received 33 data bytes from pid 1
[dplay] Send 14 bytes pid 4 -> 1 (ok)
[dplay] received 14 data bytes from pid 3
[dplay] received 33 data bytes from pid 1
[moveloop] iter=2750 -> waiting on SEMAPHORE
[moveloop] iter=2750 -> got semaphore, waiting on MUTEX
[movegate] cycle=2750 timeout=0 accelcountdown=1 accel=0
[movestep] cycle=2750 paused=0 num=1
[dplay] Send 14 bytes pid 4 -> 1 (ok)
[dplay] received 14 data bytes from pid 3
[dplay] received 33 data bytes from pid 1
[dplay] Send 14 bytes pid 4 -> 1 (ok)
[dplay] received 14 data bytes from pid 3
[dplay] received 33 data bytes from pid 1
[agg] drained/s:  WINMOVE.CPP:4941 from=3 to=1 len=14 x12  WINMOVE.CPP:4941 from=1 to=2 len=33 x24
[agg] StaticTimeProc 49/s  impl=1 host=0 running=1 resync=0 served=0  -> AggregatorGetPackets 0/s
[dplay] Send 14 bytes pid 4 -> 1 (ok)
[agg] sent-to-agg/s dummy=0 init=0 other=13 (last other IDCode=201)  Count=39 FrameCount=40 synched=1 csync=1 res=0
[dplay] received 14 data bytes from pid 3
[dplay] received 33 data bytes from pid 1
[dplay] Send 14 bytes pid 4 -> 1 (ok)
[dplay] received 14 data bytes from pid 3
[dplay] received 33 data bytes from pid 1
[dplay] Send 14 bytes pid 4 -> 1 (ok)
[dplay] received 14 data bytes from pid 3
[dplay] received 33 data bytes from pid 1
[dplay] Send 14 bytes pid 4 -> 1 (ok)
[dplay] received 14 data bytes from pid 3
[dplay] received 33 data bytes from pid 1
[dplay] Send 14 bytes pid 4 -> 1 (ok)
[dplay] received 14 data bytes from pid 3
[dplay] received 33 data bytes from pid 1
[dplay] Send 14 bytes pid 4 -> 1 (ok)
[dplay] received 14 data bytes from pid 3
[dplay] received 33 data bytes from pid 1
[dplay] Send 14 bytes pid 4 -> 1 (ok)
[dplay] received 14 data bytes from pid 3
[dplay] received 33 data bytes from pid 1
[dplay] Send 14 bytes pid 4 -> 1 (ok)
[dplay] received 14 data bytes from pid 3
[dplay] received 33 data bytes from pid 1
[dplay] Send 14 bytes pid 4 -> 1 (ok)
[dplay] received 14 data bytes from pid 3
[dplay] received 33 data bytes from pid 1
[mfctimer] fire #27000 wnd=0x98c9456 id=2378
[dplay] Send 14 bytes pid 4 -> 1 (ok)
[dplay] received 14 data bytes from pid 3
[dplay] received 33 data bytes from pid 1
[dplay] Send 14 bytes pid 4 -> 1 (ok)
[moveloop] iter=2800 -> waiting on SEMAPHORE
[moveloop] iter=2800 -> got semaphore, waiting on MUTEX
[dplay] received 14 data bytes from pid 3
[dplay] received 33 data bytes from pid 1
[dplay] Send 14 bytes pid 4 -> 1 (ok)
[dplay] received 14 data bytes from pid 3
[dplay] received 33 data bytes from pid 1
[agg] StaticTimeProc 49/s  impl=1 host=0 running=1 resync=0 served=0  -> AggregatorGetPackets 0/s
[dplay] Send 14 bytes pid 4 -> 1 (ok)
[agg] sent-to-agg/s dummy=0 init=0 other=12 (last other IDCode=201)  Count=51 FrameCount=52 synched=1 csync=1 res=0
[dplay] received 14 data bytes from pid 3
[dplay] received 33 data bytes from pid 1
[agg] drained/s:  WINMOVE.CPP:4941 from=3 to=1 len=14 x13  WINMOVE.CPP:4941 from=1 to=2 len=33 x26
[dplay] Send 14 bytes pid 4 -> 1 (ok)
[dplay] received 14 data bytes from pid 3
[dplay] received 33 data bytes from pid 1
[dplay] Send 14 bytes pid 4 -> 1 (ok)
[dplay] received 14 data bytes from pid 3
[dplay] received 33 data bytes from pid 1
[dplay] Send 14 bytes pid 4 -> 1 (ok)
[dplay] received 14 data bytes from pid 3
[dplay] received 33 data bytes from pid 1
[dplay] Send 14 bytes pid 4 -> 1 (ok)
[dplay] received 14 data bytes from pid 3
[dplay] received 33 data bytes from pid 1
[dplay] pump #1019000 (host=0) -- discovery is answered only from here
[dplay] Send 14 bytes pid 4 -> 1 (ok)
[dplay] received 14 data bytes from pid 3
[dplay] received 33 data bytes from pid 1
[dplay] Send 14 bytes pid 4 -> 1 (ok)
[dplay] received 14 data bytes from pid 3
[dplay] received 33 data bytes from pid 1
[dplay] Send 14 bytes pid 4 -> 1 (ok)
[dplay] received 14 data bytes from pid 3
[dplay] received 33 data bytes from pid 1
[dplay] Send 14 bytes pid 4 -> 1 (ok)
[dplay] received 14 data bytes from pid 3
[dplay] received 33 data bytes from pid 1
[dplay] Send 14 bytes pid 4 -> 1 (ok)
[dplay] received 14 data bytes from pid 3
[dplay] received 33 data bytes from pid 1
[dplay] Send 14 bytes pid 4 -> 1 (ok)
[dplay] received 14 data bytes from pid 3
[dplay] received 33 data bytes from pid 1
[moveloop] iter=2850 -> waiting on SEMAPHORE
[moveloop] iter=2850 -> got semaphore, waiting on MUTEX
[dplay] Send 14 bytes pid 4 -> 1 (ok)
[dplay] received 14 data bytes from pid 3
[dplay] received 33 data bytes from pid 1
[dplay] Send 14 bytes pid 4 -> 1 (ok)
[dplay] received 14 data bytes from pid 3
[dplay] received 33 data bytes from pid 1
[agg] drained/s:  WINMOVE.CPP:4941 from=3 to=1 len=14 x12  WINMOVE.CPP:4941 from=1 to=2 len=33 x24
[agg] StaticTimeProc 50/s  impl=1 host=0 running=1 resync=0 served=0  -> AggregatorGetPackets 0/s
[dplay] Send 14 bytes pid 4 -> 1 (ok)
[agg] sent-to-agg/s dummy=0 init=0 other=13 (last other IDCode=201)  Count=64 FrameCount=65 synched=1 csync=1 res=0
[dplay] received 14 data bytes from pid 3
[dplay] received 33 data bytes from pid 1
[dplay] Send 14 bytes pid 4 -> 1 (ok)
[dplay] received 14 data bytes from pid 3
[dplay] received 33 data bytes from pid 1
[dplay] Send 14 bytes pid 4 -> 1 (ok)
[dplay] received 14 data bytes from pid 3
[dplay] received 33 data bytes from pid 1
[dplay] Send 14 bytes pid 4 -> 1 (ok)
[mfctimer] fire #27500 wnd=0x98c9456 id=2378
[dplay] received 14 data bytes from pid 3
[dplay] received 33 data bytes from pid 1
[dplay] Send 14 bytes pid 4 -> 1 (ok)
[dplay] received 14 data bytes from pid 3
[dplay] received 33 data bytes from pid 1
[dplay] Send 14 bytes pid 4 -> 1 (ok)
[dplay] received 14 data bytes from pid 3
[dplay] received 33 data bytes from pid 1
[dplay] Send 14 bytes pid 4 -> 1 (ok)
[dplay] received 14 data bytes from pid 3
[dplay] received 33 data bytes from pid 1
[dplay] Send 14 bytes pid 4 -> 1 (ok)
[dplay] received 14 data bytes from pid 3
[dplay] received 33 data bytes from pid 1
[dplay] Send 14 bytes pid 4 -> 1 (ok)
[dplay] received 14 data bytes from pid 3
[dplay] received 33 data bytes from pid 1
[dplay] Send 14 bytes pid 4 -> 1 (ok)
[dplay] received 14 data bytes from pid 3
[dplay] received 33 data bytes from pid 1
[dplay] Send 14 bytes pid 4 -> 1 (ok)
[moveloop] iter=2900 -> waiting on SEMAPHORE
[moveloop] iter=2900 -> got semaphore, waiting on MUTEX
[dplay] received 14 data bytes from pid 3
[dplay] received 33 data bytes from pid 1
[dplay] Send 14 bytes pid 4 -> 1 (ok)
[dplay] received 14 data bytes from pid 3
[dplay] received 33 data bytes from pid 1
[agg] StaticTimeProc 49/s  impl=1 host=0 running=1 resync=0 served=0  -> AggregatorGetPackets 0/s
[dplay] Send 14 bytes pid 4 -> 1 (ok)
[agg] sent-to-agg/s dummy=0 init=0 other=12 (last other IDCode=201)  Count=76 FrameCount=77 synched=1 csync=1 res=0
[dplay] received 14 data bytes from pid 3
[dplay] received 33 data bytes from pid 1
[agg] drained/s:  WINMOVE.CPP:4941 from=3 to=1 len=14 x13  WINMOVE.CPP:4941 from=1 to=2 len=33 x26
[dplay] Send 14 bytes pid 4 -> 1 (ok)
[dplay] received 14 data bytes from pid 3
[dplay] received 33 data bytes from pid 1
[dplay] Send 14 bytes pid 4 -> 1 (ok)
[dplay] received 14 data bytes from pid 3
[dplay] received 33 data bytes from pid 1
[dplay] Send 14 bytes pid 4 -> 1 (ok)
[dplay] received 14 data bytes from pid 3
[dplay] received 33 data bytes from pid 1
[dplay] Send 14 bytes pid 4 -> 1 (ok)
[dplay] received 14 data bytes from pid 3
[dplay] received 33 data bytes from pid 1
[dplay] Send 14 bytes pid 4 -> 1 (ok)
[dplay] received 14 data bytes from pid 3
[dplay] received 33 data bytes from pid 1
[dplay] Send 14 bytes pid 4 -> 1 (ok)
[dplay] received 14 data bytes from pid 3
[dplay] received 33 data bytes from pid 1
[dplay] Send 14 bytes pid 4 -> 1 (ok)
[dplay] received 14 data bytes from pid 3
[dplay] received 33 data bytes from pid 1
[dplay] Send 14 bytes pid 4 -> 1 (ok)
[dplay] received 14 data bytes from pid 3
[dplay] received 33 data bytes from pid 1
[dplay] Send 14 bytes pid 4 -> 1 (ok)
[dplay] received 14 data bytes from pid 3
[dplay] received 33 data bytes from pid 1
[dplay] Send 14 bytes pid 4 -> 1 (ok)
[dplay] received 14 data bytes from pid 3
[dplay] received 33 data bytes from pid 1
[mfctimer] fire #28000 wnd=0x98c9456 id=2378
[moveloop] iter=2950 -> waiting on SEMAPHORE
[moveloop] iter=2950 -> got semaphore, waiting on MUTEX
[dplay] Send 14 bytes pid 4 -> 1 (ok)
[dplay] received 14 data bytes from pid 3
[dplay] received 33 data bytes from pid 1
[dplay] Send 14 bytes pid 4 -> 1 (ok)
[agg] StaticTimeProc 49/s  impl=1 host=0 running=1 resync=0 served=0  -> AggregatorGetPackets 0/s
[dplay] received 14 data bytes from pid 3
[dplay] received 33 data bytes from pid 1
[agg] drained/s:  WINMOVE.CPP:4941 from=3 to=1 len=14 x12  WINMOVE.CPP:4941 from=1 to=2 len=33 x24
[dplay] Send 14 bytes pid 4 -> 1 (ok)
[agg] sent-to-agg/s dummy=0 init=0 other=13 (last other IDCode=201)  Count=89 FrameCount=90 synched=1 csync=1 res=0
[dplay] received 14 data bytes from pid 3
[dplay] received 33 data bytes from pid 1
[dplay] Send 14 bytes pid 4 -> 1 (ok)
[dplay] received 14 data bytes from pid 3
[dplay] received 33 data bytes from pid 1
[dplay] Send 14 bytes pid 4 -> 1 (ok)
[dplay] received 14 data bytes from pid 3
[dplay] received 33 data bytes from pid 1
[dplay] Send 14 bytes pid 4 -> 1 (ok)
[dplay] received 14 data bytes from pid 3
[dplay] received 33 data bytes from pid 1
[dplay] Send 14 bytes pid 4 -> 1 (ok)
[dplay] received 14 data bytes from pid 3
[dplay] received 33 data bytes from pid 1
[dplay] Send 14 bytes pid 4 -> 1 (ok)
[dplay] received 14 data bytes from pid 3
[dplay] received 33 data bytes from pid 1
[dplay] Send 14 bytes pid 4 -> 1 (ok)
[dplay] received 14 data bytes from pid 3
[dplay] received 33 data bytes from pid 1
[dplay] Send 14 bytes pid 4 -> 1 (ok)
[timeproc] tick=10750 instances=1 currinst=0xab4b5a0
[dplay] received 14 data bytes from pid 3
[dplay] received 33 data bytes from pid 1
[dplay] Send 14 bytes pid 4 -> 1 (ok)
[dplay] received 14 data bytes from pid 3
[dplay] received 33 data bytes from pid 1
[dplay] Send 14 bytes pid 4 -> 1 (ok)
[dplay] received 14 data bytes from pid 3
[dplay] received 33 data bytes from pid 1
[dplay] Send 14 bytes pid 4 -> 1 (ok)
[moveloop] iter=3000 -> waiting on SEMAPHORE
[moveloop] iter=3000 -> got semaphore, waiting on MUTEX
[movegate] cycle=3000 timeout=0 accelcountdown=1 accel=0
[movestep] cycle=3000 paused=0 num=1
[dplay] received 14 data bytes from pid 3
[dplay] received 33 data bytes from pid 1
[dplay] Send 14 bytes pid 4 -> 1 (ok)
[dplay] received 14 data bytes from pid 3
[dplay] received 33 data bytes from pid 1
[agg] StaticTimeProc 50/s  impl=1 host=0 running=1 resync=0 served=0  -> AggregatorGetPackets 0/s
[dplay] Send 14 bytes pid 4 -> 1 (ok)
[agg] sent-to-agg/s dummy=0 init=0 other=12 (last other IDCode=201)  Count=101 FrameCount=102 synched=1 csync=1 res=0
[dplay] received 14 data bytes from pid 3
[dplay] received 33 data bytes from pid 1
[agg] drained/s:  WINMOVE.CPP:4941 from=3 to=1 len=14 x13  WINMOVE.CPP:4941 from=1 to=2 len=33 x26
[dplay] Send 14 bytes pid 4 -> 1 (ok)
[dplay] received 14 data bytes from pid 3
[dplay] received 33 data bytes from pid 1
[dplay] Send 14 bytes pid 4 -> 1 (ok)
[dplay] received 14 data bytes from pid 3
[dplay] received 33 data bytes from pid 1
[dplay] Send 14 bytes pid 4 -> 1 (ok)
[dplay] received 14 data bytes from pid 3
[dplay] received 33 data bytes from pid 1
[dplay] Send 14 bytes pid 4 -> 1 (ok)
[dplay] received 14 data bytes from pid 3
[dplay] received 33 data bytes from pid 1
[mfctimer] fire #28500 wnd=0x98c9456 id=2378
[dplay] Send 14 bytes pid 4 -> 1 (ok)
[dplay] received 14 data bytes from pid 3
[dplay] received 33 data bytes from pid 1
[dplay] Send 14 bytes pid 4 -> 1 (ok)
[dplay] received 14 data bytes from pid 3
[dplay] received 33 data bytes from pid 1
[dplay] Send 14 bytes pid 4 -> 1 (ok)
[dplay] received 14 data bytes from pid 3
[dplay] received 33 data bytes from pid 1
[dplay] Send 14 bytes pid 4 -> 1 (ok)
[dplay] received 14 data bytes from pid 3
[dplay] received 33 data bytes from pid 1
[dplay] Send 14 bytes pid 4 -> 1 (ok)
[dplay] received 14 data bytes from pid 3
[dplay] received 33 data bytes from pid 1
[dplay] Send 14 bytes pid 4 -> 1 (ok)
[dplay] received 14 data bytes from pid 3
[dplay] received 33 data bytes from pid 1
[moveloop] iter=3050 -> waiting on SEMAPHORE
[moveloop] iter=3050 -> got semaphore, waiting on MUTEX
[dplay] Send 14 bytes pid 4 -> 1 (ok)
[dplay] received 14 data bytes from pid 3
[dplay] received 33 data bytes from pid 1
[dplay] Send 14 bytes pid 4 -> 1 (ok)
[dplay] received 14 data bytes from pid 3
[dplay] received 33 data bytes from pid 1
[agg] drained/s:  WINMOVE.CPP:4941 from=3 to=1 len=14 x12  WINMOVE.CPP:4941 from=1 to=2 len=33 x24
[agg] StaticTimeProc 49/s  impl=1 host=0 running=1 resync=0 served=0  -> AggregatorGetPackets 0/s
[dplay] Send 14 bytes pid 4 -> 1 (ok)
[agg] sent-to-agg/s dummy=0 init=0 other=13 (last other IDCode=201)  Count=114 FrameCount=115 synched=1 csync=1 res=0
[dplay] received 14 data bytes from pid 3
[dplay] received 33 data bytes from pid 1
[dplay] Send 14 bytes pid 4 -> 1 (ok)
[dplay] received 14 data bytes from pid 3
[dplay] received 33 data bytes from pid 1
[dplay] Send 14 bytes pid 4 -> 1 (ok)
[dplay] received 14 data bytes from pid 3
[dplay] received 33 data bytes from pid 1
[dplay] Send 14 bytes pid 4 -> 1 (ok)
[dplay] received 14 data bytes from pid 3
[dplay] received 33 data bytes from pid 1
[dplay] Send 14 bytes pid 4 -> 1 (ok)
[dplay] received 14 data bytes from pid 3
[dplay] received 33 data bytes from pid 1
[dplay] Send 14 bytes pid 4 -> 1 (ok)
[dplay] received 14 data bytes from pid 3
[dplay] received 33 data bytes from pid 1
[dplay] Send 14 bytes pid 4 -> 1 (ok)
[dplay] received 14 data bytes from pid 3
[dplay] received 33 data bytes from pid 1
[accnt] aircraft in this world: now=8 MAX=8 visible=2 dead=7 (frame sample #5)
[dplay] Send 14 bytes pid 4 -> 1 (ok)
[dplay] received 14 data bytes from pid 3
[dplay] received 33 data bytes from pid 1
[dplay] Send 14 bytes pid 4 -> 1 (ok)
[dplay] received 14 data bytes from pid 3
[dplay] received 33 data bytes from pid 1
[dplay] Send 14 bytes pid 4 -> 1 (ok)
[dplay] received 14 data bytes from pid 3
[dplay] received 33 data bytes from pid 1
[dplay] Send 14 bytes pid 4 -> 1 (ok)
[moveloop] iter=3100 -> waiting on SEMAPHORE
[moveloop] iter=3100 -> got semaphore, waiting on MUTEX
[dplay] received 14 data bytes from pid 3
[dplay] received 33 data bytes from pid 1
[dplay] Send 14 bytes pid 4 -> 1 (ok)
[dplay] received 14 data bytes from pid 3
[dplay] received 33 data bytes from pid 1
[mfctimer] fire #29000 wnd=0x98c9456 id=2378
[agg] StaticTimeProc 49/s  impl=1 host=0 running=1 resync=0 served=0  -> AggregatorGetPackets 0/s
[dplay] Send 14 bytes pid 4 -> 1 (ok)
[agg] sent-to-agg/s dummy=0 init=0 other=12 (last other IDCode=201)  Count=126 FrameCount=127 synched=1 csync=1 res=0
[dplay] received 14 data bytes from pid 3
[dplay] received 33 data bytes from pid 1
[agg] drained/s:  WINMOVE.CPP:4941 from=3 to=1 len=14 x13  WINMOVE.CPP:4941 from=1 to=2 len=33 x26
[dplay] pump #1019500 (host=0) -- discovery is answered only from here
[dplay] Send 14 bytes pid 4 -> 1 (ok)
[dplay] received 14 data bytes from pid 3
[dplay] received 33 data bytes from pid 1
[dplay] Send 14 bytes pid 4 -> 1 (ok)
[dplay] received 14 data bytes from pid 3
[dplay] received 33 data bytes from pid 1
[dplay] Send 14 bytes pid 4 -> 1 (ok)
[dplay] received 14 data bytes from pid 3
[dplay] received 33 data bytes from pid 1
[dplay] Send 14 bytes pid 4 -> 1 (ok)
[dplay] received 14 data bytes from pid 3
[dplay] received 33 data bytes from pid 1
[dplay] Send 14 bytes pid 4 -> 1 (ok)
[dplay] received 14 data bytes from pid 3
[dplay] received 33 data bytes from pid 1
[dplay] Send 14 bytes pid 4 -> 1 (ok)
[dplay] received 14 data bytes from pid 3
[dplay] received 33 data bytes from pid 1
[dplay] Send 14 bytes pid 4 -> 1 (ok)
[dplay] received 14 data bytes from pid 3
[dplay] received 33 data bytes from pid 1
[dplay] Send 14 bytes pid 4 -> 1 (ok)
[dplay] received 14 data bytes from pid 3
[dplay] received 33 data bytes from pid 1
[dplay] Send 14 bytes pid 4 -> 1 (ok)
[dplay] received 14 data bytes from pid 3
[dplay] received 33 data bytes from pid 1
[dplay] Send 14 bytes pid 4 -> 1 (ok)
[dplay] received 14 data bytes from pid 3
[dplay] received 33 data bytes from pid 1
[moveloop] iter=3150 -> waiting on SEMAPHORE
[moveloop] iter=3150 -> got semaphore, waiting on MUTEX
[dplay] Send 14 bytes pid 4 -> 1 (ok)
[dplay] received 14 data bytes from pid 3
[dplay] received 33 data bytes from pid 1
[dplay] Send 14 bytes pid 4 -> 1 (ok)
[dplay] received 14 data bytes from pid 3
[dplay] received 33 data bytes from pid 1
[agg] drained/s:  WINMOVE.CPP:4941 from=3 to=1 len=14 x12  WINMOVE.CPP:4941 from=1 to=2 len=33 x24
[agg] StaticTimeProc 50/s  impl=1 host=0 running=1 resync=0 served=0  -> AggregatorGetPackets 0/s
[dplay] Send 14 bytes pid 4 -> 1 (ok)
[agg] sent-to-agg/s dummy=0 init=0 other=13 (last other IDCode=201)  Count=139 FrameCount=140 synched=1 csync=1 res=0
[dplay] received 14 data bytes from pid 3
[dplay] received 33 data bytes from pid 1
[dplay] Send 14 bytes pid 4 -> 1 (ok)
[dplay] received 14 data bytes from pid 3
[dplay] received 33 data bytes from pid 1
[dplay] Send 14 bytes pid 4 -> 1 (ok)
[dplay] received 14 data bytes from pid 3
[dplay] received 33 data bytes from pid 1
[dplay] Send 14 bytes pid 4 -> 1 (ok)
[dplay] received 14 data bytes from pid 3
[dplay] received 33 data bytes from pid 1
[dplay] Send 14 bytes pid 4 -> 1 (ok)
[dplay] received 14 data bytes from pid 3
[dplay] received 33 data bytes from pid 1
[dplay] Send 14 bytes pid 4 -> 1 (ok)
[dplay] received 14 data bytes from pid 3
[dplay] received 33 data bytes from pid 1
[mfctimer] fire #29500 wnd=0x98c9456 id=2378
[dplay] Send 14 bytes pid 4 -> 1 (ok)
[dplay] received 14 data bytes from pid 3
[dplay] received 33 data bytes from pid 1
[dplay] Send 14 bytes pid 4 -> 1 (ok)
[dplay] received 14 data bytes from pid 3
[dplay] received 33 data bytes from pid 1
[dplay] Send 14 bytes pid 4 -> 1 (ok)
[dplay] received 14 data bytes from pid 3
[dplay] received 33 data bytes from pid 1
[dplay] Send 14 bytes pid 4 -> 1 (ok)
[dplay] received 14 data bytes from pid 3
[dplay] received 33 data bytes from pid 1
[dplay] Send 14 bytes pid 4 -> 1 (ok)
[moveloop] iter=3200 -> waiting on SEMAPHORE
[moveloop] iter=3200 -> got semaphore, waiting on MUTEX
[dplay] received 14 data bytes from pid 3
[dplay] received 33 data bytes from pid 1
[dplay] Send 14 bytes pid 4 -> 1 (ok)
[dplay] received 14 data bytes from pid 3
[dplay] received 33 data bytes from pid 1
[agg] StaticTimeProc 49/s  impl=1 host=0 running=1 resync=0 served=0  -> AggregatorGetPackets 0/s
[dplay] Send 14 bytes pid 4 -> 1 (ok)
[agg] sent-to-agg/s dummy=0 init=0 other=12 (last other IDCode=201)  Count=151 FrameCount=152 synched=1 csync=1 res=0
[dplay] received 14 data bytes from pid 3
[dplay] received 33 data bytes from pid 1
[agg] drained/s:  WINMOVE.CPP:4941 from=3 to=1 len=14 x13  WINMOVE.CPP:4941 from=1 to=2 len=33 x26
[dplay] Send 14 bytes pid 4 -> 1 (ok)
[dplay] received 14 data bytes from pid 3
[dplay] received 33 data bytes from pid 1
[dplay] Send 14 bytes pid 4 -> 1 (ok)
[dplay] received 14 data bytes from pid 3
[dplay] received 33 data bytes from pid 1
[dplay] Send 14 bytes pid 4 -> 1 (ok)
[dplay] received 14 data bytes from pid 3
[dplay] received 33 data bytes from pid 1
[dplay] Send 14 bytes pid 4 -> 1 (ok)
[dplay] received 14 data bytes from pid 3
[dplay] received 33 data bytes from pid 1
[dplay] Send 14 bytes pid 4 -> 1 (ok)
[dplay] received 14 data bytes from pid 3
[dplay] received 33 data bytes from pid 1
[dplay] Send 14 bytes pid 4 -> 1 (ok)
[dplay] received 14 data bytes from pid 3
[dplay] received 33 data bytes from pid 1
[dplay] Send 14 bytes pid 4 -> 1 (ok)
[dplay] received 14 data bytes from pid 3
[dplay] received 33 data bytes from pid 1
[dplay] Send 14 bytes pid 4 -> 1 (ok)
[dplay] received 14 data bytes from pid 3
[dplay] received 33 data bytes from pid 1
[timeproc] tick=11000 instances=1 currinst=0xab4b5a0
[dplay] Send 14 bytes pid 4 -> 1 (ok)
[dplay] received 14 data bytes from pid 3
[dplay] received 33 data bytes from pid 1
[dplay] Send 14 bytes pid 4 -> 1 (ok)
[dplay] received 14 data bytes from pid 3
[dplay] received 33 data bytes from pid 1
[moveloop] iter=3250 -> waiting on SEMAPHORE
[moveloop] iter=3250 -> got semaphore, waiting on MUTEX
[movegate] cycle=3250 timeout=0 accelcountdown=1 accel=0
[movestep] cycle=3250 paused=0 num=1
[dplay] Send 14 bytes pid 4 -> 1 (ok)
[dplay] received 14 data bytes from pid 3
[dplay] received 33 data bytes from pid 1
[dplay] Send 14 bytes pid 4 -> 1 (ok)
[dplay] received 14 data bytes from pid 3
[dplay] received 33 data bytes from pid 1
[agg] drained/s:  WINMOVE.CPP:4941 from=3 to=1 len=14 x12  WINMOVE.CPP:4941 from=1 to=2 len=33 x24
[agg] StaticTimeProc 49/s  impl=1 host=0 running=1 resync=0 served=0  -> AggregatorGetPackets 0/s
[dplay] Send 14 bytes pid 4 -> 1 (ok)
[agg] sent-to-agg/s dummy=0 init=0 other=13 (last other IDCode=201)  Count=164 FrameCount=165 synched=1 csync=1 res=0
[dplay] received 14 data bytes from pid 3
[mfctimer] fire #30000 wnd=0x98c9456 id=2378
[dplay] received 33 data bytes from pid 1
[dplay] Send 14 bytes pid 4 -> 1 (ok)
[dplay] received 14 data bytes from pid 3
[dplay] received 33 data bytes from pid 1
[dplay] Send 14 bytes pid 4 -> 1 (ok)
[dplay] received 14 data bytes from pid 3
[dplay] received 33 data bytes from pid 1
[dplay] Send 14 bytes pid 4 -> 1 (ok)
[dplay] received 14 data bytes from pid 3
[dplay] received 33 data bytes from pid 1
[dplay] Send 14 bytes pid 4 -> 1 (ok)
[dplay] received 14 data bytes from pid 3
[dplay] received 33 data bytes from pid 1
[dplay] Send 14 bytes pid 4 -> 1 (ok)
[dplay] received 14 data bytes from pid 3
[dplay] received 33 data bytes from pid 1
[dplay] Send 14 bytes pid 4 -> 1 (ok)
[dplay] received 14 data bytes from pid 3
[dplay] received 33 data bytes from pid 1
[dplay] Send 14 bytes pid 4 -> 1 (ok)
[dplay] received 14 data bytes from pid 3
[dplay] received 33 data bytes from pid 1
[dplay] Send 14 bytes pid 4 -> 1 (ok)
[dplay] received 14 data bytes from pid 3
[dplay] received 33 data bytes from pid 1
[dplay] Send 14 bytes pid 4 -> 1 (ok)
[dplay] received 14 data bytes from pid 3
[dplay] received 33 data bytes from pid 1
[dplay] Send 14 bytes pid 4 -> 1 (ok)
[moveloop] iter=3300 -> waiting on SEMAPHORE
[moveloop] iter=3300 -> got semaphore, waiting on MUTEX
[dplay] received 14 data bytes from pid 3
[dplay] received 33 data bytes from pid 1
[dplay] Send 14 bytes pid 4 -> 1 (ok)
[dplay] received 14 data bytes from pid 3
[dplay] received 33 data bytes from pid 1
[agg] StaticTimeProc 50/s  impl=1 host=0 running=1 resync=0 served=0  -> AggregatorGetPackets 0/s
[dplay] Send 14 bytes pid 4 -> 1 (ok)
[agg] sent-to-agg/s dummy=0 init=0 other=12 (last other IDCode=201)  Count=176 FrameCount=177 synched=1 csync=1 res=0
[dplay] received 14 data bytes from pid 3
[dplay] received 33 data bytes from pid 1
[agg] drained/s:  WINMOVE.CPP:4941 from=3 to=1 len=14 x13  WINMOVE.CPP:4941 from=1 to=2 len=33 x26
[dplay] Send 14 bytes pid 4 -> 1 (ok)
[dplay] received 14 data bytes from pid 3
[dplay] received 33 data bytes from pid 1
[dplay] Send 14 bytes pid 4 -> 1 (ok)
[dplay] received 14 data bytes from pid 3
[dplay] received 33 data bytes from pid 1
[dplay] Send 14 bytes pid 4 -> 1 (ok)
[dplay] received 14 data bytes from pid 3
[dplay] received 33 data bytes from pid 1
[dplay] Send 14 bytes pid 4 -> 1 (ok)
[dplay] received 14 data bytes from pid 3
[dplay] received 33 data bytes from pid 1
[dplay] Send 14 bytes pid 4 -> 1 (ok)
[dplay] received 14 data bytes from pid 3
[dplay] received 33 data bytes from pid 1
[dplay] Send 14 bytes pid 4 -> 1 (ok)
[dplay] received 14 data bytes from pid 3
[dplay] received 33 data bytes from pid 1
[dplay] Send 14 bytes pid 4 -> 1 (ok)
[dplay] received 14 data bytes from pid 3
[dplay] received 33 data bytes from pid 1
[mfctimer] fire #30500 wnd=0x98c9456 id=2378
[dplay] Send 14 bytes pid 4 -> 1 (ok)
[dplay] received 14 data bytes from pid 3
[dplay] received 33 data bytes from pid 1
[dplay] Send 14 bytes pid 4 -> 1 (ok)
[dplay] received 14 data bytes from pid 3
[dplay] received 33 data bytes from pid 1
[dplay] Send 14 bytes pid 4 -> 1 (ok)
[dplay] received 14 data bytes from pid 3
[dplay] received 33 data bytes from pid 1
[moveloop] iter=3350 -> waiting on SEMAPHORE
[moveloop] iter=3350 -> got semaphore, waiting on MUTEX
[dplay] Send 14 bytes pid 4 -> 1 (ok)
[dplay] received 14 data bytes from pid 3
[dplay] received 33 data bytes from pid 1
[dplay] Send 14 bytes pid 4 -> 1 (ok)
[dplay] received 14 data bytes from pid 3
[dplay] received 33 data bytes from pid 1
[agg] drained/s:  WINMOVE.CPP:4941 from=3 to=1 len=14 x12  WINMOVE.CPP:4941 from=1 to=2 len=33 x24
[agg] StaticTimeProc 49/s  impl=1 host=0 running=1 resync=0 served=0  -> AggregatorGetPackets 0/s
[dplay] Send 14 bytes pid 4 -> 1 (ok)
[agg] sent-to-agg/s dummy=0 init=0 other=13 (last other IDCode=201)  Count=189 FrameCount=190 synched=1 csync=1 res=0
[dplay] received 14 data bytes from pid 3
[dplay] received 33 data bytes from pid 1
[dplay] Send 14 bytes pid 4 -> 1 (ok)
[dplay] received 14 data bytes from pid 3
[dplay] received 33 data bytes from pid 1
[dplay] received 14 data bytes from pid 3
[dplay] Send 14 bytes pid 4 -> 1 (ok)
[dplay] received 33 data bytes from pid 1
[dplay] Send 14 bytes pid 4 -> 1 (ok)
[dplay] received 14 data bytes from pid 3
[dplay] received 33 data bytes from pid 1
[dplay] Send 14 bytes pid 4 -> 1 (ok)
[dplay] received 14 data bytes from pid 3
[dplay] received 33 data bytes from pid 1
[dplay] Send 14 bytes pid 4 -> 1 (ok)
[dplay] received 14 data bytes from pid 3
[dplay] received 33 data bytes from pid 1
[dplay] Send 14 bytes pid 4 -> 1 (ok)
[dplay] received 14 data bytes from pid 3
[dplay] received 33 data bytes from pid 1
[dplay] Send 14 bytes pid 4 -> 1 (ok)
[dplay] received 14 data bytes from pid 3
[dplay] received 33 data bytes from pid 1
[dplay] Send 14 bytes pid 4 -> 1 (ok)
[dplay] received 14 data bytes from pid 3
[dplay] received 33 data bytes from pid 1
[dplay] Send 14 bytes pid 4 -> 1 (ok)
[dplay] pump #1020000 (host=0) -- discovery is answered only from here
[dplay] received 14 data bytes from pid 3
[dplay] received 33 data bytes from pid 1
[dplay] Send 14 bytes pid 4 -> 1 (ok)
[moveloop] iter=3400 -> waiting on SEMAPHORE
[moveloop] iter=3400 -> got semaphore, waiting on MUTEX
[dplay] received 14 data bytes from pid 3
[dplay] received 33 data bytes from pid 1
[dplay] Send 14 bytes pid 4 -> 1 (ok)
[dplay] received 14 data bytes from pid 3
[dplay] received 33 data bytes from pid 1
[agg] StaticTimeProc 49/s  impl=1 host=0 running=1 resync=0 served=0  -> AggregatorGetPackets 0/s
[dplay] Send 14 bytes pid 4 -> 1 (ok)
[agg] sent-to-agg/s dummy=0 init=0 other=12 (last other IDCode=201)  Count=201 FrameCount=202 synched=1 csync=1 res=0
[dplay] received 14 data bytes from pid 3
[dplay] received 33 data bytes from pid 1
[agg] drained/s:  WINMOVE.CPP:4941 from=3 to=1 len=14 x13  WINMOVE.CPP:4941 from=1 to=2 len=33 x26
[dplay] Send 14 bytes pid 4 -> 1 (ok)
[dplay] received 14 data bytes from pid 3
[dplay] received 33 data bytes from pid 1
[dplay] Send 14 bytes pid 4 -> 1 (ok)
[mfctimer] fire #31000 wnd=0x98c9456 id=2378
[dplay] received 14 data bytes from pid 3
[dplay] received 33 data bytes from pid 1
[dplay] Send 14 bytes pid 4 -> 1 (ok)
[dplay] received 14 data bytes from pid 3
[dplay] received 33 data bytes from pid 1
[dplay] Send 14 bytes pid 4 -> 1 (ok)
[dplay] received 14 data bytes from pid 3
[dplay] received 33 data bytes from pid 1
[dplay] Send 14 bytes pid 4 -> 1 (ok)
[dplay] received 14 data bytes from pid 3
[dplay] received 33 data bytes from pid 1
[dplay] Send 14 bytes pid 4 -> 1 (ok)
[dplay] received 14 data bytes from pid 3
[dplay] received 33 data bytes from pid 1
[dplay] Send 14 bytes pid 4 -> 1 (ok)
[dplay] received 14 data bytes from pid 3
[dplay] received 33 data bytes from pid 1
[dplay] Send 14 bytes pid 4 -> 1 (ok)
[dplay] received 14 data bytes from pid 3
[dplay] received 33 data bytes from pid 1
[dplay] Send 14 bytes pid 4 -> 1 (ok)
[dplay] received 14 data bytes from pid 3
[dplay] received 33 data bytes from pid 1
[dplay] Send 14 bytes pid 4 -> 1 (ok)
[dplay] received 14 data bytes from pid 3
[dplay] received 33 data bytes from pid 1
[moveloop] iter=3450 -> waiting on SEMAPHORE
[moveloop] iter=3450 -> got semaphore, waiting on MUTEX
[dplay] Send 14 bytes pid 4 -> 1 (ok)
[dplay] received 14 data bytes from pid 3
[dplay] received 33 data bytes from pid 1
[dplay] Send 14 bytes pid 4 -> 1 (ok)
[dplay] received 14 data bytes from pid 3
[dplay] received 33 data bytes from pid 1
[agg] drained/s:  WINMOVE.CPP:4941 from=3 to=1 len=14 x12  WINMOVE.CPP:4941 from=1 to=2 len=33 x24
[agg] StaticTimeProc 50/s  impl=1 host=0 running=1 resync=0 served=0  -> AggregatorGetPackets 0/s
[dplay] Send 14 bytes pid 4 -> 1 (ok)
[agg] sent-to-agg/s dummy=0 init=0 other=13 (last other IDCode=201)  Count=214 FrameCount=215 synched=1 csync=1 res=0
[dplay] received 14 data bytes from pid 3
[dplay] received 33 data bytes from pid 1
[dplay] Send 14 bytes pid 4 -> 1 (ok)
[dplay] received 14 data bytes from pid 3
[dplay] received 33 data bytes from pid 1
[dplay] Send 14 bytes pid 4 -> 1 (ok)
[dplay] received 14 data bytes from pid 3
[dplay] received 33 data bytes from pid 1
[dplay] Send 14 bytes pid 4 -> 1 (ok)
[dplay] received 14 data bytes from pid 3
[dplay] received 33 data bytes from pid 1
[dplay] Send 14 bytes pid 4 -> 1 (ok)
[dplay] received 14 data bytes from pid 3
[dplay] received 33 data bytes from pid 1
[dplay] Send 14 bytes pid 4 -> 1 (ok)
[dplay] received 14 data bytes from pid 3
[dplay] received 33 data bytes from pid 1
[dplay] Send 14 bytes pid 4 -> 1 (ok)
[dplay] received 14 data bytes from pid 3
[dplay] received 33 data bytes from pid 1
[dplay] Send 14 bytes pid 4 -> 1 (ok)
[dplay] received 14 data bytes from pid 3
[dplay] received 33 data bytes from pid 1
[dplay] Send 14 bytes pid 4 -> 1 (ok)
[dplay] received 14 data bytes from pid 3
[dplay] received 33 data bytes from pid 1
[mfctimer] fire #31500 wnd=0x98c9456 id=2378
[timeproc] tick=11250 instances=1 currinst=0xab4b5a0
[dplay] Send 14 bytes pid 4 -> 1 (ok)
[dplay] received 14 data bytes from pid 3
[dplay] received 33 data bytes from pid 1
[dplay] Send 14 bytes pid 4 -> 1 (ok)
[moveloop] iter=3500 -> waiting on SEMAPHORE
[moveloop] iter=3500 -> got semaphore, waiting on MUTEX
[movegate] cycle=3500 timeout=0 accelcountdown=1 accel=0
[movestep] cycle=3500 paused=0 num=1
[dplay] received 14 data bytes from pid 3
[dplay] received 33 data bytes from pid 1
[dplay] Send 14 bytes pid 4 -> 1 (ok)
[dplay] received 14 data bytes from pid 3
[dplay] received 33 data bytes from pid 1
[agg] StaticTimeProc 49/s  impl=1 host=0 running=1 resync=0 served=0  -> AggregatorGetPackets 0/s
[dplay] Send 14 bytes pid 4 -> 1 (ok)
[agg] sent-to-agg/s dummy=0 init=0 other=12 (last other IDCode=201)  Count=226 FrameCount=227 synched=1 csync=1 res=0
[dplay] received 14 data bytes from pid 3
[dplay] received 33 data bytes from pid 1
[agg] drained/s:  WINMOVE.CPP:4941 from=3 to=1 len=14 x13  WINMOVE.CPP:4941 from=1 to=2 len=33 x26
[dplay] Send 14 bytes pid 4 -> 1 (ok)
[dplay] received 14 data bytes from pid 3
[dplay] received 33 data bytes from pid 1
[dplay] Send 14 bytes pid 4 -> 1 (ok)
[dplay] received 14 data bytes from pid 3
[dplay] received 33 data bytes from pid 1
[dplay] Send 14 bytes pid 4 -> 1 (ok)
[dplay] received 14 data bytes from pid 3
[dplay] received 33 data bytes from pid 1
[dplay] Send 14 bytes pid 4 -> 1 (ok)
[dplay] received 14 data bytes from pid 3
[dplay] received 33 data bytes from pid 1
[dplay] Send 14 bytes pid 4 -> 1 (ok)
[dplay] received 14 data bytes from pid 3
[dplay] received 33 data bytes from pid 1
[dplay] Send 14 bytes pid 4 -> 1 (ok)
[dplay] received 14 data bytes from pid 3
[dplay] received 33 data bytes from pid 1
[dplay] Send 14 bytes pid 4 -> 1 (ok)
[dplay] received 14 data bytes from pid 3
[dplay] received 33 data bytes from pid 1
[dplay] Send 14 bytes pid 4 -> 1 (ok)
[dplay] received 14 data bytes from pid 3
[dplay] received 33 data bytes from pid 1
[dplay] Send 14 bytes pid 4 -> 1 (ok)
[dplay] received 14 data bytes from pid 3
[dplay] received 33 data bytes from pid 1
[dplay] Send 14 bytes pid 4 -> 1 (ok)
[dplay] received 14 data bytes from pid 3
[dplay] received 33 data bytes from pid 1
[moveloop] iter=3550 -> waiting on SEMAPHORE
[moveloop] iter=3550 -> got semaphore, waiting on MUTEX
[dplay] Send 14 bytes pid 4 -> 1 (ok)
[dplay] received 14 data bytes from pid 3
[dplay] received 33 data bytes from pid 1
[dplay] Send 14 bytes pid 4 -> 1 (ok)
[dplay] received 14 data bytes from pid 3
[dplay] received 33 data bytes from pid 1
[agg] drained/s:  WINMOVE.CPP:4941 from=3 to=1 len=14 x12  WINMOVE.CPP:4941 from=1 to=2 len=33 x24
[agg] StaticTimeProc 49/s  impl=1 host=0 running=1 resync=0 served=0  -> AggregatorGetPackets 0/s
[dplay] Send 14 bytes pid 4 -> 1 (ok)
[agg] sent-to-agg/s dummy=0 init=0 other=13 (last other IDCode=201)  Count=239 FrameCount=240 synched=1 csync=1 res=0
[dplay] received 14 data bytes from pid 3
[dplay] received 33 data bytes from pid 1
[dplay] Send 14 bytes pid 4 -> 1 (ok)
[dplay] received 14 data bytes from pid 3
[dplay] received 33 data bytes from pid 1
[dplay] Send 14 bytes pid 4 -> 1 (ok)
[dplay] received 14 data bytes from pid 3
[dplay] received 33 data bytes from pid 1
[dplay] Send 14 bytes pid 4 -> 1 (ok)
[mfctimer] fire #32000 wnd=0x98c9456 id=2378
[dplay] received 14 data bytes from pid 3
[dplay] received 33 data bytes from pid 1
[dplay] Send 14 bytes pid 4 -> 1 (ok)
[dplay] received 14 data bytes from pid 3
[dplay] received 33 data bytes from pid 1
[dplay] Send 14 bytes pid 4 -> 1 (ok)
[dplay] received 14 data bytes from pid 3
[dplay] received 33 data bytes from pid 1
[dplay] Send 14 bytes pid 4 -> 1 (ok)
[dplay] received 14 data bytes from pid 3
[dplay] received 33 data bytes from pid 1
[dplay] Send 14 bytes pid 4 -> 1 (ok)
[dplay] received 14 data bytes from pid 3
[dplay] received 33 data bytes from pid 1
[dplay] Send 14 bytes pid 4 -> 1 (ok)
[dplay] received 14 data bytes from pid 3
[dplay] received 33 data bytes from pid 1
[dplay] Send 14 bytes pid 4 -> 1 (ok)
[dplay] received 14 data bytes from pid 3
[dplay] received 33 data bytes from pid 1
[dplay] Send 14 bytes pid 4 -> 1 (ok)
[moveloop] iter=3600 -> waiting on SEMAPHORE
[moveloop] iter=3600 -> got semaphore, waiting on MUTEX
[dplay] received 14 data bytes from pid 3
[dplay] received 33 data bytes from pid 1
[dplay] Send 14 bytes pid 4 -> 1 (ok)
[dplay] received 14 data bytes from pid 3
[dplay] received 33 data bytes from pid 1
[agg] StaticTimeProc 49/s  impl=1 host=0 running=1 resync=0 served=0  -> AggregatorGetPackets 0/s
[dplay] Send 14 bytes pid 4 -> 1 (ok)
[agg] sent-to-agg/s dummy=0 init=0 other=12 (last other IDCode=201)  Count=251 FrameCount=252 synched=1 csync=1 res=0
[dplay] received 14 data bytes from pid 3
[dplay] received 33 data bytes from pid 1
[agg] drained/s:  WINMOVE.CPP:4941 from=3 to=1 len=14 x13  WINMOVE.CPP:4941 from=1 to=2 len=33 x26
[dplay] Send 14 bytes pid 4 -> 1 (ok)
[dplay] received 14 data bytes from pid 3
[dplay] received 33 data bytes from pid 1
[dplay] Send 14 bytes pid 4 -> 1 (ok)
[dplay] received 14 data bytes from pid 3
[dplay] received 33 data bytes from pid 1
[dplay] Send 14 bytes pid 4 -> 1 (ok)
[dplay] received 14 data bytes from pid 3
[dplay] received 33 data bytes from pid 1
[dplay] Send 14 bytes pid 4 -> 1 (ok)
[dplay] received 14 data bytes from pid 3
[dplay] received 33 data bytes from pid 1
[dplay] Send 14 bytes pid 4 -> 1 (ok)
[dplay] received 14 data bytes from pid 3
[dplay] received 33 data bytes from pid 1
[dplay] Send 14 bytes pid 4 -> 1 (ok)
[dplay] received 14 data bytes from pid 3
[dplay] received 33 data bytes from pid 1
[dplay] Send 14 bytes pid 4 -> 1 (ok)
[dplay] received 14 data bytes from pid 3
[dplay] received 33 data bytes from pid 1
[dplay] Send 14 bytes pid 4 -> 1 (ok)
[dplay] received 14 data bytes from pid 3
[dplay] received 33 data bytes from pid 1
[dplay] Send 14 bytes pid 4 -> 1 (ok)
[dplay] received 14 data bytes from pid 3
[dplay] received 33 data bytes from pid 1
[dplay] Send 14 bytes pid 4 -> 1 (ok)
[dplay] received 14 data bytes from pid 3
[dplay] received 33 data bytes from pid 1
[mfctimer] fire #32500 wnd=0x98c9456 id=2378
[moveloop] iter=3650 -> waiting on SEMAPHORE
[moveloop] iter=3650 -> got semaphore, waiting on MUTEX
[dplay] Send 14 bytes pid 4 -> 1 (ok)
[dplay] received 14 data bytes from pid 3
[dplay] received 33 data bytes from pid 1
[dplay] Send 14 bytes pid 4 -> 1 (ok)
[dplay] received 14 data bytes from pid 3
[dplay] received 33 data bytes from pid 1
[agg] drained/s:  WINMOVE.CPP:4941 from=3 to=1 len=14 x12  WINMOVE.CPP:4941 from=1 to=2 len=33 x24
[agg] StaticTimeProc 50/s  impl=1 host=0 running=1 resync=0 served=0  -> AggregatorGetPackets 0/s
[dplay] Send 14 bytes pid 4 -> 1 (ok)
[agg] sent-to-agg/s dummy=0 init=0 other=13 (last other IDCode=201)  Count=8 FrameCount=9 synched=1 csync=1 res=0
[dplay] received 14 data bytes from pid 3
[dplay] received 33 data bytes from pid 1
[dplay] Send 14 bytes pid 4 -> 1 (ok)
[dplay] received 14 data bytes from pid 3
[dplay] received 33 data bytes from pid 1
[dplay] Send 14 bytes pid 4 -> 1 (ok)
[dplay] received 14 data bytes from pid 3
[dplay] received 33 data bytes from pid 1
[dplay] Send 14 bytes pid 4 -> 1 (ok)
[dplay] received 14 data bytes from pid 3
[dplay] received 33 data bytes from pid 1
[dplay] Send 14 bytes pid 4 -> 1 (ok)
[dplay] received 14 data bytes from pid 3
[dplay] received 33 data bytes from pid 1
[dplay] Send 14 bytes pid 4 -> 1 (ok)
[dplay] received 14 data bytes from pid 3
[dplay] received 33 data bytes from pid 1
[dplay] pump #1020500 (host=0) -- discovery is answered only from here
[dplay] Send 14 bytes pid 4 -> 1 (ok)
[dplay] received 14 data bytes from pid 3
[dplay] received 33 data bytes from pid 1
[accnt] aircraft in this world: now=8 MAX=8 visible=2 dead=7 (frame sample #6)
[dplay] Send 14 bytes pid 4 -> 1 (ok)
[dplay] received 14 data bytes from pid 3
[dplay] received 33 data bytes from pid 1
[dplay] Send 14 bytes pid 4 -> 1 (ok)
[dplay] received 14 data bytes from pid 3
[dplay] received 33 data bytes from pid 1
[dplay] Send 14 bytes pid 4 -> 1 (ok)
[dplay] received 14 data bytes from pid 3
[dplay] received 33 data bytes from pid 1
[dplay] Send 14 bytes pid 4 -> 1 (ok)
[moveloop] iter=3700 -> waiting on SEMAPHORE
[moveloop] iter=3700 -> got semaphore, waiting on MUTEX
[dplay] received 14 data bytes from pid 3
[dplay] received 33 data bytes from pid 1
[dplay] Send 14 bytes pid 4 -> 1 (ok)
[dplay] received 14 data bytes from pid 3
[dplay] received 33 data bytes from pid 1
[agg] StaticTimeProc 49/s  impl=1 host=0 running=1 resync=0 served=0  -> AggregatorGetPackets 0/s
[dplay] Send 14 bytes pid 4 -> 1 (ok)
[agg] sent-to-agg/s dummy=0 init=0 other=12 (last other IDCode=201)  Count=20 FrameCount=21 synched=1 csync=1 res=0
[dplay] received 14 data bytes from pid 3
[dplay] received 33 data bytes from pid 1
[agg] drained/s:  WINMOVE.CPP:4941 from=3 to=1 len=14 x13  WINMOVE.CPP:4941 from=1 to=2 len=33 x26
[dplay] Send 14 bytes pid 4 -> 1 (ok)
[dplay] received 14 data bytes from pid 3
[dplay] received 33 data bytes from pid 1
[dplay] Send 14 bytes pid 4 -> 1 (ok)
[dplay] received 14 data bytes from pid 3
[dplay] received 33 data bytes from pid 1
[dplay] Send 14 bytes pid 4 -> 1 (ok)
[dplay] received 14 data bytes from pid 3
[dplay] received 33 data bytes from pid 1
[dplay] Send 14 bytes pid 4 -> 1 (ok)
[dplay] received 14 data bytes from pid 3
[dplay] received 33 data bytes from pid 1
[mfctimer] fire #33000 wnd=0x98c9456 id=2378
[dplay] Send 14 bytes pid 4 -> 1 (ok)
[dplay] received 14 data bytes from pid 3
[dplay] received 33 data bytes from pid 1
[dplay] Send 14 bytes pid 4 -> 1 (ok)
[dplay] received 14 data bytes from pid 3
[dplay] received 33 data bytes from pid 1
[dplay] Send 14 bytes pid 4 -> 1 (ok)
[dplay] received 14 data bytes from pid 3
[dplay] received 33 data bytes from pid 1
[dplay] Send 14 bytes pid 4 -> 1 (ok)
[dplay] received 14 data bytes from pid 3
[dplay] received 33 data bytes from pid 1
[dplay] Send 14 bytes pid 4 -> 1 (ok)
[dplay] received 14 data bytes from pid 3
[dplay] received 33 data bytes from pid 1
[dplay] Send 14 bytes pid 4 -> 1 (ok)
[timeproc] tick=11500 instances=1 currinst=0xab4b5a0
[dplay] received 14 data bytes from pid 3
[dplay] received 33 data bytes from pid 1
[moveloop] iter=3750 -> waiting on SEMAPHORE
[moveloop] iter=3750 -> got semaphore, waiting on MUTEX
[movegate] cycle=3750 timeout=0 accelcountdown=1 accel=0
[movestep] cycle=3750 paused=0 num=1
[dplay] Send 14 bytes pid 4 -> 1 (ok)
[dplay] received 14 data bytes from pid 3
[dplay] received 33 data bytes from pid 1
[dplay] Send 14 bytes pid 4 -> 1 (ok)
[dplay] received 14 data bytes from pid 3
[dplay] received 33 data bytes from pid 1
[agg] drained/s:  WINMOVE.CPP:4941 from=3 to=1 len=14 x12  WINMOVE.CPP:4941 from=1 to=2 len=33 x24
[agg] StaticTimeProc 49/s  impl=1 host=0 running=1 resync=0 served=0  -> AggregatorGetPackets 0/s
[dplay] Send 14 bytes pid 4 -> 1 (ok)
[agg] sent-to-agg/s dummy=0 init=0 other=13 (last other IDCode=201)  Count=33 FrameCount=34 synched=1 csync=1 res=0
[dplay] received 14 data bytes from pid 3
[dplay] received 33 data bytes from pid 1
[dplay] Send 14 bytes pid 4 -> 1 (ok)
[dplay] received 14 data bytes from pid 3
[dplay] received 33 data bytes from pid 1
[dplay] Send 14 bytes pid 4 -> 1 (ok)
[dplay] received 14 data bytes from pid 3
[dplay] received 33 data bytes from pid 1
[dplay] Send 14 bytes pid 4 -> 1 (ok)
[dplay] received 14 data bytes from pid 3
[dplay] received 33 data bytes from pid 1
[dplay] Send 14 bytes pid 4 -> 1 (ok)
[dplay] received 14 data bytes from pid 3
[dplay] received 33 data bytes from pid 1
[dplay] Send 14 bytes pid 4 -> 1 (ok)
[dplay] received 14 data bytes from pid 3
[dplay] received 33 data bytes from pid 1
[dplay] Send 14 bytes pid 4 -> 1 (ok)
[dplay] received 14 data bytes from pid 3
[dplay] received 33 data bytes from pid 1
[dplay] Send 14 bytes pid 4 -> 1 (ok)
[dplay] received 14 data bytes from pid 3
[dplay] received 33 data bytes from pid 1
[dplay] Send 14 bytes pid 4 -> 1 (ok)
[dplay] received 14 data bytes from pid 3
[dplay] received 33 data bytes from pid 1
[dplay] Send 14 bytes pid 4 -> 1 (ok)
[dplay] received 14 data bytes from pid 3
[dplay] received 33 data bytes from pid 1
[dplay] Send 14 bytes pid 4 -> 1 (ok)
[moveloop] iter=3800 -> waiting on SEMAPHORE
[moveloop] iter=3800 -> got semaphore, waiting on MUTEX
[dplay] received 14 data bytes from pid 3
[dplay] received 33 data bytes from pid 1
[hatbtn] dwData=0xffffffff base=292 pressing=8 -> raw -1
[dplay] Send 14 bytes pid 4 -> 1 (ok)
[dplay] received 14 data bytes from pid 3
[dplay] received 33 data bytes from pid 1
[mfctimer] fire #33500 wnd=0x98c9456 id=2378
[agg] StaticTimeProc 50/s  impl=1 host=0 running=1 resync=0 served=0  -> AggregatorGetPackets 0/s
[dplay] Send 14 bytes pid 4 -> 1 (ok)
[agg] sent-to-agg/s dummy=0 init=0 other=12 (last other IDCode=201)  Count=45 FrameCount=46 synched=1 csync=1 res=0
[dplay] received 14 data bytes from pid 3
[dplay] received 33 data bytes from pid 1
[agg] drained/s:  WINMOVE.CPP:4941 from=3 to=1 len=14 x13  WINMOVE.CPP:4941 from=1 to=2 len=33 x26
[dplay] Send 14 bytes pid 4 -> 1 (ok)
[dplay] received 14 data bytes from pid 3
[dplay] received 33 data bytes from pid 1
[dplay] Send 14 bytes pid 4 -> 1 (ok)
[dplay] received 14 data bytes from pid 3
[dplay] received 33 data bytes from pid 1
[dplay] Send 14 bytes pid 4 -> 1 (ok)
[dplay] received 14 data bytes from pid 3
[dplay] received 33 data bytes from pid 1
[dplay] Send 14 bytes pid 4 -> 1 (ok)
[dplay] received 14 data bytes from pid 3
[dplay] received 33 data bytes from pid 1
[dplay] Send 14 bytes pid 4 -> 1 (ok)
[dplay] received 14 data bytes from pid 3
[dplay] received 33 data bytes from pid 1
[dplay] Send 14 bytes pid 4 -> 1 (ok)
[dplay] received 14 data bytes from pid 3
[dplay] received 33 data bytes from pid 1
[dplay] Send 14 bytes pid 4 -> 1 (ok)
[dplay] received 14 data bytes from pid 3
[dplay] received 33 data bytes from pid 1
[dplay] Send 14 bytes pid 4 -> 1 (ok)
[dplay] received 14 data bytes from pid 3
[dplay] received 33 data bytes from pid 1
[dplay] Send 14 bytes pid 4 -> 1 (ok)
[dplay] received 14 data bytes from pid 3
[dplay] received 33 data bytes from pid 1
[dplay] Send 14 bytes pid 4 -> 1 (ok)
[dplay] received 14 data bytes from pid 3
[dplay] received 33 data bytes from pid 1
[moveloop] iter=3850 -> waiting on SEMAPHORE
[moveloop] iter=3850 -> got semaphore, waiting on MUTEX
[dplay] Send 14 bytes pid 4 -> 1 (ok)
[dplay] received 14 data bytes from pid 3
[dplay] received 33 data bytes from pid 1
[dplay] Send 14 bytes pid 4 -> 1 (ok)
[dplay] received 14 data bytes from pid 3
[agg] drained/s:  WINMOVE.CPP:4941 from=3 to=1 len=14 x12  WINMOVE.CPP:4941 from=1 to=2 len=33 x24
[agg] StaticTimeProc 49/s  impl=1 host=0 running=1 resync=0 served=0  -> AggregatorGetPackets 0/s
[dplay] received 33 data bytes from pid 1
[dplay] Send 14 bytes pid 4 -> 1 (ok)
[agg] sent-to-agg/s dummy=0 init=0 other=13 (last other IDCode=201)  Count=58 FrameCount=59 synched=1 csync=1 res=0
[dplay] received 14 data bytes from pid 3
[dplay] received 33 data bytes from pid 1
[dplay] Send 14 bytes pid 4 -> 1 (ok)
[dplay] received 14 data bytes from pid 3
[dplay] received 33 data bytes from pid 1
[dplay] Send 14 bytes pid 4 -> 1 (ok)
[dplay] received 14 data bytes from pid 3
[dplay] received 33 data bytes from pid 1
[dplay] Send 14 bytes pid 4 -> 1 (ok)
[dplay] received 14 data bytes from pid 3
[dplay] received 33 data bytes from pid 1
[dplay] Send 14 bytes pid 4 -> 1 (ok)
[dplay] received 14 data bytes from pid 3
[dplay] received 33 data bytes from pid 1
[dplay] Send 14 bytes pid 4 -> 1 (ok)
[dplay] received 14 data bytes from pid 3
[dplay] received 33 data bytes from pid 1
[mfctimer] fire #34000 wnd=0x98c9456 id=2378
[dplay] Send 14 bytes pid 4 -> 1 (ok)
[dplay] received 14 data bytes from pid 3
[dplay] received 33 data bytes from pid 1
[dplay] Send 14 bytes pid 4 -> 1 (ok)
[dplay] received 14 data bytes from pid 3
[dplay] received 33 data bytes from pid 1
[dplay] Send 14 bytes pid 4 -> 1 (ok)
[dplay] received 14 data bytes from pid 3
[dplay] received 33 data bytes from pid 1
[dplay] Send 14 bytes pid 4 -> 1 (ok)
[dplay] received 14 data bytes from pid 3
[dplay] received 33 data bytes from pid 1
[dplay] Send 14 bytes pid 4 -> 1 (ok)
[moveloop] iter=3900 -> waiting on SEMAPHORE
[moveloop] iter=3900 -> got semaphore, waiting on MUTEX
[dplay] received 14 data bytes from pid 3
[dplay] received 33 data bytes from pid 1
[dplay] Send 14 bytes pid 4 -> 1 (ok)
[dplay] received 14 data bytes from pid 3
[dplay] received 33 data bytes from pid 1
[agg] StaticTimeProc 49/s  impl=1 host=0 running=1 resync=0 served=0  -> AggregatorGetPackets 0/s
[dplay] Send 14 bytes pid 4 -> 1 (ok)
[agg] sent-to-agg/s dummy=0 init=0 other=12 (last other IDCode=201)  Count=70 FrameCount=71 synched=1 csync=1 res=0
[dplay] received 14 data bytes from pid 3
[dplay] received 33 data bytes from pid 1
[agg] drained/s:  WINMOVE.CPP:4941 from=3 to=1 len=14 x13  WINMOVE.CPP:4941 from=1 to=2 len=33 x26
[dplay] Send 14 bytes pid 4 -> 1 (ok)
[dplay] received 14 data bytes from pid 3
[dplay] received 33 data bytes from pid 1
[dplay] Send 14 bytes pid 4 -> 1 (ok)
[dplay] received 14 data bytes from pid 3
[dplay] received 33 data bytes from pid 1
[dplay] Send 14 bytes pid 4 -> 1 (ok)
[dplay] received 14 data bytes from pid 3
[dplay] received 33 data bytes from pid 1
[dplay] Send 14 bytes pid 4 -> 1 (ok)
[dplay] received 14 data bytes from pid 3
[dplay] received 33 data bytes from pid 1
[dplay] Send 14 bytes pid 4 -> 1 (ok)
[dplay] received 14 data bytes from pid 3
[dplay] received 33 data bytes from pid 1
[dplay] Send 14 bytes pid 4 -> 1 (ok)
[dplay] received 14 data bytes from pid 3
[dplay] received 33 data bytes from pid 1
[dplay] Send 14 bytes pid 4 -> 1 (ok)
[dplay] received 14 data bytes from pid 3
[dplay] received 33 data bytes from pid 1
[dplay] Send 14 bytes pid 4 -> 1 (ok)
[dplay] received 14 data bytes from pid 3
[dplay] received 33 data bytes from pid 1
[dplay] Send 14 bytes pid 4 -> 1 (ok)
[dplay] received 14 data bytes from pid 3
[dplay] received 33 data bytes from pid 1
[dplay] Send 14 bytes pid 4 -> 1 (ok)
[dplay] received 14 data bytes from pid 3
[dplay] received 33 data bytes from pid 1
[moveloop] iter=3950 -> waiting on SEMAPHORE
[moveloop] iter=3950 -> got semaphore, waiting on MUTEX
[dplay] Send 14 bytes pid 4 -> 1 (ok)
[dplay] received 14 data bytes from pid 3
[dplay] received 33 data bytes from pid 1
[dplay] Send 14 bytes pid 4 -> 1 (ok)
[dplay] received 14 data bytes from pid 3
[dplay] received 33 data bytes from pid 1
[agg] drained/s:  WINMOVE.CPP:4941 from=3 to=1 len=14 x12  WINMOVE.CPP:4941 from=1 to=2 len=33 x24
[agg] StaticTimeProc 50/s  impl=1 host=0 running=1 resync=0 served=0  -> AggregatorGetPackets 0/s
[dplay] Send 14 bytes pid 4 -> 1 (ok)
[agg] sent-to-agg/s dummy=0 init=0 other=13 (last other IDCode=201)  Count=83 FrameCount=84 synched=1 csync=1 res=0
[mfctimer] fire #34500 wnd=0x98c9456 id=2378
[dplay] received 14 data bytes from pid 3
[dplay] received 33 data bytes from pid 1
[dplay] Send 14 bytes pid 4 -> 1 (ok)
[dplay] received 14 data bytes from pid 3
[dplay] received 33 data bytes from pid 1
[dplay] pump #1021000 (host=0) -- discovery is answered only from here
[dplay] Send 14 bytes pid 4 -> 1 (ok)
[dplay] received 14 data bytes from pid 3
[dplay] received 33 data bytes from pid 1
[dplay] Send 14 bytes pid 4 -> 1 (ok)
[dplay] received 14 data bytes from pid 3
[dplay] received 33 data bytes from pid 1
[dplay] Send 14 bytes pid 4 -> 1 (ok)
[dplay] received 14 data bytes from pid 3
[dplay] received 33 data bytes from pid 1
[dplay] Send 14 bytes pid 4 -> 1 (ok)
[dplay] received 14 data bytes from pid 3
[dplay] received 33 data bytes from pid 1
[dplay] Send 14 bytes pid 4 -> 1 (ok)
[dplay] received 14 data bytes from pid 3
[dplay] received 33 data bytes from pid 1
[dplay] Send 14 bytes pid 4 -> 1 (ok)
[dplay] received 14 data bytes from pid 3
[dplay] received 33 data bytes from pid 1
[dplay] Send 14 bytes pid 4 -> 1 (ok)
[dplay] received 14 data bytes from pid 3
[dplay] received 33 data bytes from pid 1
[dplay] Send 14 bytes pid 4 -> 1 (ok)
[dplay] received 14 data bytes from pid 3
[dplay] received 33 data bytes from pid 1
[dplay] Send 14 bytes pid 4 -> 1 (ok)
[moveloop] iter=4000 -> waiting on SEMAPHORE
[moveloop] iter=4000 -> got semaphore, waiting on MUTEX
[movegate] cycle=4000 timeout=0 accelcountdown=1 accel=0
[movestep] cycle=4000 paused=0 num=1
[dplay] received 14 data bytes from pid 3
[dplay] received 33 data bytes from pid 1
[timeproc] tick=11750 instances=1 currinst=0xab4b5a0
[dplay] Send 14 bytes pid 4 -> 1 (ok)
[dplay] received 14 data bytes from pid 3
[dplay] received 33 data bytes from pid 1
[agg] StaticTimeProc 49/s  impl=1 host=0 running=1 resync=0 served=0  -> AggregatorGetPackets 0/s
[dplay] Send 14 bytes pid 4 -> 1 (ok)
[agg] sent-to-agg/s dummy=0 init=0 other=12 (last other IDCode=201)  Count=95 FrameCount=96 synched=1 csync=1 res=0
[dplay] received 14 data bytes from pid 3
[dplay] received 33 data bytes from pid 1
[agg] drained/s:  WINMOVE.CPP:4941 from=3 to=1 len=14 x13  WINMOVE.CPP:4941 from=1 to=2 len=33 x26
[dplay] Send 14 bytes pid 4 -> 1 (ok)
[dplay] received 14 data bytes from pid 3
[dplay] received 33 data bytes from pid 1
[dplay] Send 14 bytes pid 4 -> 1 (ok)
[dplay] received 14 data bytes from pid 3
[dplay] received 33 data bytes from pid 1
[dplay] Send 14 bytes pid 4 -> 1 (ok)
[dplay] received 14 data bytes from pid 3
[dplay] received 33 data bytes from pid 1
[dplay] Send 14 bytes pid 4 -> 1 (ok)
[dplay] received 14 data bytes from pid 3
[dplay] received 33 data bytes from pid 1
[dplay] Send 14 bytes pid 4 -> 1 (ok)
[dplay] received 14 data bytes from pid 3
[dplay] received 33 data bytes from pid 1
[dplay] Send 14 bytes pid 4 -> 1 (ok)
[dplay] received 14 data bytes from pid 3
[dplay] received 33 data bytes from pid 1
[dplay] Send 14 bytes pid 4 -> 1 (ok)
[dplay] received 14 data bytes from pid 3
[dplay] received 33 data bytes from pid 1
[mfctimer] fire #35000 wnd=0x98c9456 id=2378
[dplay] Send 14 bytes pid 4 -> 1 (ok)
[dplay] received 14 data bytes from pid 3
[dplay] received 33 data bytes from pid 1
[dplay] Send 14 bytes pid 4 -> 1 (ok)
[dplay] received 14 data bytes from pid 3
[dplay] received 33 data bytes from pid 1
[peer] uid=3584 found=1 visible=1 dead=0 range=1738m
[accnt] CHANGE at call 3961: aircraft=8 MAX=8 visible=2 dead=6
[dplay] Send 14 bytes pid 4 -> 1 (ok)
[dplay] received 14 data bytes from pid 3
[dplay] received 33 data bytes from pid 1
[moveloop] iter=4050 -> waiting on SEMAPHORE
[moveloop] iter=4050 -> got semaphore, waiting on MUTEX
[dplay] Send 14 bytes pid 4 -> 1 (ok)
[dplay] received 14 data bytes from pid 3
[dplay] received 33 data bytes from pid 1
[dplay] Send 14 bytes pid 4 -> 1 (ok)
[dplay] received 14 data bytes from pid 3
[dplay] received 33 data bytes from pid 1
[agg] drained/s:  WINMOVE.CPP:4941 from=3 to=1 len=14 x12  WINMOVE.CPP:4941 from=1 to=2 len=33 x24
[agg] StaticTimeProc 49/s  impl=1 host=0 running=1 resync=0 served=0  -> AggregatorGetPackets 0/s
[dplay] Send 14 bytes pid 4 -> 1 (ok)
[agg] sent-to-agg/s dummy=0 init=0 other=13 (last other IDCode=207)  Count=108 FrameCount=109 synched=1 csync=1 res=0
[dplay] received 14 data bytes from pid 3
[dplay] received 33 data bytes from pid 1
[dplay] Send 14 bytes pid 4 -> 1 (ok)
[dplay] received 14 data bytes from pid 3
[dplay] received 33 data bytes from pid 1
[dplay] Send 14 bytes pid 4 -> 1 (ok)
[dplay] received 14 data bytes from pid 3
[dplay] received 33 data bytes from pid 1
[dplay] Send 14 bytes pid 4 -> 1 (ok)
[dplay] received 14 data bytes from pid 3
[dplay] received 33 data bytes from pid 1
[dplay] Send 14 bytes pid 4 -> 1 (ok)
[dplay] received 14 data bytes from pid 3
[dplay] received 33 data bytes from pid 1
[dplay] Send 14 bytes pid 4 -> 1 (ok)
[dplay] received 14 data bytes from pid 3
[dplay] received 33 data bytes from pid 1
[dplay] Send 14 bytes pid 4 -> 1 (ok)
[dplay] received 14 data bytes from pid 3
[dplay] received 33 data bytes from pid 1
[dplay] Send 14 bytes pid 4 -> 1 (ok)
[dplay] received 14 data bytes from pid 3
[dplay] received 33 data bytes from pid 1
[dplay] Send 14 bytes pid 4 -> 1 (ok)
[dplay] received 14 data bytes from pid 3
[dplay] received 33 data bytes from pid 1
[dplay] Send 14 bytes pid 4 -> 1 (ok)
[dplay] received 14 data bytes from pid 3
[dplay] received 33 data bytes from pid 1
[dplay] Send 14 bytes pid 4 -> 1 (ok)
[moveloop] iter=4100 -> waiting on SEMAPHORE
[moveloop] iter=4100 -> got semaphore, waiting on MUTEX
[dplay] received 14 data bytes from pid 3
[dplay] received 33 data bytes from pid 1
[dplay] Send 14 bytes pid 4 -> 1 (ok)
[dplay] received 14 data bytes from pid 3
[dplay] received 33 data bytes from pid 1
[agg] StaticTimeProc 49/s  impl=1 host=0 running=1 resync=0 served=0  -> AggregatorGetPackets 0/s
[dplay] Send 14 bytes pid 4 -> 1 (ok)
[agg] sent-to-agg/s dummy=0 init=0 other=12 (last other IDCode=207)  Count=120 FrameCount=121 synched=1 csync=1 res=0
[dplay] received 14 data bytes from pid 3
[dplay] received 33 data bytes from pid 1
[agg] drained/s:  WINMOVE.CPP:4941 from=3 to=1 len=14 x13  WINMOVE.CPP:4941 from=1 to=2 len=33 x26
[dplay] Send 14 bytes pid 4 -> 1 (ok)
[dplay] received 14 data bytes from pid 3
[dplay] received 33 data bytes from pid 1
[dplay] Send 14 bytes pid 4 -> 1 (ok)
[mfctimer] fire #35500 wnd=0x98c9456 id=2378
[dplay] received 14 data bytes from pid 3
[dplay] received 33 data bytes from pid 1
[dplay] Send 14 bytes pid 4 -> 1 (ok)
[dplay] received 14 data bytes from pid 3
[dplay] received 33 data bytes from pid 1
[dplay] Send 14 bytes pid 4 -> 1 (ok)
[dplay] received 14 data bytes from pid 3
[dplay] received 33 data bytes from pid 1
[dplay] Send 14 bytes pid 4 -> 1 (ok)
[dplay] received 14 data bytes from pid 3
[dplay] received 33 data bytes from pid 1
[dplay] Send 14 bytes pid 4 -> 1 (ok)
[dplay] received 14 data bytes from pid 3
[dplay] received 33 data bytes from pid 1
[dplay] Send 14 bytes pid 4 -> 1 (ok)
[dplay] received 14 data bytes from pid 3
[dplay] received 33 data bytes from pid 1
[dplay] Send 14 bytes pid 4 -> 1 (ok)
[dplay] received 14 data bytes from pid 3
[dplay] received 33 data bytes from pid 1
[dplay] Send 14 bytes pid 4 -> 1 (ok)
[dplay] received 14 data bytes from pid 3
[dplay] received 33 data bytes from pid 1
[dplay] Send 14 bytes pid 4 -> 1 (ok)
[dplay] received 14 data bytes from pid 3
[dplay] received 33 data bytes from pid 1
[moveloop] iter=4150 -> waiting on SEMAPHORE
[moveloop] iter=4150 -> got semaphore, waiting on MUTEX
[dplay] Send 14 bytes pid 4 -> 1 (ok)
[dplay] received 14 data bytes from pid 3
[dplay] received 33 data bytes from pid 1
[dplay] Send 14 bytes pid 4 -> 1 (ok)
[dplay] received 14 data bytes from pid 3
[dplay] received 33 data bytes from pid 1
[agg] drained/s:  WINMOVE.CPP:4941 from=3 to=1 len=14 x12  WINMOVE.CPP:4941 from=1 to=2 len=33 x24
[agg] StaticTimeProc 50/s  impl=1 host=0 running=1 resync=0 served=0  -> AggregatorGetPackets 0/s
[dplay] Send 14 bytes pid 4 -> 1 (ok)
[agg] sent-to-agg/s dummy=0 init=0 other=13 (last other IDCode=207)  Count=133 FrameCount=134 synched=1 csync=1 res=0
[dplay] received 14 data bytes from pid 3
[dplay] received 33 data bytes from pid 1
[dplay] Send 14 bytes pid 4 -> 1 (ok)
[dplay] received 14 data bytes from pid 3
[dplay] received 33 data bytes from pid 1
[dplay] Send 14 bytes pid 4 -> 1 (ok)
[dplay] received 14 data bytes from pid 3
[dplay] received 33 data bytes from pid 1
[dplay] Send 14 bytes pid 4 -> 1 (ok)
[dplay] received 14 data bytes from pid 3
[dplay] received 33 data bytes from pid 1
[dplay] Send 14 bytes pid 4 -> 1 (ok)
[dplay] received 14 data bytes from pid 3
[dplay] received 33 data bytes from pid 1
[dplay] Send 14 bytes pid 4 -> 1 (ok)
[dplay] received 14 data bytes from pid 3
[dplay] received 33 data bytes from pid 1
[dplay] Send 14 bytes pid 4 -> 1 (ok)
[dplay] received 14 data bytes from pid 3
[dplay] received 33 data bytes from pid 1
[dplay] Send 14 bytes pid 4 -> 1 (ok)
[dplay] received 14 data bytes from pid 3
[dplay] received 33 data bytes from pid 1
[dplay] Send 14 bytes pid 4 -> 1 (ok)
[dplay] received 14 data bytes from pid 3
[dplay] received 33 data bytes from pid 1
[mfctimer] fire #36000 wnd=0x98c9456 id=2378
[dplay] Send 14 bytes pid 4 -> 1 (ok)
[dplay] received 14 data bytes from pid 3
[dplay] received 33 data bytes from pid 1
[dplay] Send 14 bytes pid 4 -> 1 (ok)
[moveloop] iter=4200 -> waiting on SEMAPHORE
[moveloop] iter=4200 -> got semaphore, waiting on MUTEX
[dplay] received 14 data bytes from pid 3
[dplay] received 33 data bytes from pid 1
[dplay] Send 14 bytes pid 4 -> 1 (ok)
[dplay] received 14 data bytes from pid 3
[dplay] received 33 data bytes from pid 1
[agg] StaticTimeProc 49/s  impl=1 host=0 running=1 resync=0 served=0  -> AggregatorGetPackets 0/s
[dplay] Send 14 bytes pid 4 -> 1 (ok)
[agg] sent-to-agg/s dummy=0 init=0 other=12 (last other IDCode=207)  Count=145 FrameCount=146 synched=1 csync=1 res=0
[dplay] received 14 data bytes from pid 3
[dplay] received 33 data bytes from pid 1
[agg] drained/s:  WINMOVE.CPP:4941 from=3 to=1 len=14 x13  WINMOVE.CPP:4941 from=1 to=2 len=33 x26
[dplay] Send 14 bytes pid 4 -> 1 (ok)
[dplay] received 14 data bytes from pid 3
[dplay] received 33 data bytes from pid 1
[dplay] Send 14 bytes pid 4 -> 1 (ok)
[dplay] received 14 data bytes from pid 3
[dplay] received 33 data bytes from pid 1
[dplay] Send 14 bytes pid 4 -> 1 (ok)
[dplay] received 14 data bytes from pid 3
[dplay] received 33 data bytes from pid 1
[dplay] Send 14 bytes pid 4 -> 1 (ok)
[dplay] received 14 data bytes from pid 3
[dplay] received 33 data bytes from pid 1
[dplay] Send 14 bytes pid 4 -> 1 (ok)
[dplay] received 14 data bytes from pid 3
[dplay] received 33 data bytes from pid 1
[dplay] Send 14 bytes pid 4 -> 1 (ok)
[dplay] received 14 data bytes from pid 3
[dplay] received 33 data bytes from pid 1
[dplay] Send 14 bytes pid 4 -> 1 (ok)
[dplay] received 14 data bytes from pid 3
[dplay] received 33 data bytes from pid 1
[dplay] Send 14 bytes pid 4 -> 1 (ok)
[dplay] received 14 data bytes from pid 3
[dplay] received 33 data bytes from pid 1
[dplay] Send 14 bytes pid 4 -> 1 (ok)
[dplay] received 14 data bytes from pid 3
[dplay] received 33 data bytes from pid 1
[dplay] Send 14 bytes pid 4 -> 1 (ok)
[dplay] received 14 data bytes from pid 3
[dplay] received 33 data bytes from pid 1
[moveloop] iter=4250 -> waiting on SEMAPHORE
[moveloop] iter=4250 -> got semaphore, waiting on MUTEX
[movegate] cycle=4250 timeout=0 accelcountdown=1 accel=0
[movestep] cycle=4250 paused=0 num=1
[dplay] Send 14 bytes pid 4 -> 1 (ok)
[dplay] received 14 data bytes from pid 3
[dplay] received 33 data bytes from pid 1
[dplay] pump #1021500 (host=0) -- discovery is answered only from here
[dplay] Send 14 bytes pid 4 -> 1 (ok)
[timeproc] tick=12000 instances=1 currinst=0xab4b5a0
[dplay] received 14 data bytes from pid 3
[dplay] received 33 data bytes from pid 1
[agg] drained/s:  WINMOVE.CPP:4941 from=3 to=1 len=14 x12  WINMOVE.CPP:4941 from=1 to=2 len=33 x24
[agg] StaticTimeProc 49/s  impl=1 host=0 running=1 resync=0 served=0  -> AggregatorGetPackets 0/s
[dplay] Send 14 bytes pid 4 -> 1 (ok)
[agg] sent-to-agg/s dummy=0 init=0 other=13 (last other IDCode=207)  Count=158 FrameCount=159 synched=1 csync=1 res=0
[dplay] received 14 data bytes from pid 3
[dplay] received 33 data bytes from pid 1
[dplay] Send 14 bytes pid 4 -> 1 (ok)
[dplay] received 14 data bytes from pid 3
[dplay] received 33 data bytes from pid 1
[dplay] Send 14 bytes pid 4 -> 1 (ok)
[dplay] received 14 data bytes from pid 3
[dplay] received 33 data bytes from pid 1
[mfctimer] fire #36500 wnd=0x98c9456 id=2378
[dplay] Send 14 bytes pid 4 -> 1 (ok)
[dplay] received 14 data bytes from pid 3
[dplay] received 33 data bytes from pid 1
[dplay] Send 14 bytes pid 4 -> 1 (ok)
[dplay] received 14 data bytes from pid 3
[dplay] received 33 data bytes from pid 1
[dplay] Send 14 bytes pid 4 -> 1 (ok)
[dplay] received 14 data bytes from pid 3
[dplay] received 33 data bytes from pid 1
[dplay] Send 14 bytes pid 4 -> 1 (ok)
[dplay] received 14 data bytes from pid 3
[dplay] received 33 data bytes from pid 1
[accnt] aircraft in this world: now=8 MAX=8 visible=2 dead=6 (frame sample #7)
[dplay] Send 14 bytes pid 4 -> 1 (ok)
[dplay] received 14 data bytes from pid 3
[dplay] received 33 data bytes from pid 1
[dplay] Send 14 bytes pid 4 -> 1 (ok)
[dplay] received 14 data bytes from pid 3
[dplay] received 33 data bytes from pid 1
[dplay] Send 14 bytes pid 4 -> 1 (ok)
[dplay] received 14 data bytes from pid 3
[dplay] received 33 data bytes from pid 1
[dplay] Send 14 bytes pid 4 -> 1 (ok)
[moveloop] iter=4300 -> waiting on SEMAPHORE
[moveloop] iter=4300 -> got semaphore, waiting on MUTEX
[dplay] received 14 data bytes from pid 3
[dplay] received 33 data bytes from pid 1
[hatbtn] dwData=0xffffffff base=292 pressing=8 -> raw -1
[dplay] Send 14 bytes pid 4 -> 1 (ok)
[dplay] received 14 data bytes from pid 3
[dplay] received 33 data bytes from pid 1
[agg] StaticTimeProc 49/s  impl=1 host=0 running=1 resync=0 served=0  -> AggregatorGetPackets 0/s
[dplay] Send 14 bytes pid 4 -> 1 (ok)
[agg] sent-to-agg/s dummy=0 init=0 other=12 (last other IDCode=207)  Count=170 FrameCount=171 synched=1 csync=1 res=0
[dplay] received 14 data bytes from pid 3
[dplay] received 33 data bytes from pid 1
[agg] drained/s:  WINMOVE.CPP:4941 from=3 to=1 len=14 x13  WINMOVE.CPP:4941 from=1 to=2 len=33 x26
[dplay] Send 14 bytes pid 4 -> 1 (ok)
[dplay] received 14 data bytes from pid 3
[dplay] received 33 data bytes from pid 1
[dplay] Send 14 bytes pid 4 -> 1 (ok)
[dplay] received 14 data bytes from pid 3
[dplay] received 33 data bytes from pid 1
[dplay] Send 14 bytes pid 4 -> 1 (ok)
[dplay] received 14 data bytes from pid 3
[dplay] received 33 data bytes from pid 1
[dplay] Send 14 bytes pid 4 -> 1 (ok)
[dplay] received 14 data bytes from pid 3
[dplay] received 33 data bytes from pid 1
[dplay] Send 14 bytes pid 4 -> 1 (ok)
[dplay] received 14 data bytes from pid 3
[dplay] received 33 data bytes from pid 1
[dplay] Send 14 bytes pid 4 -> 1 (ok)
[dplay] received 14 data bytes from pid 3
[dplay] received 33 data bytes from pid 1
[dplay] Send 14 bytes pid 4 -> 1 (ok)
[dplay] received 14 data bytes from pid 3
[dplay] received 33 data bytes from pid 1
[dplay] Send 14 bytes pid 4 -> 1 (ok)
[dplay] received 14 data bytes from pid 3
[dplay] received 33 data bytes from pid 1
[dplay] Send 14 bytes pid 4 -> 1 (ok)
[dplay] received 14 data bytes from pid 3
[dplay] received 33 data bytes from pid 1
[dplay] Send 14 bytes pid 4 -> 1 (ok)
[dplay] received 14 data bytes from pid 3
[dplay] received 33 data bytes from pid 1
[mfctimer] fire #37000 wnd=0x98c9456 id=2378
[moveloop] iter=4350 -> waiting on SEMAPHORE
[moveloop] iter=4350 -> got semaphore, waiting on MUTEX
[dplay] Send 14 bytes pid 4 -> 1 (ok)
[dplay] received 14 data bytes from pid 3
[dplay] received 33 data bytes from pid 1
[dplay] Send 14 bytes pid 4 -> 1 (ok)
[dplay] received 14 data bytes from pid 3
[dplay] received 33 data bytes from pid 1
[agg] drained/s:  WINMOVE.CPP:4941 from=3 to=1 len=14 x12  WINMOVE.CPP:4941 from=1 to=2 len=33 x24
[agg] StaticTimeProc 50/s  impl=1 host=0 running=1 resync=0 served=0  -> AggregatorGetPackets 0/s
[dplay] Send 14 bytes pid 4 -> 1 (ok)
[agg] sent-to-agg/s dummy=0 init=0 other=13 (last other IDCode=207)  Count=183 FrameCount=184 synched=1 csync=1 res=0
[dplay] received 14 data bytes from pid 3
[dplay] received 33 data bytes from pid 1
[dplay] Send 14 bytes pid 4 -> 1 (ok)
[dplay] received 14 data bytes from pid 3
[dplay] received 33 data bytes from pid 1
[dplay] Send 14 bytes pid 4 -> 1 (ok)
[dplay] received 14 data bytes from pid 3
[dplay] received 33 data bytes from pid 1
[dplay] Send 14 bytes pid 4 -> 1 (ok)
[dplay] received 14 data bytes from pid 3
[dplay] received 33 data bytes from pid 1
[dplay] Send 14 bytes pid 4 -> 1 (ok)
[dplay] received 14 data bytes from pid 3
[dplay] received 33 data bytes from pid 1
[dplay] Send 14 bytes pid 4 -> 1 (ok)
[dplay] received 14 data bytes from pid 3
[dplay] received 33 data bytes from pid 1
[dplay] Send 14 bytes pid 4 -> 1 (ok)
[dplay] received 14 data bytes from pid 3
[dplay] received 33 data bytes from pid 1
[dplay] Send 14 bytes pid 4 -> 1 (ok)
[dplay] received 14 data bytes from pid 3
[dplay] received 33 data bytes from pid 1
[dplay] Send 14 bytes pid 4 -> 1 (ok)
[dplay] received 14 data bytes from pid 3
[dplay] received 33 data bytes from pid 1
[dplay] Send 14 bytes pid 4 -> 1 (ok)
[dplay] received 14 data bytes from pid 3
[dplay] received 33 data bytes from pid 1
[dplay] Send 14 bytes pid 4 -> 1 (ok)
[moveloop] iter=4400 -> waiting on SEMAPHORE
[moveloop] iter=4400 -> got semaphore, waiting on MUTEX
[dplay] received 14 data bytes from pid 3
[dplay] received 33 data bytes from pid 1
[dplay] Send 14 bytes pid 4 -> 1 (ok)
[dplay] received 14 data bytes from pid 3
[dplay] received 33 data bytes from pid 1
[agg] StaticTimeProc 49/s  impl=1 host=0 running=1 resync=0 served=0  -> AggregatorGetPackets 0/s
[dplay] Send 14 bytes pid 4 -> 1 (ok)
[agg] sent-to-agg/s dummy=0 init=0 other=12 (last other IDCode=207)  Count=195 FrameCount=196 synched=1 csync=1 res=0
[dplay] received 14 data bytes from pid 3
[dplay] received 33 data bytes from pid 1
[agg] drained/s:  WINMOVE.CPP:4941 from=3 to=1 len=14 x13  WINMOVE.CPP:4941 from=1 to=2 len=33 x26
[dplay] Send 14 bytes pid 4 -> 1 (ok)
[dplay] received 14 data bytes from pid 3
[dplay] received 33 data bytes from pid 1
[dplay] Send 14 bytes pid 4 -> 1 (ok)
[dplay] received 14 data bytes from pid 3
[dplay] received 33 data bytes from pid 1
[dplay] Send 14 bytes pid 4 -> 1 (ok)
[dplay] received 14 data bytes from pid 3
[dplay] received 33 data bytes from pid 1
[dplay] Send 14 bytes pid 4 -> 1 (ok)
[dplay] received 14 data bytes from pid 3
[dplay] received 33 data bytes from pid 1
[mfctimer] fire #37500 wnd=0x98c9456 id=2378
[dplay] Send 14 bytes pid 4 -> 1 (ok)
[dplay] received 14 data bytes from pid 3
[dplay] received 33 data bytes from pid 1
[dplay] Send 14 bytes pid 4 -> 1 (ok)
[dplay] received 14 data bytes from pid 3
[dplay] received 33 data bytes from pid 1
[dplay] Send 14 bytes pid 4 -> 1 (ok)
[dplay] received 14 data bytes from pid 3
[dplay] received 33 data bytes from pid 1
[dplay] Send 14 bytes pid 4 -> 1 (ok)
[dplay] received 14 data bytes from pid 3
[dplay] received 33 data bytes from pid 1
[dplay] Send 14 bytes pid 4 -> 1 (ok)
[dplay] received 14 data bytes from pid 3
[dplay] received 33 data bytes from pid 1
[dplay] Send 14 bytes pid 4 -> 1 (ok)
[dplay] received 14 data bytes from pid 3
[dplay] received 33 data bytes from pid 1
[moveloop] iter=4450 -> waiting on SEMAPHORE
[moveloop] iter=4450 -> got semaphore, waiting on MUTEX
[dplay] Send 14 bytes pid 4 -> 1 (ok)
[dplay] received 14 data bytes from pid 3
[dplay] received 33 data bytes from pid 1
[dplay] Send 14 bytes pid 4 -> 1 (ok)
[dplay] received 14 data bytes from pid 3
[dplay] received 33 data bytes from pid 1
[agg] drained/s:  WINMOVE.CPP:4941 from=3 to=1 len=14 x12  WINMOVE.CPP:4941 from=1 to=2 len=33 x24
[agg] StaticTimeProc 49/s  impl=1 host=0 running=1 resync=0 served=0  -> AggregatorGetPackets 0/s
[dplay] Send 14 bytes pid 4 -> 1 (ok)
[agg] sent-to-agg/s dummy=0 init=0 other=13 (last other IDCode=207)  Count=208 FrameCount=209 synched=1 csync=1 res=0
[dplay] received 14 data bytes from pid 3
[dplay] received 33 data bytes from pid 1
[dplay] Send 14 bytes pid 4 -> 1 (ok)
[dplay] received 14 data bytes from pid 3
[dplay] received 33 data bytes from pid 1
[dplay] Send 14 bytes pid 4 -> 1 (ok)
[dplay] received 14 data bytes from pid 3
[dplay] received 33 data bytes from pid 1
[dplay] Send 14 bytes pid 4 -> 1 (ok)
[dplay] received 14 data bytes from pid 3
[dplay] received 33 data bytes from pid 1
[dplay] Send 14 bytes pid 4 -> 1 (ok)
[dplay] received 14 data bytes from pid 3
[dplay] received 33 data bytes from pid 1
[dplay] Send 14 bytes pid 4 -> 1 (ok)
[dplay] received 14 data bytes from pid 3
[dplay] received 33 data bytes from pid 1
[dplay] Send 14 bytes pid 4 -> 1 (ok)
[dplay] received 14 data bytes from pid 3
[dplay] received 33 data bytes from pid 1
[dplay] Send 14 bytes pid 4 -> 1 (ok)
[dplay] received 14 data bytes from pid 3
[dplay] received 33 data bytes from pid 1
[dplay] Send 14 bytes pid 4 -> 1 (ok)
[dplay] received 14 data bytes from pid 3
[dplay] received 33 data bytes from pid 1
[dplay] Send 14 bytes pid 4 -> 1 (ok)
[dplay] received 14 data bytes from pid 3
[dplay] received 33 data bytes from pid 1
[dplay] Send 14 bytes pid 4 -> 1 (ok)
[moveloop] iter=4500 -> waiting on SEMAPHORE
[moveloop] iter=4500 -> got semaphore, waiting on MUTEX
[movegate] cycle=4500 timeout=0 accelcountdown=1 accel=0
[movestep] cycle=4500 paused=0 num=1
[dplay] received 14 data bytes from pid 3
[dplay] received 33 data bytes from pid 1
[dplay] Send 14 bytes pid 4 -> 1 (ok)
[dplay] received 14 data bytes from pid 3
[dplay] received 33 data bytes from pid 1
[mfctimer] fire #38000 wnd=0x98c9456 id=2378
[agg] StaticTimeProc 50/s  impl=1 host=0 running=1 resync=0 served=0  -> AggregatorGetPackets 0/s
[dplay] Send 14 bytes pid 4 -> 1 (ok)
[agg] sent-to-agg/s dummy=0 init=0 other=12 (last other IDCode=207)  Count=220 FrameCount=221 synched=1 csync=1 res=0
[dplay] received 14 data bytes from pid 3
[dplay] received 33 data bytes from pid 1
[agg] drained/s:  WINMOVE.CPP:4941 from=3 to=1 len=14 x13  WINMOVE.CPP:4941 from=1 to=2 len=33 x26
[timeproc] tick=12250 instances=1 currinst=0xab4b5a0
[dplay] Send 14 bytes pid 4 -> 1 (ok)
[dplay] received 14 data bytes from pid 3
[dplay] received 33 data bytes from pid 1
[dplay] Send 14 bytes pid 4 -> 1 (ok)
[dplay] received 14 data bytes from pid 3
[dplay] received 33 data bytes from pid 1
[dplay] Send 14 bytes pid 4 -> 1 (ok)
[dplay] received 14 data bytes from pid 3
[dplay] received 33 data bytes from pid 1
[dplay] Send 14 bytes pid 4 -> 1 (ok)
[dplay] received 14 data bytes from pid 3
[dplay] received 33 data bytes from pid 1
[dplay] Send 14 bytes pid 4 -> 1 (ok)
[dplay] received 14 data bytes from pid 3
[dplay] received 33 data bytes from pid 1
[dplay] Send 14 bytes pid 4 -> 1 (ok)
[dplay] received 14 data bytes from pid 3
[dplay] received 33 data bytes from pid 1
[dplay] Send 14 bytes pid 4 -> 1 (ok)
[dplay] received 14 data bytes from pid 3
[dplay] received 33 data bytes from pid 1
[dplay] pump #1022000 (host=0) -- discovery is answered only from here
[dplay] Send 14 bytes pid 4 -> 1 (ok)
[dplay] received 14 data bytes from pid 3
[dplay] received 33 data bytes from pid 1
[dplay] Send 14 bytes pid 4 -> 1 (ok)
[dplay] received 14 data bytes from pid 3
[dplay] received 33 data bytes from pid 1
[dplay] Send 14 bytes pid 4 -> 1 (ok)
[dplay] received 14 data bytes from pid 3
[dplay] received 33 data bytes from pid 1
[moveloop] iter=4550 -> waiting on SEMAPHORE
[moveloop] iter=4550 -> got semaphore, waiting on MUTEX
[dplay] Send 14 bytes pid 4 -> 1 (ok)
[dplay] received 14 data bytes from pid 3
[dplay] received 33 data bytes from pid 1
[dplay] Send 14 bytes pid 4 -> 1 (ok)
[dplay] received 14 data bytes from pid 3
[dplay] received 33 data bytes from pid 1
[agg] drained/s:  WINMOVE.CPP:4941 from=3 to=1 len=14 x12  WINMOVE.CPP:4941 from=1 to=2 len=33 x24
[agg] StaticTimeProc 49/s  impl=1 host=0 running=1 resync=0 served=0  -> AggregatorGetPackets 0/s
[dplay] Send 14 bytes pid 4 -> 1 (ok)
[agg] sent-to-agg/s dummy=0 init=0 other=13 (last other IDCode=207)  Count=233 FrameCount=234 synched=1 csync=1 res=0
[dplay] received 14 data bytes from pid 3
[dplay] received 33 data bytes from pid 1
[dplay] Send 14 bytes pid 4 -> 1 (ok)
[dplay] received 14 data bytes from pid 3
[dplay] received 33 data bytes from pid 1
[dplay] Send 14 bytes pid 4 -> 1 (ok)
[dplay] received 14 data bytes from pid 3
[dplay] received 33 data bytes from pid 1
[dplay] Send 14 bytes pid 4 -> 1 (ok)
[dplay] received 14 data bytes from pid 3
[dplay] received 33 data bytes from pid 1
[dplay] Send 14 bytes pid 4 -> 1 (ok)
[dplay] received 14 data bytes from pid 3
[dplay] received 33 data bytes from pid 1
[dplay] Send 14 bytes pid 4 -> 1 (ok)
[dplay] received 14 data bytes from pid 3
[dplay] received 33 data bytes from pid 1
[mfctimer] fire #38500 wnd=0x98c9456 id=2378
[dplay] Send 14 bytes pid 4 -> 1 (ok)
[dplay] received 14 data bytes from pid 3
[dplay] received 33 data bytes from pid 1
[dplay] Send 14 bytes pid 4 -> 1 (ok)
[dplay] received 14 data bytes from pid 3
[dplay] received 33 data bytes from pid 1
[dplay] Send 14 bytes pid 4 -> 1 (ok)
[dplay] received 14 data bytes from pid 3
[dplay] received 33 data bytes from pid 1
[dplay] Send 14 bytes pid 4 -> 1 (ok)
[dplay] received 14 data bytes from pid 3
[dplay] received 33 data bytes from pid 1
[dplay] Send 14 bytes pid 4 -> 1 (ok)
[moveloop] iter=4600 -> waiting on SEMAPHORE
[moveloop] iter=4600 -> got semaphore, waiting on MUTEX
[dplay] received 14 data bytes from pid 3
[dplay] received 33 data bytes from pid 1
[dplay] Send 14 bytes pid 4 -> 1 (ok)
[dplay] received 14 data bytes from pid 3
[dplay] received 33 data bytes from pid 1
[agg] StaticTimeProc 49/s  impl=1 host=0 running=1 resync=0 served=0  -> AggregatorGetPackets 0/s
[dplay] Send 14 bytes pid 4 -> 1 (ok)
[agg] sent-to-agg/s dummy=0 init=0 other=12 (last other IDCode=207)  Count=245 FrameCount=246 synched=1 csync=1 res=0
[dplay] received 14 data bytes from pid 3
[dplay] received 33 data bytes from pid 1
[agg] drained/s:  WINMOVE.CPP:4941 from=3 to=1 len=14 x13  WINMOVE.CPP:4941 from=1 to=2 len=33 x26
[dplay] Send 14 bytes pid 4 -> 1 (ok)
[dplay] received 14 data bytes from pid 3
[dplay] received 33 data bytes from pid 1
[dplay] Send 14 bytes pid 4 -> 1 (ok)
[dplay] received 14 data bytes from pid 3
[dplay] received 33 data bytes from pid 1
[dplay] Send 14 bytes pid 4 -> 1 (ok)
[dplay] received 14 data bytes from pid 3
[dplay] received 33 data bytes from pid 1
[dplay] Send 14 bytes pid 4 -> 1 (ok)
[dplay] received 14 data bytes from pid 3
[dplay] received 33 data bytes from pid 1
[dplay] Send 14 bytes pid 4 -> 1 (ok)
[dplay] received 14 data bytes from pid 3
[dplay] received 33 data bytes from pid 1
[dplay] Send 14 bytes pid 4 -> 1 (ok)
[dplay] received 14 data bytes from pid 3
[dplay] received 33 data bytes from pid 1
[dplay] Send 14 bytes pid 4 -> 1 (ok)
[dplay] received 14 data bytes from pid 3
[dplay] received 33 data bytes from pid 1
[dplay] Send 14 bytes pid 4 -> 1 (ok)
[dplay] received 14 data bytes from pid 3
[dplay] received 33 data bytes from pid 1
[dplay] Send 14 bytes pid 4 -> 1 (ok)
[dplay] received 14 data bytes from pid 3
[dplay] received 33 data bytes from pid 1
[dplay] Send 14 bytes pid 4 -> 1 (ok)
[dplay] received 14 data bytes from pid 3
[dplay] received 33 data bytes from pid 1
[moveloop] iter=4650 -> waiting on SEMAPHORE
[moveloop] iter=4650 -> got semaphore, waiting on MUTEX
[dplay] Send 14 bytes pid 4 -> 1 (ok)
[dplay] received 14 data bytes from pid 3
[dplay] received 33 data bytes from pid 1
[dplay] Send 14 bytes pid 4 -> 1 (ok)
[dplay] received 14 data bytes from pid 3
[agg] drained/s:  WINMOVE.CPP:4941 from=3 to=1 len=14 x12  WINMOVE.CPP:4941 from=1 to=2 len=33 x24
[agg] StaticTimeProc 49/s  impl=1 host=0 running=1 resync=0 served=0  -> AggregatorGetPackets 0/s
[dplay] received 33 data bytes from pid 1
[dplay] Send 14 bytes pid 4 -> 1 (ok)
[agg] sent-to-agg/s dummy=0 init=0 other=13 (last other IDCode=207)  Count=2 FrameCount=3 synched=1 csync=1 res=0
[mfctimer] fire #39000 wnd=0x98c9456 id=2378
[dplay] received 14 data bytes from pid 3
[dplay] received 33 data bytes from pid 1
[dplay] Send 14 bytes pid 4 -> 1 (ok)
[dplay] received 14 data bytes from pid 3
[dplay] received 33 data bytes from pid 1
[dplay] Send 14 bytes pid 4 -> 1 (ok)
[dplay] received 14 data bytes from pid 3
[dplay] received 33 data bytes from pid 1
[dplay] Send 14 bytes pid 4 -> 1 (ok)
[dplay] received 14 data bytes from pid 3
[dplay] received 33 data bytes from pid 1
[dplay] Send 14 bytes pid 4 -> 1 (ok)
[dplay] received 14 data bytes from pid 3
[dplay] received 33 data bytes from pid 1
[dplay] Send 14 bytes pid 4 -> 1 (ok)
[dplay] received 14 data bytes from pid 3
[dplay] received 33 data bytes from pid 1
[dplay] Send 14 bytes pid 4 -> 1 (ok)
[dplay] received 14 data bytes from pid 3
[dplay] received 33 data bytes from pid 1
[dplay] Send 14 bytes pid 4 -> 1 (ok)
[dplay] received 14 data bytes from pid 3
[dplay] received 33 data bytes from pid 1
[dplay] Send 14 bytes pid 4 -> 1 (ok)
[dplay] received 14 data bytes from pid 3
[dplay] received 33 data bytes from pid 1
[dplay] Send 14 bytes pid 4 -> 1 (ok)
[dplay] received 14 data bytes from pid 3
[dplay] received 33 data bytes from pid 1
[dplay] Send 14 bytes pid 4 -> 1 (ok)
[moveloop] iter=4700 -> waiting on SEMAPHORE
[moveloop] iter=4700 -> got semaphore, waiting on MUTEX
[dplay] received 14 data bytes from pid 3
[dplay] received 33 data bytes from pid 1
[dplay] Send 14 bytes pid 4 -> 1 (ok)
[dplay] received 14 data bytes from pid 3
[dplay] received 33 data bytes from pid 1
[agg] StaticTimeProc 49/s  impl=1 host=0 running=1 resync=0 served=0  -> AggregatorGetPackets 0/s
[dplay] Send 14 bytes pid 4 -> 1 (ok)
[agg] sent-to-agg/s dummy=0 init=0 other=12 (last other IDCode=207)  Count=14 FrameCount=15 synched=1 csync=1 res=0
[dplay] received 14 data bytes from pid 3
[dplay] received 33 data bytes from pid 1
[agg] drained/s:  WINMOVE.CPP:4941 from=3 to=1 len=14 x13  WINMOVE.CPP:4941 from=1 to=2 len=33 x26
[dplay] Send 14 bytes pid 4 -> 1 (ok)
[dplay] received 14 data bytes from pid 3
[dplay] received 33 data bytes from pid 1
[dplay] Send 14 bytes pid 4 -> 1 (ok)
[dplay] received 14 data bytes from pid 3
[dplay] received 33 data bytes from pid 1
[dplay] Send 14 bytes pid 4 -> 1 (ok)
[dplay] received 14 data bytes from pid 3
[dplay] received 33 data bytes from pid 1
[dplay] Send 14 bytes pid 4 -> 1 (ok)
[dplay] received 14 data bytes from pid 3
[dplay] received 33 data bytes from pid 1
[dplay] Send 14 bytes pid 4 -> 1 (ok)
[dplay] received 14 data bytes from pid 3
[dplay] received 33 data bytes from pid 1
[dplay] Send 14 bytes pid 4 -> 1 (ok)
[dplay] received 14 data bytes from pid 3
[dplay] received 33 data bytes from pid 1
[dplay] Send 14 bytes pid 4 -> 1 (ok)
[dplay] received 14 data bytes from pid 3
[dplay] received 33 data bytes from pid 1
[mfctimer] fire #39500 wnd=0x98c9456 id=2378
[dplay] Send 14 bytes pid 4 -> 1 (ok)
[dplay] received 14 data bytes from pid 3
[dplay] received 33 data bytes from pid 1
[dplay] Send 14 bytes pid 4 -> 1 (ok)
[dplay] received 14 data bytes from pid 3
[dplay] received 33 data bytes from pid 1
[dplay] Send 14 bytes pid 4 -> 1 (ok)
[dplay] received 14 data bytes from pid 3
[dplay] received 33 data bytes from pid 1
[moveloop] iter=4750 -> waiting on SEMAPHORE
[moveloop] iter=4750 -> got semaphore, waiting on MUTEX
[movegate] cycle=4750 timeout=0 accelcountdown=1 accel=0
[movestep] cycle=4750 paused=0 num=1
[dplay] Send 14 bytes pid 4 -> 1 (ok)
[dplay] received 14 data bytes from pid 3
[dplay] received 33 data bytes from pid 1
[dplay] Send 14 bytes pid 4 -> 1 (ok)
[dplay] received 14 data bytes from pid 3
[dplay] received 33 data bytes from pid 1
[agg] drained/s:  WINMOVE.CPP:4941 from=3 to=1 len=14 x12  WINMOVE.CPP:4941 from=1 to=2 len=33 x24
[agg] StaticTimeProc 49/s  impl=1 host=0 running=1 resync=0 served=0  -> AggregatorGetPackets 0/s
[dplay] Send 14 bytes pid 4 -> 1 (ok)
[agg] sent-to-agg/s dummy=0 init=0 other=13 (last other IDCode=207)  Count=27 FrameCount=28 synched=1 csync=1 res=0
[dplay] received 14 data bytes from pid 3
[dplay] received 33 data bytes from pid 1
[dplay] Send 14 bytes pid 4 -> 1 (ok)
[dplay] received 14 data bytes from pid 3
[dplay] received 33 data bytes from pid 1
[timeproc] tick=12500 instances=1 currinst=0xab4b5a0
[dplay] Send 14 bytes pid 4 -> 1 (ok)
[dplay] received 14 data bytes from pid 3
[dplay] received 33 data bytes from pid 1
[dplay] Send 14 bytes pid 4 -> 1 (ok)
[dplay] received 14 data bytes from pid 3
[dplay] received 33 data bytes from pid 1
[dplay] Send 14 bytes pid 4 -> 1 (ok)
[dplay] received 14 data bytes from pid 3
[dplay] received 33 data bytes from pid 1
[dplay] Send 14 bytes pid 4 -> 1 (ok)
[dplay] received 14 data bytes from pid 3
[dplay] received 33 data bytes from pid 1
[dplay] received 14 data bytes from pid 3
[dplay] Send 14 bytes pid 4 -> 1 (ok)
[dplay] received 33 data bytes from pid 1
[dplay] Send 14 bytes pid 4 -> 1 (ok)
[dplay] received 14 data bytes from pid 3
[dplay] received 33 data bytes from pid 1
[dplay] Send 14 bytes pid 4 -> 1 (ok)
[dplay] received 14 data bytes from pid 3
[dplay] received 33 data bytes from pid 1
[dplay] Send 14 bytes pid 4 -> 1 (ok)
[dplay] received 14 data bytes from pid 3
[dplay] received 33 data bytes from pid 1
[dplay] Send 14 bytes pid 4 -> 1 (ok)
[moveloop] iter=4800 -> waiting on SEMAPHORE
[moveloop] iter=4800 -> got semaphore, waiting on MUTEX
[dplay] received 14 data bytes from pid 3
[dplay] received 33 data bytes from pid 1
[hatbtn] dwData=0xffffffff base=292 pressing=8 -> raw -1
[dplay] Send 14 bytes pid 4 -> 1 (ok)
[dplay] received 14 data bytes from pid 3
[dplay] received 33 data bytes from pid 1
[agg] StaticTimeProc 49/s  impl=1 host=0 running=1 resync=0 served=0  -> AggregatorGetPackets 0/s
[dplay] Send 14 bytes pid 4 -> 1 (ok)
[agg] sent-to-agg/s dummy=0 init=0 other=12 (last other IDCode=207)  Count=39 FrameCount=40 synched=1 csync=1 res=0
[dplay] received 14 data bytes from pid 3
[dplay] received 33 data bytes from pid 1
[agg] drained/s:  WINMOVE.CPP:4941 from=3 to=1 len=14 x13  WINMOVE.CPP:4941 from=1 to=2 len=33 x26
[dplay] Send 14 bytes pid 4 -> 1 (ok)
[dplay] received 14 data bytes from pid 3
[dplay] received 33 data bytes from pid 1
[dplay] Send 14 bytes pid 4 -> 1 (ok)
[mfctimer] fire #40000 wnd=0x98c9456 id=2378
[dplay] received 14 data bytes from pid 3
[dplay] received 33 data bytes from pid 1
[dplay] Send 14 bytes pid 4 -> 1 (ok)
[dplay] received 14 data bytes from pid 3
[dplay] received 33 data bytes from pid 1
[dplay] Send 14 bytes pid 4 -> 1 (ok)
[dplay] received 14 data bytes from pid 3
[dplay] received 33 data bytes from pid 1
[dplay] pump #1022500 (host=0) -- discovery is answered only from here
[dplay] Send 14 bytes pid 4 -> 1 (ok)
[dplay] received 14 data bytes from pid 3
[dplay] received 33 data bytes from pid 1
[dplay] Send 14 bytes pid 4 -> 1 (ok)
[dplay] received 14 data bytes from pid 3
[dplay] received 33 data bytes from pid 1
[dplay] Send 14 bytes pid 4 -> 1 (ok)
[dplay] received 14 data bytes from pid 3
[dplay] received 33 data bytes from pid 1
[dplay] Send 14 bytes pid 4 -> 1 (ok)
[dplay] received 14 data bytes from pid 3
[dplay] received 33 data bytes from pid 1
[dplay] Send 14 bytes pid 4 -> 1 (ok)
[dplay] received 14 data bytes from pid 3
[dplay] received 33 data bytes from pid 1
[dplay] Send 14 bytes pid 4 -> 1 (ok)
[dplay] received 14 data bytes from pid 3
[dplay] received 33 data bytes from pid 1
[moveloop] iter=4850 -> waiting on SEMAPHORE
[moveloop] iter=4850 -> got semaphore, waiting on MUTEX
[dplay] Send 14 bytes pid 4 -> 1 (ok)
[dplay] received 14 data bytes from pid 3
[dplay] received 33 data bytes from pid 1
[dplay] Send 14 bytes pid 4 -> 1 (ok)
[dplay] received 14 data bytes from pid 3
[dplay] received 33 data bytes from pid 1
[agg] drained/s:  WINMOVE.CPP:4941 from=3 to=1 len=14 x12  WINMOVE.CPP:4941 from=1 to=2 len=33 x24
[agg] StaticTimeProc 49/s  impl=1 host=0 running=1 resync=0 served=0  -> AggregatorGetPackets 0/s
[dplay] Send 14 bytes pid 4 -> 1 (ok)
[agg] sent-to-agg/s dummy=0 init=0 other=13 (last other IDCode=207)  Count=52 FrameCount=53 synched=1 csync=1 res=0
[dplay] received 14 data bytes from pid 3
[dplay] received 33 data bytes from pid 1
[dplay] Send 14 bytes pid 4 -> 1 (ok)
[dplay] received 14 data bytes from pid 3
[dplay] received 33 data bytes from pid 1
[dplay] Send 14 bytes pid 4 -> 1 (ok)
[dplay] received 14 data bytes from pid 3
[dplay] received 33 data bytes from pid 1
[dplay] Send 14 bytes pid 4 -> 1 (ok)
[dplay] received 14 data bytes from pid 3
[dplay] received 33 data bytes from pid 1
[dplay] Send 14 bytes pid 4 -> 1 (ok)
[dplay] received 14 data bytes from pid 3
[dplay] received 33 data bytes from pid 1
[dplay] Send 14 bytes pid 4 -> 1 (ok)
[dplay] received 14 data bytes from pid 3
[dplay] received 33 data bytes from pid 1
[dplay] Send 14 bytes pid 4 -> 1 (ok)
[dplay] received 14 data bytes from pid 3
[dplay] received 33 data bytes from pid 1
[accnt] aircraft in this world: now=8 MAX=8 visible=2 dead=6 (frame sample #8)
[dplay] Send 14 bytes pid 4 -> 1 (ok)
[dplay] received 14 data bytes from pid 3
[dplay] received 33 data bytes from pid 1
[dplay] Send 14 bytes pid 4 -> 1 (ok)
[dplay] received 14 data bytes from pid 3
[dplay] received 33 data bytes from pid 1
[mfctimer] fire #40500 wnd=0x98c9456 id=2378
[dplay] Send 14 bytes pid 4 -> 1 (ok)
[dplay] received 14 data bytes from pid 3
[dplay] received 33 data bytes from pid 1
[dplay] Send 14 bytes pid 4 -> 1 (ok)
[moveloop] iter=4900 -> waiting on SEMAPHORE
[moveloop] iter=4900 -> got semaphore, waiting on MUTEX
[dplay] received 14 data bytes from pid 3
[dplay] received 33 data bytes from pid 1
[dplay] Send 14 bytes pid 4 -> 1 (ok)
[dplay] received 14 data bytes from pid 3
[dplay] received 33 data bytes from pid 1
[agg] StaticTimeProc 48/s  impl=1 host=0 running=1 resync=0 served=0  -> AggregatorGetPackets 0/s
[dplay] Send 14 bytes pid 4 -> 1 (ok)
[agg] sent-to-agg/s dummy=0 init=0 other=12 (last other IDCode=207)  Count=64 FrameCount=65 synched=1 csync=1 res=0
[dplay] received 14 data bytes from pid 3
[dplay] received 33 data bytes from pid 1
[agg] drained/s:  WINMOVE.CPP:4941 from=3 to=1 len=14 x13  WINMOVE.CPP:4941 from=1 to=2 len=33 x26
[dplay] Send 14 bytes pid 4 -> 1 (ok)
[dplay] received 14 data bytes from pid 3
[dplay] received 33 data bytes from pid 1
[dplay] Send 14 bytes pid 4 -> 1 (ok)
[dplay] received 14 data bytes from pid 3
[dplay] received 33 data bytes from pid 1
[dplay] Send 14 bytes pid 4 -> 1 (ok)
[dplay] received 14 data bytes from pid 3
[dplay] received 33 data bytes from pid 1
[dplay] Send 14 bytes pid 4 -> 1 (ok)
[dplay] received 14 data bytes from pid 3
[dplay] received 33 data bytes from pid 1
[dplay] Send 14 bytes pid 4 -> 1 (ok)
[dplay] received 14 data bytes from pid 3
[dplay] received 33 data bytes from pid 1
[dplay] Send 14 bytes pid 4 -> 1 (ok)
[dplay] received 14 data bytes from pid 3
[dplay] received 33 data bytes from pid 1
[dplay] Send 14 bytes pid 4 -> 1 (ok)
[dplay] received 14 data bytes from pid 3
[dplay] received 33 data bytes from pid 1
[dplay] Send 14 bytes pid 4 -> 1 (ok)
[dplay] received 14 data bytes from pid 3
[dplay] received 33 data bytes from pid 1
[dplay] Send 14 bytes pid 4 -> 1 (ok)
[dplay] received 14 data bytes from pid 3
[dplay] received 33 data bytes from pid 1
[dplay] Send 14 bytes pid 4 -> 1 (ok)
[dplay] received 14 data bytes from pid 3
[dplay] received 33 data bytes from pid 1
[moveloop] iter=4950 -> waiting on SEMAPHORE
[moveloop] iter=4950 -> got semaphore, waiting on MUTEX
[dplay] Send 14 bytes pid 4 -> 1 (ok)
[dplay] received 14 data bytes from pid 3
[dplay] received 33 data bytes from pid 1
[dplay] Send 14 bytes pid 4 -> 1 (ok)
[dplay] received 14 data bytes from pid 3
[dplay] received 33 data bytes from pid 1
[agg] drained/s:  WINMOVE.CPP:4941 from=3 to=1 len=14 x12  WINMOVE.CPP:4941 from=1 to=2 len=33 x24
[agg] StaticTimeProc 50/s  impl=1 host=0 running=1 resync=0 served=0  -> AggregatorGetPackets 0/s
[dplay] Send 14 bytes pid 4 -> 1 (ok)
[agg] sent-to-agg/s dummy=0 init=0 other=13 (last other IDCode=207)  Count=77 FrameCount=78 synched=1 csync=1 res=0
[dplay] received 14 data bytes from pid 3
[dplay] received 33 data bytes from pid 1
[dplay] Send 14 bytes pid 4 -> 1 (ok)
[dplay] received 14 data bytes from pid 3
[dplay] received 33 data bytes from pid 1
[dplay] Send 14 bytes pid 4 -> 1 (ok)
[dplay] received 14 data bytes from pid 3
[dplay] received 33 data bytes from pid 1
[dplay] Send 14 bytes pid 4 -> 1 (ok)
[mfctimer] fire #41000 wnd=0x98c9456 id=2378
[dplay] received 14 data bytes from pid 3
[dplay] received 33 data bytes from pid 1
[dplay] Send 14 bytes pid 4 -> 1 (ok)
[dplay] received 14 data bytes from pid 3
[dplay] received 33 data bytes from pid 1
[dplay] Send 14 bytes pid 4 -> 1 (ok)
[dplay] received 14 data bytes from pid 3
[dplay] received 33 data bytes from pid 1
[dplay] Send 14 bytes pid 4 -> 1 (ok)
[dplay] received 14 data bytes from pid 3
[dplay] received 33 data bytes from pid 1
[dplay] Send 14 bytes pid 4 -> 1 (ok)
[dplay] received 14 data bytes from pid 3
[dplay] received 33 data bytes from pid 1
[dplay] Send 14 bytes pid 4 -> 1 (ok)
[dplay] received 14 data bytes from pid 3
[dplay] received 33 data bytes from pid 1
[dplay] Send 14 bytes pid 4 -> 1 (ok)
[dplay] received 14 data bytes from pid 3
[dplay] received 33 data bytes from pid 1
[dplay] Send 14 bytes pid 4 -> 1 (ok)
[moveloop] iter=5000 -> waiting on SEMAPHORE
[moveloop] iter=5000 -> got semaphore, waiting on MUTEX
[movegate] cycle=5000 timeout=0 accelcountdown=1 accel=0
[movestep] cycle=5000 paused=0 num=1
[dplay] received 14 data bytes from pid 3
[dplay] received 33 data bytes from pid 1
[dplay] Send 14 bytes pid 4 -> 1 (ok)
[dplay] received 14 data bytes from pid 3
[dplay] received 33 data bytes from pid 1
[agg] StaticTimeProc 49/s  impl=1 host=0 running=1 resync=0 served=0  -> AggregatorGetPackets 0/s
[dplay] Send 14 bytes pid 4 -> 1 (ok)
[agg] sent-to-agg/s dummy=0 init=0 other=12 (last other IDCode=207)  Count=89 FrameCount=90 synched=1 csync=1 res=0
[dplay] received 14 data bytes from pid 3
[dplay] received 33 data bytes from pid 1
[agg] drained/s:  WINMOVE.CPP:4941 from=3 to=1 len=14 x13  WINMOVE.CPP:4941 from=1 to=2 len=33 x26
[dplay] Send 14 bytes pid 4 -> 1 (ok)
[dplay] received 14 data bytes from pid 3
[dplay] received 33 data bytes from pid 1
[dplay] Send 14 bytes pid 4 -> 1 (ok)
[dplay] received 14 data bytes from pid 3
[dplay] received 33 data bytes from pid 1
[timeproc] tick=12750 instances=1 currinst=0xab4b5a0
[dplay] Send 14 bytes pid 4 -> 1 (ok)
[dplay] received 14 data bytes from pid 3
[dplay] received 33 data bytes from pid 1
[dplay] Send 14 bytes pid 4 -> 1 (ok)
[dplay] received 14 data bytes from pid 3
[dplay] received 33 data bytes from pid 1
[dplay] Send 14 bytes pid 4 -> 1 (ok)
[dplay] received 14 data bytes from pid 3
[dplay] received 33 data bytes from pid 1
[dplay] Send 14 bytes pid 4 -> 1 (ok)
[dplay] received 14 data bytes from pid 3
[dplay] received 33 data bytes from pid 1
[dplay] Send 14 bytes pid 4 -> 1 (ok)
[dplay] received 14 data bytes from pid 3
[dplay] received 33 data bytes from pid 1
[dplay] Send 14 bytes pid 4 -> 1 (ok)
[dplay] received 14 data bytes from pid 3
[dplay] received 33 data bytes from pid 1
[dplay] Send 14 bytes pid 4 -> 1 (ok)
[dplay] received 14 data bytes from pid 3
[dplay] received 33 data bytes from pid 1
[dplay] Send 14 bytes pid 4 -> 1 (ok)
[dplay] received 14 data bytes from pid 3
[dplay] received 33 data bytes from pid 1
[mfctimer] fire #41500 wnd=0x98c9456 id=2378
[moveloop] iter=5050 -> waiting on SEMAPHORE
[moveloop] iter=5050 -> got semaphore, waiting on MUTEX
[dplay] Send 14 bytes pid 4 -> 1 (ok)
[dplay] received 14 data bytes from pid 3
[dplay] received 33 data bytes from pid 1
[dplay] Send 14 bytes pid 4 -> 1 (ok)
[dplay] received 14 data bytes from pid 3
[dplay] received 33 data bytes from pid 1
[agg] drained/s:  WINMOVE.CPP:4941 from=3 to=1 len=14 x12  WINMOVE.CPP:4941 from=1 to=2 len=33 x24
[agg] StaticTimeProc 49/s  impl=1 host=0 running=1 resync=0 served=0  -> AggregatorGetPackets 0/s
[dplay] Send 14 bytes pid 4 -> 1 (ok)
[agg] sent-to-agg/s dummy=0 init=0 other=13 (last other IDCode=207)  Count=102 FrameCount=103 synched=1 csync=1 res=0
[dplay] received 14 data bytes from pid 3
[dplay] received 33 data bytes from pid 1
[dplay] Send 14 bytes pid 4 -> 1 (ok)
[dplay] received 14 data bytes from pid 3
[dplay] received 33 data bytes from pid 1
[dplay] Send 14 bytes pid 4 -> 1 (ok)
[dplay] received 14 data bytes from pid 3
[dplay] received 33 data bytes from pid 1
[dplay] Send 14 bytes pid 4 -> 1 (ok)
[dplay] received 14 data bytes from pid 3
[dplay] received 33 data bytes from pid 1
[dplay] Send 14 bytes pid 4 -> 1 (ok)
[dplay] received 14 data bytes from pid 3
[dplay] received 33 data bytes from pid 1
[dplay] Send 14 bytes pid 4 -> 1 (ok)
[dplay] received 14 data bytes from pid 3
[dplay] received 33 data bytes from pid 1
[dplay] Send 14 bytes pid 4 -> 1 (ok)
[dplay] received 14 data bytes from pid 3
[dplay] received 33 data bytes from pid 1
[dplay] Send 14 bytes pid 4 -> 1 (ok)
[dplay] received 14 data bytes from pid 3
[dplay] received 33 data bytes from pid 1
[dplay] Send 14 bytes pid 4 -> 1 (ok)
[dplay] received 14 data bytes from pid 3
[dplay] received 33 data bytes from pid 1
[dplay] Send 14 bytes pid 4 -> 1 (ok)
[dplay] received 14 data bytes from pid 3
[dplay] received 33 data bytes from pid 1
[dplay] Send 14 bytes pid 4 -> 1 (ok)
[moveloop] iter=5100 -> waiting on SEMAPHORE
[moveloop] iter=5100 -> got semaphore, waiting on MUTEX
[dplay] received 14 data bytes from pid 3
[dplay] received 33 data bytes from pid 1
[dplay] Send 14 bytes pid 4 -> 1 (ok)
[dplay] received 14 data bytes from pid 3
[dplay] received 33 data bytes from pid 1
[agg] StaticTimeProc 49/s  impl=1 host=0 running=1 resync=0 served=0  -> AggregatorGetPackets 0/s
[dplay] Send 14 bytes pid 4 -> 1 (ok)
[agg] sent-to-agg/s dummy=0 init=0 other=12 (last other IDCode=207)  Count=114 FrameCount=115 synched=1 csync=1 res=0
[dplay] received 14 data bytes from pid 3
[dplay] received 33 data bytes from pid 1
[agg] drained/s:  WINMOVE.CPP:4941 from=3 to=1 len=14 x13  WINMOVE.CPP:4941 from=1 to=2 len=33 x26
[dplay] pump #1023000 (host=0) -- discovery is answered only from here
[dplay] Send 14 bytes pid 4 -> 1 (ok)
[dplay] received 14 data bytes from pid 3
[dplay] received 33 data bytes from pid 1
[dplay] Send 14 bytes pid 4 -> 1 (ok)
[dplay] received 14 data bytes from pid 3
[dplay] received 33 data bytes from pid 1
[dplay] Send 14 bytes pid 4 -> 1 (ok)
[dplay] received 14 data bytes from pid 3
[dplay] received 33 data bytes from pid 1
[dplay] Send 14 bytes pid 4 -> 1 (ok)
[dplay] received 14 data bytes from pid 3
[dplay] received 33 data bytes from pid 1
[mfctimer] fire #42000 wnd=0x98c9456 id=2378
[dplay] Send 14 bytes pid 4 -> 1 (ok)
[dplay] received 14 data bytes from pid 3
[dplay] received 33 data bytes from pid 1
[dplay] Send 14 bytes pid 4 -> 1 (ok)
[dplay] received 14 data bytes from pid 3
[dplay] received 33 data bytes from pid 1
[dplay] Send 14 bytes pid 4 -> 1 (ok)
[dplay] received 14 data bytes from pid 3
[dplay] received 33 data bytes from pid 1
[dplay] Send 14 bytes pid 4 -> 1 (ok)
[dplay] received 14 data bytes from pid 3
[dplay] received 33 data bytes from pid 1
[dplay] Send 14 bytes pid 4 -> 1 (ok)
[dplay] received 14 data bytes from pid 3
[dplay] received 33 data bytes from pid 1
[dplay] Send 14 bytes pid 4 -> 1 (ok)
[dplay] received 14 data bytes from pid 3
[dplay] received 33 data bytes from pid 1
[moveloop] iter=5150 -> waiting on SEMAPHORE
[moveloop] iter=5150 -> got semaphore, waiting on MUTEX
[dplay] Send 14 bytes pid 4 -> 1 (ok)
[dplay] received 14 data bytes from pid 3
[dplay] received 33 data bytes from pid 1
[dplay] Send 14 bytes pid 4 -> 1 (ok)
[dplay] received 14 data bytes from pid 3
[dplay] received 33 data bytes from pid 1
[agg] drained/s:  WINMOVE.CPP:4941 from=3 to=1 len=14 x12  WINMOVE.CPP:4941 from=1 to=2 len=33 x24
[agg] StaticTimeProc 50/s  impl=1 host=0 running=1 resync=0 served=0  -> AggregatorGetPackets 0/s
[dplay] Send 14 bytes pid 4 -> 1 (ok)
[agg] sent-to-agg/s dummy=0 init=0 other=13 (last other IDCode=207)  Count=127 FrameCount=128 synched=1 csync=1 res=0
[dplay] received 14 data bytes from pid 3
[dplay] received 33 data bytes from pid 1
[dplay] Send 14 bytes pid 4 -> 1 (ok)
[dplay] received 14 data bytes from pid 3
[dplay] received 33 data bytes from pid 1
[dplay] Send 14 bytes pid 4 -> 1 (ok)
[dplay] received 14 data bytes from pid 3
[dplay] received 33 data bytes from pid 1
[dplay] Send 14 bytes pid 4 -> 1 (ok)
[dplay] received 14 data bytes from pid 3
[dplay] received 33 data bytes from pid 1
[dplay] Send 14 bytes pid 4 -> 1 (ok)
[dplay] received 14 data bytes from pid 3
[dplay] received 33 data bytes from pid 1
[dplay] Send 14 bytes pid 4 -> 1 (ok)
[dplay] received 14 data bytes from pid 3
[dplay] received 33 data bytes from pid 1
[dplay] Send 14 bytes pid 4 -> 1 (ok)
[dplay] received 14 data bytes from pid 3
[dplay] received 33 data bytes from pid 1
[dplay] Send 14 bytes pid 4 -> 1 (ok)
[dplay] received 14 data bytes from pid 3
[dplay] received 33 data bytes from pid 1
[dplay] Send 14 bytes pid 4 -> 1 (ok)
[dplay] received 14 data bytes from pid 3
[dplay] received 33 data bytes from pid 1
[dplay] Send 14 bytes pid 4 -> 1 (ok)
[dplay] received 14 data bytes from pid 3
[dplay] received 33 data bytes from pid 1
[dplay] Send 14 bytes pid 4 -> 1 (ok)
[moveloop] iter=5200 -> waiting on SEMAPHORE
[moveloop] iter=5200 -> got semaphore, waiting on MUTEX
[dplay] received 14 data bytes from pid 3
[dplay] received 33 data bytes from pid 1
[dplay] Send 14 bytes pid 4 -> 1 (ok)
[mfctimer] fire #42500 wnd=0x98c9456 id=2378
[dplay] received 14 data bytes from pid 3
[dplay] received 33 data bytes from pid 1
[agg] StaticTimeProc 49/s  impl=1 host=0 running=1 resync=0 served=0  -> AggregatorGetPackets 0/s
[dplay] Send 14 bytes pid 4 -> 1 (ok)
[agg] sent-to-agg/s dummy=0 init=0 other=12 (last other IDCode=207)  Count=139 FrameCount=140 synched=1 csync=1 res=0
[dplay] received 14 data bytes from pid 3
[dplay] received 33 data bytes from pid 1
[agg] drained/s:  WINMOVE.CPP:4941 from=3 to=1 len=14 x13  WINMOVE.CPP:4941 from=1 to=2 len=33 x26
[dplay] Send 14 bytes pid 4 -> 1 (ok)
[dplay] received 14 data bytes from pid 3
[dplay] received 33 data bytes from pid 1
[dplay] Send 14 bytes pid 4 -> 1 (ok)
[dplay] received 14 data bytes from pid 3
[dplay] received 33 data bytes from pid 1
[dplay] Send 14 bytes pid 4 -> 1 (ok)
[dplay] received 14 data bytes from pid 3
[dplay] received 33 data bytes from pid 1
[dplay] Send 14 bytes pid 4 -> 1 (ok)
[dplay] received 14 data bytes from pid 3
[dplay] received 33 data bytes from pid 1
[dplay] Send 14 bytes pid 4 -> 1 (ok)
[dplay] received 14 data bytes from pid 3
[dplay] received 33 data bytes from pid 1
[dplay] Send 14 bytes pid 4 -> 1 (ok)
[dplay] received 14 data bytes from pid 3
[dplay] received 33 data bytes from pid 1
[dplay] Send 14 bytes pid 4 -> 1 (ok)
[dplay] received 14 data bytes from pid 3
[dplay] received 33 data bytes from pid 1
[dplay] Send 14 bytes pid 4 -> 1 (ok)
[dplay] received 14 data bytes from pid 3
[dplay] received 33 data bytes from pid 1
[dplay] Send 14 bytes pid 4 -> 1 (ok)
[dplay] received 14 data bytes from pid 3
[dplay] received 33 data bytes from pid 1
[dplay] Send 14 bytes pid 4 -> 1 (ok)
[dplay] received 14 data bytes from pid 3
[dplay] received 33 data bytes from pid 1
[moveloop] iter=5250 -> waiting on SEMAPHORE
[moveloop] iter=5250 -> got semaphore, waiting on MUTEX
[movegate] cycle=5250 timeout=0 accelcountdown=1 accel=0
[movestep] cycle=5250 paused=0 num=1
[dplay] Send 14 bytes pid 4 -> 1 (ok)
[dplay] received 14 data bytes from pid 3
[dplay] received 33 data bytes from pid 1
[dplay] Send 14 bytes pid 4 -> 1 (ok)
[agg] StaticTimeProc 49/s  impl=1 host=0 running=1 resync=0 served=0  -> AggregatorGetPackets 0/s
[dplay] received 14 data bytes from pid 3
[dplay] received 33 data bytes from pid 1
[agg] drained/s:  WINMOVE.CPP:4941 from=3 to=1 len=14 x12  WINMOVE.CPP:4941 from=1 to=2 len=33 x24
[dplay] Send 14 bytes pid 4 -> 1 (ok)
[agg] sent-to-agg/s dummy=0 init=0 other=13 (last other IDCode=207)  Count=152 FrameCount=153 synched=1 csync=1 res=0
[dplay] received 14 data bytes from pid 3
[dplay] received 33 data bytes from pid 1
[dplay] Send 14 bytes pid 4 -> 1 (ok)
[dplay] received 14 data bytes from pid 3
[dplay] received 33 data bytes from pid 1
[dplay] Send 14 bytes pid 4 -> 1 (ok)
[dplay] received 14 data bytes from pid 3
[dplay] received 33 data bytes from pid 1
[dplay] Send 14 bytes pid 4 -> 1 (ok)
[dplay] received 14 data bytes from pid 3
[dplay] received 33 data bytes from pid 1
[timeproc] tick=13000 instances=1 currinst=0xab4b5a0
[dplay] Send 14 bytes pid 4 -> 1 (ok)
[dplay] received 14 data bytes from pid 3
[dplay] received 33 data bytes from pid 1
[dplay] Send 14 bytes pid 4 -> 1 (ok)
[dplay] received 14 data bytes from pid 3
[dplay] received 33 data bytes from pid 1
[mfctimer] fire #43000 wnd=0x98c9456 id=2378
[dplay] Send 14 bytes pid 4 -> 1 (ok)
[dplay] received 14 data bytes from pid 3
[dplay] received 33 data bytes from pid 1
[dplay] Send 14 bytes pid 4 -> 1 (ok)
[dplay] received 14 data bytes from pid 3
[dplay] received 33 data bytes from pid 1
[dplay] Send 14 bytes pid 4 -> 1 (ok)
[dplay] received 14 data bytes from pid 3
[dplay] received 33 data bytes from pid 1
[dplay] Send 14 bytes pid 4 -> 1 (ok)
[dplay] received 14 data bytes from pid 3
[dplay] received 33 data bytes from pid 1
[dplay] Send 14 bytes pid 4 -> 1 (ok)
[moveloop] iter=5300 -> waiting on SEMAPHORE
[moveloop] iter=5300 -> got semaphore, waiting on MUTEX
[dplay] received 14 data bytes from pid 3
[dplay] received 33 data bytes from pid 1
[hatbtn] dwData=0xffffffff base=292 pressing=8 -> raw -1
[dplay] Send 14 bytes pid 4 -> 1 (ok)
[dplay] received 14 data bytes from pid 3
[dplay] received 33 data bytes from pid 1
[agg] StaticTimeProc 50/s  impl=1 host=0 running=1 resync=0 served=0  -> AggregatorGetPackets 0/s
[dplay] Send 14 bytes pid 4 -> 1 (ok)
[agg] sent-to-agg/s dummy=0 init=0 other=12 (last other IDCode=207)  Count=164 FrameCount=165 synched=1 csync=1 res=0
[dplay] received 14 data bytes from pid 3
[dplay] received 33 data bytes from pid 1
[agg] drained/s:  WINMOVE.CPP:4941 from=3 to=1 len=14 x13  WINMOVE.CPP:4941 from=1 to=2 len=33 x26
[dplay] Send 14 bytes pid 4 -> 1 (ok)
[dplay] received 14 data bytes from pid 3
[dplay] received 33 data bytes from pid 1
[dplay] Send 14 bytes pid 4 -> 1 (ok)
[dplay] received 14 data bytes from pid 3
[dplay] received 33 data bytes from pid 1
[dplay] Send 14 bytes pid 4 -> 1 (ok)
[dplay] received 14 data bytes from pid 3
[dplay] received 33 data bytes from pid 1
[dplay] Send 14 bytes pid 4 -> 1 (ok)
[dplay] received 14 data bytes from pid 3
[dplay] received 33 data bytes from pid 1
[dplay] Send 14 bytes pid 4 -> 1 (ok)
[dplay] received 14 data bytes from pid 3
[dplay] received 33 data bytes from pid 1
[dplay] Send 14 bytes pid 4 -> 1 (ok)
[dplay] received 14 data bytes from pid 3
[dplay] received 33 data bytes from pid 1
[dplay] Send 14 bytes pid 4 -> 1 (ok)
[dplay] received 14 data bytes from pid 3
[dplay] received 33 data bytes from pid 1
[dplay] Send 14 bytes pid 4 -> 1 (ok)
[dplay] received 14 data bytes from pid 3
[dplay] received 33 data bytes from pid 1
[dplay] Send 14 bytes pid 4 -> 1 (ok)
[dplay] received 14 data bytes from pid 3
[dplay] received 33 data bytes from pid 1
[dplay] Send 14 bytes pid 4 -> 1 (ok)
[dplay] received 14 data bytes from pid 3
[dplay] received 33 data bytes from pid 1
[moveloop] iter=5350 -> waiting on SEMAPHORE
[moveloop] iter=5350 -> got semaphore, waiting on MUTEX
[dplay] Send 14 bytes pid 4 -> 1 (ok)
[dplay] received 14 data bytes from pid 3
[dplay] received 33 data bytes from pid 1
[dplay] Send 14 bytes pid 4 -> 1 (ok)
[dplay] received 14 data bytes from pid 3
[dplay] received 33 data bytes from pid 1
[agg] drained/s:  WINMOVE.CPP:4941 from=3 to=1 len=14 x12  WINMOVE.CPP:4941 from=1 to=2 len=33 x24
[agg] StaticTimeProc 49/s  impl=1 host=0 running=1 resync=0 served=0  -> AggregatorGetPackets 0/s
[dplay] Send 14 bytes pid 4 -> 1 (ok)
[agg] sent-to-agg/s dummy=0 init=0 other=13 (last other IDCode=207)  Count=177 FrameCount=178 synched=1 csync=1 res=0
[mfctimer] fire #43500 wnd=0x98c9456 id=2378
[dplay] received 14 data bytes from pid 3
[dplay] received 33 data bytes from pid 1
[dplay] Send 14 bytes pid 4 -> 1 (ok)
[dplay] received 14 data bytes from pid 3
[dplay] received 33 data bytes from pid 1
[dplay] Send 14 bytes pid 4 -> 1 (ok)
[dplay] received 14 data bytes from pid 3
[dplay] received 33 data bytes from pid 1
[dplay] Send 14 bytes pid 4 -> 1 (ok)
[dplay] received 14 data bytes from pid 3
[dplay] received 33 data bytes from pid 1
[dplay] Send 14 bytes pid 4 -> 1 (ok)
[dplay] received 14 data bytes from pid 3
[dplay] received 33 data bytes from pid 1
[dplay] Send 14 bytes pid 4 -> 1 (ok)
[dplay] received 14 data bytes from pid 3
[dplay] received 33 data bytes from pid 1
[dplay] Send 14 bytes pid 4 -> 1 (ok)
[dplay] received 14 data bytes from pid 3
[dplay] received 33 data bytes from pid 1
[dplay] Send 14 bytes pid 4 -> 1 (ok)
[dplay] received 14 data bytes from pid 3
[dplay] received 33 data bytes from pid 1
[dplay] Send 14 bytes pid 4 -> 1 (ok)
[dplay] received 14 data bytes from pid 3
[dplay] received 33 data bytes from pid 1
[dplay] Send 14 bytes pid 4 -> 1 (ok)
[dplay] pump #1023500 (host=0) -- discovery is answered only from here
[dplay] received 14 data bytes from pid 3
[dplay] received 33 data bytes from pid 1
[dplay] Send 14 bytes pid 4 -> 1 (ok)
[moveloop] iter=5400 -> waiting on SEMAPHORE
[moveloop] iter=5400 -> got semaphore, waiting on MUTEX
[dplay] received 14 data bytes from pid 3
[dplay] received 33 data bytes from pid 1
[dplay] Send 14 bytes pid 4 -> 1 (ok)
[dplay] received 14 data bytes from pid 3
[dplay] received 33 data bytes from pid 1
[agg] StaticTimeProc 49/s  impl=1 host=0 running=1 resync=0 served=0  -> AggregatorGetPackets 0/s
[dplay] Send 14 bytes pid 4 -> 1 (ok)
[agg] sent-to-agg/s dummy=0 init=0 other=12 (last other IDCode=207)  Count=189 FrameCount=190 synched=1 csync=1 res=0
[dplay] received 14 data bytes from pid 3
[dplay] received 33 data bytes from pid 1
[agg] drained/s:  WINMOVE.CPP:4941 from=3 to=1 len=14 x13  WINMOVE.CPP:4941 from=1 to=2 len=33 x26
[dplay] Send 14 bytes pid 4 -> 1 (ok)
[dplay] received 14 data bytes from pid 3
[dplay] received 33 data bytes from pid 1
[dplay] Send 14 bytes pid 4 -> 1 (ok)
[dplay] received 14 data bytes from pid 3
[dplay] received 33 data bytes from pid 1
[dplay] Send 14 bytes pid 4 -> 1 (ok)
[dplay] received 14 data bytes from pid 3
[dplay] received 33 data bytes from pid 1
[dplay] Send 14 bytes pid 4 -> 1 (ok)
[dplay] received 14 data bytes from pid 3
[dplay] received 33 data bytes from pid 1
[dplay] Send 14 bytes pid 4 -> 1 (ok)
[dplay] received 14 data bytes from pid 3
[dplay] received 33 data bytes from pid 1
[dplay] Send 14 bytes pid 4 -> 1 (ok)
[dplay] received 14 data bytes from pid 3
[dplay] received 33 data bytes from pid 1
[dplay] Send 14 bytes pid 4 -> 1 (ok)
[dplay] received 14 data bytes from pid 3
[dplay] received 33 data bytes from pid 1
[mfctimer] fire #44000 wnd=0x98c9456 id=2378
[dplay] Send 14 bytes pid 4 -> 1 (ok)
[dplay] received 14 data bytes from pid 3
[dplay] received 33 data bytes from pid 1
[dplay] Send 14 bytes pid 4 -> 1 (ok)
[dplay] received 14 data bytes from pid 3
[dplay] received 33 data bytes from pid 1
[dplay] Send 14 bytes pid 4 -> 1 (ok)
[dplay] received 14 data bytes from pid 3
[dplay] received 33 data bytes from pid 1
[moveloop] iter=5450 -> waiting on SEMAPHORE
[moveloop] iter=5450 -> got semaphore, waiting on MUTEX
[dplay] Send 14 bytes pid 4 -> 1 (ok)
[dplay] received 14 data bytes from pid 3
[dplay] received 33 data bytes from pid 1
[dplay] Send 14 bytes pid 4 -> 1 (ok)
[agg] StaticTimeProc 49/s  impl=1 host=0 running=1 resync=0 served=0  -> AggregatorGetPackets 0/s
[dplay] received 14 data bytes from pid 3
[dplay] received 33 data bytes from pid 1
[agg] drained/s:  WINMOVE.CPP:4941 from=3 to=1 len=14 x12  WINMOVE.CPP:4941 from=1 to=2 len=33 x24
[dplay] Send 14 bytes pid 4 -> 1 (ok)
[agg] sent-to-agg/s dummy=0 init=0 other=13 (last other IDCode=207)  Count=202 FrameCount=203 synched=1 csync=1 res=0
[dplay] received 14 data bytes from pid 3
[dplay] received 33 data bytes from pid 1
[dplay] Send 14 bytes pid 4 -> 1 (ok)
[dplay] received 14 data bytes from pid 3
[dplay] received 33 data bytes from pid 1
[dplay] Send 14 bytes pid 4 -> 1 (ok)
[dplay] received 14 data bytes from pid 3
[dplay] received 33 data bytes from pid 1
[dplay] Send 14 bytes pid 4 -> 1 (ok)
[dplay] received 14 data bytes from pid 3
[dplay] received 33 data bytes from pid 1
[dplay] Send 14 bytes pid 4 -> 1 (ok)
[dplay] received 14 data bytes from pid 3
[dplay] received 33 data bytes from pid 1
[dplay] Send 14 bytes pid 4 -> 1 (ok)
[dplay] received 14 data bytes from pid 3
[dplay] received 33 data bytes from pid 1
[dplay] Send 14 bytes pid 4 -> 1 (ok)
[dplay] received 14 data bytes from pid 3
[dplay] received 33 data bytes from pid 1
[accnt] aircraft in this world: now=8 MAX=8 visible=2 dead=6 (frame sample #9)
[dplay] Send 14 bytes pid 4 -> 1 (ok)
[dplay] received 14 data bytes from pid 3
[dplay] received 33 data bytes from pid 1
[dplay] Send 14 bytes pid 4 -> 1 (ok)
[dplay] received 14 data bytes from pid 3
[dplay] received 33 data bytes from pid 1
[dplay] Send 14 bytes pid 4 -> 1 (ok)
[dplay] received 14 data bytes from pid 3
[dplay] received 33 data bytes from pid 1
[dplay] Send 14 bytes pid 4 -> 1 (ok)
[moveloop] iter=5500 -> waiting on SEMAPHORE
[moveloop] iter=5500 -> got semaphore, waiting on MUTEX
[movegate] cycle=5500 timeout=0 accelcountdown=1 accel=0
[movestep] cycle=5500 paused=0 num=1
[dplay] received 14 data bytes from pid 3
[dplay] received 33 data bytes from pid 1
[dplay] Send 14 bytes pid 4 -> 1 (ok)
[dplay] received 14 data bytes from pid 3
[dplay] received 33 data bytes from pid 1
[agg] StaticTimeProc 50/s  impl=1 host=0 running=1 resync=0 served=0  -> AggregatorGetPackets 0/s
[dplay] Send 14 bytes pid 4 -> 1 (ok)
[agg] sent-to-agg/s dummy=0 init=0 other=12 (last other IDCode=207)  Count=214 FrameCount=215 synched=1 csync=1 res=0
[dplay] received 14 data bytes from pid 3
[dplay] received 33 data bytes from pid 1
[agg] drained/s:  WINMOVE.CPP:4941 from=3 to=1 len=14 x13  WINMOVE.CPP:4941 from=1 to=2 len=33 x26
[dplay] Send 14 bytes pid 4 -> 1 (ok)
[dplay] received 14 data bytes from pid 3
[dplay] received 33 data bytes from pid 1
[mfctimer] fire #44500 wnd=0x98c9456 id=2378
[dplay] Send 14 bytes pid 4 -> 1 (ok)
[dplay] received 14 data bytes from pid 3
[dplay] received 33 data bytes from pid 1
[dplay] Send 14 bytes pid 4 -> 1 (ok)
[dplay] received 14 data bytes from pid 3
[dplay] received 33 data bytes from pid 1
[dplay] Send 14 bytes pid 4 -> 1 (ok)
[dplay] received 14 data bytes from pid 3
[dplay] received 33 data bytes from pid 1
[timeproc] tick=13250 instances=1 currinst=0xab4b5a0
[dplay] Send 14 bytes pid 4 -> 1 (ok)
[dplay] received 14 data bytes from pid 3
[dplay] received 33 data bytes from pid 1
[dplay] Send 14 bytes pid 4 -> 1 (ok)
[dplay] received 14 data bytes from pid 3
[dplay] received 33 data bytes from pid 1
[dplay] Send 14 bytes pid 4 -> 1 (ok)
[dplay] received 14 data bytes from pid 3
[dplay] received 33 data bytes from pid 1
[dplay] Send 14 bytes pid 4 -> 1 (ok)
[dplay] received 14 data bytes from pid 3
[dplay] received 33 data bytes from pid 1
[dplay] Send 14 bytes pid 4 -> 1 (ok)
[dplay] received 14 data bytes from pid 3
[dplay] received 33 data bytes from pid 1
[dplay] Send 14 bytes pid 4 -> 1 (ok)
[dplay] received 14 data bytes from pid 3
[dplay] received 33 data bytes from pid 1
[moveloop] iter=5550 -> waiting on SEMAPHORE
[moveloop] iter=5550 -> got semaphore, waiting on MUTEX
[dplay] Send 14 bytes pid 4 -> 1 (ok)
[dplay] received 14 data bytes from pid 3
[dplay] received 33 data bytes from pid 1
[dplay] Send 14 bytes pid 4 -> 1 (ok)
[dplay] received 14 data bytes from pid 3
[dplay] received 33 data bytes from pid 1
[agg] drained/s:  WINMOVE.CPP:4941 from=3 to=1 len=14 x12  WINMOVE.CPP:4941 from=1 to=2 len=33 x24
[agg] StaticTimeProc 49/s  impl=1 host=0 running=1 resync=0 served=0  -> AggregatorGetPackets 0/s
[dplay] Send 14 bytes pid 4 -> 1 (ok)
[agg] sent-to-agg/s dummy=0 init=0 other=13 (last other IDCode=207)  Count=227 FrameCount=228 synched=1 csync=1 res=0
[dplay] received 14 data bytes from pid 3
[dplay] received 33 data bytes from pid 1
[dplay] Send 14 bytes pid 4 -> 1 (ok)
[dplay] received 14 data bytes from pid 3
[dplay] received 33 data bytes from pid 1
[dplay] Send 14 bytes pid 4 -> 1 (ok)
[dplay] received 14 data bytes from pid 3
[dplay] received 33 data bytes from pid 1
[dplay] Send 14 bytes pid 4 -> 1 (ok)
[dplay] received 14 data bytes from pid 3
[dplay] received 33 data bytes from pid 1
[dplay] Send 14 bytes pid 4 -> 1 (ok)
[dplay] received 14 data bytes from pid 3
[dplay] received 33 data bytes from pid 1
[dplay] Send 14 bytes pid 4 -> 1 (ok)
[dplay] received 14 data bytes from pid 3
[dplay] received 33 data bytes from pid 1
[dplay] Send 14 bytes pid 4 -> 1 (ok)
[dplay] received 14 data bytes from pid 3
[dplay] received 33 data bytes from pid 1
[dplay] Send 14 bytes pid 4 -> 1 (ok)
[dplay] received 14 data bytes from pid 3
[dplay] received 33 data bytes from pid 1
[dplay] Send 14 bytes pid 4 -> 1 (ok)
[dplay] received 14 data bytes from pid 3
[dplay] received 33 data bytes from pid 1
[mfctimer] fire #45000 wnd=0x98c9456 id=2378
[dplay] Send 14 bytes pid 4 -> 1 (ok)
[dplay] received 14 data bytes from pid 3
[dplay] received 33 data bytes from pid 1
[dplay] Send 14 bytes pid 4 -> 1 (ok)
[moveloop] iter=5600 -> waiting on SEMAPHORE
[moveloop] iter=5600 -> got semaphore, waiting on MUTEX
[dplay] received 14 data bytes from pid 3
[dplay] received 33 data bytes from pid 1
[dplay] Send 14 bytes pid 4 -> 1 (ok)
[dplay] received 14 data bytes from pid 3
[dplay] received 33 data bytes from pid 1
[agg] StaticTimeProc 49/s  impl=1 host=0 running=1 resync=0 served=0  -> AggregatorGetPackets 0/s
[dplay] Send 14 bytes pid 4 -> 1 (ok)
[agg] sent-to-agg/s dummy=0 init=0 other=12 (last other IDCode=207)  Count=239 FrameCount=240 synched=1 csync=1 res=0
[dplay] received 14 data bytes from pid 3
[dplay] received 33 data bytes from pid 1
[agg] drained/s:  WINMOVE.CPP:4941 from=3 to=1 len=14 x13  WINMOVE.CPP:4941 from=1 to=2 len=33 x26
[dplay] Send 14 bytes pid 4 -> 1 (ok)
[dplay] received 14 data bytes from pid 3
[dplay] received 33 data bytes from pid 1
[dplay] Send 14 bytes pid 4 -> 1 (ok)
[dplay] received 14 data bytes from pid 3
[dplay] received 33 data bytes from pid 1
[dplay] Send 14 bytes pid 4 -> 1 (ok)
[dplay] received 14 data bytes from pid 3
[dplay] received 33 data bytes from pid 1
[dplay] Send 14 bytes pid 4 -> 1 (ok)
[dplay] received 14 data bytes from pid 3
[dplay] received 33 data bytes from pid 1
[dplay] Send 14 bytes pid 4 -> 1 (ok)
[dplay] received 14 data bytes from pid 3
[dplay] received 33 data bytes from pid 1
[dplay] Send 14 bytes pid 4 -> 1 (ok)
[dplay] received 14 data bytes from pid 3
[dplay] received 33 data bytes from pid 1
[dplay] Send 14 bytes pid 4 -> 1 (ok)
[dplay] received 14 data bytes from pid 3
[dplay] received 33 data bytes from pid 1
[dplay] Send 14 bytes pid 4 -> 1 (ok)
[dplay] received 14 data bytes from pid 3
[dplay] received 33 data bytes from pid 1
[dplay] Send 14 bytes pid 4 -> 1 (ok)
[dplay] received 14 data bytes from pid 3
[dplay] received 33 data bytes from pid 1
[dplay] Send 14 bytes pid 4 -> 1 (ok)
[dplay] received 14 data bytes from pid 3
[dplay] received 33 data bytes from pid 1
[moveloop] iter=5650 -> waiting on SEMAPHORE
[moveloop] iter=5650 -> got semaphore, waiting on MUTEX
[dplay] Send 14 bytes pid 4 -> 1 (ok)
[dplay] received 14 data bytes from pid 3
[dplay] received 33 data bytes from pid 1
[dplay] Send 14 bytes pid 4 -> 1 (ok)
[agg] StaticTimeProc 49/s  impl=1 host=0 running=1 resync=0 served=0  -> AggregatorGetPackets 0/s
[dplay] received 14 data bytes from pid 3
[dplay] received 33 data bytes from pid 1
[agg] drained/s:  WINMOVE.CPP:4941 from=3 to=1 len=14 x12  WINMOVE.CPP:4941 from=1 to=2 len=33 x24
[dplay] Send 14 bytes pid 4 -> 1 (ok)
[agg] sent-to-agg/s dummy=0 init=0 other=13 (last other IDCode=207)  Count=252 FrameCount=253 synched=1 csync=1 res=0
[dplay] received 14 data bytes from pid 3
[dplay] received 33 data bytes from pid 1
[dplay] Send 14 bytes pid 4 -> 1 (ok)
[dplay] received 14 data bytes from pid 3
[dplay] received 33 data bytes from pid 1
[dplay] Send 14 bytes pid 4 -> 1 (ok)
[dplay] received 14 data bytes from pid 3
[dplay] received 33 data bytes from pid 1
[mfctimer] fire #45500 wnd=0x98c9456 id=2378
[dplay] Send 14 bytes pid 4 -> 1 (ok)
[dplay] received 14 data bytes from pid 3
[dplay] received 33 data bytes from pid 1
[dplay] Send 14 bytes pid 4 -> 1 (ok)
[dplay] received 14 data bytes from pid 3
[dplay] received 33 data bytes from pid 1
[dplay] Send 14 bytes pid 4 -> 1 (ok)
[dplay] received 14 data bytes from pid 3
[dplay] received 33 data bytes from pid 1
[dplay] pump #1024000 (host=0) -- discovery is answered only from here
[dplay] Send 14 bytes pid 4 -> 1 (ok)
[dplay] received 14 data bytes from pid 3
[dplay] received 33 data bytes from pid 1
[dplay] Send 14 bytes pid 4 -> 1 (ok)
[dplay] received 14 data bytes from pid 3
[dplay] received 33 data bytes from pid 1
[dplay] Send 14 bytes pid 4 -> 1 (ok)
[dplay] received 14 data bytes from pid 3
[dplay] received 33 data bytes from pid 1
[dplay] Send 14 bytes pid 4 -> 1 (ok)
[dplay] received 14 data bytes from pid 3
[dplay] received 33 data bytes from pid 1
[dplay] Send 14 bytes pid 4 -> 1 (ok)
[moveloop] iter=5700 -> waiting on SEMAPHORE
[moveloop] iter=5700 -> got semaphore, waiting on MUTEX
[dplay] received 14 data bytes from pid 3
[dplay] received 33 data bytes from pid 1
[dplay] Send 14 bytes pid 4 -> 1 (ok)
[dplay] received 14 data bytes from pid 3
[dplay] received 33 data bytes from pid 1
[agg] StaticTimeProc 50/s  impl=1 host=0 running=1 resync=0 served=0  -> AggregatorGetPackets 0/s
[dplay] Send 14 bytes pid 4 -> 1 (ok)
[agg] sent-to-agg/s dummy=0 init=0 other=12 (last other IDCode=207)  Count=8 FrameCount=9 synched=1 csync=1 res=0
[dplay] received 14 data bytes from pid 3
[dplay] received 33 data bytes from pid 1
[agg] drained/s:  WINMOVE.CPP:4941 from=3 to=1 len=14 x13  WINMOVE.CPP:4941 from=1 to=2 len=33 x26
[dplay] Send 14 bytes pid 4 -> 1 (ok)
[dplay] received 14 data bytes from pid 3
[dplay] received 33 data bytes from pid 1
[dplay] Send 14 bytes pid 4 -> 1 (ok)
[dplay] received 14 data bytes from pid 3
[dplay] received 33 data bytes from pid 1
[dplay] Send 14 bytes pid 4 -> 1 (ok)
[dplay] received 14 data bytes from pid 3
[dplay] received 33 data bytes from pid 1
[dplay] Send 14 bytes pid 4 -> 1 (ok)
[dplay] received 14 data bytes from pid 3
[dplay] received 33 data bytes from pid 1
[dplay] Send 14 bytes pid 4 -> 1 (ok)
[dplay] received 14 data bytes from pid 3
[dplay] received 33 data bytes from pid 1
[dplay] Send 14 bytes pid 4 -> 1 (ok)
[dplay] received 14 data bytes from pid 3
[dplay] received 33 data bytes from pid 1
[dplay] Send 14 bytes pid 4 -> 1 (ok)
[dplay] received 14 data bytes from pid 3
[dplay] received 33 data bytes from pid 1
[dplay] Send 14 bytes pid 4 -> 1 (ok)
[dplay] received 14 data bytes from pid 3
[dplay] received 33 data bytes from pid 1
[dplay] Send 14 bytes pid 4 -> 1 (ok)
[dplay] received 14 data bytes from pid 3
[dplay] received 33 data bytes from pid 1
[dplay] Send 14 bytes pid 4 -> 1 (ok)
[dplay] received 14 data bytes from pid 3
[dplay] received 33 data bytes from pid 1
[mfctimer] fire #46000 wnd=0x98c9456 id=2378
[moveloop] iter=5750 -> waiting on SEMAPHORE
[moveloop] iter=5750 -> got semaphore, waiting on MUTEX
[movegate] cycle=5750 timeout=0 accelcountdown=1 accel=0
[movestep] cycle=5750 paused=0 num=1
[dplay] Send 14 bytes pid 4 -> 1 (ok)
[dplay] received 14 data bytes from pid 3
[dplay] received 33 data bytes from pid 1
[dplay] Send 14 bytes pid 4 -> 1 (ok)
[dplay] received 14 data bytes from pid 3
[dplay] received 33 data bytes from pid 1
[agg] drained/s:  WINMOVE.CPP:4941 from=3 to=1 len=14 x12  WINMOVE.CPP:4941 from=1 to=2 len=33 x24
[agg] StaticTimeProc 49/s  impl=1 host=0 running=1 resync=0 served=0  -> AggregatorGetPackets 0/s
[dplay] Send 14 bytes pid 4 -> 1 (ok)
[agg] sent-to-agg/s dummy=0 init=0 other=13 (last other IDCode=207)  Count=21 FrameCount=22 synched=1 csync=1 res=0
[dplay] received 14 data bytes from pid 3
[dplay] received 33 data bytes from pid 1
[dplay] Send 14 bytes pid 4 -> 1 (ok)
[dplay] received 14 data bytes from pid 3
[dplay] received 33 data bytes from pid 1
[dplay] Send 14 bytes pid 4 -> 1 (ok)
[dplay] received 14 data bytes from pid 3
[dplay] received 33 data bytes from pid 1
[dplay] Send 14 bytes pid 4 -> 1 (ok)
[dplay] received 14 data bytes from pid 3
[dplay] received 33 data bytes from pid 1
[dplay] Send 14 bytes pid 4 -> 1 (ok)
[dplay] received 14 data bytes from pid 3
[dplay] received 33 data bytes from pid 1
[dplay] Send 14 bytes pid 4 -> 1 (ok)
[timeproc] tick=13500 instances=1 currinst=0xab4b5a0
[dplay] received 14 data bytes from pid 3
[dplay] received 33 data bytes from pid 1
[dplay] Send 14 bytes pid 4 -> 1 (ok)
[dplay] received 14 data bytes from pid 3
[dplay] received 33 data bytes from pid 1
[dplay] Send 14 bytes pid 4 -> 1 (ok)
[dplay] received 14 data bytes from pid 3
[dplay] received 33 data bytes from pid 1
[dplay] Send 14 bytes pid 4 -> 1 (ok)
[dplay] received 14 data bytes from pid 3
[dplay] received 33 data bytes from pid 1
[dplay] Send 14 bytes pid 4 -> 1 (ok)
[dplay] received 14 data bytes from pid 3
[dplay] received 33 data bytes from pid 1
[dplay] Send 14 bytes pid 4 -> 1 (ok)
[moveloop] iter=5800 -> waiting on SEMAPHORE
[moveloop] iter=5800 -> got semaphore, waiting on MUTEX
[dplay] received 14 data bytes from pid 3
[dplay] received 33 data bytes from pid 1
[hatbtn] dwData=0xffffffff base=292 pressing=8 -> raw -1
[dplay] Send 14 bytes pid 4 -> 1 (ok)
[dplay] received 14 data bytes from pid 3
[dplay] received 33 data bytes from pid 1
[agg] StaticTimeProc 49/s  impl=1 host=0 running=1 resync=0 served=0  -> AggregatorGetPackets 0/s
[dplay] Send 14 bytes pid 4 -> 1 (ok)
[agg] sent-to-agg/s dummy=0 init=0 other=12 (last other IDCode=207)  Count=33 FrameCount=34 synched=1 csync=1 res=0
[dplay] received 14 data bytes from pid 3
[dplay] received 33 data bytes from pid 1
[agg] drained/s:  WINMOVE.CPP:4941 from=3 to=1 len=14 x13  WINMOVE.CPP:4941 from=1 to=2 len=33 x26
[dplay] Send 14 bytes pid 4 -> 1 (ok)
[dplay] received 14 data bytes from pid 3
[dplay] received 33 data bytes from pid 1
[dplay] Send 14 bytes pid 4 -> 1 (ok)
[dplay] received 14 data bytes from pid 3
[dplay] received 33 data bytes from pid 1
[dplay] Send 14 bytes pid 4 -> 1 (ok)
[dplay] received 14 data bytes from pid 3
[dplay] received 33 data bytes from pid 1
[dplay] Send 14 bytes pid 4 -> 1 (ok)
[dplay] received 14 data bytes from pid 3
[dplay] received 33 data bytes from pid 1
[mfctimer] fire #46500 wnd=0x98c9456 id=2378
[dplay] Send 14 bytes pid 4 -> 1 (ok)
[dplay] received 14 data bytes from pid 3
[dplay] received 33 data bytes from pid 1
[dplay] Send 14 bytes pid 4 -> 1 (ok)
[dplay] received 14 data bytes from pid 3
[dplay] received 33 data bytes from pid 1
[dplay] Send 14 bytes pid 4 -> 1 (ok)
[dplay] received 14 data bytes from pid 3
[dplay] received 33 data bytes from pid 1
[dplay] Send 14 bytes pid 4 -> 1 (ok)
[dplay] received 14 data bytes from pid 3
[dplay] received 33 data bytes from pid 1
[dplay] Send 14 bytes pid 4 -> 1 (ok)
[dplay] received 14 data bytes from pid 3
[dplay] received 33 data bytes from pid 1
[dplay] Send 14 bytes pid 4 -> 1 (ok)
[dplay] received 14 data bytes from pid 3
[dplay] received 33 data bytes from pid 1
[moveloop] iter=5850 -> waiting on SEMAPHORE
[moveloop] iter=5850 -> got semaphore, waiting on MUTEX
[dplay] Send 14 bytes pid 4 -> 1 (ok)
[dplay] received 14 data bytes from pid 3
[dplay] received 33 data bytes from pid 1
[dplay] Send 14 bytes pid 4 -> 1 (ok)
[dplay] received 14 data bytes from pid 3
[dplay] received 33 data bytes from pid 1
[agg] drained/s:  WINMOVE.CPP:4941 from=3 to=1 len=14 x12  WINMOVE.CPP:4941 from=1 to=2 len=33 x24
[agg] StaticTimeProc 50/s  impl=1 host=0 running=1 resync=0 served=0  -> AggregatorGetPackets 0/s
[dplay] Send 14 bytes pid 4 -> 1 (ok)
[agg] sent-to-agg/s dummy=0 init=0 other=13 (last other IDCode=207)  Count=46 FrameCount=47 synched=1 csync=1 res=0
[dplay] received 14 data bytes from pid 3
[dplay] received 33 data bytes from pid 1
[dplay] Send 14 bytes pid 4 -> 1 (ok)
[dplay] received 14 data bytes from pid 3
[dplay] received 33 data bytes from pid 1
[dplay] Send 14 bytes pid 4 -> 1 (ok)
[dplay] received 14 data bytes from pid 3
[dplay] received 33 data bytes from pid 1
[dplay] Send 14 bytes pid 4 -> 1 (ok)
[dplay] received 14 data bytes from pid 3
[dplay] received 33 data bytes from pid 1
[dplay] Send 14 bytes pid 4 -> 1 (ok)
[dplay] received 14 data bytes from pid 3
[dplay] received 33 data bytes from pid 1
[dplay] Send 14 bytes pid 4 -> 1 (ok)
[dplay] received 14 data bytes from pid 3
[dplay] received 33 data bytes from pid 1
[dplay] Send 14 bytes pid 4 -> 1 (ok)
[dplay] received 14 data bytes from pid 3
[dplay] received 33 data bytes from pid 1
[dplay] Send 14 bytes pid 4 -> 1 (ok)
[dplay] received 14 data bytes from pid 3
[dplay] received 33 data bytes from pid 1
[dplay] Send 14 bytes pid 4 -> 1 (ok)
[dplay] received 14 data bytes from pid 3
[dplay] received 33 data bytes from pid 1
[dplay] Send 14 bytes pid 4 -> 1 (ok)
[dplay] received 14 data bytes from pid 3
[dplay] received 33 data bytes from pid 1
[dplay] Send 14 bytes pid 4 -> 1 (ok)
[moveloop] iter=5900 -> waiting on SEMAPHORE
[moveloop] iter=5900 -> got semaphore, waiting on MUTEX
[dplay] received 14 data bytes from pid 3
[dplay] received 33 data bytes from pid 1
[dplay] Send 14 bytes pid 4 -> 1 (ok)
[mfctimer] fire #47000 wnd=0x98c9456 id=2378
[dplay] received 14 data bytes from pid 3
[dplay] received 33 data bytes from pid 1
[agg] StaticTimeProc 49/s  impl=1 host=0 running=1 resync=0 served=0  -> AggregatorGetPackets 0/s
[dplay] Send 14 bytes pid 4 -> 1 (ok)
[agg] sent-to-agg/s dummy=0 init=0 other=12 (last other IDCode=207)  Count=58 FrameCount=59 synched=1 csync=1 res=0
[dplay] received 14 data bytes from pid 3
[dplay] received 33 data bytes from pid 1
[agg] drained/s:  WINMOVE.CPP:4941 from=3 to=1 len=14 x13  WINMOVE.CPP:4941 from=1 to=2 len=33 x26
[dplay] Send 14 bytes pid 4 -> 1 (ok)
[dplay] received 14 data bytes from pid 3
[dplay] received 33 data bytes from pid 1
[dplay] Send 14 bytes pid 4 -> 1 (ok)
[dplay] received 14 data bytes from pid 3
[dplay] received 33 data bytes from pid 1
[dplay] Send 14 bytes pid 4 -> 1 (ok)
[dplay] received 14 data bytes from pid 3
[dplay] received 33 data bytes from pid 1
[dplay] Send 14 bytes pid 4 -> 1 (ok)
[dplay] received 14 data bytes from pid 3
[dplay] received 33 data bytes from pid 1
[dplay] Send 14 bytes pid 4 -> 1 (ok)
[dplay] received 14 data bytes from pid 3
[dplay] received 33 data bytes from pid 1
[dplay] Send 14 bytes pid 4 -> 1 (ok)
[dplay] received 14 data bytes from pid 3
[dplay] received 33 data bytes from pid 1
[dplay] Send 14 bytes pid 4 -> 1 (ok)
[dplay] received 14 data bytes from pid 3
[dplay] received 33 data bytes from pid 1
[dplay] Send 14 bytes pid 4 -> 1 (ok)
[dplay] received 14 data bytes from pid 3
[dplay] received 33 data bytes from pid 1
[dplay] Send 14 bytes pid 4 -> 1 (ok)
[dplay] received 14 data bytes from pid 3
[dplay] received 33 data bytes from pid 1
[dplay] Send 14 bytes pid 4 -> 1 (ok)
[dplay] received 14 data bytes from pid 3
[dplay] received 33 data bytes from pid 1
[moveloop] iter=5950 -> waiting on SEMAPHORE
[moveloop] iter=5950 -> got semaphore, waiting on MUTEX
[dplay] Send 14 bytes pid 4 -> 1 (ok)
[dplay] received 14 data bytes from pid 3
[dplay] received 33 data bytes from pid 1
[dplay] Send 14 bytes pid 4 -> 1 (ok)
[agg] StaticTimeProc 49/s  impl=1 host=0 running=1 resync=0 served=0  -> AggregatorGetPackets 0/s
[dplay] received 14 data bytes from pid 3
[dplay] received 33 data bytes from pid 1
[agg] drained/s:  WINMOVE.CPP:4941 from=3 to=1 len=14 x12  WINMOVE.CPP:4941 from=1 to=2 len=33 x24
[dplay] Send 14 bytes pid 4 -> 1 (ok)
[agg] sent-to-agg/s dummy=0 init=0 other=13 (last other IDCode=207)  Count=71 FrameCount=72 synched=1 csync=1 res=0
[dplay] received 14 data bytes from pid 3
[dplay] received 33 data bytes from pid 1
[dplay] Send 14 bytes pid 4 -> 1 (ok)
[dplay] received 14 data bytes from pid 3
[dplay] received 33 data bytes from pid 1
[dplay] pump #1024500 (host=0) -- discovery is answered only from here
[dplay] Send 14 bytes pid 4 -> 1 (ok)
[dplay] received 14 data bytes from pid 3
[dplay] received 33 data bytes from pid 1
[dplay] Send 14 bytes pid 4 -> 1 (ok)
[dplay] received 14 data bytes from pid 3
[dplay] received 33 data bytes from pid 1
[dplay] Send 14 bytes pid 4 -> 1 (ok)
[dplay] received 14 data bytes from pid 3
[dplay] received 33 data bytes from pid 1
[dplay] Send 14 bytes pid 4 -> 1 (ok)
[dplay] received 14 data bytes from pid 3
[dplay] received 33 data bytes from pid 1
[mfctimer] fire #47500 wnd=0x98c9456 id=2378
[dplay] Send 14 bytes pid 4 -> 1 (ok)
[dplay] received 14 data bytes from pid 3
[dplay] received 33 data bytes from pid 1
[dplay] Send 14 bytes pid 4 -> 1 (ok)
[dplay] received 14 data bytes from pid 3
[dplay] received 33 data bytes from pid 1
[dplay] Send 14 bytes pid 4 -> 1 (ok)
[dplay] received 14 data bytes from pid 3
[dplay] received 33 data bytes from pid 1
[dplay] Send 14 bytes pid 4 -> 1 (ok)
[dplay] received 14 data bytes from pid 3
[dplay] received 33 data bytes from pid 1
[dplay] Send 14 bytes pid 4 -> 1 (ok)
[moveloop] iter=6000 -> waiting on SEMAPHORE
[moveloop] iter=6000 -> got semaphore, waiting on MUTEX
[movegate] cycle=6000 timeout=0 accelcountdown=1 accel=0
[movestep] cycle=6000 paused=0 num=1
[dplay] received 14 data bytes from pid 3
[dplay] received 33 data bytes from pid 1
[dplay] Send 14 bytes pid 4 -> 1 (ok)
[dplay] received 14 data bytes from pid 3
[dplay] received 33 data bytes from pid 1
[agg] StaticTimeProc 50/s  impl=1 host=0 running=1 resync=0 served=0  -> AggregatorGetPackets 0/s
[dplay] Send 14 bytes pid 4 -> 1 (ok)
[agg] sent-to-agg/s dummy=0 init=0 other=12 (last other IDCode=207)  Count=83 FrameCount=84 synched=1 csync=1 res=0
[dplay] received 14 data bytes from pid 3
[dplay] received 33 data bytes from pid 1
[agg] drained/s:  WINMOVE.CPP:4941 from=3 to=1 len=14 x13  WINMOVE.CPP:4941 from=1 to=2 len=33 x26
[dplay] Send 14 bytes pid 4 -> 1 (ok)
[dplay] received 14 data bytes from pid 3
[dplay] received 33 data bytes from pid 1
[dplay] Send 14 bytes pid 4 -> 1 (ok)
[dplay] received 14 data bytes from pid 3
[dplay] received 33 data bytes from pid 1
[dplay] Send 14 bytes pid 4 -> 1 (ok)
[dplay] received 14 data bytes from pid 3
[dplay] received 33 data bytes from pid 1
[dplay] Send 14 bytes pid 4 -> 1 (ok)
[dplay] received 14 data bytes from pid 3
[dplay] received 33 data bytes from pid 1
[dplay] Send 14 bytes pid 4 -> 1 (ok)
[dplay] received 14 data bytes from pid 3
[dplay] received 33 data bytes from pid 1
[dplay] Send 14 bytes pid 4 -> 1 (ok)
[dplay] received 14 data bytes from pid 3
[dplay] received 33 data bytes from pid 1
[timeproc] tick=13750 instances=1 currinst=0xab4b5a0
[dplay] Send 14 bytes pid 4 -> 1 (ok)
[dplay] received 14 data bytes from pid 3
[dplay] received 33 data bytes from pid 1
[dplay] Send 14 bytes pid 4 -> 1 (ok)
[dplay] received 14 data bytes from pid 3
[dplay] received 33 data bytes from pid 1
[dplay] Send 14 bytes pid 4 -> 1 (ok)
[dplay] received 14 data bytes from pid 3
[dplay] received 33 data bytes from pid 1
[dplay] Send 14 bytes pid 4 -> 1 (ok)
[dplay] received 14 data bytes from pid 3
[dplay] received 33 data bytes from pid 1
[moveloop] iter=6050 -> waiting on SEMAPHORE
[moveloop] iter=6050 -> got semaphore, waiting on MUTEX
[dplay] Send 14 bytes pid 4 -> 1 (ok)
[dplay] received 14 data bytes from pid 3
[dplay] received 33 data bytes from pid 1
[dplay] Send 14 bytes pid 4 -> 1 (ok)
[dplay] received 14 data bytes from pid 3
[dplay] received 33 data bytes from pid 1
[agg] drained/s:  WINMOVE.CPP:4941 from=3 to=1 len=14 x12  WINMOVE.CPP:4941 from=1 to=2 len=33 x24
[agg] StaticTimeProc 49/s  impl=1 host=0 running=1 resync=0 served=0  -> AggregatorGetPackets 0/s
[dplay] Send 14 bytes pid 4 -> 1 (ok)
[agg] sent-to-agg/s dummy=0 init=0 other=13 (last other IDCode=207)  Count=96 FrameCount=97 synched=1 csync=1 res=0
[mfctimer] fire #48000 wnd=0x98c9456 id=2378
[dplay] received 14 data bytes from pid 3
[dplay] received 33 data bytes from pid 1
[dplay] Send 14 bytes pid 4 -> 1 (ok)
[dplay] received 14 data bytes from pid 3
[dplay] received 33 data bytes from pid 1
[dplay] Send 14 bytes pid 4 -> 1 (ok)
[dplay] received 14 data bytes from pid 3
[dplay] received 33 data bytes from pid 1
[dplay] Send 14 bytes pid 4 -> 1 (ok)
[dplay] received 14 data bytes from pid 3
[dplay] received 33 data bytes from pid 1
[dplay] Send 14 bytes pid 4 -> 1 (ok)
[dplay] received 14 data bytes from pid 3
[dplay] received 33 data bytes from pid 1
[dplay] Send 14 bytes pid 4 -> 1 (ok)
[dplay] received 14 data bytes from pid 3
[dplay] received 33 data bytes from pid 1
[dplay] Send 14 bytes pid 4 -> 1 (ok)
[dplay] received 14 data bytes from pid 3
[dplay] received 33 data bytes from pid 1
[accnt] aircraft in this world: now=8 MAX=8 visible=2 dead=6 (frame sample #10)
[dplay] Send 14 bytes pid 4 -> 1 (ok)
[dplay] received 14 data bytes from pid 3
[dplay] received 33 data bytes from pid 1
[dplay] Send 14 bytes pid 4 -> 1 (ok)
[dplay] received 14 data bytes from pid 3
[dplay] received 33 data bytes from pid 1
[dplay] Send 14 bytes pid 4 -> 1 (ok)
[dplay] received 14 data bytes from pid 3
[dplay] received 33 data bytes from pid 1
[dplay] Send 14 bytes pid 4 -> 1 (ok)
[moveloop] iter=6100 -> waiting on SEMAPHORE
[moveloop] iter=6100 -> got semaphore, waiting on MUTEX
[dplay] received 14 data bytes from pid 3
[dplay] received 33 data bytes from pid 1
[dplay] Send 14 bytes pid 4 -> 1 (ok)
[dplay] received 14 data bytes from pid 3
[dplay] received 33 data bytes from pid 1
[agg] StaticTimeProc 49/s  impl=1 host=0 running=1 resync=0 served=0  -> AggregatorGetPackets 0/s
[dplay] Send 14 bytes pid 4 -> 1 (ok)
[agg] sent-to-agg/s dummy=0 init=0 other=12 (last other IDCode=207)  Count=108 FrameCount=109 synched=1 csync=1 res=0
[dplay] received 14 data bytes from pid 3
[dplay] received 33 data bytes from pid 1
[agg] drained/s:  WINMOVE.CPP:4941 from=3 to=1 len=14 x13  WINMOVE.CPP:4941 from=1 to=2 len=33 x26
[dplay] Send 14 bytes pid 4 -> 1 (ok)
[dplay] received 14 data bytes from pid 3
[dplay] received 33 data bytes from pid 1
[dplay] Send 14 bytes pid 4 -> 1 (ok)
[dplay] received 14 data bytes from pid 3
[dplay] received 33 data bytes from pid 1
[dplay] Send 14 bytes pid 4 -> 1 (ok)
[dplay] received 14 data bytes from pid 3
[dplay] received 33 data bytes from pid 1
[self] uid=3585 visible=0 dead=1
[accnt] CHANGE at call 6039: aircraft=8 MAX=8 visible=1 dead=7
[dplay] Send 14 bytes pid 4 -> 1 (ok)
[dplay] received 14 data bytes from pid 3
[dplay] received 33 data bytes from pid 1
[dplay] Send 14 bytes pid 4 -> 1 (ok)
[dplay] received 14 data bytes from pid 3
[dplay] received 33 data bytes from pid 1
[dplay] Send 14 bytes pid 4 -> 1 (ok)
[dplay] received 14 data bytes from pid 3
[dplay] received 33 data bytes from pid 1
[dplay] Send 14 bytes pid 4 -> 1 (ok)
[dplay] received 14 data bytes from pid 3
[dplay] received 33 data bytes from pid 1
[mfctimer] fire #48500 wnd=0x98c9456 id=2378
[dplay] Send 14 bytes pid 4 -> 1 (ok)
[dplay] received 14 data bytes from pid 3
[dplay] received 33 data bytes from pid 1
[dplay] Send 14 bytes pid 4 -> 1 (ok)
[dplay] received 14 data bytes from pid 3
[dplay] received 33 data bytes from pid 1
[dplay] Send 14 bytes pid 4 -> 1 (ok)
[dplay] received 14 data bytes from pid 3
[dplay] received 33 data bytes from pid 1
[moveloop] iter=6150 -> waiting on SEMAPHORE
[moveloop] iter=6150 -> got semaphore, waiting on MUTEX
[dplay] Send 14 bytes pid 4 -> 1 (ok)
[dplay] received 14 data bytes from pid 3
[dplay] received 33 data bytes from pid 1
[self] uid=3585 visible=1 dead=1
[accnt] CHANGE at call 6069: aircraft=8 MAX=8 visible=2 dead=7
[dplay] Send 14 bytes pid 4 -> 1 (ok)
[agg] StaticTimeProc 49/s  impl=1 host=0 running=1 resync=0 served=0  -> AggregatorGetPackets 0/s
[dplay] received 14 data bytes from pid 3
[dplay] received 33 data bytes from pid 1
[agg] drained/s:  WINMOVE.CPP:4941 from=3 to=1 len=14 x12  WINMOVE.CPP:4941 from=1 to=2 len=33 x24
[dplay] Send 14 bytes pid 4 -> 1 (ok)
[agg] sent-to-agg/s dummy=0 init=0 other=13 (last other IDCode=207)  Count=121 FrameCount=122 synched=1 csync=1 res=0
[dplay] received 14 data bytes from pid 3
[dplay] received 33 data bytes from pid 1
[dplay] Send 14 bytes pid 4 -> 1 (ok)
[dplay] received 14 data bytes from pid 3
[dplay] received 33 data bytes from pid 1
[dplay] Send 14 bytes pid 4 -> 1 (ok)
[dplay] received 14 data bytes from pid 3
[dplay] received 33 data bytes from pid 1
[dplay] Send 14 bytes pid 4 -> 1 (ok)
[dplay] received 14 data bytes from pid 3
[dplay] received 33 data bytes from pid 1
[dplay] Send 14 bytes pid 4 -> 1 (ok)
[dplay] received 14 data bytes from pid 3
[dplay] received 33 data bytes from pid 1
[dplay] Send 14 bytes pid 4 -> 1 (ok)
[dplay] received 14 data bytes from pid 3
[dplay] received 33 data bytes from pid 1
[dplay] Send 14 bytes pid 4 -> 1 (ok)
[dplay] received 14 data bytes from pid 3
[dplay] received 33 data bytes from pid 1
[dplay] Send 14 bytes pid 4 -> 1 (ok)
[dplay] received 14 data bytes from pid 3
[dplay] received 33 data bytes from pid 1
[dplay] Send 14 bytes pid 4 -> 1 (ok)
[dplay] received 14 data bytes from pid 3
[dplay] received 33 data bytes from pid 1
[dplay] Send 14 bytes pid 4 -> 1 (ok)
[dplay] received 14 data bytes from pid 3
[dplay] received 33 data bytes from pid 1
[dplay] Send 14 bytes pid 4 -> 1 (ok)
[moveloop] iter=6200 -> waiting on SEMAPHORE
[moveloop] iter=6200 -> got semaphore, waiting on MUTEX
[dplay] received 14 data bytes from pid 3
[dplay] received 33 data bytes from pid 1
[dplay] Send 14 bytes pid 4 -> 1 (ok)
[dplay] received 14 data bytes from pid 3
[dplay] received 33 data bytes from pid 1
[agg] StaticTimeProc 50/s  impl=1 host=0 running=1 resync=0 served=0  -> AggregatorGetPackets 0/s
[dplay] Send 14 bytes pid 4 -> 1 (ok)
[agg] sent-to-agg/s dummy=0 init=0 other=12 (last other IDCode=207)  Count=133 FrameCount=134 synched=1 csync=1 res=0
[dplay] received 14 data bytes from pid 3
[dplay] received 33 data bytes from pid 1
[agg] drained/s:  WINMOVE.CPP:4941 from=3 to=1 len=14 x13  WINMOVE.CPP:4941 from=1 to=2 len=33 x26
[dplay] Send 14 bytes pid 4 -> 1 (ok)
[dplay] received 14 data bytes from pid 3
[dplay] received 33 data bytes from pid 1
[mfctimer] fire #49000 wnd=0x98c9456 id=2378
[dplay] Send 14 bytes pid 4 -> 1 (ok)
[dplay] received 14 data bytes from pid 3
[dplay] received 33 data bytes from pid 1
[dplay] Send 14 bytes pid 4 -> 1 (ok)
[dplay] received 14 data bytes from pid 3
[dplay] received 33 data bytes from pid 1
[dplay] Send 14 bytes pid 4 -> 1 (ok)
[dplay] received 14 data bytes from pid 3
[dplay] received 33 data bytes from pid 1
[dplay] Send 14 bytes pid 4 -> 1 (ok)
[dplay] received 14 data bytes from pid 3
[dplay] received 33 data bytes from pid 1
[dplay] Send 14 bytes pid 4 -> 1 (ok)
[dplay] received 14 data bytes from pid 3
[dplay] received 33 data bytes from pid 1
[dplay] Send 14 bytes pid 4 -> 1 (ok)
[dplay] received 14 data bytes from pid 3
[dplay] received 33 data bytes from pid 1
[dplay] Send 14 bytes pid 4 -> 1 (ok)
[dplay] received 14 data bytes from pid 3
[dplay] received 33 data bytes from pid 1
[dplay] Send 14 bytes pid 4 -> 1 (ok)
[dplay] received 14 data bytes from pid 3
[dplay] received 33 data bytes from pid 1
[dplay] Send 14 bytes pid 4 -> 1 (ok)
[dplay] received 14 data bytes from pid 3
[dplay] received 33 data bytes from pid 1
[moveloop] iter=6250 -> waiting on SEMAPHORE
[moveloop] iter=6250 -> got semaphore, waiting on MUTEX
[movegate] cycle=6250 timeout=0 accelcountdown=1 accel=0
[movestep] cycle=6250 paused=0 num=1
[dplay] Send 14 bytes pid 4 -> 1 (ok)
[dplay] received 14 data bytes from pid 3
[dplay] received 33 data bytes from pid 1
[dplay] pump #1025000 (host=0) -- discovery is answered only from here
[dplay] Send 14 bytes pid 4 -> 1 (ok)
[dplay] received 14 data bytes from pid 3
[dplay] received 33 data bytes from pid 1
[agg] drained/s:  WINMOVE.CPP:4941 from=3 to=1 len=14 x12  WINMOVE.CPP:4941 from=1 to=2 len=33 x24
[agg] StaticTimeProc 49/s  impl=1 host=0 running=1 resync=0 served=0  -> AggregatorGetPackets 0/s
[dplay] Send 14 bytes pid 4 -> 1 (ok)
[agg] sent-to-agg/s dummy=0 init=0 other=13 (last other IDCode=207)  Count=146 FrameCount=147 synched=1 csync=1 res=0
[dplay] received 14 data bytes from pid 3
[dplay] received 33 data bytes from pid 1
[peer] uid=3584 found=1 visible=0 dead=0 range=1395m
[accnt] CHANGE at call 6177: aircraft=8 MAX=8 visible=1 dead=7
[dplay] Send 14 bytes pid 4 -> 1 (ok)
[dplay] received 14 data bytes from pid 3
[dplay] received 33 data bytes from pid 1
[peer] uid=3584 found=1 visible=1 dead=0 range=1395m
[accnt] CHANGE at call 6181: aircraft=8 MAX=8 visible=2 dead=7
[dplay] Send 14 bytes pid 4 -> 1 (ok)
[dplay] received 14 data bytes from pid 3
[dplay] received 33 data bytes from pid 1
[dplay] Send 14 bytes pid 4 -> 1 (ok)
[dplay] received 14 data bytes from pid 3
[dplay] received 33 data bytes from pid 1
[dplay] Send 14 bytes pid 4 -> 1 (ok)
[dplay] received 14 data bytes from pid 3
[dplay] received 33 data bytes from pid 1
[dplay] Send 14 bytes pid 4 -> 1 (ok)
[dplay] received 14 data bytes from pid 3
[dplay] received 33 data bytes from pid 1
[dplay] Send 14 bytes pid 4 -> 1 (ok)
[dplay] received 14 data bytes from pid 3
[dplay] received 33 data bytes from pid 1
[timeproc] tick=14000 instances=1 currinst=0xab4b5a0
[dplay] Send 14 bytes pid 4 -> 1 (ok)
[dplay] received 14 data bytes from pid 3
[dplay] received 33 data bytes from pid 1
[dplay] Send 14 bytes pid 4 -> 1 (ok)
[dplay] received 14 data bytes from pid 3
[dplay] received 33 data bytes from pid 1
[mfctimer] fire #49500 wnd=0x98c9456 id=2378
[dplay] Send 14 bytes pid 4 -> 1 (ok)
[dplay] received 14 data bytes from pid 3
[dplay] received 33 data bytes from pid 1
[dplay] Send 14 bytes pid 4 -> 1 (ok)
[moveloop] iter=6300 -> waiting on SEMAPHORE
[moveloop] iter=6300 -> got semaphore, waiting on MUTEX
[dplay] received 14 data bytes from pid 3
[dplay] received 33 data bytes from pid 1
[dplay] Send 14 bytes pid 4 -> 1 (ok)
[dplay] received 14 data bytes from pid 3
[dplay] received 33 data bytes from pid 1
[agg] StaticTimeProc 49/s  impl=1 host=0 running=1 resync=0 served=0  -> AggregatorGetPackets 0/s
[dplay] Send 14 bytes pid 4 -> 1 (ok)
[agg] sent-to-agg/s dummy=0 init=0 other=12 (last other IDCode=207)  Count=158 FrameCount=159 synched=1 csync=1 res=0
[dplay] received 14 data bytes from pid 3
[dplay] received 33 data bytes from pid 1
[agg] drained/s:  WINMOVE.CPP:4941 from=3 to=1 len=14 x13  WINMOVE.CPP:4941 from=1 to=2 len=33 x26
[dplay] Send 14 bytes pid 4 -> 1 (ok)
[dplay] received 14 data bytes from pid 3
[dplay] received 33 data bytes from pid 1
[dplay] Send 14 bytes pid 4 -> 1 (ok)
[dplay] received 14 data bytes from pid 3
[dplay] received 33 data bytes from pid 1
[dplay] Send 14 bytes pid 4 -> 1 (ok)
[dplay] received 14 data bytes from pid 3
[dplay] received 33 data bytes from pid 1
[dplay] Send 14 bytes pid 4 -> 1 (ok)
[dplay] received 14 data bytes from pid 3
[dplay] received 33 data bytes from pid 1
[dplay] Send 14 bytes pid 4 -> 1 (ok)
[dplay] received 14 data bytes from pid 3
[dplay] received 33 data bytes from pid 1
[dplay] Send 14 bytes pid 4 -> 1 (ok)
[dplay] received 14 data bytes from pid 3
[dplay] received 33 data bytes from pid 1
[dplay] Send 14 bytes pid 4 -> 1 (ok)
[dplay] received 14 data bytes from pid 3
[dplay] received 33 data bytes from pid 1
[dplay] Send 14 bytes pid 4 -> 1 (ok)
[dplay] received 14 data bytes from pid 3
[dplay] received 33 data bytes from pid 1
[dplay] Send 14 bytes pid 4 -> 1 (ok)
[dplay] received 14 data bytes from pid 3
[dplay] received 33 data bytes from pid 1
[dplay] Send 14 bytes pid 4 -> 1 (ok)
[dplay] received 14 data bytes from pid 3
[dplay] received 33 data bytes from pid 1
[moveloop] iter=6350 -> waiting on SEMAPHORE
[moveloop] iter=6350 -> got semaphore, waiting on MUTEX
[dplay] Send 14 bytes pid 4 -> 1 (ok)
[dplay] received 14 data bytes from pid 3
[dplay] received 33 data bytes from pid 1
[dplay] Send 14 bytes pid 4 -> 1 (ok)
[dplay] received 14 data bytes from pid 3
[dplay] received 33 data bytes from pid 1
[agg] drained/s:  WINMOVE.CPP:4941 from=3 to=1 len=14 x12  WINMOVE.CPP:4941 from=1 to=2 len=33 x24
[agg] StaticTimeProc 50/s  impl=1 host=0 running=1 resync=0 served=0  -> AggregatorGetPackets 0/s
[dplay] Send 14 bytes pid 4 -> 1 (ok)
[agg] sent-to-agg/s dummy=0 init=0 other=13 (last other IDCode=207)  Count=171 FrameCount=172 synched=1 csync=1 res=0
[dplay] received 14 data bytes from pid 3
[dplay] received 33 data bytes from pid 1
[dplay] Send 14 bytes pid 4 -> 1 (ok)
[dplay] received 14 data bytes from pid 3
[dplay] received 33 data bytes from pid 1
[dplay] Send 14 bytes pid 4 -> 1 (ok)
[dplay] received 14 data bytes from pid 3
[dplay] received 33 data bytes from pid 1
[mfctimer] fire #50000 wnd=0x98c9456 id=2378
[dplay] Send 14 bytes pid 4 -> 1 (ok)
[dplay] received 14 data bytes from pid 3
[dplay] received 33 data bytes from pid 1
[dplay] Send 14 bytes pid 4 -> 1 (ok)
[dplay] received 14 data bytes from pid 3
[dplay] received 33 data bytes from pid 1
[self] uid=3585 visible=1 dead=0
[accnt] CHANGE at call 6292: aircraft=8 MAX=8 visible=2 dead=6
[dplay] Send 14 bytes pid 4 -> 1 (ok)
[dplay] received 14 data bytes from pid 3
[dplay] received 33 data bytes from pid 1
[dplay] Send 14 bytes pid 4 -> 1 (ok)
[dplay] received 14 data bytes from pid 3
[dplay] received 33 data bytes from pid 1
[dplay] Send 14 bytes pid 4 -> 1 (ok)
[dplay] received 14 data bytes from pid 3
[dplay] received 33 data bytes from pid 1
[dplay] Send 14 bytes pid 4 -> 1 (ok)
[dplay] received 14 data bytes from pid 3
[dplay] received 33 data bytes from pid 1
[dplay] Send 14 bytes pid 4 -> 1 (ok)
[dplay] received 14 data bytes from pid 3
[dplay] received 33 data bytes from pid 1
[dplay] Send 14 bytes pid 4 -> 1 (ok)
[moveloop] iter=6400 -> waiting on SEMAPHORE
[moveloop] iter=6400 -> got semaphore, waiting on MUTEX
[dplay] received 14 data bytes from pid 3
[dplay] received 33 data bytes from pid 1
[dplay] Send 14 bytes pid 4 -> 1 (ok)
[dplay] received 14 data bytes from pid 3
[dplay] received 33 data bytes from pid 1
[agg] StaticTimeProc 49/s  impl=1 host=0 running=1 resync=0 served=0  -> AggregatorGetPackets 0/s
[dplay] Send 14 bytes pid 4 -> 1 (ok)
[agg] sent-to-agg/s dummy=0 init=0 other=12 (last other IDCode=201)  Count=183 FrameCount=184 synched=1 csync=1 res=0
[dplay] received 14 data bytes from pid 3
[agg] drained/s:  WINMOVE.CPP:4941 from=3 to=1 len=14 x13  WINMOVE.CPP:4941 from=1 to=2 len=33 x26
[dplay] received 33 data bytes from pid 1
[dplay] Send 14 bytes pid 4 -> 1 (ok)
[dplay] received 14 data bytes from pid 3
[dplay] received 33 data bytes from pid 1
[dplay] Send 14 bytes pid 4 -> 1 (ok)
[dplay] received 14 data bytes from pid 3
[dplay] received 33 data bytes from pid 1
[dplay] Send 14 bytes pid 4 -> 1 (ok)
[dplay] received 14 data bytes from pid 3
[dplay] received 33 data bytes from pid 1
[dplay] Send 14 bytes pid 4 -> 1 (ok)
[dplay] received 14 data bytes from pid 3
[dplay] received 33 data bytes from pid 1
[dplay] Send 14 bytes pid 4 -> 1 (ok)
[dplay] received 14 data bytes from pid 3
[dplay] received 33 data bytes from pid 1
[dplay] Send 14 bytes pid 4 -> 1 (ok)
[dplay] received 14 data bytes from pid 3
[dplay] received 33 data bytes from pid 1
[dplay] Send 14 bytes pid 4 -> 1 (ok)
[dplay] received 14 data bytes from pid 3
[dplay] received 33 data bytes from pid 1
[dplay] Send 14 bytes pid 4 -> 1 (ok)
[dplay] received 14 data bytes from pid 3
[dplay] received 33 data bytes from pid 1
[dplay] Send 14 bytes pid 4 -> 1 (ok)
[dplay] received 14 data bytes from pid 3
[dplay] received 33 data bytes from pid 1
[dplay] Send 14 bytes pid 4 -> 1 (ok)
[dplay] received 14 data bytes from pid 3
[dplay] received 33 data bytes from pid 1
[mfctimer] fire #50500 wnd=0x98c9456 id=2378
[moveloop] iter=6450 -> waiting on SEMAPHORE
[moveloop] iter=6450 -> got semaphore, waiting on MUTEX
[dplay] Send 14 bytes pid 4 -> 1 (ok)
[dplay] received 14 data bytes from pid 3
[dplay] received 33 data bytes from pid 1
[dplay] Send 14 bytes pid 4 -> 1 (ok)
[dplay] received 14 data bytes from pid 3
[dplay] received 33 data bytes from pid 1
[agg] drained/s:  WINMOVE.CPP:4941 from=3 to=1 len=14 x12  WINMOVE.CPP:4941 from=1 to=2 len=33 x24
[agg] StaticTimeProc 49/s  impl=1 host=0 running=1 resync=0 served=0  -> AggregatorGetPackets 0/s
[dplay] Send 14 bytes pid 4 -> 1 (ok)
[agg] sent-to-agg/s dummy=0 init=0 other=13 (last other IDCode=201)  Count=196 FrameCount=197 synched=1 csync=1 res=0
[dplay] received 14 data bytes from pid 3
[dplay] received 33 data bytes from pid 1
[dplay] Send 14 bytes pid 4 -> 1 (ok)
[dplay] received 14 data bytes from pid 3
[dplay] received 33 data bytes from pid 1
[dplay] received 14 data bytes from pid 3
[dplay] Send 14 bytes pid 4 -> 1 (ok)
[dplay] received 33 data bytes from pid 1
[dplay] Send 14 bytes pid 4 -> 1 (ok)
[dplay] received 14 data bytes from pid 3
[dplay] received 33 data bytes from pid 1
[dplay] Send 14 bytes pid 4 -> 1 (ok)
[dplay] received 14 data bytes from pid 3
[dplay] received 33 data bytes from pid 1
[dplay] Send 14 bytes pid 4 -> 1 (ok)
[dplay] received 14 data bytes from pid 3
[dplay] received 33 data bytes from pid 1
[dplay] Send 14 bytes pid 4 -> 1 (ok)
[dplay] received 14 data bytes from pid 3
[dplay] received 33 data bytes from pid 1
[dplay] Send 14 bytes pid 4 -> 1 (ok)
[dplay] received 14 data bytes from pid 3
[dplay] received 33 data bytes from pid 1
[dplay] Send 14 bytes pid 4 -> 1 (ok)
[dplay] received 14 data bytes from pid 3
[dplay] received 33 data bytes from pid 1
[dplay] Send 14 bytes pid 4 -> 1 (ok)
[dplay] received 14 data bytes from pid 3
[dplay] received 33 data bytes from pid 1
[dplay] Send 14 bytes pid 4 -> 1 (ok)
[moveloop] iter=6500 -> waiting on SEMAPHORE
[moveloop] iter=6500 -> got semaphore, waiting on MUTEX
[movegate] cycle=6500 timeout=0 accelcountdown=1 accel=0
[movestep] cycle=6500 paused=0 num=1
[dplay] received 14 data bytes from pid 3
[dplay] received 33 data bytes from pid 1
[dplay] Send 14 bytes pid 4 -> 1 (ok)
[dplay] received 14 data bytes from pid 3
[dplay] received 33 data bytes from pid 1
[agg] StaticTimeProc 49/s  impl=1 host=0 running=1 resync=0 served=0  -> AggregatorGetPackets 0/s
[dplay] Send 14 bytes pid 4 -> 1 (ok)
[agg] sent-to-agg/s dummy=0 init=0 other=12 (last other IDCode=201)  Count=208 FrameCount=209 synched=1 csync=1 res=0
[dplay] received 14 data bytes from pid 3
[dplay] received 33 data bytes from pid 1
[agg] drained/s:  WINMOVE.CPP:4941 from=3 to=1 len=14 x13  WINMOVE.CPP:4941 from=1 to=2 len=33 x26
[dplay] Send 14 bytes pid 4 -> 1 (ok)
[dplay] received 14 data bytes from pid 3
[dplay] received 33 data bytes from pid 1
[dplay] Send 14 bytes pid 4 -> 1 (ok)
[dplay] received 14 data bytes from pid 3
[dplay] received 33 data bytes from pid 1
[dplay] Send 14 bytes pid 4 -> 1 (ok)
[dplay] received 14 data bytes from pid 3
[dplay] received 33 data bytes from pid 1
[dplay] Send 14 bytes pid 4 -> 1 (ok)
[dplay] received 14 data bytes from pid 3
[dplay] received 33 data bytes from pid 1
[mfctimer] fire #51000 wnd=0x98c9456 id=2378
[dplay] Send 14 bytes pid 4 -> 1 (ok)
[dplay] received 14 data bytes from pid 3
[dplay] received 33 data bytes from pid 1
[dplay] Send 14 bytes pid 4 -> 1 (ok)
[dplay] received 14 data bytes from pid 3
[dplay] received 33 data bytes from pid 1
[dplay] Send 14 bytes pid 4 -> 1 (ok)
[dplay] received 14 data bytes from pid 3
[dplay] received 33 data bytes from pid 1
[dplay] pump #1025500 (host=0) -- discovery is answered only from here
[dplay] Send 14 bytes pid 4 -> 1 (ok)
[dplay] received 14 data bytes from pid 3
[dplay] received 33 data bytes from pid 1
[timeproc] tick=14250 instances=1 currinst=0xab4b5a0
[dplay] Send 14 bytes pid 4 -> 1 (ok)
[dplay] received 14 data bytes from pid 3
[dplay] received 33 data bytes from pid 1
[dplay] Send 14 bytes pid 4 -> 1 (ok)
[dplay] received 14 data bytes from pid 3
[dplay] received 33 data bytes from pid 1
[moveloop] iter=6550 -> waiting on SEMAPHORE
[moveloop] iter=6550 -> got semaphore, waiting on MUTEX
[dplay] Send 14 bytes pid 4 -> 1 (ok)
[dplay] received 14 data bytes from pid 3
[dplay] received 33 data bytes from pid 1
[dplay] Send 14 bytes pid 4 -> 1 (ok)
[dplay] received 14 data bytes from pid 3
[dplay] received 33 data bytes from pid 1
[agg] drained/s:  WINMOVE.CPP:4941 from=3 to=1 len=14 x12  WINMOVE.CPP:4941 from=1 to=2 len=33 x24
[agg] StaticTimeProc 50/s  impl=1 host=0 running=1 resync=0 served=0  -> AggregatorGetPackets 0/s
[dplay] Send 14 bytes pid 4 -> 1 (ok)
[agg] sent-to-agg/s dummy=0 init=0 other=13 (last other IDCode=201)  Count=221 FrameCount=222 synched=1 csync=1 res=0
[dplay] received 14 data bytes from pid 3
[dplay] received 33 data bytes from pid 1
[dplay] Send 14 bytes pid 4 -> 1 (ok)
[dplay] received 14 data bytes from pid 3
[dplay] received 33 data bytes from pid 1
[dplay] Send 14 bytes pid 4 -> 1 (ok)
[dplay] received 14 data bytes from pid 3
[dplay] received 33 data bytes from pid 1
[dplay] Send 14 bytes pid 4 -> 1 (ok)
[dplay] received 14 data bytes from pid 3
[dplay] received 33 data bytes from pid 1
[dplay] Send 14 bytes pid 4 -> 1 (ok)
[dplay] received 14 data bytes from pid 3
[dplay] received 33 data bytes from pid 1
[dplay] Send 14 bytes pid 4 -> 1 (ok)
[dplay] received 14 data bytes from pid 3
[dplay] received 33 data bytes from pid 1
[dplay] Send 14 bytes pid 4 -> 1 (ok)
[dplay] received 14 data bytes from pid 3
[dplay] received 33 data bytes from pid 1
[dplay] Send 14 bytes pid 4 -> 1 (ok)
[dplay] received 14 data bytes from pid 3
[dplay] received 33 data bytes from pid 1
[dplay] Send 14 bytes pid 4 -> 1 (ok)
[dplay] received 14 data bytes from pid 3
[dplay] received 33 data bytes from pid 1
[dplay] Send 14 bytes pid 4 -> 1 (ok)
[dplay] received 14 data bytes from pid 3
[dplay] received 33 data bytes from pid 1
[dplay] Send 14 bytes pid 4 -> 1 (ok)
[moveloop] iter=6600 -> waiting on SEMAPHORE
[moveloop] iter=6600 -> got semaphore, waiting on MUTEX
[dplay] received 14 data bytes from pid 3
[dplay] received 33 data bytes from pid 1
[dplay] Send 14 bytes pid 4 -> 1 (ok)
[mfctimer] fire #51500 wnd=0x98c9456 id=2378
[dplay] received 14 data bytes from pid 3
[dplay] received 33 data bytes from pid 1
[agg] StaticTimeProc 49/s  impl=1 host=0 running=1 resync=0 served=0  -> AggregatorGetPackets 0/s
[dplay] Send 14 bytes pid 4 -> 1 (ok)
[agg] sent-to-agg/s dummy=0 init=0 other=12 (last other IDCode=201)  Count=233 FrameCount=234 synched=1 csync=1 res=0
[dplay] received 14 data bytes from pid 3
[dplay] received 33 data bytes from pid 1
[agg] drained/s:  WINMOVE.CPP:4941 from=3 to=1 len=14 x13  WINMOVE.CPP:4941 from=1 to=2 len=33 x26
[dplay] Send 14 bytes pid 4 -> 1 (ok)
[dplay] received 14 data bytes from pid 3
[dplay] received 33 data bytes from pid 1
[dplay] Send 14 bytes pid 4 -> 1 (ok)
[dplay] received 14 data bytes from pid 3
[dplay] received 33 data bytes from pid 1
[dplay] Send 14 bytes pid 4 -> 1 (ok)
[dplay] received 14 data bytes from pid 3
[dplay] received 33 data bytes from pid 1
[dplay] Send 14 bytes pid 4 -> 1 (ok)
[dplay] received 14 data bytes from pid 3
[dplay] received 33 data bytes from pid 1
[dplay] Send 14 bytes pid 4 -> 1 (ok)
[dplay] received 14 data bytes from pid 3
[dplay] received 33 data bytes from pid 1
[dplay] Send 14 bytes pid 4 -> 1 (ok)
[dplay] received 14 data bytes from pid 3
[dplay] received 33 data bytes from pid 1
[dplay] Send 14 bytes pid 4 -> 1 (ok)
[dplay] received 14 data bytes from pid 3
[dplay] received 33 data bytes from pid 1
[dplay] Send 14 bytes pid 4 -> 1 (ok)
[dplay] received 14 data bytes from pid 3
[dplay] received 33 data bytes from pid 1
[dplay] Send 14 bytes pid 4 -> 1 (ok)
[dplay] received 14 data bytes from pid 3
[dplay] received 33 data bytes from pid 1
[dplay] Send 14 bytes pid 4 -> 1 (ok)
[dplay] received 14 data bytes from pid 3
[dplay] received 33 data bytes from pid 1
[moveloop] iter=6650 -> waiting on SEMAPHORE
[moveloop] iter=6650 -> got semaphore, waiting on MUTEX
[dplay] Send 14 bytes pid 4 -> 1 (ok)
[dplay] received 14 data bytes from pid 3
[dplay] received 33 data bytes from pid 1
[dplay] Send 14 bytes pid 4 -> 1 (ok)
[dplay] received 14 data bytes from pid 3
[dplay] received 33 data bytes from pid 1
[agg] drained/s:  WINMOVE.CPP:4941 from=3 to=1 len=14 x12  WINMOVE.CPP:4941 from=1 to=2 len=33 x24
[agg] StaticTimeProc 49/s  impl=1 host=0 running=1 resync=0 served=0  -> AggregatorGetPackets 0/s
[hatbtn] dwData=0xffffffff base=292 pressing=8 -> raw -1
[dplay] Send 14 bytes pid 4 -> 1 (ok)
[agg] sent-to-agg/s dummy=0 init=0 other=13 (last other IDCode=201)  Count=246 FrameCount=247 synched=1 csync=1 res=0
[dplay] received 14 data bytes from pid 3
[dplay] received 33 data bytes from pid 1
[dplay] Send 14 bytes pid 4 -> 1 (ok)
[dplay] received 14 data bytes from pid 3
[dplay] received 33 data bytes from pid 1
[dplay] Send 14 bytes pid 4 -> 1 (ok)
[dplay] received 14 data bytes from pid 3
[dplay] received 33 data bytes from pid 1
[dplay] Send 14 bytes pid 4 -> 1 (ok)
[dplay] received 14 data bytes from pid 3
[dplay] received 33 data bytes from pid 1
[dplay] Send 14 bytes pid 4 -> 1 (ok)
[dplay] received 14 data bytes from pid 3
[dplay] received 33 data bytes from pid 1
[dplay] Send 14 bytes pid 4 -> 1 (ok)
[dplay] received 14 data bytes from pid 3
[dplay] received 33 data bytes from pid 1
[mfctimer] fire #52000 wnd=0x98c9456 id=2378
[dplay] Send 14 bytes pid 4 -> 1 (ok)
[dplay] received 14 data bytes from pid 3
[dplay] received 33 data bytes from pid 1
[accnt] aircraft in this world: now=8 MAX=8 visible=2 dead=6 (frame sample #11)
[dplay] Send 14 bytes pid 4 -> 1 (ok)
[dplay] received 14 data bytes from pid 3
[dplay] received 33 data bytes from pid 1
[dplay] Send 14 bytes pid 4 -> 1 (ok)
[dplay] received 14 data bytes from pid 3
[dplay] received 33 data bytes from pid 1
[dplay] Send 14 bytes pid 4 -> 1 (ok)
[dplay] received 14 data bytes from pid 3
[dplay] received 33 data bytes from pid 1
[dplay] Send 14 bytes pid 4 -> 1 (ok)
[moveloop] iter=6700 -> waiting on SEMAPHORE
[moveloop] iter=6700 -> got semaphore, waiting on MUTEX
[dplay] received 14 data bytes from pid 3
[dplay] received 33 data bytes from pid 1
[dplay] Send 14 bytes pid 4 -> 1 (ok)
[dplay] received 14 data bytes from pid 3
[dplay] received 33 data bytes from pid 1
[agg] StaticTimeProc 50/s  impl=1 host=0 running=1 resync=0 served=0  -> AggregatorGetPackets 0/s
[dplay] Send 14 bytes pid 4 -> 1 (ok)
[agg] sent-to-agg/s dummy=0 init=0 other=12 (last other IDCode=201)  Count=2 FrameCount=3 synched=1 csync=1 res=0
[dplay] received 14 data bytes from pid 3
[dplay] received 33 data bytes from pid 1
[agg] drained/s:  WINMOVE.CPP:4941 from=3 to=1 len=14 x13  WINMOVE.CPP:4941 from=1 to=2 len=33 x26
[dplay] Send 14 bytes pid 4 -> 1 (ok)
[dplay] received 14 data bytes from pid 3
[dplay] received 33 data bytes from pid 1
[dplay] Send 14 bytes pid 4 -> 1 (ok)
[dplay] received 14 data bytes from pid 3
[dplay] received 33 data bytes from pid 1
[dplay] Send 14 bytes pid 4 -> 1 (ok)
[dplay] received 14 data bytes from pid 3
[dplay] received 33 data bytes from pid 1
[dplay] Send 14 bytes pid 4 -> 1 (ok)
[dplay] received 14 data bytes from pid 3
[dplay] received 33 data bytes from pid 1
[dplay] Send 14 bytes pid 4 -> 1 (ok)
[dplay] received 14 data bytes from pid 3
[dplay] received 33 data bytes from pid 1
[dplay] Send 14 bytes pid 4 -> 1 (ok)
[dplay] received 14 data bytes from pid 3
[dplay] received 33 data bytes from pid 1
[dplay] Send 14 bytes pid 4 -> 1 (ok)
[dplay] received 14 data bytes from pid 3
[dplay] received 33 data bytes from pid 1
[dplay] Send 14 bytes pid 4 -> 1 (ok)
[dplay] received 14 data bytes from pid 3
[dplay] received 33 data bytes from pid 1
[dplay] Send 14 bytes pid 4 -> 1 (ok)
[dplay] received 14 data bytes from pid 3
[dplay] received 33 data bytes from pid 1
[dplay] Send 14 bytes pid 4 -> 1 (ok)
[dplay] received 14 data bytes from pid 3
[dplay] received 33 data bytes from pid 1
[moveloop] iter=6750 -> waiting on SEMAPHORE
[moveloop] iter=6750 -> got semaphore, waiting on MUTEX
[movegate] cycle=6750 timeout=0 accelcountdown=1 accel=0
[movestep] cycle=6750 paused=0 num=1
[dplay] Send 14 bytes pid 4 -> 1 (ok)
[dplay] received 14 data bytes from pid 3
[dplay] received 33 data bytes from pid 1
[dplay] Send 14 bytes pid 4 -> 1 (ok)
[dplay] received 14 data bytes from pid 3
[dplay] received 33 data bytes from pid 1
[agg] drained/s:  WINMOVE.CPP:4941 from=3 to=1 len=14 x12  WINMOVE.CPP:4941 from=1 to=2 len=33 x24
[agg] StaticTimeProc 49/s  impl=1 host=0 running=1 resync=0 served=0  -> AggregatorGetPackets 0/s
[dplay] Send 14 bytes pid 4 -> 1 (ok)
[agg] sent-to-agg/s dummy=0 init=0 other=13 (last other IDCode=201)  Count=15 FrameCount=16 synched=1 csync=1 res=0
[mfctimer] fire #52500 wnd=0x98c9456 id=2378
[dplay] received 14 data bytes from pid 3
[dplay] received 33 data bytes from pid 1
[dplay] Send 14 bytes pid 4 -> 1 (ok)
[dplay] received 14 data bytes from pid 3
[dplay] received 33 data bytes from pid 1
[dplay] Send 14 bytes pid 4 -> 1 (ok)
[dplay] received 14 data bytes from pid 3
[dplay] received 33 data bytes from pid 1
[dplay] Send 14 bytes pid 4 -> 1 (ok)
[dplay] received 14 data bytes from pid 3
[dplay] received 33 data bytes from pid 1
[dplay] Send 14 bytes pid 4 -> 1 (ok)
[dplay] received 14 data bytes from pid 3
[dplay] received 33 data bytes from pid 1
[dplay] Send 14 bytes pid 4 -> 1 (ok)
[dplay] received 14 data bytes from pid 3
[dplay] received 33 data bytes from pid 1
[dplay] Send 14 bytes pid 4 -> 1 (ok)
[dplay] received 14 data bytes from pid 3
[dplay] received 33 data bytes from pid 1
[dplay] Send 14 bytes pid 4 -> 1 (ok)
[dplay] received 14 data bytes from pid 3
[dplay] received 33 data bytes from pid 1
[dplay] Send 14 bytes pid 4 -> 1 (ok)
[dplay] received 14 data bytes from pid 3
[dplay] received 33 data bytes from pid 1
[timeproc] tick=14500 instances=1 currinst=0xab4b5a0
[dplay] Send 14 bytes pid 4 -> 1 (ok)
[dplay] received 14 data bytes from pid 3
[dplay] received 33 data bytes from pid 1
[dplay] Send 14 bytes pid 4 -> 1 (ok)
[moveloop] iter=6800 -> waiting on SEMAPHORE
[moveloop] iter=6800 -> got semaphore, waiting on MUTEX
[dplay] received 14 data bytes from pid 3
[dplay] received 33 data bytes from pid 1
[dplay] Send 14 bytes pid 4 -> 1 (ok)
[dplay] received 14 data bytes from pid 3
[dplay] received 33 data bytes from pid 1
[agg] StaticTimeProc 49/s  impl=1 host=0 running=1 resync=0 served=0  -> AggregatorGetPackets 0/s
[dplay] Send 14 bytes pid 4 -> 1 (ok)
[agg] sent-to-agg/s dummy=0 init=0 other=12 (last other IDCode=207)  Count=27 FrameCount=28 synched=1 csync=1 res=0
[dplay] received 14 data bytes from pid 3
[dplay] received 33 data bytes from pid 1
[agg] drained/s:  WINMOVE.CPP:4941 from=3 to=1 len=14 x13  WINMOVE.CPP:4941 from=1 to=2 len=33 x26
[dplay] Send 14 bytes pid 4 -> 1 (ok)
[dplay] received 14 data bytes from pid 3
[dplay] received 33 data bytes from pid 1
[dplay] Send 14 bytes pid 4 -> 1 (ok)
[dplay] received 14 data bytes from pid 3
[dplay] received 33 data bytes from pid 1
[dplay] Send 14 bytes pid 4 -> 1 (ok)
[dplay] received 14 data bytes from pid 3
[dplay] received 33 data bytes from pid 1
[dplay] Send 14 bytes pid 4 -> 1 (ok)
[dplay] received 14 data bytes from pid 3
[dplay] received 33 data bytes from pid 1
[dplay] pump #1026000 (host=0) -- discovery is answered only from here
[dplay] Send 14 bytes pid 4 -> 1 (ok)
[dplay] received 14 data bytes from pid 3
[dplay] received 33 data bytes from pid 1
[dplay] Send 14 bytes pid 4 -> 1 (ok)
[dplay] received 14 data bytes from pid 3
[dplay] received 33 data bytes from pid 1
[dplay] Send 14 bytes pid 4 -> 1 (ok)
[dplay] received 14 data bytes from pid 3
[dplay] received 33 data bytes from pid 1
[mfctimer] fire #53000 wnd=0x98c9456 id=2378
[dplay] Send 14 bytes pid 4 -> 1 (ok)
[dplay] received 14 data bytes from pid 3
[dplay] received 33 data bytes from pid 1
[dplay] Send 14 bytes pid 4 -> 1 (ok)
[dplay] received 14 data bytes from pid 3
[dplay] received 33 data bytes from pid 1
[dplay] Send 14 bytes pid 4 -> 1 (ok)
[dplay] received 14 data bytes from pid 3
[dplay] received 33 data bytes from pid 1
[moveloop] iter=6850 -> waiting on SEMAPHORE
[moveloop] iter=6850 -> got semaphore, waiting on MUTEX
[dplay] Send 14 bytes pid 4 -> 1 (ok)
[dplay] received 14 data bytes from pid 3
[dplay] received 33 data bytes from pid 1
[dplay] Send 14 bytes pid 4 -> 1 (ok)
[dplay] received 14 data bytes from pid 3
[dplay] received 33 data bytes from pid 1
[agg] drained/s:  WINMOVE.CPP:4941 from=3 to=1 len=14 x12  WINMOVE.CPP:4941 from=1 to=2 len=33 x24
[agg] StaticTimeProc 50/s  impl=1 host=0 running=1 resync=0 served=0  -> AggregatorGetPackets 0/s
[dplay] Send 14 bytes pid 4 -> 1 (ok)
[agg] sent-to-agg/s dummy=0 init=0 other=13 (last other IDCode=207)  Count=40 FrameCount=41 synched=1 csync=1 res=0
[dplay] received 14 data bytes from pid 3
[dplay] received 33 data bytes from pid 1
[dplay] Send 14 bytes pid 4 -> 1 (ok)
[dplay] received 14 data bytes from pid 3
[dplay] received 33 data bytes from pid 1
[dplay] Send 14 bytes pid 4 -> 1 (ok)
[dplay] received 14 data bytes from pid 3
[dplay] received 33 data bytes from pid 1
[dplay] Send 14 bytes pid 4 -> 1 (ok)
[dplay] received 14 data bytes from pid 3
[dplay] received 33 data bytes from pid 1
[dplay] Send 14 bytes pid 4 -> 1 (ok)
[dplay] received 14 data bytes from pid 3
[dplay] received 33 data bytes from pid 1
[dplay] Send 14 bytes pid 4 -> 1 (ok)
[dplay] received 14 data bytes from pid 3
[dplay] received 33 data bytes from pid 1
[dplay] Send 14 bytes pid 4 -> 1 (ok)
[dplay] received 14 data bytes from pid 3
[dplay] received 33 data bytes from pid 1
[dplay] Send 14 bytes pid 4 -> 1 (ok)
[dplay] received 14 data bytes from pid 3
[dplay] received 33 data bytes from pid 1
[dplay] Send 14 bytes pid 4 -> 1 (ok)
[dplay] received 14 data bytes from pid 3
[dplay] received 33 data bytes from pid 1
[dplay] Send 14 bytes pid 4 -> 1 (ok)
[dplay] received 14 data bytes from pid 3
[dplay] received 33 data bytes from pid 1
[dplay] Send 14 bytes pid 4 -> 1 (ok)
[moveloop] iter=6900 -> waiting on SEMAPHORE
[moveloop] iter=6900 -> got semaphore, waiting on MUTEX
[dplay] received 14 data bytes from pid 3
[dplay] received 33 data bytes from pid 1
[dplay] Send 14 bytes pid 4 -> 1 (ok)
[vid] window closed -> exit
