[timer] set id=1 delay=20ms periodic=1 cb=0x83aef08 live=1/32
Mig Alley - Linux native port (Rowan engine)
  wmig ELF links (15 game unities + MFC UI + standalones + runtime).
  derived BOB_DRIVE_C=/home/admin/sgl/TUE/MigAlley/WP/drive_c (from cwd)
  cwd -> /home/admin/sgl/TUE/MigAlley/WP/drive_c/rowan/mig
  main module: Mig.exe resources loaded
  Driving CMIGApp::InitInstance()...
[mfctimer] set wnd=0x930e456 id=2378 every 0 ms  (now 1 timers)
fluidsynth: warning: SDL3 not initialized, SDL3 audio driver won't be usable. Have you called SDL_Init(SDL_INIT_AUDIO) ?

(process:354290): GLib-GObject-CRITICAL **: 17:03:51.996: g_param_spec_enum: assertion 'g_enum_get_value (enum_class, default_value) != NULL' failed

(process:354290): GLib-GObject-CRITICAL **: 17:03:51.997: validate_pspec_to_install: assertion 'G_IS_PARAM_SPEC (pspec)' failed

(process:354290): GLib-GObject-CRITICAL **: 17:03:51.997: g_param_spec_ref_sink: assertion 'G_IS_PARAM_SPEC (pspec)' failed

(process:354290): GLib-GObject-CRITICAL **: 17:03:51.997: g_param_spec_unref: assertion 'G_IS_PARAM_SPEC (pspec)' failed
[agg] StaticTimeProc 1/s  impl=0 host=0 running=0 resync=0 served=0  -> AggregatorGetPackets 0/s
[timeproc] tick=0 instances=0 currinst=(nil)
[agg] StaticTimeProc 1/s  impl=0 host=0 running=0 resync=0 served=0  -> AggregatorGetPackets 0/s
fluidsynth: Using PulseAudio driver
[mus] FluidSynth music ready (sf2 id=1)
[ALSOFT] (EE) Failed to create PipeWire event context (errno: 2)
fluidsynth: warning: Failed to set thread to high priority
[al] OpenAL ready: OpenAL Soft / OpenAL Soft
[vid] 2 display(s); centring 640x480 on display 0 (USABLE 1853x1048 at 67,32) -> window at (673,316)
[agg] StaticTimeProc 49/s  impl=0 host=0 running=0 resync=0 served=0  -> AggregatorGetPackets 0/s
[vid] swap interval -> 1 (vsync)
[vid] SDL2 window 640x480 + GL context: NVIDIA GeForce GTX 1660 SUPER/PCIe/SSE2 | 4.6.0 NVIDIA 595.84
[3d] IDirectDraw2::EnumDisplayModes called cb=0x817caae
[hw] display init: fSoftware=0 dddriver=-1
[maximize] OnGoBig -> frame and view moved to 1200x1080
[gdifont] loaded /home/admin/sgl/TUE/MigAlley/WP/drive_c/windows/Fonts/Intel.ttf (symbol cmap) (winAsc=1004 winDesc=217)
[gdifont] loaded /usr/share/fonts/truetype/liberation/LiberationSans-Regular.ttf (winAsc=1854 winDesc=434)
  InitInstance() returned 1
  Entering CMIGApp::Run()...
[typeseq] counts are MILLISECONDS (BOB_CLICKSEQ_MS)
[mfctimer] fire #0 wnd=0x930e456 id=2378
[lbrefit] id=2063 rect w=105 -> painted w=247 (h=234)
[menu] ---- 4 clickable control(s) ----
[menu] #4@10CSystemBox  rect(0,0 24x24)  centre(12,12)  type=3  ""
[menu] #7@10CSystemBox  rect(0,24 24x24)  centre(12,36)  type=3  ""
[menu] #10@10CSystemBox  rect(24,0 48x48)  centre(48,24)  type=3  ""
[menu] #2063@14RFullPanelDial  rect(675,260 105x100)  centre(727,310)  type=1  ""
[menu]      row 0: [0] "Preferences"
[menu]      row 1: [0] "Single Player"
[menu]      row 2: [0] "Multi-Player"
[menu]      row 3: [0] "Load Game"
[menu]      row 4: [0] "Replay"
[menu]      row 5: [0] "Credits"
[menu]      row 6: [0] "Quit"
[clickseq] counts are MILLISECONDS (BOB_CLICKSEQ_MS)
[agg] StaticTimeProc 49/s  impl=0 host=0 running=0 resync=0 served=0  -> AggregatorGetPackets 0/s
[agg] StaticTimeProc 49/s  impl=0 host=0 running=0 resync=0 served=0  -> AggregatorGetPackets 0/s
[agg] StaticTimeProc 50/s  impl=0 host=0 running=0 resync=0 served=0  -> AggregatorGetPackets 0/s
[agg] StaticTimeProc 49/s  impl=0 host=0 running=0 resync=0 served=0  -> AggregatorGetPackets 0/s
[timeproc] tick=250 instances=0 currinst=(nil)
[agg] StaticTimeProc 48/s  impl=0 host=0 running=0 resync=0 served=0  -> AggregatorGetPackets 0/s
[agg] StaticTimeProc 49/s  impl=0 host=0 running=0 resync=0 served=0  -> AggregatorGetPackets 0/s
[agg] StaticTimeProc 49/s  impl=0 host=0 running=0 resync=0 served=0  -> AggregatorGetPackets 0/s
[agg] StaticTimeProc 50/s  impl=0 host=0 running=0 resync=0 served=0  -> AggregatorGetPackets 0/s
[agg] StaticTimeProc 48/s  impl=0 host=0 running=0 resync=0 served=0  -> AggregatorGetPackets 0/s
[timeproc] tick=500 instances=0 currinst=(nil)
[agg] StaticTimeProc 49/s  impl=0 host=0 running=0 resync=0 served=0  -> AggregatorGetPackets 0/s
[agg] StaticTimeProc 49/s  impl=0 host=0 running=0 resync=0 served=0  -> AggregatorGetPackets 0/s
[agg] StaticTimeProc 49/s  impl=0 host=0 running=0 resync=0 served=0  -> AggregatorGetPackets 0/s
[agg] StaticTimeProc 49/s  impl=0 host=0 running=0 resync=0 served=0  -> AggregatorGetPackets 0/s
[agg] StaticTimeProc 49/s  impl=0 host=0 running=0 resync=0 served=0  -> AggregatorGetPackets 0/s
[timeproc] tick=750 instances=0 currinst=(nil)
[agg] StaticTimeProc 50/s  impl=0 host=0 running=0 resync=0 served=0  -> AggregatorGetPackets 0/s
[agg] StaticTimeProc 49/s  impl=0 host=0 running=0 resync=0 served=0  -> AggregatorGetPackets 0/s
[agg] StaticTimeProc 48/s  impl=0 host=0 running=0 resync=0 served=0  -> AggregatorGetPackets 0/s
[agg] StaticTimeProc 49/s  impl=0 host=0 running=0 resync=0 served=0  -> AggregatorGetPackets 0/s
[agg] StaticTimeProc 49/s  impl=0 host=0 running=0 resync=0 served=0  -> AggregatorGetPackets 0/s
[mfctimer] fire #500 wnd=0x930e456 id=2378
[timeproc] tick=1000 instances=0 currinst=(nil)
[agg] StaticTimeProc 48/s  impl=0 host=0 running=0 resync=0 served=0  -> AggregatorGetPackets 0/s
[clickrow] row=2 -> (815,498)  [listbox (675,260) 105x100 origin=(763,416), 7 rows, listH=234 rowH=33]
[dplay] CoCreateInstance(CLSID_DirectPlay) -> 0xa5844d0
[dplay] EnumConnections -> 1 provider
[panelclear] transition #1: panel 0xa113470 art 27905 -> 0xa113470 art 27914
[lbrefit] id=2325 rect w=586 -> painted w=586 (h=230)
[menu] ---- 6 clickable control(s) ----
[menu] #4@10CSystemBox  rect(0,0 24x24)  centre(12,12)  type=3  ""
[menu] #7@10CSystemBox  rect(0,24 24x24)  centre(12,36)  type=3  ""
[menu] #10@10CSystemBox  rect(24,0 48x48)  centre(48,24)  type=3  ""
[menu] #2063@14RFullPanelDial  rect(25,720 591x36)  centre(320,738)  type=1  ""
[menu]      row 0: [0] "Back"  [1] "Create Game   "  [2] "Join Game    "
[menu] #2325@14CSelectService  rect(0,32 586x230)  centre(293,147)  type=1  ""
[menu]      row 0: [0] "Internet TCP/IP Connection For DirectPlay"
[menu] #2023@14CSelectService  rect(25,450 585x26)  centre(317,463)  type=2  "Select a Service"
[agg] StaticTimeProc 49/s  impl=0 host=0 running=0 resync=0 served=0  -> AggregatorGetPackets 0/s
[agg] StaticTimeProc 49/s  impl=0 host=0 running=0 resync=0 served=0  -> AggregatorGetPackets 0/s
[agg] StaticTimeProc 49/s  impl=0 host=0 running=0 resync=0 served=0  -> AggregatorGetPackets 0/s
[agg] StaticTimeProc 49/s  impl=0 host=0 running=0 resync=0 served=0  -> AggregatorGetPackets 0/s
[timeproc] tick=1250 instances=0 currinst=(nil)
[agg] StaticTimeProc 49/s  impl=0 host=0 running=0 resync=0 served=0  -> AggregatorGetPackets 0/s
[agg] StaticTimeProc 48/s  impl=0 host=0 running=0 resync=0 served=0  -> AggregatorGetPackets 0/s
[agg] StaticTimeProc 49/s  impl=0 host=0 running=0 resync=0 served=0  -> AggregatorGetPackets 0/s
[agg] StaticTimeProc 48/s  impl=0 host=0 running=0 resync=0 served=0  -> AggregatorGetPackets 0/s
[agg] StaticTimeProc 49/s  impl=0 host=0 running=0 resync=0 served=0  -> AggregatorGetPackets 0/s
[timeproc] tick=1500 instances=0 currinst=(nil)
[agg] StaticTimeProc 50/s  impl=0 host=0 running=0 resync=0 served=0  -> AggregatorGetPackets 0/s
[agg] StaticTimeProc 49/s  impl=0 host=0 running=0 resync=0 served=0  -> AggregatorGetPackets 0/s
[agg] StaticTimeProc 49/s  impl=0 host=0 running=0 resync=0 served=0  -> AggregatorGetPackets 0/s
[agg] StaticTimeProc 49/s  impl=0 host=0 running=0 resync=0 served=0  -> AggregatorGetPackets 0/s
[agg] StaticTimeProc 49/s  impl=0 host=0 running=0 resync=0 served=0  -> AggregatorGetPackets 0/s
[timeproc] tick=1750 instances=0 currinst=(nil)
[agg] StaticTimeProc 49/s  impl=0 host=0 running=0 resync=0 served=0  -> AggregatorGetPackets 0/s
[agg] StaticTimeProc 49/s  impl=0 host=0 running=0 resync=0 served=0  -> AggregatorGetPackets 0/s
[agg] StaticTimeProc 48/s  impl=0 host=0 running=0 resync=0 served=0  -> AggregatorGetPackets 0/s
[agg] StaticTimeProc 48/s  impl=0 host=0 running=0 resync=0 served=0  -> AggregatorGetPackets 0/s
[mfctimer] fire #1000 wnd=0x930e456 id=2378
[agg] StaticTimeProc 48/s  impl=0 host=0 running=0 resync=0 served=0  -> AggregatorGetPackets 0/s
[timeproc] tick=2000 instances=0 currinst=(nil)
[agg] StaticTimeProc 49/s  impl=0 host=0 running=0 resync=0 served=0  -> AggregatorGetPackets 0/s
[agg] StaticTimeProc 49/s  impl=0 host=0 running=0 resync=0 served=0  -> AggregatorGetPackets 0/s
[agg] StaticTimeProc 49/s  impl=0 host=0 running=0 resync=0 served=0  -> AggregatorGetPackets 0/s
[agg] StaticTimeProc 48/s  impl=0 host=0 running=0 resync=0 served=0  -> AggregatorGetPackets 0/s
[agg] StaticTimeProc 49/s  impl=0 host=0 running=0 resync=0 served=0  -> AggregatorGetPackets 0/s
[agg] StaticTimeProc 49/s  impl=0 host=0 running=0 resync=0 served=0  -> AggregatorGetPackets 0/s
[timeproc] tick=2250 instances=0 currinst=(nil)
[agg] StaticTimeProc 49/s  impl=0 host=0 running=0 resync=0 served=0  -> AggregatorGetPackets 0/s
[agg] StaticTimeProc 49/s  impl=0 host=0 running=0 resync=0 served=0  -> AggregatorGetPackets 0/s
[agg] StaticTimeProc 49/s  impl=0 host=0 running=0 resync=0 served=0  -> AggregatorGetPackets 0/s
[agg] StaticTimeProc 49/s  impl=0 host=0 running=0 resync=0 served=0  -> AggregatorGetPackets 0/s
[agg] StaticTimeProc 49/s  impl=0 host=0 running=0 resync=0 served=0  -> AggregatorGetPackets 0/s
[timeproc] tick=2500 instances=0 currinst=(nil)
[agg] StaticTimeProc 48/s  impl=0 host=0 running=0 resync=0 served=0  -> AggregatorGetPackets 0/s
[agg] StaticTimeProc 49/s  impl=0 host=0 running=0 resync=0 served=0  -> AggregatorGetPackets 0/s
[agg] StaticTimeProc 49/s  impl=0 host=0 running=0 resync=0 served=0  -> AggregatorGetPackets 0/s
[agg] StaticTimeProc 49/s  impl=0 host=0 running=0 resync=0 served=0  -> AggregatorGetPackets 0/s
[agg] StaticTimeProc 49/s  impl=0 host=0 running=0 resync=0 served=0  -> AggregatorGetPackets 0/s
[clickid] id=2063 col=-868 -> (546,892)  [type=1 rect(113,876 591x36) rel=0 drawOx=88]
[dplay] InitializeConnection (TCP/IP provider selected)
[dplay] EnumSessions: probing 127.0.0.1:47624
[dplay] EnumSessions: found "MiG Alley"
[timeproc] tick=2750 instances=0 currinst=(nil)
[dplay] EnumSessions -> 1 session(s)
[mfctimer] set wnd=0xa103bb0 id=2365 every 0 ms  (now 2 timers)
[dplay] EnumSessions: probing 127.0.0.1:47624
[dplay] EnumSessions: found "MiG Alley"
[dplay] EnumSessions -> 1 session(s)
[agg] StaticTimeProc 49/s  impl=0 host=0 running=0 resync=0 served=0  -> AggregatorGetPackets 0/s
[lbrefit] id=2326 rect w=570 -> painted w=570 (h=230)
[menu] ---- 6 clickable control(s) ----
[menu] #4@10CSystemBox  rect(0,0 24x24)  centre(12,12)  type=3  ""
[menu] #7@10CSystemBox  rect(0,24 24x24)  centre(12,36)  type=3  ""
[menu] #10@10CSystemBox  rect(24,0 48x48)  centre(48,24)  type=3  ""
[menu] #2326@14CSelectSession  rect(0,32 570x230)  centre(285,147)  type=1  ""
[menu]      row 0: [0] "MiG Alley"
[menu] #2023@14CSelectSession  rect(25,450 603x26)  centre(326,463)  type=2  "Select a Session"
[menu] #2063@14RFullPanelDial  rect(25,720 218x36)  centre(134,738)  type=1  ""
[menu]      row 0: [0] "Back"  [1] "Select"
[dplay] EnumSessions: probing 127.0.0.1:47624
[dplay] EnumSessions: found "MiG Alley"
[dplay] EnumSessions -> 1 session(s)
[dplay] EnumSessions: probing 127.0.0.1:47624
[dplay] EnumSessions: found "MiG Alley"
[dplay] EnumSessions -> 1 session(s)
[dplay] EnumSessions: probing 127.0.0.1:47624
[dplay] EnumSessions: found "MiG Alley"
[agg] StaticTimeProc 49/s  impl=0 host=0 running=0 resync=0 served=0  -> AggregatorGetPackets 0/s
[dplay] EnumSessions -> 1 session(s)
[dplay] EnumSessions: probing 127.0.0.1:47624
[dplay] EnumSessions: found "MiG Alley"
[dplay] EnumSessions -> 1 session(s)
[dplay] EnumSessions: probing 127.0.0.1:47624
[dplay] EnumSessions: found "MiG Alley"
[agg] StaticTimeProc 49/s  impl=0 host=0 running=0 resync=0 served=0  -> AggregatorGetPackets 0/s
[dplay] EnumSessions -> 1 session(s)
[dplay] EnumSessions: probing 127.0.0.1:47624
[dplay] EnumSessions: found "MiG Alley"
[dplay] EnumSessions -> 1 session(s)
[dplay] EnumSessions: probing 127.0.0.1:47624
[dplay] EnumSessions: found "MiG Alley"
[agg] StaticTimeProc 50/s  impl=0 host=0 running=0 resync=0 served=0  -> AggregatorGetPackets 0/s
[dplay] EnumSessions -> 1 session(s)
[dplay] EnumSessions: probing 127.0.0.1:47624
[dplay] EnumSessions: found "MiG Alley"
[dplay] EnumSessions -> 1 session(s)
[dplay] EnumSessions: probing 127.0.0.1:47624
[dplay] EnumSessions: found "MiG Alley"
[dplay] EnumSessions -> 1 session(s)
[dplay] EnumSessions: probing 127.0.0.1:47624
[agg] StaticTimeProc 49/s  impl=0 host=0 running=0 resync=0 served=0  -> AggregatorGetPackets 0/s
[dplay] EnumSessions: found "MiG Alley"
[timeproc] tick=3000 instances=0 currinst=(nil)
[dplay] EnumSessions -> 1 session(s)
[dplay] EnumSessions: probing 127.0.0.1:47624
[dplay] EnumSessions: found "MiG Alley"
[dplay] EnumSessions -> 1 session(s)
[dplay] EnumSessions: probing 127.0.0.1:47624
[dplay] EnumSessions: found "MiG Alley"
[agg] StaticTimeProc 49/s  impl=0 host=0 running=0 resync=0 served=0  -> AggregatorGetPackets 0/s
[dplay] EnumSessions -> 1 session(s)
[dplay] EnumSessions: probing 127.0.0.1:47624
[dplay] EnumSessions: found "MiG Alley"
[dplay] EnumSessions -> 1 session(s)
[dplay] EnumSessions: probing 127.0.0.1:47624
[dplay] EnumSessions: found "MiG Alley"
[agg] StaticTimeProc 50/s  impl=0 host=0 running=0 resync=0 served=0  -> AggregatorGetPackets 0/s
[dplay] EnumSessions -> 1 session(s)
[dplay] EnumSessions: probing 127.0.0.1:47624
[dplay] EnumSessions: found "MiG Alley"
[dplay] EnumSessions -> 1 session(s)
[clickid] id=2326 col=-100 -> (398,646)  [type=1 rect(113,638 570x230) rel=0 drawOx=113]
[click] listbox id=2326 rect=(113,638,570,230) drawH=230 hitH=230 drawW=570 hit=(113..683) vs (398,646) HIT
[click] file-listbox id=2326 hit local=(285,8) -> row=0 col=0
[dplay] EnumSessions: probing 127.0.0.1:47624
[dplay] EnumSessions: found "MiG Alley"
[dplay] EnumSessions -> 1 session(s)
[agg] StaticTimeProc 49/s  impl=0 host=0 running=0 resync=0 served=0  -> AggregatorGetPackets 0/s
[dplay] EnumSessions: probing 127.0.0.1:47624
[dplay] EnumSessions: found "MiG Alley"
[dplay] EnumSessions -> 1 session(s)
[dplay] EnumSessions: probing 127.0.0.1:47624
[dplay] EnumSessions: found "MiG Alley"
[dplay] EnumSessions -> 1 session(s)
[dplay] EnumSessions: probing 127.0.0.1:47624
[dplay] EnumSessions: found "MiG Alley"
[agg] StaticTimeProc 49/s  impl=0 host=0 running=0 resync=0 served=0  -> AggregatorGetPackets 0/s
[dplay] EnumSessions -> 1 session(s)
[dplay] EnumSessions: probing 127.0.0.1:47624
[dplay] EnumSessions: found "MiG Alley"
[dplay] EnumSessions -> 1 session(s)
[dplay] EnumSessions: probing 127.0.0.1:47624
[dplay] EnumSessions: found "MiG Alley"
[agg] StaticTimeProc 50/s  impl=0 host=0 running=0 resync=0 served=0  -> AggregatorGetPackets 0/s
[dplay] EnumSessions -> 1 session(s)
[mfctimer] fire #1500 wnd=0x930e456 id=2378
[dplay] EnumSessions: probing 127.0.0.1:47624
[dplay] EnumSessions: found "MiG Alley"
[timeproc] tick=3250 instances=0 currinst=(nil)
[dplay] EnumSessions -> 1 session(s)
[dplay] EnumSessions: probing 127.0.0.1:47624
[dplay] EnumSessions: found "MiG Alley"
[agg] StaticTimeProc 49/s  impl=0 host=0 running=0 resync=0 served=0  -> AggregatorGetPackets 0/s
[dplay] EnumSessions -> 1 session(s)
[dplay] EnumSessions: probing 127.0.0.1:47624
[dplay] EnumSessions: found "MiG Alley"
[dplay] EnumSessions -> 1 session(s)
[clickid] id=2063 col=-612 -> (256,892)  [type=1 rect(113,876 218x36) rel=0 drawOx=88]
[dplay] UINewPlayer: PlayerName="temp name" (len 9)  SessionName="MiG Alley"  ServedGame=0  type=3
[dplay] EnumSessions: probing 127.0.0.1:47624
[dplay] EnumSessions: found "MiG Alley"
[dplay] EnumSessions -> 1 session(s)
[dplay] Open(JOIN) -> host 127.0.0.1:47624
[dplay] pump #0 (host=0) -- discovery is answered only from here
[dplay] host assigned us pid 4
[dplay] CreatePlayer "(unnamed)" -> pid 4
[dplay] Send 75 bytes pid 4 -> 0 (ok)
[dplay] pump #500 (host=0) -- discovery is answered only from here
[dplay] pump #1000 (host=0) -- discovery is answered only from here
[dplay] received 75 data bytes from pid 3
[agg] drained/s:  WINMOVE.CPP:7785 from=3 to=0 len=75 x1
[dplay] Send 12 bytes pid 4 -> 0 (ok)
[dplay] pump #1500 (host=0) -- discovery is answered only from here
[dplay] pump #2000 (host=0) -- discovery is answered only from here
[dplay] pump #2500 (host=0) -- discovery is answered only from here
[dplay] pump #3000 (host=0) -- discovery is answered only from here
[dplay] pump #3500 (host=0) -- discovery is answered only from here
[dplay] pump #4000 (host=0) -- discovery is answered only from here
[dplay] pump #4500 (host=0) -- discovery is answered only from here
[dplay] pump #5000 (host=0) -- discovery is answered only from here
[dplay] pump #5500 (host=0) -- discovery is answered only from here
[dplay] pump #6000 (host=0) -- discovery is answered only from here
[dplay] pump #6500 (host=0) -- discovery is answered only from here
[dplay] pump #7000 (host=0) -- discovery is answered only from here
[dplay] pump #7500 (host=0) -- discovery is answered only from here
[dplay] pump #8000 (host=0) -- discovery is answered only from here
[dplay] pump #8500 (host=0) -- discovery is answered only from here
[dplay] pump #9000 (host=0) -- discovery is answered only from here
[dplay] pump #9500 (host=0) -- discovery is answered only from here
[dplay] pump #10000 (host=0) -- discovery is answered only from here
[dplay] pump #10500 (host=0) -- discovery is answered only from here
[dplay] pump #11000 (host=0) -- discovery is answered only from here
[dplay] pump #11500 (host=0) -- discovery is answered only from here
[dplay] pump #12000 (host=0) -- discovery is answered only from here
[dplay] pump #12500 (host=0) -- discovery is answered only from here
[dplay] pump #13000 (host=0) -- discovery is answered only from here
[dplay] pump #13500 (host=0) -- discovery is answered only from here
[dplay] pump #14000 (host=0) -- discovery is answered only from here
[dplay] pump #14500 (host=0) -- discovery is answered only from here
[dplay] pump #15000 (host=0) -- discovery is answered only from here
[dplay] pump #15500 (host=0) -- discovery is answered only from here
[dplay] pump #16000 (host=0) -- discovery is answered only from here
[dplay] pump #16500 (host=0) -- discovery is answered only from here
[dplay] pump #17000 (host=0) -- discovery is answered only from here
[dplay] pump #17500 (host=0) -- discovery is answered only from here
[dplay] received 12 data bytes from pid 3
[dplay] received 524 data bytes from pid 3
[dplay] received 524 data bytes from pid 3
[dplay] received 524 data bytes from pid 3
[menu] ---- 19 clickable control(s) ----
[menu] #4@10CSystemBox  rect(0,0 24x24)  centre(12,12)  type=3  ""
[menu] #7@10CSystemBox  rect(0,24 24x24)  centre(12,36)  type=3  ""
[menu] #10@10CSystemBox  rect(24,0 48x48)  centre(48,24)  type=3  ""
[menu] #2063@14RFullPanelDial  rect(25,720 474x36)  centre(262,738)  type=1  ""
[menu]      row 0: [0] "Back"  [1] "Continue"
[menu] #2027@11CLockerRoom  rect(25,489 91x26)  centre(70,502)  type=2  "Data Rate"
[menu] #2321@11CLockerRoom  rect(118,400 283x26)  centre(259,413)  type=5  ""
[menu] #2021@11CLockerRoom  rect(25,400 67x26)  centre(58,413)  type=2  "Name"
[menu] #2320@11CLockerRoom  rect(118,427 283x26)  centre(259,440)  type=5  ""
[menu] #2022@11CLockerRoom  rect(25,427 84x26)  centre(67,440)  type=2  "Session"
[menu] #2023@11CLockerRoom  rect(26,547 148x26)  centre(100,560)  type=2  "GAME TYPE"
[menu] #2024@11CLockerRoom  rect(269,547 144x26)  centre(341,560)  type=2  "SELECT SIDE"
[menu] #2323@11CLockerRoom  rect(26,575 193x99)  centre(122,624)  type=8  ""
[menu] #2025@11CLockerRoom  rect(25,456 91x26)  centre(70,469)  type=2  "Password"
[menu] #2144@11CLockerRoom  rect(118,456 283x26)  centre(259,469)  type=5  ""
[menu] #2248@11CLockerRoom  rect(56,520 345x24)  centre(228,532)  type=2  "Add my name to the Host's Visitors Book"
[menu] #2346@11CLockerRoom  rect(26,521 24x24)  centre(38,533)  type=3  "2"
[menu] #1010@11CLockerRoom  rect(140,677 270x26)  centre(275,690)  type=4  ""
[menu] #1012@11CLockerRoom  rect(118,487 283x26)  centre(259,500)  type=4  ""
[menu] #1011@11CLockerRoom  rect(26,677 84x26)  centre(68,690)  type=2  "Scenario"
[agg] StaticTimeProc 49/s  impl=0 host=0 running=0 resync=0 served=0  -> AggregatorGetPackets 0/s
[agg] StaticTimeProc 49/s  impl=0 host=0 running=0 resync=0 served=0  -> AggregatorGetPackets 0/s
[agg] StaticTimeProc 49/s  impl=0 host=0 running=0 resync=0 served=0  -> AggregatorGetPackets 0/s
[agg] StaticTimeProc 49/s  impl=0 host=0 running=0 resync=0 served=0  -> AggregatorGetPackets 0/s
[timeproc] tick=3500 instances=0 currinst=(nil)
[agg] StaticTimeProc 50/s  impl=0 host=0 running=0 resync=0 served=0  -> AggregatorGetPackets 0/s
[agg] StaticTimeProc 49/s  impl=0 host=0 running=0 resync=0 served=0  -> AggregatorGetPackets 0/s
[agg] StaticTimeProc 48/s  impl=0 host=0 running=0 resync=0 served=0  -> AggregatorGetPackets 0/s
[typeseq] entry 0 injected "Viper2" at ms 73021 -> focused=0
[agg] StaticTimeProc 50/s  impl=0 host=0 running=0 resync=0 served=0  -> AggregatorGetPackets 0/s
[clickid] id=2321 col=-1 -> (347,569)  [type=5 rect(206,556 283x26) rel=1 drawOx=113]
[click] edit id=2321 takes keyboard focus (topmost, before the list)
[agg] StaticTimeProc 49/s  impl=0 host=0 running=0 resync=0 served=0  -> AggregatorGetPackets 0/s
[timeproc] tick=3750 instances=0 currinst=(nil)
[agg] StaticTimeProc 49/s  impl=0 host=0 running=0 resync=0 served=0  -> AggregatorGetPackets 0/s
[agg] StaticTimeProc 49/s  impl=0 host=0 running=0 resync=0 served=0  -> AggregatorGetPackets 0/s
[agg] StaticTimeProc 50/s  impl=0 host=0 running=0 resync=0 served=0  -> AggregatorGetPackets 0/s
[agg] StaticTimeProc 49/s  impl=0 host=0 running=0 resync=0 served=0  -> AggregatorGetPackets 0/s
[agg] StaticTimeProc 48/s  impl=0 host=0 running=0 resync=0 served=0  -> AggregatorGetPackets 0/s
[timeproc] tick=4000 instances=0 currinst=(nil)
[agg] StaticTimeProc 49/s  impl=0 host=0 running=0 resync=0 served=0  -> AggregatorGetPackets 0/s
[agg] StaticTimeProc 49/s  impl=0 host=0 running=0 resync=0 served=0  -> AggregatorGetPackets 0/s
[clickid] id=2320 col=-1 -> (347,596)  [type=5 rect(206,583 283x26) rel=1 drawOx=113]
[click] edit id=2320 takes keyboard focus (topmost, before the list)
[agg] StaticTimeProc 49/s  impl=0 host=0 running=0 resync=0 served=0  -> AggregatorGetPackets 0/s
[agg] StaticTimeProc 48/s  impl=0 host=0 running=0 resync=0 served=0  -> AggregatorGetPackets 0/s
[agg] StaticTimeProc 49/s  impl=0 host=0 running=0 resync=0 served=0  -> AggregatorGetPackets 0/s
[typeseq] entry 1 injected "MAGAME" at ms 85011 -> focused=1
[timeproc] tick=4250 instances=0 currinst=(nil)
[agg] StaticTimeProc 49/s  impl=0 host=0 running=0 resync=0 served=0  -> AggregatorGetPackets 0/s
[agg] StaticTimeProc 50/s  impl=0 host=0 running=0 resync=0 served=0  -> AggregatorGetPackets 0/s
[mfctimer] fire #2000 wnd=0x930e456 id=2378
[agg] StaticTimeProc 49/s  impl=0 host=0 running=0 resync=0 served=0  -> AggregatorGetPackets 0/s
[agg] StaticTimeProc 49/s  impl=0 host=0 running=0 resync=0 served=0  -> AggregatorGetPackets 0/s
[agg] StaticTimeProc 49/s  impl=0 host=0 running=0 resync=0 served=0  -> AggregatorGetPackets 0/s
[timeproc] tick=4500 instances=0 currinst=(nil)
[agg] StaticTimeProc 49/s  impl=0 host=0 running=0 resync=0 served=0  -> AggregatorGetPackets 0/s
[agg] StaticTimeProc 49/s  impl=0 host=0 running=0 resync=0 served=0  -> AggregatorGetPackets 0/s
[agg] StaticTimeProc 49/s  impl=0 host=0 running=0 resync=0 served=0  -> AggregatorGetPackets 0/s
[agg] StaticTimeProc 49/s  impl=0 host=0 running=0 resync=0 served=0  -> AggregatorGetPackets 0/s
[agg] StaticTimeProc 49/s  impl=0 host=0 running=0 resync=0 served=0  -> AggregatorGetPackets 0/s
[timeproc] tick=4750 instances=0 currinst=(nil)
[agg] StaticTimeProc 49/s  impl=0 host=0 running=0 resync=0 served=0  -> AggregatorGetPackets 0/s
[clickid] id=2323 col=-100 -> (210,780)  [type=8 rect(114,731 193x99) rel=1 drawOx=113]
[click] listbox id=2063 rect=(113,876,474,36) drawH=36 hitH=36 drawW=247 hit=(113..587) vs (210,780) miss
[click] button id=4 rect=(0,0,24,24) centre=(12,12)
[click] button id=7 rect=(0,24,24,24) centre=(12,36)
[click] button id=10 rect=(24,0,48,48) centre=(48,24)
[radioclick] front-end id=2323 local=(96,49) of 193x99 -> hit=0 sel=-1 parent=11CLockerRoom
[click] button id=2346 rect=(114,677,24,24) centre=(126,689)
[click] combo box=(228,833,270,26) vs (210,780) miss
[click] combo box=(206,643,283,26) vs (210,780) miss
[agg] StaticTimeProc 46/s  impl=0 host=0 running=0 resync=0 served=0  -> AggregatorGetPackets 0/s
[agg] StaticTimeProc 48/s  impl=0 host=0 running=0 resync=0 served=0  -> AggregatorGetPackets 0/s
[agg] StaticTimeProc 49/s  impl=0 host=0 running=0 resync=0 served=0  -> AggregatorGetPackets 0/s
[agg] StaticTimeProc 48/s  impl=0 host=0 running=0 resync=0 served=0  -> AggregatorGetPackets 0/s
[agg] StaticTimeProc 49/s  impl=0 host=0 running=0 resync=0 served=0  -> AggregatorGetPackets 0/s
[timeproc] tick=5000 instances=0 currinst=(nil)
[agg] StaticTimeProc 34/s  impl=0 host=0 running=0 resync=0 served=0  -> AggregatorGetPackets 0/s
[agg] StaticTimeProc 49/s  impl=0 host=0 running=0 resync=0 served=0  -> AggregatorGetPackets 0/s
[agg] StaticTimeProc 49/s  impl=0 host=0 running=0 resync=0 served=0  -> AggregatorGetPackets 0/s
[agg] StaticTimeProc 50/s  impl=0 host=0 running=0 resync=0 served=0  -> AggregatorGetPackets 0/s
[agg] StaticTimeProc 49/s  impl=0 host=0 running=0 resync=0 served=0  -> AggregatorGetPackets 0/s
[timeproc] tick=5250 instances=0 currinst=(nil)
[agg] StaticTimeProc 49/s  impl=0 host=0 running=0 resync=0 served=0  -> AggregatorGetPackets 0/s
[agg] StaticTimeProc 49/s  impl=0 host=0 running=0 resync=0 served=0  -> AggregatorGetPackets 0/s
[agg] StaticTimeProc 50/s  impl=0 host=0 running=0 resync=0 served=0  -> AggregatorGetPackets 0/s
[agg] StaticTimeProc 48/s  impl=0 host=0 running=0 resync=0 served=0  -> AggregatorGetPackets 0/s
[mfctimer] fire #2500 wnd=0x930e456 id=2378
[agg] StaticTimeProc 49/s  impl=0 host=0 running=0 resync=0 served=0  -> AggregatorGetPackets 0/s
[timeproc] tick=5500 instances=0 currinst=(nil)
[agg] StaticTimeProc 50/s  impl=0 host=0 running=0 resync=0 served=0  -> AggregatorGetPackets 0/s
[agg] StaticTimeProc 48/s  impl=0 host=0 running=0 resync=0 served=0  -> AggregatorGetPackets 0/s
[agg] StaticTimeProc 49/s  impl=0 host=0 running=0 resync=0 served=0  -> AggregatorGetPackets 0/s
[agg] StaticTimeProc 49/s  impl=0 host=0 running=0 resync=0 served=0  -> AggregatorGetPackets 0/s
[agg] StaticTimeProc 49/s  impl=0 host=0 running=0 resync=0 served=0  -> AggregatorGetPackets 0/s
[timeproc] tick=5750 instances=0 currinst=(nil)
[agg] StaticTimeProc 50/s  impl=0 host=0 running=0 resync=0 served=0  -> AggregatorGetPackets 0/s
[agg] StaticTimeProc 49/s  impl=0 host=0 running=0 resync=0 served=0  -> AggregatorGetPackets 0/s
[agg] StaticTimeProc 49/s  impl=0 host=0 running=0 resync=0 served=0  -> AggregatorGetPackets 0/s
[agg] StaticTimeProc 50/s  impl=0 host=0 running=0 resync=0 served=0  -> AggregatorGetPackets 0/s
[clickid] id=2063 col=-612 -> (280,892)  [type=1 rect(113,876 474x36) rel=0 drawOx=88]
[dplay] UpDateDPlay: IDC_NAME hWnd=(nil) (GetCaption branch) -> "Player" len=6; editbox=0xa4d0359
[dplay] Send 82 bytes pid 4 -> 0 (ok)
[dplay] pump #18000 (host=0) -- discovery is answered only from here
[dplay] pump #18500 (host=0) -- discovery is answered only from here
[dplay] pump #19000 (host=0) -- discovery is answered only from here
[dplay] pump #19500 (host=0) -- discovery is answered only from here
[dplay] pump #20000 (host=0) -- discovery is answered only from here
[dplay] pump #20500 (host=0) -- discovery is answered only from here
[dplay] pump #21000 (host=0) -- discovery is answered only from here
[dplay] pump #21500 (host=0) -- discovery is answered only from here
[dplay] pump #22000 (host=0) -- discovery is answered only from here
[dplay] pump #22500 (host=0) -- discovery is answered only from here
[dplay] pump #23000 (host=0) -- discovery is answered only from here
[dplay] pump #23500 (host=0) -- discovery is answered only from here
[dplay] pump #24000 (host=0) -- discovery is answered only from here
[dplay] pump #24500 (host=0) -- discovery is answered only from here
[dplay] pump #25000 (host=0) -- discovery is answered only from here
[dplay] pump #25500 (host=0) -- discovery is answered only from here
[dplay] pump #26000 (host=0) -- discovery is answered only from here
[dplay] pump #26500 (host=0) -- discovery is answered only from here
[dplay] pump #27000 (host=0) -- discovery is answered only from here
[dplay] pump #27500 (host=0) -- discovery is answered only from here
[dplay] pump #28000 (host=0) -- discovery is answered only from here
[dplay] pump #28500 (host=0) -- discovery is answered only from here
[dplay] pump #29000 (host=0) -- discovery is answered only from here
[dplay] pump #29500 (host=0) -- discovery is answered only from here
[dplay] pump #30000 (host=0) -- discovery is answered only from here
[dplay] pump #30500 (host=0) -- discovery is answered only from here
[dplay] pump #31000 (host=0) -- discovery is answered only from here
[dplay] pump #31500 (host=0) -- discovery is answered only from here
[dplay] pump #32000 (host=0) -- discovery is answered only from here
[dplay] pump #32500 (host=0) -- discovery is answered only from here
[dplay] pump #33000 (host=0) -- discovery is answered only from here
[dplay] pump #33500 (host=0) -- discovery is answered only from here
[dplay] pump #34000 (host=0) -- discovery is answered only from here
[dplay] pump #34500 (host=0) -- discovery is answered only from here
[dplay] pump #35000 (host=0) -- discovery is answered only from here
[dplay] pump #35500 (host=0) -- discovery is answered only from here
[dplay] pump #36000 (host=0) -- discovery is answered only from here
[dplay] pump #36500 (host=0) -- discovery is answered only from here
[dplay] pump #37000 (host=0) -- discovery is answered only from here
[dplay] pump #37500 (host=0) -- discovery is answered only from here
[dplay] pump #38000 (host=0) -- discovery is answered only from here
[dplay] pump #38500 (host=0) -- discovery is answered only from here
[dplay] pump #39000 (host=0) -- discovery is answered only from here
[dplay] received 12 data bytes from pid 3
[agg] drained/s:  WINMOVE.CPP:7785 from=3 to=0 len=75 x1  COMMS.CPP:4478 from=3 to=0 len=12 x1  COMMS.CPP:4478 from=3 to=0 len=524 x4  COMMS.CPP:3822 from=3 to=0 len=12 x1
[dplay] Send 12 bytes pid 4 -> 0 (ok)
[dplay] pump #39500 (host=0) -- discovery is answered only from here
[dplay] pump #40000 (host=0) -- discovery is answered only from here
[dplay] pump #40500 (host=0) -- discovery is answered only from here
[dplay] pump #41000 (host=0) -- discovery is answered only from here
[dplay] pump #41500 (host=0) -- discovery is answered only from here
[dplay] pump #42000 (host=0) -- discovery is answered only from here
[dplay] pump #42500 (host=0) -- discovery is answered only from here
[dplay] pump #43000 (host=0) -- discovery is answered only from here
[dplay] pump #43500 (host=0) -- discovery is answered only from here
[dplay] pump #44000 (host=0) -- discovery is answered only from here
[dplay] pump #44500 (host=0) -- discovery is answered only from here
[dplay] pump #45000 (host=0) -- discovery is answered only from here
[dplay] pump #45500 (host=0) -- discovery is answered only from here
[dplay] pump #46000 (host=0) -- discovery is answered only from here
[dplay] pump #46500 (host=0) -- discovery is answered only from here
[dplay] pump #47000 (host=0) -- discovery is answered only from here
[dplay] pump #47500 (host=0) -- discovery is answered only from here
[dplay] pump #48000 (host=0) -- discovery is answered only from here
[dplay] pump #48500 (host=0) -- discovery is answered only from here
[dplay] pump #49000 (host=0) -- discovery is answered only from here
[dplay] pump #49500 (host=0) -- discovery is answered only from here
[dplay] pump #50000 (host=0) -- discovery is answered only from here
[dplay] pump #50500 (host=0) -- discovery is answered only from here
[dplay] pump #51000 (host=0) -- discovery is answered only from here
[dplay] pump #51500 (host=0) -- discovery is answered only from here
[dplay] pump #52000 (host=0) -- discovery is answered only from here
[dplay] pump #52500 (host=0) -- discovery is answered only from here
[dplay] pump #53000 (host=0) -- discovery is answered only from here
[dplay] pump #53500 (host=0) -- discovery is answered only from here
[dplay] pump #54000 (host=0) -- discovery is answered only from here
[dplay] pump #54500 (host=0) -- discovery is answered only from here
[dplay] pump #55000 (host=0) -- discovery is answered only from here
[dplay] pump #55500 (host=0) -- discovery is answered only from here
[dplay] pump #56000 (host=0) -- discovery is answered only from here
[dplay] pump #56500 (host=0) -- discovery is answered only from here
[dplay] pump #57000 (host=0) -- discovery is answered only from here
[dplay] pump #57500 (host=0) -- discovery is answered only from here
[dplay] pump #58000 (host=0) -- discovery is answered only from here
[dplay] pump #58500 (host=0) -- discovery is answered only from here
[dplay] received 12 data bytes from pid 1
[dplay] Send 12 bytes pid 4 -> 0 (ok)
[dplay] adopted group 2 from the wire and joined player 4 to it
[group] AddPlayerToGroup player 4 -> group 2 : recorded (ngroups=1)
[dplay] AddPlayerToGroup player 4 -> group 2
[mfctimer] set wnd=0xa4c4060 id=2373 every 0 ms  (now 2 timers)
[dplay] Send 12 bytes pid 4 -> 2 (ok)
[dplay] Send 189 bytes pid 4 -> 2 (ok)
[dplay] Send 189 bytes pid 4 -> 2 (ok)
[panelclear] transition #2: panel 0xa113470 art 27914 -> 0xa113470 art 27916
[lbrefit] id=2310 rect w=648 -> painted w=648 (h=237)
[lbrefit] id=2312 rect w=648 -> painted w=648 (h=121)
[menu] ---- 12 clickable control(s) ----
[menu] #4@10CSystemBox  rect(0,0 24x24)  centre(12,12)  type=3  ""
[menu] #7@10CSystemBox  rect(0,24 24x24)  centre(12,36)  type=3  ""
[menu] #10@10CSystemBox  rect(24,0 48x48)  centre(48,24)  type=3  ""
[menu] #2063@14RFullPanelDial  rect(25,720 565x36)  centre(307,738)  type=1  ""
[menu]      row 0: [0] "Quit"  [1] "Fly"  [2] "Radio"  [3] "Paint Shop"  [4] "Prefs"
[menu] #2310@10CReadyRoom  rect(0,32 648x237)  centre(324,150)  type=1  ""
[menu] #2021@10CReadyRoom  rect(342,15 67x26)  centre(375,28)  type=2  "Chat to:"
[menu] #2312@10CReadyRoom  rect(1,273 648x121)  centre(325,333)  type=1  ""
[menu] #2144@10CReadyRoom  rect(16,411 648x26)  centre(340,424)  type=5  ""
[menu] #2324@10CReadyRoom  rect(427,16 235x26)  centre(544,29)  type=8  ""
[menu] #2309@10CReadyRoom  rect(99,15 225x26)  centre(211,28)  type=2  "Invalid ID!"
[menu] #2023@10CReadyRoom  rect(15,15 81x26)  centre(55,28)  type=2  "Scenario:"
[menu] #0@13CRListBoxCtrl  rect(1,-16 207x16)  centre(104,-8)  type=9  ""
[menu] ---- 12 clickable control(s) ----
[menu] #4@10CSystemBox  rect(0,0 24x24)  centre(12,12)  type=3  ""
[menu] #7@10CSystemBox  rect(0,24 24x24)  centre(12,36)  type=3  ""
[menu] #10@10CSystemBox  rect(24,0 48x48)  centre(48,24)  type=3  ""
[menu] #2063@14RFullPanelDial  rect(25,720 565x36)  centre(307,738)  type=1  ""
[menu]      row 0: [0] "Quit"  [1] "Fly"  [2] "Radio"  [3] "Paint Shop"  [4] "Prefs"
[menu] #2310@10CReadyRoom  rect(0,32 648x237)  centre(324,150)  type=1  ""
[menu]      row 0: [1] "Name"  [2] "Aircraft"  [3] "Status"  [4] "Kills"  [5] "Losses"
[menu]      row 1: [0] "1"  [1] "Player"  [2] "F86 1"  [3] "Flight Line"  [4] "0"  [5] "0"
[menu] #2021@10CReadyRoom  rect(342,15 67x26)  centre(375,28)  type=2  "Chat to:"
[menu] #2312@10CReadyRoom  rect(1,273 648x121)  centre(325,333)  type=1  ""
[menu] #2144@10CReadyRoom  rect(16,411 648x26)  centre(340,424)  type=5  ""
[menu] #2324@10CReadyRoom  rect(427,16 235x26)  centre(544,29)  type=8  ""
[menu] #2309@10CReadyRoom  rect(99,15 225x26)  centre(211,28)  type=2  "1) Implode"
[menu] #2023@10CReadyRoom  rect(15,15 81x26)  centre(55,28)  type=2  "Scenario:"
[menu] #0@13CRListBoxCtrl  rect(1,-16 207x16)  centre(104,-8)  type=9  ""
[dplay] received 189 data bytes from pid 3
[dplay] received 29 data bytes from pid 3
[menu] ---- 12 clickable control(s) ----
[menu] #4@10CSystemBox  rect(0,0 24x24)  centre(12,12)  type=3  ""
[menu] #7@10CSystemBox  rect(0,24 24x24)  centre(12,36)  type=3  ""
[menu] #10@10CSystemBox  rect(24,0 48x48)  centre(48,24)  type=3  ""
[menu] #2063@14RFullPanelDial  rect(25,720 565x36)  centre(307,738)  type=1  ""
[menu]      row 0: [0] "Quit"  [1] "Fly"  [2] "Radio"  [3] "Paint Shop"  [4] "Prefs"
[menu] #2310@10CReadyRoom  rect(0,32 648x237)  centre(324,150)  type=1  ""
[menu]      row 0: [1] "Name"  [2] "Aircraft"  [3] "Status"  [4] "Kills"  [5] "Losses"
[menu]      row 1: [0] "1"  [1] "Player"  [2] "F86 1"  [3] "Flight Line"  [4] "0"  [5] "0"
[menu]      row 2: [0] "2"  [1] "Player"  [2] "F86 1"  [3] "Flight Line"  [4] "0"  [5] "0"
[menu] #2021@10CReadyRoom  rect(342,15 67x26)  centre(375,28)  type=2  "Chat to:"
[menu] #2312@10CReadyRoom  rect(1,273 648x121)  centre(325,333)  type=1  ""
[menu] #2144@10CReadyRoom  rect(16,411 648x26)  centre(340,424)  type=5  ""
[menu] #2324@10CReadyRoom  rect(427,16 235x26)  centre(544,29)  type=8  ""
[menu] #2309@10CReadyRoom  rect(99,15 225x26)  centre(211,28)  type=2  "1) Implode"
[menu] #2023@10CReadyRoom  rect(15,15 81x26)  centre(55,28)  type=2  "Scenario:"
[menu] #0@13CRListBoxCtrl  rect(1,-16 207x16)  centre(104,-8)  type=9  ""
[agg] StaticTimeProc 49/s  impl=0 host=0 running=0 resync=0 served=0  -> AggregatorGetPackets 0/s
[dplay] Send 16 bytes pid 4 -> 2 (ok)
[dplay] received 16 data bytes from pid 3
[agg] drained/s:  COMMS.CPP:1317 from=1 to=4 len=12 x1  COMMS.CPP:595 from=3 to=2 len=189 x2  COMMS.CPP:595 from=3 to=2 len=29 x1  COMMS.CPP:595 from=3 to=2 len=16 x1
[timeproc] tick=6000 instances=0 currinst=(nil)
[dplay] Send 16 bytes pid 4 -> 2 (ok)
[agg] StaticTimeProc 49/s  impl=0 host=0 running=0 resync=0 served=0  -> AggregatorGetPackets 0/s
[dplay] received 16 data bytes from pid 3
[agg] drained/s:  COMMS.CPP:595 from=3 to=2 len=16 x1
[dplay] Send 16 bytes pid 4 -> 2 (ok)
[dplay] received 16 data bytes from pid 3
[agg] StaticTimeProc 49/s  impl=0 host=0 running=0 resync=0 served=0  -> AggregatorGetPackets 0/s
[dplay] Send 16 bytes pid 4 -> 2 (ok)
[dplay] received 16 data bytes from pid 3
[agg] drained/s:  COMMS.CPP:595 from=3 to=2 len=16 x2
[agg] StaticTimeProc 49/s  impl=0 host=0 running=0 resync=0 served=0  -> AggregatorGetPackets 0/s
[dplay] Send 16 bytes pid 4 -> 2 (ok)
[dplay] received 16 data bytes from pid 3
[agg] drained/s:  COMMS.CPP:595 from=3 to=2 len=16 x1
[agg] StaticTimeProc 49/s  impl=0 host=0 running=0 resync=0 served=0  -> AggregatorGetPackets 0/s
[dplay] Send 16 bytes pid 4 -> 2 (ok)
[dplay] received 16 data bytes from pid 3
[agg] drained/s:  COMMS.CPP:595 from=3 to=2 len=16 x1
[agg] StaticTimeProc 49/s  impl=0 host=0 running=0 resync=0 served=0  -> AggregatorGetPackets 0/s
[dplay] Send 16 bytes pid 4 -> 2 (ok)
[dplay] received 16 data bytes from pid 3
[agg] drained/s:  COMMS.CPP:595 from=3 to=2 len=16 x1
[mfctimer] fire #3000 wnd=0x930e456 id=2378
[dplay] Send 16 bytes pid 4 -> 2 (ok)
[dplay] received 16 data bytes from pid 3
[timeproc] tick=6250 instances=0 currinst=(nil)
[agg] StaticTimeProc 50/s  impl=0 host=0 running=0 resync=0 served=0  -> AggregatorGetPackets 0/s
[dplay] Send 16 bytes pid 4 -> 2 (ok)
[dplay] received 16 data bytes from pid 3
[agg] drained/s:  COMMS.CPP:595 from=3 to=2 len=16 x2
[agg] StaticTimeProc 49/s  impl=0 host=0 running=0 resync=0 served=0  -> AggregatorGetPackets 0/s
[dplay] Send 16 bytes pid 4 -> 2 (ok)
[dplay] received 16 data bytes from pid 3
[agg] drained/s:  COMMS.CPP:595 from=3 to=2 len=16 x1
[agg] StaticTimeProc 49/s  impl=0 host=0 running=0 resync=0 served=0  -> AggregatorGetPackets 0/s
[dplay] Send 16 bytes pid 4 -> 2 (ok)
[dplay] received 16 data bytes from pid 3
[agg] drained/s:  COMMS.CPP:595 from=3 to=2 len=16 x1
[agg] StaticTimeProc 48/s  impl=0 host=0 running=0 resync=0 served=0  -> AggregatorGetPackets 0/s
[dplay] Send 16 bytes pid 4 -> 2 (ok)
[dplay] received 16 data bytes from pid 3
[agg] drained/s:  COMMS.CPP:595 from=3 to=2 len=16 x1
[agg] StaticTimeProc 49/s  impl=0 host=0 running=0 resync=0 served=0  -> AggregatorGetPackets 0/s
[dplay] Send 16 bytes pid 4 -> 2 (ok)
[dplay] received 16 data bytes from pid 3
[agg] drained/s:  COMMS.CPP:595 from=3 to=2 len=16 x1
[dplay] Send 16 bytes pid 4 -> 2 (ok)
[dplay] received 16 data bytes from pid 3
[agg] drained/s:  COMMS.CPP:595 from=3 to=2 len=16 x1
[agg] StaticTimeProc 49/s  impl=0 host=0 running=0 resync=0 served=0  -> AggregatorGetPackets 0/s
[timeproc] tick=6500 instances=0 currinst=(nil)
[dplay] Send 16 bytes pid 4 -> 2 (ok)
[dplay] received 16 data bytes from pid 3
[agg] StaticTimeProc 49/s  impl=0 host=0 running=0 resync=0 served=0  -> AggregatorGetPackets 0/s
[dplay] Send 16 bytes pid 4 -> 2 (ok)
[dplay] received 16 data bytes from pid 3
[agg] drained/s:  COMMS.CPP:595 from=3 to=2 len=16 x2
[agg] StaticTimeProc 49/s  impl=0 host=0 running=0 resync=0 served=0  -> AggregatorGetPackets 0/s
[dplay] Send 16 bytes pid 4 -> 2 (ok)
[dplay] received 16 data bytes from pid 3
[agg] drained/s:  COMMS.CPP:595 from=3 to=2 len=16 x1
[agg] StaticTimeProc 49/s  impl=0 host=0 running=0 resync=0 served=0  -> AggregatorGetPackets 0/s
[dplay] Send 16 bytes pid 4 -> 2 (ok)
[dplay] received 16 data bytes from pid 3
[agg] drained/s:  COMMS.CPP:595 from=3 to=2 len=16 x1
[agg] StaticTimeProc 49/s  impl=0 host=0 running=0 resync=0 served=0  -> AggregatorGetPackets 0/s
[dplay] Send 16 bytes pid 4 -> 2 (ok)
[dplay] received 16 data bytes from pid 3
[agg] drained/s:  COMMS.CPP:595 from=3 to=2 len=16 x1
[mfctimer] fire #3500 wnd=0x930e456 id=2378
[agg] StaticTimeProc 49/s  impl=0 host=0 running=0 resync=0 served=0  -> AggregatorGetPackets 0/s
[timeproc] tick=6750 instances=0 currinst=(nil)
[dplay] Send 16 bytes pid 4 -> 2 (ok)
[dplay] received 16 data bytes from pid 3
[agg] drained/s:  COMMS.CPP:595 from=3 to=2 len=16 x1
[dplay] Send 16 bytes pid 4 -> 2 (ok)
[agg] StaticTimeProc 49/s  impl=0 host=0 running=0 resync=0 served=0  -> AggregatorGetPackets 0/s
[dplay] received 16 data bytes from pid 3
[agg] drained/s:  COMMS.CPP:595 from=3 to=2 len=16 x1
[dplay] Send 16 bytes pid 4 -> 2 (ok)
[dplay] received 16 data bytes from pid 3
[agg] StaticTimeProc 48/s  impl=0 host=0 running=0 resync=0 served=0  -> AggregatorGetPackets 0/s
[dplay] Send 16 bytes pid 4 -> 2 (ok)
[dplay] received 16 data bytes from pid 3
[agg] drained/s:  COMMS.CPP:595 from=3 to=2 len=16 x2
[agg] StaticTimeProc 49/s  impl=0 host=0 running=0 resync=0 served=0  -> AggregatorGetPackets 0/s
[dplay] pump #59000 (host=0) -- discovery is answered only from here
[dplay] Send 16 bytes pid 4 -> 2 (ok)
[dplay] received 16 data bytes from pid 3
[agg] drained/s:  COMMS.CPP:595 from=3 to=2 len=16 x1
[agg] StaticTimeProc 49/s  impl=0 host=0 running=0 resync=0 served=0  -> AggregatorGetPackets 0/s
[dplay] Send 16 bytes pid 4 -> 2 (ok)
[dplay] received 16 data bytes from pid 3
[agg] drained/s:  COMMS.CPP:595 from=3 to=2 len=16 x1
[agg] StaticTimeProc 49/s  impl=0 host=0 running=0 resync=0 served=0  -> AggregatorGetPackets 0/s
[dplay] Send 16 bytes pid 4 -> 2 (ok)
[dplay] received 16 data bytes from pid 3
[agg] drained/s:  COMMS.CPP:595 from=3 to=2 len=16 x1
[timeproc] tick=7000 instances=0 currinst=(nil)
[agg] StaticTimeProc 50/s  impl=0 host=0 running=0 resync=0 served=0  -> AggregatorGetPackets 0/s
[dplay] Send 16 bytes pid 4 -> 2 (ok)
[dplay] received 16 data bytes from pid 3
[agg] drained/s:  COMMS.CPP:595 from=3 to=2 len=16 x1
[dplay] Send 16 bytes pid 4 -> 2 (ok)
[dplay] received 16 data bytes from pid 3
[agg] StaticTimeProc 49/s  impl=0 host=0 running=0 resync=0 served=0  -> AggregatorGetPackets 0/s
[dplay] Send 16 bytes pid 4 -> 2 (ok)
[dplay] received 16 data bytes from pid 3
[agg] drained/s:  COMMS.CPP:595 from=3 to=2 len=16 x2
[agg] StaticTimeProc 49/s  impl=0 host=0 running=0 resync=0 served=0  -> AggregatorGetPackets 0/s
[dplay] Send 16 bytes pid 4 -> 2 (ok)
[dplay] received 16 data bytes from pid 3
[agg] drained/s:  COMMS.CPP:595 from=3 to=2 len=16 x1
[agg] StaticTimeProc 49/s  impl=0 host=0 running=0 resync=0 served=0  -> AggregatorGetPackets 0/s
[dplay] Send 16 bytes pid 4 -> 2 (ok)
[dplay] received 16 data bytes from pid 3
[agg] drained/s:  COMMS.CPP:595 from=3 to=2 len=16 x1
[agg] StaticTimeProc 49/s  impl=0 host=0 running=0 resync=0 served=0  -> AggregatorGetPackets 0/s
[dplay] Send 16 bytes pid 4 -> 2 (ok)
[dplay] received 16 data bytes from pid 3
[agg] drained/s:  COMMS.CPP:595 from=3 to=2 len=16 x1
[mfctimer] fire #4000 wnd=0x930e456 id=2378
[timeproc] tick=7250 instances=0 currinst=(nil)
[dplay] Send 16 bytes pid 4 -> 2 (ok)
[agg] StaticTimeProc 49/s  impl=0 host=0 running=0 resync=0 served=0  -> AggregatorGetPackets 0/s
[dplay] received 16 data bytes from pid 3
[agg] drained/s:  COMMS.CPP:595 from=3 to=2 len=16 x1
[dplay] Send 16 bytes pid 4 -> 2 (ok)
[dplay] received 16 data bytes from pid 3
[agg] StaticTimeProc 50/s  impl=0 host=0 running=0 resync=0 served=0  -> AggregatorGetPackets 0/s
[dplay] Send 16 bytes pid 4 -> 2 (ok)
[dplay] received 16 data bytes from pid 3
[agg] drained/s:  COMMS.CPP:595 from=3 to=2 len=16 x2
[agg] StaticTimeProc 48/s  impl=0 host=0 running=0 resync=0 served=0  -> AggregatorGetPackets 0/s
[dplay] Send 16 bytes pid 4 -> 2 (ok)
[dplay] received 16 data bytes from pid 3
[agg] drained/s:  COMMS.CPP:595 from=3 to=2 len=16 x1
[agg] StaticTimeProc 49/s  impl=0 host=0 running=0 resync=0 served=0  -> AggregatorGetPackets 0/s
[dplay] Send 16 bytes pid 4 -> 2 (ok)
[dplay] received 16 data bytes from pid 3
[agg] drained/s:  COMMS.CPP:595 from=3 to=2 len=16 x1
[agg] StaticTimeProc 49/s  impl=0 host=0 running=0 resync=0 served=0  -> AggregatorGetPackets 0/s
[dplay] Send 16 bytes pid 4 -> 2 (ok)
[dplay] received 16 data bytes from pid 3
[agg] drained/s:  COMMS.CPP:595 from=3 to=2 len=16 x1
[timeproc] tick=7500 instances=0 currinst=(nil)
[dplay] Send 16 bytes pid 4 -> 2 (ok)
[dplay] received 16 data bytes from pid 3
[agg] StaticTimeProc 49/s  impl=0 host=0 running=0 resync=0 served=0  -> AggregatorGetPackets 0/s
[dplay] Send 16 bytes pid 4 -> 2 (ok)
[dplay] received 16 data bytes from pid 3
[agg] drained/s:  COMMS.CPP:595 from=3 to=2 len=16 x2
[agg] StaticTimeProc 49/s  impl=0 host=0 running=0 resync=0 served=0  -> AggregatorGetPackets 0/s
[dplay] Send 16 bytes pid 4 -> 2 (ok)
[dplay] received 16 data bytes from pid 3
[agg] drained/s:  COMMS.CPP:595 from=3 to=2 len=16 x1
[agg] StaticTimeProc 50/s  impl=0 host=0 running=0 resync=0 served=0  -> AggregatorGetPackets 0/s
[dplay] Send 16 bytes pid 4 -> 2 (ok)
[dplay] received 16 data bytes from pid 3
[agg] drained/s:  COMMS.CPP:595 from=3 to=2 len=16 x1
[agg] StaticTimeProc 49/s  impl=0 host=0 running=0 resync=0 served=0  -> AggregatorGetPackets 0/s
[dplay] Send 16 bytes pid 4 -> 2 (ok)
[dplay] received 16 data bytes from pid 3
[agg] drained/s:  COMMS.CPP:595 from=3 to=2 len=16 x1
[agg] StaticTimeProc 49/s  impl=0 host=0 running=0 resync=0 served=0  -> AggregatorGetPackets 0/s
[dplay] Send 16 bytes pid 4 -> 2 (ok)
[dplay] received 16 data bytes from pid 3
[agg] drained/s:  COMMS.CPP:595 from=3 to=2 len=16 x1
[timeproc] tick=7750 instances=0 currinst=(nil)
[mfctimer] fire #4500 wnd=0x930e456 id=2378
[agg] StaticTimeProc 49/s  impl=0 host=0 running=0 resync=0 served=0  -> AggregatorGetPackets 0/s
[dplay] Send 16 bytes pid 4 -> 2 (ok)
[dplay] received 16 data bytes from pid 3
[agg] drained/s:  COMMS.CPP:595 from=3 to=2 len=16 x1
[dplay] Send 16 bytes pid 4 -> 2 (ok)
[dplay] received 16 data bytes from pid 3
[agg] StaticTimeProc 49/s  impl=0 host=0 running=0 resync=0 served=0  -> AggregatorGetPackets 0/s
[dplay] Send 16 bytes pid 4 -> 2 (ok)
[dplay] received 16 data bytes from pid 3
[agg] drained/s:  COMMS.CPP:595 from=3 to=2 len=16 x2
[dplay] pump #59500 (host=0) -- discovery is answered only from here
[agg] StaticTimeProc 50/s  impl=0 host=0 running=0 resync=0 served=0  -> AggregatorGetPackets 0/s
[dplay] Send 16 bytes pid 4 -> 2 (ok)
[dplay] received 16 data bytes from pid 3
[agg] drained/s:  COMMS.CPP:595 from=3 to=2 len=16 x1
[agg] StaticTimeProc 49/s  impl=0 host=0 running=0 resync=0 served=0  -> AggregatorGetPackets 0/s
[dplay] received 189 data bytes from pid 3
[dplay] received 1292 data bytes from pid 3
[dplay] received 189 data bytes from pid 3
[dplay] received 29 data bytes from pid 3
[dplay] received 524 data bytes from pid 3
[agg] drained/s:  COMMS.CPP:595 from=3 to=2 len=189 x1
[dplay] UINetworkSelectFly: Host=0 GameType=0 PlayerCreated=1
[dplay]   player 0 status=3
[dplay]   player 1 status=3
[dplay] Send 1292 bytes pid 4 -> 2 (ok)
[dplay] Send 189 bytes pid 4 -> 2 (ok)
[panelclear] transition #3: panel 0xa113470 art 27916 -> 0xa113470 art 0
[3d] Start3d(stat=4) status=1
[3d]   -> status=5 (waiting for DONESHEET=2)
[menu] ---- 5 clickable control(s) ----
[menu] #4@10CSystemBox  rect(0,0 24x24)  centre(12,12)  type=3  ""
[menu] #7@10CSystemBox  rect(0,24 24x24)  centre(12,36)  type=3  ""
[menu] #10@10CSystemBox  rect(24,0 48x48)  centre(48,24)  type=3  ""
[menu] #2063@14RFullPanelDial  rect(50,700 142x36)  centre(121,718)  type=1  ""
[menu]      row 0: [0] "Debrief"
[menu] #0@13CRListBoxCtrl  rect(1,-16 207x16)  centre(104,-8)  type=9  ""
[3d] Start3d(stat=2) status=5
[3d]   -> status=7 (7 = GOING)
[3d] Start3d(stat=4) status=8  <-- IGNORED: setup not started
[3d] flight-view active; setup3dstatus=8 (8=GOING: setup done, WM_GETSTRING posted)
[3d] driving Launch3d (OnGetString)...
[dplay] received 114 data bytes from pid 3
[dplay] pump #60000 (host=0) -- discovery is answered only from here
[dplay] pump #60500 (host=0) -- discovery is answered only from here
[dplay] pump #61000 (host=0) -- discovery is answered only from here
[dplay] pump #61500 (host=0) -- discovery is answered only from here
[dplay] pump #62000 (host=0) -- discovery is answered only from here
[dplay] pump #62500 (host=0) -- discovery is answered only from here
[dplay] pump #63000 (host=0) -- discovery is answered only from here
[dplay] pump #63500 (host=0) -- discovery is answered only from here
[dplay] pump #64000 (host=0) -- discovery is answered only from here
[dplay] pump #64500 (host=0) -- discovery is answered only from here
[dplay] pump #65000 (host=0) -- discovery is answered only from here
[dplay] pump #65500 (host=0) -- discovery is answered only from here
[dplay] pump #66000 (host=0) -- discovery is answered only from here
[dplay] pump #66500 (host=0) -- discovery is answered only from here
[dplay] pump #67000 (host=0) -- discovery is answered only from here
[dplay] pump #67500 (host=0) -- discovery is answered only from here
[dplay] pump #68000 (host=0) -- discovery is answered only from here
[dplay] pump #68500 (host=0) -- discovery is answered only from here
[dplay] pump #69000 (host=0) -- discovery is answered only from here
[dplay] pump #69500 (host=0) -- discovery is answered only from here
[dplay] pump #70000 (host=0) -- discovery is answered only from here
[dplay] pump #70500 (host=0) -- discovery is answered only from here
[dplay] pump #71000 (host=0) -- discovery is answered only from here
[dplay] pump #71500 (host=0) -- discovery is answered only from here
[dplay] pump #72000 (host=0) -- discovery is answered only from here
[dplay] pump #72500 (host=0) -- discovery is answered only from here
[dplay] pump #73000 (host=0) -- discovery is answered only from here
[dplay] pump #73500 (host=0) -- discovery is answered only from here
[dplay] pump #74000 (host=0) -- discovery is answered only from here
[dplay] pump #74500 (host=0) -- discovery is answered only from here
[dplay] pump #75000 (host=0) -- discovery is answered only from here
[dplay] pump #75500 (host=0) -- discovery is answered only from here
[dplay] pump #76000 (host=0) -- discovery is answered only from here
[dplay] pump #76500 (host=0) -- discovery is answered only from here
[dplay] pump #77000 (host=0) -- discovery is answered only from here
[dplay] pump #77500 (host=0) -- discovery is answered only from here
[dplay] pump #78000 (host=0) -- discovery is answered only from here
[dplay] pump #78500 (host=0) -- discovery is answered only from here
[dplay] pump #79000 (host=0) -- discovery is answered only from here
[dplay] pump #79500 (host=0) -- discovery is answered only from here
[dplay] pump #80000 (host=0) -- discovery is answered only from here
[dplay] pump #80500 (host=0) -- discovery is answered only from here
[dplay] pump #81000 (host=0) -- discovery is answered only from here
[dplay] pump #81500 (host=0) -- discovery is answered only from here
[dplay] pump #82000 (host=0) -- discovery is answered only from here
[dplay] pump #82500 (host=0) -- discovery is answered only from here
[dplay] pump #83000 (host=0) -- discovery is answered only from here
[dplay] pump #83500 (host=0) -- discovery is answered only from here
[dplay] pump #84000 (host=0) -- discovery is answered only from here
[dplay] pump #84500 (host=0) -- discovery is answered only from here
[dplay] pump #85000 (host=0) -- discovery is answered only from here
[dplay] pump #85500 (host=0) -- discovery is answered only from here
[dplay] pump #86000 (host=0) -- discovery is answered only from here
[dplay] pump #86500 (host=0) -- discovery is answered only from here
[dplay] pump #87000 (host=0) -- discovery is answered only from here
[dplay] pump #87500 (host=0) -- discovery is answered only from here
[dplay] pump #88000 (host=0) -- discovery is answered only from here
[dplay] pump #88500 (host=0) -- discovery is answered only from here
[dplay] pump #89000 (host=0) -- discovery is answered only from here
[dplay] pump #89500 (host=0) -- discovery is answered only from here
[dplay] pump #90000 (host=0) -- discovery is answered only from here
[dplay] pump #90500 (host=0) -- discovery is answered only from here
[dplay] pump #91000 (host=0) -- discovery is answered only from here
[dplay] pump #91500 (host=0) -- discovery is answered only from here
[dplay] pump #92000 (host=0) -- discovery is answered only from here
[dplay] pump #92500 (host=0) -- discovery is answered only from here
[dplay] pump #93000 (host=0) -- discovery is answered only from here
[dplay] pump #93500 (host=0) -- discovery is answered only from here
[dplay] pump #94000 (host=0) -- discovery is answered only from here
[dplay] pump #94500 (host=0) -- discovery is answered only from here
[dplay] pump #95000 (host=0) -- discovery is answered only from here
[dplay] pump #95500 (host=0) -- discovery is answered only from here
[dplay] pump #96000 (host=0) -- discovery is answered only from here
[dplay] pump #96500 (host=0) -- discovery is answered only from here
[dplay] pump #97000 (host=0) -- discovery is answered only from here
[dplay] pump #97500 (host=0) -- discovery is answered only from here
[dplay] pump #98000 (host=0) -- discovery is answered only from here
[dplay] pump #98500 (host=0) -- discovery is answered only from here
[dplay] pump #99000 (host=0) -- discovery is answered only from here
[dplay] pump #99500 (host=0) -- discovery is answered only from here
[dplay] pump #100000 (host=0) -- discovery is answered only from here
[dplay] pump #100500 (host=0) -- discovery is answered only from here
[dplay] pump #101000 (host=0) -- discovery is answered only from here
[dplay] pump #101500 (host=0) -- discovery is answered only from here
[dplay] pump #102000 (host=0) -- discovery is answered only from here
[dplay] pump #102500 (host=0) -- discovery is answered only from here
[dplay] pump #103000 (host=0) -- discovery is answered only from here
[dplay] pump #103500 (host=0) -- discovery is answered only from here
[dplay] pump #104000 (host=0) -- discovery is answered only from here
[dplay] pump #104500 (host=0) -- discovery is answered only from here
[dplay] pump #105000 (host=0) -- discovery is answered only from here
[dplay] pump #105500 (host=0) -- discovery is answered only from here
[dplay] pump #106000 (host=0) -- discovery is answered only from here
[dplay] pump #106500 (host=0) -- discovery is answered only from here
[dplay] pump #107000 (host=0) -- discovery is answered only from here
[dplay] pump #107500 (host=0) -- discovery is answered only from here
[dplay] pump #108000 (host=0) -- discovery is answered only from here
[dplay] pump #108500 (host=0) -- discovery is answered only from here
[dplay] pump #109000 (host=0) -- discovery is answered only from here
[dplay] pump #109500 (host=0) -- discovery is answered only from here
[dplay] pump #110000 (host=0) -- discovery is answered only from here
[dplay] pump #110500 (host=0) -- discovery is answered only from here
[dplay] pump #111000 (host=0) -- discovery is answered only from here
[dplay] pump #111500 (host=0) -- discovery is answered only from here
[dplay] pump #112000 (host=0) -- discovery is answered only from here
[dplay] pump #112500 (host=0) -- discovery is answered only from here
[dplay] pump #113000 (host=0) -- discovery is answered only from here
[dplay] pump #113500 (host=0) -- discovery is answered only from here
[dplay] pump #114000 (host=0) -- discovery is answered only from here
[dplay] pump #114500 (host=0) -- discovery is answered only from here
[dplay] pump #115000 (host=0) -- discovery is answered only from here
[dplay] pump #115500 (host=0) -- discovery is answered only from here
[dplay] pump #116000 (host=0) -- discovery is answered only from here
[dplay] pump #116500 (host=0) -- discovery is answered only from here
[dplay] pump #117000 (host=0) -- discovery is answered only from here
[dplay] pump #117500 (host=0) -- discovery is answered only from here
[dplay] pump #118000 (host=0) -- discovery is answered only from here
[dplay] pump #118500 (host=0) -- discovery is answered only from here
[dplay] pump #119000 (host=0) -- discovery is answered only from here
[dplay] pump #119500 (host=0) -- discovery is answered only from here
[dplay] pump #120000 (host=0) -- discovery is answered only from here
[dplay] pump #120500 (host=0) -- discovery is answered only from here
[dplay] pump #121000 (host=0) -- discovery is answered only from here
[dplay] pump #121500 (host=0) -- discovery is answered only from here
[dplay] pump #122000 (host=0) -- discovery is answered only from here
[dplay] pump #122500 (host=0) -- discovery is answered only from here
[dplay] pump #123000 (host=0) -- discovery is answered only from here
[dplay] pump #123500 (host=0) -- discovery is answered only from here
[dplay] pump #124000 (host=0) -- discovery is answered only from here
[dplay] pump #124500 (host=0) -- discovery is answered only from here
[dplay] pump #125000 (host=0) -- discovery is answered only from here
[dplay] pump #125500 (host=0) -- discovery is answered only from here
[dplay] pump #126000 (host=0) -- discovery is answered only from here
[dplay] pump #126500 (host=0) -- discovery is answered only from here
[dplay] pump #127000 (host=0) -- discovery is answered only from here
[dplay] pump #127500 (host=0) -- discovery is answered only from here
[dplay] pump #128000 (host=0) -- discovery is answered only from here
[dplay] pump #128500 (host=0) -- discovery is answered only from here
[dplay] pump #129000 (host=0) -- discovery is answered only from here
[dplay] pump #129500 (host=0) -- discovery is answered only from here
[dplay] pump #130000 (host=0) -- discovery is answered only from here
[dplay] pump #130500 (host=0) -- discovery is answered only from here
[dplay] pump #131000 (host=0) -- discovery is answered only from here
[dplay] pump #131500 (host=0) -- discovery is answered only from here
[dplay] pump #132000 (host=0) -- discovery is answered only from here
[dplay] pump #132500 (host=0) -- discovery is answered only from here
[dplay] pump #133000 (host=0) -- discovery is answered only from here
[dplay] pump #133500 (host=0) -- discovery is answered only from here
[dplay] pump #134000 (host=0) -- discovery is answered only from here
[dplay] pump #134500 (host=0) -- discovery is answered only from here
[dplay] pump #135000 (host=0) -- discovery is answered only from here
[dplay] pump #135500 (host=0) -- discovery is answered only from here
[dplay] pump #136000 (host=0) -- discovery is answered only from here
[dplay] pump #136500 (host=0) -- discovery is answered only from here
[dplay] pump #137000 (host=0) -- discovery is answered only from here
[dplay] pump #137500 (host=0) -- discovery is answered only from here
[dplay] pump #138000 (host=0) -- discovery is answered only from here
[dplay] pump #138500 (host=0) -- discovery is answered only from here
[dplay] pump #139000 (host=0) -- discovery is answered only from here
[dplay] pump #139500 (host=0) -- discovery is answered only from here
[dplay] pump #140000 (host=0) -- discovery is answered only from here
[dplay] pump #140500 (host=0) -- discovery is answered only from here
[dplay] pump #141000 (host=0) -- discovery is answered only from here
[dplay] pump #141500 (host=0) -- discovery is answered only from here
[dplay] pump #142000 (host=0) -- discovery is answered only from here
[dplay] pump #142500 (host=0) -- discovery is answered only from here
[dplay] pump #143000 (host=0) -- discovery is answered only from here
[dplay] pump #143500 (host=0) -- discovery is answered only from here
[dplay] pump #144000 (host=0) -- discovery is answered only from here
[dplay] pump #144500 (host=0) -- discovery is answered only from here
[dplay] pump #145000 (host=0) -- discovery is answered only from here
[dplay] pump #145500 (host=0) -- discovery is answered only from here
[dplay] pump #146000 (host=0) -- discovery is answered only from here
[dplay] pump #146500 (host=0) -- discovery is answered only from here
[dplay] pump #147000 (host=0) -- discovery is answered only from here
[dplay] pump #147500 (host=0) -- discovery is answered only from here
[dplay] pump #148000 (host=0) -- discovery is answered only from here
[dplay] pump #148500 (host=0) -- discovery is answered only from here
[dplay] pump #149000 (host=0) -- discovery is answered only from here
[dplay] pump #149500 (host=0) -- discovery is answered only from here
[dplay] pump #150000 (host=0) -- discovery is answered only from here
[dplay] pump #150500 (host=0) -- discovery is answered only from here
[dplay] pump #151000 (host=0) -- discovery is answered only from here
[dplay] pump #151500 (host=0) -- discovery is answered only from here
[dplay] pump #152000 (host=0) -- discovery is answered only from here
[dplay] pump #152500 (host=0) -- discovery is answered only from here
[dplay] pump #153000 (host=0) -- discovery is answered only from here
[dplay] pump #153500 (host=0) -- discovery is answered only from here
[dplay] pump #154000 (host=0) -- discovery is answered only from here
[dplay] pump #154500 (host=0) -- discovery is answered only from here
[dplay] pump #155000 (host=0) -- discovery is answered only from here
[dplay] pump #155500 (host=0) -- discovery is answered only from here
[dplay] pump #156000 (host=0) -- discovery is answered only from here
[dplay] pump #156500 (host=0) -- discovery is answered only from here
[dplay] pump #157000 (host=0) -- discovery is answered only from here
[dplay] pump #157500 (host=0) -- discovery is answered only from here
[dplay] pump #158000 (host=0) -- discovery is answered only from here
[dplay] pump #158500 (host=0) -- discovery is answered only from here
[dplay] pump #159000 (host=0) -- discovery is answered only from here
[dplay] pump #159500 (host=0) -- discovery is answered only from here
[dplay] pump #160000 (host=0) -- discovery is answered only from here
[dplay] pump #160500 (host=0) -- discovery is answered only from here
[dplay] pump #161000 (host=0) -- discovery is answered only from here
[dplay] pump #161500 (host=0) -- discovery is answered only from here
[dplay] pump #162000 (host=0) -- discovery is answered only from here
[dplay] pump #162500 (host=0) -- discovery is answered only from here
[dplay] pump #163000 (host=0) -- discovery is answered only from here
[dplay] pump #163500 (host=0) -- discovery is answered only from here
[dplay] pump #164000 (host=0) -- discovery is answered only from here
[dplay] pump #164500 (host=0) -- discovery is answered only from here
[dplay] pump #165000 (host=0) -- discovery is answered only from here
[dplay] pump #165500 (host=0) -- discovery is answered only from here
[dplay] pump #166000 (host=0) -- discovery is answered only from here
[dplay] pump #166500 (host=0) -- discovery is answered only from here
[dplay] pump #167000 (host=0) -- discovery is answered only from here
[dplay] pump #167500 (host=0) -- discovery is answered only from here
[dplay] pump #168000 (host=0) -- discovery is answered only from here
[dplay] pump #168500 (host=0) -- discovery is answered only from here
[dplay] pump #169000 (host=0) -- discovery is answered only from here
[dplay] pump #169500 (host=0) -- discovery is answered only from here
[dplay] pump #170000 (host=0) -- discovery is answered only from here
[dplay] pump #170500 (host=0) -- discovery is answered only from here
[dplay] pump #171000 (host=0) -- discovery is answered only from here
[dplay] pump #171500 (host=0) -- discovery is answered only from here
[dplay] pump #172000 (host=0) -- discovery is answered only from here
[dplay] pump #172500 (host=0) -- discovery is answered only from here
[dplay] pump #173000 (host=0) -- discovery is answered only from here
[dplay] pump #173500 (host=0) -- discovery is answered only from here
[dplay] pump #174000 (host=0) -- discovery is answered only from here
[dplay] pump #174500 (host=0) -- discovery is answered only from here
[dplay] pump #175000 (host=0) -- discovery is answered only from here
[dplay] pump #175500 (host=0) -- discovery is answered only from here
[dplay] pump #176000 (host=0) -- discovery is answered only from here
[dplay] pump #176500 (host=0) -- discovery is answered only from here
[dplay] pump #177000 (host=0) -- discovery is answered only from here
[dplay] pump #177500 (host=0) -- discovery is answered only from here
[dplay] pump #178000 (host=0) -- discovery is answered only from here
[dplay] pump #178500 (host=0) -- discovery is answered only from here
[dplay] pump #179000 (host=0) -- discovery is answered only from here
[dplay] pump #179500 (host=0) -- discovery is answered only from here
[dplay] pump #180000 (host=0) -- discovery is answered only from here
[dplay] pump #180500 (host=0) -- discovery is answered only from here
[dplay] pump #181000 (host=0) -- discovery is answered only from here
[dplay] pump #181500 (host=0) -- discovery is answered only from here
[dplay] pump #182000 (host=0) -- discovery is answered only from here
[dplay] pump #182500 (host=0) -- discovery is answered only from here
[dplay] pump #183000 (host=0) -- discovery is answered only from here
[dplay] pump #183500 (host=0) -- discovery is answered only from here
[dplay] pump #184000 (host=0) -- discovery is answered only from here
[dplay] pump #184500 (host=0) -- discovery is answered only from here
[dplay] pump #185000 (host=0) -- discovery is answered only from here
[dplay] pump #185500 (host=0) -- discovery is answered only from here
[dplay] pump #186000 (host=0) -- discovery is answered only from here
[dplay] pump #186500 (host=0) -- discovery is answered only from here
[dplay] pump #187000 (host=0) -- discovery is answered only from here
[dplay] pump #187500 (host=0) -- discovery is answered only from here
[dplay] pump #188000 (host=0) -- discovery is answered only from here
[dplay] pump #188500 (host=0) -- discovery is answered only from here
[dplay] pump #189000 (host=0) -- discovery is answered only from here
[dplay] pump #189500 (host=0) -- discovery is answered only from here
[dplay] pump #190000 (host=0) -- discovery is answered only from here
[dplay] pump #190500 (host=0) -- discovery is answered only from here
[dplay] pump #191000 (host=0) -- discovery is answered only from here
[dplay] pump #191500 (host=0) -- discovery is answered only from here
[dplay] pump #192000 (host=0) -- discovery is answered only from here
[dplay] pump #192500 (host=0) -- discovery is answered only from here
[dplay] pump #193000 (host=0) -- discovery is answered only from here
[dplay] pump #193500 (host=0) -- discovery is answered only from here
[dplay] pump #194000 (host=0) -- discovery is answered only from here
[dplay] pump #194500 (host=0) -- discovery is answered only from here
[dplay] pump #195000 (host=0) -- discovery is answered only from here
[dplay] pump #195500 (host=0) -- discovery is answered only from here
[dplay] pump #196000 (host=0) -- discovery is answered only from here
[dplay] pump #196500 (host=0) -- discovery is answered only from here
[dplay] pump #197000 (host=0) -- discovery is answered only from here
[dplay] pump #197500 (host=0) -- discovery is answered only from here
[dplay] pump #198000 (host=0) -- discovery is answered only from here
[dplay] pump #198500 (host=0) -- discovery is answered only from here
[dplay] pump #199000 (host=0) -- discovery is answered only from here
[dplay] pump #199500 (host=0) -- discovery is answered only from here
[dplay] pump #200000 (host=0) -- discovery is answered only from here
[dplay] pump #200500 (host=0) -- discovery is answered only from here
[dplay] pump #201000 (host=0) -- discovery is answered only from here
[dplay] pump #201500 (host=0) -- discovery is answered only from here
[dplay] pump #202000 (host=0) -- discovery is answered only from here
[dplay] pump #202500 (host=0) -- discovery is answered only from here
[dplay] pump #203000 (host=0) -- discovery is answered only from here
[dplay] pump #203500 (host=0) -- discovery is answered only from here
[dplay] pump #204000 (host=0) -- discovery is answered only from here
[dplay] pump #204500 (host=0) -- discovery is answered only from here
[dplay] pump #205000 (host=0) -- discovery is answered only from here
[dplay] pump #205500 (host=0) -- discovery is answered only from here
[dplay] pump #206000 (host=0) -- discovery is answered only from here
[dplay] pump #206500 (host=0) -- discovery is answered only from here
[dplay] pump #207000 (host=0) -- discovery is answered only from here
[dplay] pump #207500 (host=0) -- discovery is answered only from here
[dplay] pump #208000 (host=0) -- discovery is answered only from here
[dplay] pump #208500 (host=0) -- discovery is answered only from here
[dplay] pump #209000 (host=0) -- discovery is answered only from here
[dplay] pump #209500 (host=0) -- discovery is answered only from here
[dplay] pump #210000 (host=0) -- discovery is answered only from here
[dplay] pump #210500 (host=0) -- discovery is answered only from here
[dplay] pump #211000 (host=0) -- discovery is answered only from here
[dplay] pump #211500 (host=0) -- discovery is answered only from here
[dplay] pump #212000 (host=0) -- discovery is answered only from here
[dplay] pump #212500 (host=0) -- discovery is answered only from here
[dplay] pump #213000 (host=0) -- discovery is answered only from here
[dplay] pump #213500 (host=0) -- discovery is answered only from here
[dplay] pump #214000 (host=0) -- discovery is answered only from here
[dplay] pump #214500 (host=0) -- discovery is answered only from here
[dplay] pump #215000 (host=0) -- discovery is answered only from here
[dplay] pump #215500 (host=0) -- discovery is answered only from here
[dplay] pump #216000 (host=0) -- discovery is answered only from here
[dplay] pump #216500 (host=0) -- discovery is answered only from here
[dplay] pump #217000 (host=0) -- discovery is answered only from here
[dplay] pump #217500 (host=0) -- discovery is answered only from here
[dplay] pump #218000 (host=0) -- discovery is answered only from here
[dplay] pump #218500 (host=0) -- discovery is answered only from here
[dplay] pump #219000 (host=0) -- discovery is answered only from here
[dplay] pump #219500 (host=0) -- discovery is answered only from here
[dplay] pump #220000 (host=0) -- discovery is answered only from here
[dplay] pump #220500 (host=0) -- discovery is answered only from here
[dplay] pump #221000 (host=0) -- discovery is answered only from here
[dplay] pump #221500 (host=0) -- discovery is answered only from here
[dplay] pump #222000 (host=0) -- discovery is answered only from here
[dplay] pump #222500 (host=0) -- discovery is answered only from here
[dplay] pump #223000 (host=0) -- discovery is answered only from here
[dplay] pump #223500 (host=0) -- discovery is answered only from here
[dplay] received 79 data bytes from pid 3
[dplay] pump #224000 (host=0) -- discovery is answered only from here
[dplay] pump #224500 (host=0) -- discovery is answered only from here
[dplay] pump #225000 (host=0) -- discovery is answered only from here
[dplay] pump #225500 (host=0) -- discovery is answered only from here
[dplay] pump #226000 (host=0) -- discovery is answered only from here
[dplay] pump #226500 (host=0) -- discovery is answered only from here
[dplay] pump #227000 (host=0) -- discovery is answered only from here
[dplay] pump #227500 (host=0) -- discovery is answered only from here
[dplay] pump #228000 (host=0) -- discovery is answered only from here
[dplay] pump #228500 (host=0) -- discovery is answered only from here
[dplay] pump #229000 (host=0) -- discovery is answered only from here
[dplay] pump #229500 (host=0) -- discovery is answered only from here
[dplay] pump #230000 (host=0) -- discovery is answered only from here
[dplay] pump #230500 (host=0) -- discovery is answered only from here
[dplay] pump #231000 (host=0) -- discovery is answered only from here
[dplay] pump #231500 (host=0) -- discovery is answered only from here
[dplay] pump #232000 (host=0) -- discovery is answered only from here
[dplay] pump #232500 (host=0) -- discovery is answered only from here
[dplay] pump #233000 (host=0) -- discovery is answered only from here
[dplay] received 87 data bytes from pid 3
[dplay] pump #233500 (host=0) -- discovery is answered only from here
[dplay] pump #234000 (host=0) -- discovery is answered only from here
[dplay] pump #234500 (host=0) -- discovery is answered only from here
[dplay] pump #235000 (host=0) -- discovery is answered only from here
[dplay] pump #235500 (host=0) -- discovery is answered only from here
[dplay] pump #236000 (host=0) -- discovery is answered only from here
[dplay] pump #236500 (host=0) -- discovery is answered only from here
[dplay] pump #237000 (host=0) -- discovery is answered only from here
[dplay] pump #237500 (host=0) -- discovery is answered only from here
[dplay] pump #238000 (host=0) -- discovery is answered only from here
[dplay] pump #238500 (host=0) -- discovery is answered only from here
[dplay] pump #239000 (host=0) -- discovery is answered only from here
[dplay] pump #239500 (host=0) -- discovery is answered only from here
[dplay] pump #240000 (host=0) -- discovery is answered only from here
[dplay] pump #240500 (host=0) -- discovery is answered only from here
[dplay] pump #241000 (host=0) -- discovery is answered only from here
[dplay] pump #241500 (host=0) -- discovery is answered only from here
[dplay] pump #242000 (host=0) -- discovery is answered only from here
[dplay] pump #242500 (host=0) -- discovery is answered only from here
[dplay] pump #243000 (host=0) -- discovery is answered only from here
[dplay] pump #243500 (host=0) -- discovery is answered only from here
[dplay] received 87 data bytes from pid 3
[dplay] pump #244000 (host=0) -- discovery is answered only from here
[dplay] pump #244500 (host=0) -- discovery is answered only from here
[dplay] pump #245000 (host=0) -- discovery is answered only from here
[dplay] pump #245500 (host=0) -- discovery is answered only from here
[dplay] pump #246000 (host=0) -- discovery is answered only from here
[dplay] pump #246500 (host=0) -- discovery is answered only from here
[dplay] pump #247000 (host=0) -- discovery is answered only from here
[dplay] pump #247500 (host=0) -- discovery is answered only from here
[dplay] pump #248000 (host=0) -- discovery is answered only from here
[dplay] pump #248500 (host=0) -- discovery is answered only from here
[dplay] pump #249000 (host=0) -- discovery is answered only from here
[dplay] pump #249500 (host=0) -- discovery is answered only from here
[dplay] pump #250000 (host=0) -- discovery is answered only from here
[dplay] pump #250500 (host=0) -- discovery is answered only from here
[dplay] pump #251000 (host=0) -- discovery is answered only from here
[dplay] pump #251500 (host=0) -- discovery is answered only from here
[dplay] pump #252000 (host=0) -- discovery is answered only from here
[dplay] pump #252500 (host=0) -- discovery is answered only from here
[dplay] received 87 data bytes from pid 3
[dplay] pump #253000 (host=0) -- discovery is answered only from here
[dplay] pump #253500 (host=0) -- discovery is answered only from here
[dplay] pump #254000 (host=0) -- discovery is answered only from here
[dplay] pump #254500 (host=0) -- discovery is answered only from here
[dplay] pump #255000 (host=0) -- discovery is answered only from here
[dplay] pump #255500 (host=0) -- discovery is answered only from here
[dplay] pump #256000 (host=0) -- discovery is answered only from here
[dplay] pump #256500 (host=0) -- discovery is answered only from here
[dplay] pump #257000 (host=0) -- discovery is answered only from here
[dplay] pump #257500 (host=0) -- discovery is answered only from here
[dplay] pump #258000 (host=0) -- discovery is answered only from here
[dplay] pump #258500 (host=0) -- discovery is answered only from here
[dplay] pump #259000 (host=0) -- discovery is answered only from here
[dplay] pump #259500 (host=0) -- discovery is answered only from here
[dplay] pump #260000 (host=0) -- discovery is answered only from here
[dplay] pump #260500 (host=0) -- discovery is answered only from here
[dplay] pump #261000 (host=0) -- discovery is answered only from here
[dplay] pump #261500 (host=0) -- discovery is answered only from here
[dplay] pump #262000 (host=0) -- discovery is answered only from here
[dplay] pump #262500 (host=0) -- discovery is answered only from here
[dplay] received 95 data bytes from pid 3
[dplay] pump #263000 (host=0) -- discovery is answered only from here
[dplay] pump #263500 (host=0) -- discovery is answered only from here
[dplay] pump #264000 (host=0) -- discovery is answered only from here
[dplay] pump #264500 (host=0) -- discovery is answered only from here
[dplay] pump #265000 (host=0) -- discovery is answered only from here
[dplay] pump #265500 (host=0) -- discovery is answered only from here
[dplay] pump #266000 (host=0) -- discovery is answered only from here
[dplay] pump #266500 (host=0) -- discovery is answered only from here
[dplay] pump #267000 (host=0) -- discovery is answered only from here
[dplay] pump #267500 (host=0) -- discovery is answered only from here
[dplay] pump #268000 (host=0) -- discovery is answered only from here
[dplay] pump #268500 (host=0) -- discovery is answered only from here
[dplay] pump #269000 (host=0) -- discovery is answered only from here
[dplay] pump #269500 (host=0) -- discovery is answered only from here
[dplay] pump #270000 (host=0) -- discovery is answered only from here
[dplay] pump #270500 (host=0) -- discovery is answered only from here
[dplay] pump #271000 (host=0) -- discovery is answered only from here
[dplay] pump #271500 (host=0) -- discovery is answered only from here
[dplay] pump #272000 (host=0) -- discovery is answered only from here
[dplay] pump #272500 (host=0) -- discovery is answered only from here
[dplay] received 103 data bytes from pid 3
[dplay] pump #273000 (host=0) -- discovery is answered only from here
[dplay] pump #273500 (host=0) -- discovery is answered only from here
[dplay] pump #274000 (host=0) -- discovery is answered only from here
[dplay] pump #274500 (host=0) -- discovery is answered only from here
[dplay] pump #275000 (host=0) -- discovery is answered only from here
[dplay] pump #275500 (host=0) -- discovery is answered only from here
[dplay] pump #276000 (host=0) -- discovery is answered only from here
[dplay] pump #276500 (host=0) -- discovery is answered only from here
[dplay] pump #277000 (host=0) -- discovery is answered only from here
[dplay] pump #277500 (host=0) -- discovery is answered only from here
[dplay] pump #278000 (host=0) -- discovery is answered only from here
[dplay] pump #278500 (host=0) -- discovery is answered only from here
[dplay] pump #279000 (host=0) -- discovery is answered only from here
[dplay] pump #279500 (host=0) -- discovery is answered only from here
[dplay] pump #280000 (host=0) -- discovery is answered only from here
[dplay] pump #280500 (host=0) -- discovery is answered only from here
[dplay] pump #281000 (host=0) -- discovery is answered only from here
[dplay] pump #281500 (host=0) -- discovery is answered only from here
[dplay] pump #282000 (host=0) -- discovery is answered only from here
[dplay] pump #282500 (host=0) -- discovery is answered only from here
[dplay] pump #283000 (host=0) -- discovery is answered only from here
[dplay] received 103 data bytes from pid 3
[dplay] pump #283500 (host=0) -- discovery is answered only from here
[dplay] pump #284000 (host=0) -- discovery is answered only from here
[dplay] pump #284500 (host=0) -- discovery is answered only from here
[dplay] pump #285000 (host=0) -- discovery is answered only from here
[dplay] pump #285500 (host=0) -- discovery is answered only from here
[dplay] pump #286000 (host=0) -- discovery is answered only from here
[dplay] pump #286500 (host=0) -- discovery is answered only from here
[dplay] pump #287000 (host=0) -- discovery is answered only from here
[dplay] pump #287500 (host=0) -- discovery is answered only from here
[dplay] pump #288000 (host=0) -- discovery is answered only from here
[dplay] pump #288500 (host=0) -- discovery is answered only from here
[dplay] pump #289000 (host=0) -- discovery is answered only from here
[dplay] pump #289500 (host=0) -- discovery is answered only from here
[dplay] pump #290000 (host=0) -- discovery is answered only from here
[dplay] pump #290500 (host=0) -- discovery is answered only from here
[dplay] pump #291000 (host=0) -- discovery is answered only from here
[dplay] pump #291500 (host=0) -- discovery is answered only from here
[dplay] pump #292000 (host=0) -- discovery is answered only from here
[dplay] pump #292500 (host=0) -- discovery is answered only from here
[dplay] pump #293000 (host=0) -- discovery is answered only from here
[dplay] pump #293500 (host=0) -- discovery is answered only from here
[dplay] received 103 data bytes from pid 3
[dplay] pump #294000 (host=0) -- discovery is answered only from here
[dplay] pump #294500 (host=0) -- discovery is answered only from here
[dplay] pump #295000 (host=0) -- discovery is answered only from here
[dplay] pump #295500 (host=0) -- discovery is answered only from here
[dplay] pump #296000 (host=0) -- discovery is answered only from here
[dplay] pump #296500 (host=0) -- discovery is answered only from here
[dplay] pump #297000 (host=0) -- discovery is answered only from here
[dplay] pump #297500 (host=0) -- discovery is answered only from here
[dplay] pump #298000 (host=0) -- discovery is answered only from here
[dplay] pump #298500 (host=0) -- discovery is answered only from here
[dplay] pump #299000 (host=0) -- discovery is answered only from here
[dplay] pump #299500 (host=0) -- discovery is answered only from here
[dplay] pump #300000 (host=0) -- discovery is answered only from here
[dplay] pump #300500 (host=0) -- discovery is answered only from here
[dplay] pump #301000 (host=0) -- discovery is answered only from here
[dplay] pump #301500 (host=0) -- discovery is answered only from here
[dplay] pump #302000 (host=0) -- discovery is answered only from here
[dplay] pump #302500 (host=0) -- discovery is answered only from here
[dplay] pump #303000 (host=0) -- discovery is answered only from here
[dplay] pump #303500 (host=0) -- discovery is answered only from here
[dplay] pump #304000 (host=0) -- discovery is answered only from here
[dplay] received 103 data bytes from pid 3
[dplay] pump #304500 (host=0) -- discovery is answered only from here
[dplay] pump #305000 (host=0) -- discovery is answered only from here
[dplay] pump #305500 (host=0) -- discovery is answered only from here
[dplay] pump #306000 (host=0) -- discovery is answered only from here
[dplay] pump #306500 (host=0) -- discovery is answered only from here
[dplay] pump #307000 (host=0) -- discovery is answered only from here
[dplay] pump #307500 (host=0) -- discovery is answered only from here
[dplay] pump #308000 (host=0) -- discovery is answered only from here
[dplay] pump #308500 (host=0) -- discovery is answered only from here
[dplay] pump #309000 (host=0) -- discovery is answered only from here
[dplay] pump #309500 (host=0) -- discovery is answered only from here
[dplay] pump #310000 (host=0) -- discovery is answered only from here
[dplay] pump #310500 (host=0) -- discovery is answered only from here
[dplay] pump #311000 (host=0) -- discovery is answered only from here
[dplay] pump #311500 (host=0) -- discovery is answered only from here
[dplay] pump #312000 (host=0) -- discovery is answered only from here
[dplay] pump #312500 (host=0) -- discovery is answered only from here
[dplay] pump #313000 (host=0) -- discovery is answered only from here
[dplay] pump #313500 (host=0) -- discovery is answered only from here
[dplay] pump #314000 (host=0) -- discovery is answered only from here
[dplay] received 103 data bytes from pid 3
[dplay] pump #314500 (host=0) -- discovery is answered only from here
[dplay] pump #315000 (host=0) -- discovery is answered only from here
[dplay] pump #315500 (host=0) -- discovery is answered only from here
[dplay] pump #316000 (host=0) -- discovery is answered only from here
[dplay] pump #316500 (host=0) -- discovery is answered only from here
[dplay] pump #317000 (host=0) -- discovery is answered only from here
[dplay] pump #317500 (host=0) -- discovery is answered only from here
[dplay] pump #318000 (host=0) -- discovery is answered only from here
[dplay] pump #318500 (host=0) -- discovery is answered only from here
[dplay] pump #319000 (host=0) -- discovery is answered only from here
[dplay] pump #319500 (host=0) -- discovery is answered only from here
[dplay] pump #320000 (host=0) -- discovery is answered only from here
[dplay] pump #320500 (host=0) -- discovery is answered only from here
[dplay] pump #321000 (host=0) -- discovery is answered only from here
[dplay] pump #321500 (host=0) -- discovery is answered only from here
[dplay] pump #322000 (host=0) -- discovery is answered only from here
[dplay] pump #322500 (host=0) -- discovery is answered only from here
[dplay] pump #323000 (host=0) -- discovery is answered only from here
[dplay] pump #323500 (host=0) -- discovery is answered only from here
[dplay] pump #324000 (host=0) -- discovery is answered only from here
[dplay] pump #324500 (host=0) -- discovery is answered only from here
[dplay] received 103 data bytes from pid 3
[dplay] pump #325000 (host=0) -- discovery is answered only from here
[dplay] pump #325500 (host=0) -- discovery is answered only from here
[dplay] pump #326000 (host=0) -- discovery is answered only from here
[dplay] pump #326500 (host=0) -- discovery is answered only from here
[dplay] pump #327000 (host=0) -- discovery is answered only from here
[dplay] pump #327500 (host=0) -- discovery is answered only from here
[dplay] pump #328000 (host=0) -- discovery is answered only from here
[dplay] pump #328500 (host=0) -- discovery is answered only from here
[dplay] pump #329000 (host=0) -- discovery is answered only from here
[dplay] pump #329500 (host=0) -- discovery is answered only from here
[dplay] pump #330000 (host=0) -- discovery is answered only from here
[dplay] pump #330500 (host=0) -- discovery is answered only from here
[dplay] pump #331000 (host=0) -- discovery is answered only from here
[dplay] pump #331500 (host=0) -- discovery is answered only from here
[dplay] pump #332000 (host=0) -- discovery is answered only from here
[dplay] pump #332500 (host=0) -- discovery is answered only from here
[dplay] pump #333000 (host=0) -- discovery is answered only from here
[dplay] pump #333500 (host=0) -- discovery is answered only from here
[dplay] pump #334000 (host=0) -- discovery is answered only from here
[dplay] pump #334500 (host=0) -- discovery is answered only from here
[dplay] pump #335000 (host=0) -- discovery is answered only from here
[dplay] received 167 data bytes from pid 3
[agg] StaticTimeProc 49/s  impl=1 host=0 running=1 resync=0 served=0  -> AggregatorGetPackets 0/s
[agg] StaticTimeProc 49/s  impl=1 host=0 running=1 resync=0 served=0  -> AggregatorGetPackets 0/s
[agg] StaticTimeProc 49/s  impl=1 host=0 running=1 resync=0 served=0  -> AggregatorGetPackets 0/s
[agg] StaticTimeProc 50/s  impl=1 host=0 running=1 resync=0 served=0  -> AggregatorGetPackets 0/s
[agg] StaticTimeProc 46/s  impl=1 host=0 running=1 resync=0 served=0  -> AggregatorGetPackets 0/s
[agg] StaticTimeProc 49/s  impl=1 host=0 running=1 resync=0 served=0  -> AggregatorGetPackets 0/s
[agg] StaticTimeProc 50/s  impl=1 host=0 running=1 resync=0 served=0  -> AggregatorGetPackets 0/s
[agg] StaticTimeProc 49/s  impl=1 host=0 running=1 resync=0 served=0  -> AggregatorGetPackets 0/s
[agg] StaticTimeProc 49/s  impl=1 host=0 running=1 resync=0 served=0  -> AggregatorGetPackets 0/s
[agg] StaticTimeProc 49/s  impl=1 host=0 running=1 resync=0 served=0  -> AggregatorGetPackets 0/s
[agg] StaticTimeProc 49/s  impl=1 host=0 running=1 resync=0 served=0  -> AggregatorGetPackets 0/s
[agg] StaticTimeProc 50/s  impl=1 host=0 running=1 resync=0 served=0  -> AggregatorGetPackets 0/s
[agg] StaticTimeProc 49/s  impl=1 host=0 running=1 resync=0 served=0  -> AggregatorGetPackets 0/s
[agg] StaticTimeProc 49/s  impl=1 host=0 running=1 resync=0 served=0  -> AggregatorGetPackets 0/s
[agg] StaticTimeProc 49/s  impl=1 host=0 running=1 resync=0 served=0  -> AggregatorGetPackets 0/s
[agg] StaticTimeProc 49/s  impl=1 host=0 running=1 resync=0 served=0  -> AggregatorGetPackets 0/s
[agg] StaticTimeProc 49/s  impl=1 host=0 running=1 resync=0 served=0  -> AggregatorGetPackets 0/s
[agg] StaticTimeProc 50/s  impl=1 host=0 running=1 resync=0 served=0  -> AggregatorGetPackets 0/s
[agg] StaticTimeProc 49/s  impl=1 host=0 running=1 resync=0 served=0  -> AggregatorGetPackets 0/s
[agg] StaticTimeProc 49/s  impl=1 host=0 running=1 resync=0 served=0  -> AggregatorGetPackets 0/s
[agg] StaticTimeProc 49/s  impl=1 host=0 running=1 resync=0 served=0  -> AggregatorGetPackets 0/s
[agg] StaticTimeProc 50/s  impl=1 host=0 running=1 resync=0 served=0  -> AggregatorGetPackets 0/s
[agg] StaticTimeProc 49/s  impl=1 host=0 running=1 resync=0 served=0  -> AggregatorGetPackets 0/s
[agg] StaticTimeProc 49/s  impl=1 host=0 running=1 resync=0 served=0  -> AggregatorGetPackets 0/s
[agg] StaticTimeProc 49/s  impl=1 host=0 running=1 resync=0 served=0  -> AggregatorGetPackets 0/s
[agg] StaticTimeProc 50/s  impl=1 host=0 running=1 resync=0 served=0  -> AggregatorGetPackets 0/s
[agg] StaticTimeProc 49/s  impl=1 host=0 running=1 resync=0 served=0  -> AggregatorGetPackets 0/s
[agg] StaticTimeProc 49/s  impl=1 host=0 running=1 resync=0 served=0  -> AggregatorGetPackets 0/s
[agg] StaticTimeProc 50/s  impl=1 host=0 running=1 resync=0 served=0  -> AggregatorGetPackets 0/s
[iamin] announcing entry (started with host, Joining=FALSE)
[iamin-wire] SENT from=4 to=2 len=16
[dplay] Send 16 bytes pid 4 -> 2 (ok)
[agg] StaticTimeProc 49/s  impl=1 host=0 running=1 resync=0 served=0  -> AggregatorGetPackets 0/s
[keybind] ./controls.cfg: applied 585 binding(s)
[layout] RTESTSH1: sizeof(Inst3d)=49 sizeof(View3d)=84 tmpinst=0xa4c7130
[layout] STUB3D: sizeof(Inst3d)=49 off(viewedwin)=11 sizeof(View3d)=84 off(timeSinceLastMove)=68 inst=0xa4c7130 viewedwin=0xa8d7f10
[moveloop] iter=0 -> waiting on SEMAPHORE
[moveloop] iter=0 -> got semaphore, waiting on MUTEX
[agg] moveloop HELD until csync (1 steps so far)
[agg] StaticTimeProc 49/s  impl=1 host=0 running=1 resync=0 served=0  -> AggregatorGetPackets 0/s
[agg] moveloop HELD until csync (41 steps so far)
[moveloop] iter=50 -> waiting on SEMAPHORE
[moveloop] iter=50 -> got semaphore, waiting on MUTEX
[agg] StaticTimeProc 49/s  impl=1 host=0 running=1 resync=0 served=0  -> AggregatorGetPackets 0/s
[agg] moveloop HELD until csync (91 steps so far)
[moveloop] iter=100 -> waiting on SEMAPHORE
[moveloop] iter=100 -> got semaphore, waiting on MUTEX
[agg] moveloop HELD until csync (141 steps so far)
[agg] StaticTimeProc 50/s  impl=1 host=0 running=1 resync=0 served=0  -> AggregatorGetPackets 0/s
[moveloop] iter=150 -> waiting on SEMAPHORE
[moveloop] iter=150 -> got semaphore, waiting on MUTEX
[agg] StaticTimeProc 49/s  impl=1 host=0 running=1 resync=0 served=0  -> AggregatorGetPackets 0/s
[agg] moveloop HELD until csync (191 steps so far)
[moveloop] iter=200 -> waiting on SEMAPHORE
[moveloop] iter=200 -> got semaphore, waiting on MUTEX
[agg] StaticTimeProc 49/s  impl=1 host=0 running=1 resync=0 served=0  -> AggregatorGetPackets 0/s
[agg] moveloop HELD until csync (241 steps so far)
[moveloop] iter=250 -> waiting on SEMAPHORE
[moveloop] iter=250 -> got semaphore, waiting on MUTEX
[hw] renderer: hardware (the player's saved choice)
[agg] StaticTimeProc 49/s  impl=1 host=0 running=1 resync=0 served=0  -> AggregatorGetPackets 0/s
[agg] moveloop HELD until csync (291 steps so far)
[moveloop] iter=300 -> waiting on SEMAPHORE
[moveloop] iter=300 -> got semaphore, waiting on MUTEX
[3d] IDirectDraw2::EnumDisplayModes called cb=0x817caae
[3d] wired logicalscreenptr=0xbcb22010 (back-surface bits) NumberOfScreens=1
[3d] XX_SetGraphicsMode: DDCurrMode=0 colourdepth=16 BytesPerPixel=2 masks R=0xf800 G=0x7e0 B=0x1f bitcount=16
[overlay] GetSurfaceDimensions -> 640x480
[overlay] GetSurfaceDimensions -> 640x480
[agg] StaticTimeProc 49/s  impl=1 host=0 running=1 resync=0 served=0  -> AggregatorGetPackets 0/s
[agg] moveloop HELD until csync (341 steps so far)
[moveloop] iter=350 -> waiting on SEMAPHORE
[moveloop] iter=350 -> got semaphore, waiting on MUTEX
[agg] StaticTimeProc 49/s  impl=1 host=0 running=1 resync=0 served=0  -> AggregatorGetPackets 0/s
[agg] moveloop HELD until csync (391 steps so far)
[moveloop] iter=400 -> waiting on SEMAPHORE
[moveloop] iter=400 -> got semaphore, waiting on MUTEX
[agg] StaticTimeProc 50/s  impl=1 host=0 running=1 resync=0 served=0  -> AggregatorGetPackets 0/s
[agg] moveloop HELD until csync (441 steps so far)
[moveloop] iter=450 -> waiting on SEMAPHORE
[moveloop] iter=450 -> got semaphore, waiting on MUTEX
[agg] StaticTimeProc 49/s  impl=1 host=0 running=1 resync=0 served=0  -> AggregatorGetPackets 0/s
[agg] moveloop HELD until csync (491 steps so far)
[moveloop] iter=500 -> waiting on SEMAPHORE
[moveloop] iter=500 -> got semaphore, waiting on MUTEX
[agg] StaticTimeProc 50/s  impl=1 host=0 running=1 resync=0 served=0  -> AggregatorGetPackets 0/s
[agg] moveloop HELD until csync (541 steps so far)
[moveloop] iter=550 -> waiting on SEMAPHORE
[moveloop] iter=550 -> got semaphore, waiting on MUTEX
[agg] StaticTimeProc 49/s  impl=1 host=0 running=1 resync=0 served=0  -> AggregatorGetPackets 0/s
[agg] moveloop HELD until csync (591 steps so far)
[moveloop] iter=600 -> waiting on SEMAPHORE
[moveloop] iter=600 -> got semaphore, waiting on MUTEX
[agg] moveloop HELD until csync (641 steps so far)
[agg] StaticTimeProc 49/s  impl=1 host=0 running=1 resync=0 served=0  -> AggregatorGetPackets 0/s
[moveloop] iter=650 -> waiting on SEMAPHORE
[moveloop] iter=650 -> got semaphore, waiting on MUTEX
[overlay] GetSurfaceDimensions -> 640x480
[agg] StaticTimeProc 48/s  impl=1 host=0 running=1 resync=0 served=0  -> AggregatorGetPackets 0/s
[agg] moveloop HELD until csync (691 steps so far)
[moveloop] iter=700 -> waiting on SEMAPHORE
[moveloop] iter=700 -> got semaphore, waiting on MUTEX
[agg] StaticTimeProc 48/s  impl=1 host=0 running=1 resync=0 served=0  -> AggregatorGetPackets 0/s
[agg] moveloop HELD until csync (741 steps so far)
[moveloop] iter=750 -> waiting on SEMAPHORE
[moveloop] iter=750 -> got semaphore, waiting on MUTEX
[agg] StaticTimeProc 49/s  impl=1 host=0 running=1 resync=0 served=0  -> AggregatorGetPackets 0/s
[agg] moveloop HELD until csync (791 steps so far)
[moveloop] iter=800 -> waiting on SEMAPHORE
[moveloop] iter=800 -> got semaphore, waiting on MUTEX
[agg] StaticTimeProc 49/s  impl=1 host=0 running=1 resync=0 served=0  -> AggregatorGetPackets 0/s
[agg] moveloop HELD until csync (841 steps so far)
[moveloop] iter=850 -> waiting on SEMAPHORE
[moveloop] iter=850 -> got semaphore, waiting on MUTEX
[agg] StaticTimeProc 48/s  impl=1 host=0 running=1 resync=0 served=0  -> AggregatorGetPackets 0/s
[agg] moveloop HELD until csync (891 steps so far)
[iamin-wire] QUEUED from=3 to=2 len=16
[dplay] received 16 data bytes from pid 3
[agg] drained/s:  COMMS.CPP:595 from=3 to=2 len=189 x1  COMMS.CPP:2586 from=3 to=2 len=1024 x2  COMMS.CPP:2586 from=3 to=2 len=189 x1  COMMS.CPP:2586 from=3 to=2 len=29 x1  COMMS.CPP:5098 from=3 to=2 len=524 x2  WINMOVE.CPP:2068 from=3 to=2 len=114 x1  WINMOVE.CPP:2068 from=3 to=2 len=79 x1  WINMOVE.CPP:2068 from=3 to=2 len=87 x4  WINMOVE.CPP:2068 from=3 to=2 len=95 x2  WINMOVE.CPP:2068 from=3 to=2 len=103 x7  WINMOVE.CPP:2068 from=3 to=2 len=167 x2  WINMOVE.CPP:4150 from=3 to=2 len=16 x1
[iamin-wire] DELIVERED caller=WINMOVE.CPP:4150 from=3 to=2 len=16 flags=0x2 toarg=4
[agg] InitSyncPhase received 1 msg/s  aggID=1  From seen: 3
[addplayer] slot=0 actype=0 id=3584 -> ConvertPtrUID FOUND (player will be made visible)
[agg] InitSyncPhase got-agg-packet 0/s  no-packet 1/s
[dplay] pump #335500 (host=0) -- discovery is answered only from here
[dplay] pump #336000 (host=0) -- discovery is answered only from here
[dplay] pump #336500 (host=0) -- discovery is answered only from here
[dplay] pump #337000 (host=0) -- discovery is answered only from here
[dplay] pump #337500 (host=0) -- discovery is answered only from here
[dplay] pump #338000 (host=0) -- discovery is answered only from here
[dplay] pump #338500 (host=0) -- discovery is answered only from here
[dplay] pump #339000 (host=0) -- discovery is answered only from here
[joy] opened 'Logitech Extreme 3D' axes=4 buttons=12 hats=1
[paused] 1 -> 0  caller=0x8384a38
[3d] Launch3d returned; tmpinst=0xa4c7130 tmpview=0xa8d7f10
[moveloop] iter=900 -> waiting on SEMAPHORE
[moveloop] iter=900 -> got semaphore, waiting on MUTEX
[dplay] received 5 data bytes from pid 1
[dplay] received 5 data bytes from pid 1
[dplay] received 5 data bytes from pid 1
[dplay] Send 14 bytes pid 4 -> 1 (ok)
[agg] sent-to-agg/s dummy=1 init=0 other=0 (last other IDCode=-1)  Count=0 FrameCount=0 synched=0 csync=0 res=0
[agg] GATE num=0 CurrPlayers=2  aggCount=0 myFrame=0  IDCodes: 194 194 194 194 194 194 194 194  (DUMMY=196)
[dplay] Send 14 bytes pid 4 -> 1 (ok)
[dplay] Send 14 bytes pid 4 -> 1 (ok)
[dplay] received 14 data bytes from pid 3
[dplay] received 14 data bytes from pid 3
[dplay] received 14 data bytes from pid 3
[dplay] received 5 data bytes from pid 1
[dplay] received 14 data bytes from pid 3
[dplay] Send 14 bytes pid 4 -> 1 (ok)
[dplay] received 5 data bytes from pid 1
[dplay] received 14 data bytes from pid 3
[dplay] Send 14 bytes pid 4 -> 1 (ok)
[dplay] received 5 data bytes from pid 1
[dplay] received 14 data bytes from pid 3
[dplay] Send 14 bytes pid 4 -> 1 (ok)
[dplay] received 5 data bytes from pid 1
[dplay] received 14 data bytes from pid 3
[dplay] Send 14 bytes pid 4 -> 1 (ok)
[dplay] received 5 data bytes from pid 1
[dplay] received 14 data bytes from pid 3
[dplay] Send 14 bytes pid 4 -> 1 (ok)
[dplay] received 33 data bytes from pid 1
[dplay] received 14 data bytes from pid 3
[dplay] Send 14 bytes pid 4 -> 1 (ok)
[dplay] received 33 data bytes from pid 1
[dplay] received 14 data bytes from pid 3
[dplay] Send 14 bytes pid 4 -> 1 (ok)
[agg] GATE2 num=0 CurrPlayers=2  aggCount=9 myFrame=10  IDCodes: 196 196 194 194 194 194 194 194  (INITPACK=195)
[dplay] received 33 data bytes from pid 1
[dplay] Send 14 bytes pid 4 -> 1 (ok)
[movegate] cycle=0 timeout=0 accelcountdown=1 accel=0
[movestep] cycle=0 paused=0 num=1
[dplay] received 14 data bytes from pid 3
[peer] uid=3584 found=1 visible=1 dead=0 range=226m
[self] uid=3585 visible=1 dead=0
[accnt] CHANGE at call 0: aircraft=8 MAX=8 visible=2 dead=6
[accnt] aircraft in this world: now=8 MAX=8 visible=2 dead=6 (frame sample #0)
[hatbtn] dwData=0xffffffff base=292 pressing=8 -> raw -1
[timeproc] tick=7935 instances=1 currinst=0xa4c7130
[dplay] received 33 data bytes from pid 1
[hatbtn] dwData=0xffffffff base=292 pressing=8 -> raw -1
[dplay] Send 14 bytes pid 4 -> 1 (ok)
[dplay] received 14 data bytes from pid 3
[dplay] received 33 data bytes from pid 1
[dplay] Send 14 bytes pid 4 -> 1 (ok)
[dplay] received 14 data bytes from pid 3
[dplay] received 33 data bytes from pid 1
[dplay] Send 14 bytes pid 4 -> 1 (ok)
[agg] StaticTimeProc 49/s  impl=1 host=0 running=1 resync=0 served=0  -> AggregatorGetPackets 0/s
[dplay] received 14 data bytes from pid 3
[dplay] received 33 data bytes from pid 1
[agg] drained/s:  WINMOVE.CPP:4150 from=1 to=2 len=5 x8  WINMOVE.CPP:4150 from=3 to=1 len=14 x14  WINMOVE.CPP:4150 from=1 to=2 len=33 x2  WINMOVE.CPP:4346 from=3 to=1 len=14 x2  WINMOVE.CPP:4346 from=1 to=2 len=33 x4  WINMOVE.CPP:4941 from=3 to=1 len=14 x4  WINMOVE.CPP:4941 from=1 to=2 len=33 x6
[dplay] received 14 data bytes from pid 3
[dplay] Send 14 bytes pid 4 -> 1 (ok)
[agg] sent-to-agg/s dummy=8 init=2 other=4 (last other IDCode=207)  Count=15 FrameCount=16 synched=1 csync=1 res=0
[dplay] received 33 data bytes from pid 1
[dplay] Send 14 bytes pid 4 -> 1 (ok)
[dplay] received 14 data bytes from pid 3
[dplay] received 33 data bytes from pid 1
[mfctimer] fire #5000 wnd=0x930e456 id=2378
[moveloop] iter=950 -> waiting on SEMAPHORE
[moveloop] iter=950 -> got semaphore, waiting on MUTEX
[dplay] Send 14 bytes pid 4 -> 1 (ok)
[dplay] received 14 data bytes from pid 3
[dplay] received 33 data bytes from pid 1
[dplay] Send 14 bytes pid 4 -> 1 (ok)
[dplay] received 14 data bytes from pid 3
[dplay] received 33 data bytes from pid 1
[dplay] Send 14 bytes pid 4 -> 1 (ok)
[dplay] received 14 data bytes from pid 3
[dplay] received 33 data bytes from pid 1
[dplay] Send 14 bytes pid 4 -> 1 (ok)
[dplay] received 14 data bytes from pid 3
[dplay] received 33 data bytes from pid 1
[dplay] Send 14 bytes pid 4 -> 1 (ok)
[dplay] received 14 data bytes from pid 3
[dplay] received 33 data bytes from pid 1
[dplay] Send 14 bytes pid 4 -> 1 (ok)
[dplay] received 14 data bytes from pid 3
[dplay] received 33 data bytes from pid 1
[dplay] Send 14 bytes pid 4 -> 1 (ok)
[dplay] received 14 data bytes from pid 3
[dplay] received 33 data bytes from pid 1
[dplay] Send 14 bytes pid 4 -> 1 (ok)
[dplay] received 14 data bytes from pid 3
[dplay] received 33 data bytes from pid 1
[dplay] Send 14 bytes pid 4 -> 1 (ok)
[dplay] received 14 data bytes from pid 3
[dplay] received 33 data bytes from pid 1
[dplay] Send 14 bytes pid 4 -> 1 (ok)
[dplay] received 14 data bytes from pid 3
[dplay] received 33 data bytes from pid 1
[agg] StaticTimeProc 49/s  impl=1 host=0 running=1 resync=0 served=0  -> AggregatorGetPackets 0/s
[dplay] Send 14 bytes pid 4 -> 1 (ok)
[agg] sent-to-agg/s dummy=0 init=0 other=12 (last other IDCode=207)  Count=27 FrameCount=28 synched=1 csync=1 res=0
[dplay] received 14 data bytes from pid 3
[dplay] received 33 data bytes from pid 1
[agg] drained/s:  WINMOVE.CPP:4941 from=3 to=1 len=14 x13  WINMOVE.CPP:4941 from=1 to=2 len=33 x26
[timeproc] tick=8000 instances=1 currinst=0xa4c7130
[dplay] Send 14 bytes pid 4 -> 1 (ok)
[dplay] received 14 data bytes from pid 3
[dplay] received 33 data bytes from pid 1
[dplay] Send 14 bytes pid 4 -> 1 (ok)
[moveloop] iter=1000 -> waiting on SEMAPHORE
[moveloop] iter=1000 -> got semaphore, waiting on MUTEX
[dplay] received 14 data bytes from pid 3
[dplay] received 33 data bytes from pid 1
[dplay] Send 14 bytes pid 4 -> 1 (ok)
[dplay] received 14 data bytes from pid 3
[dplay] received 33 data bytes from pid 1
[dplay] Send 14 bytes pid 4 -> 1 (ok)
[dplay] received 14 data bytes from pid 3
[dplay] received 33 data bytes from pid 1
[dplay] Send 14 bytes pid 4 -> 1 (ok)
[dplay] received 14 data bytes from pid 3
[dplay] received 33 data bytes from pid 1
[dplay] Send 14 bytes pid 4 -> 1 (ok)
[dplay] received 14 data bytes from pid 3
[dplay] received 33 data bytes from pid 1
[dplay] Send 14 bytes pid 4 -> 1 (ok)
[dplay] received 14 data bytes from pid 3
[dplay] received 33 data bytes from pid 1
[dplay] Send 14 bytes pid 4 -> 1 (ok)
[dplay] received 14 data bytes from pid 3
[dplay] received 33 data bytes from pid 1
[dplay] pump #339500 (host=0) -- discovery is answered only from here
[mfctimer] fire #5500 wnd=0x930e456 id=2378
[dplay] Send 14 bytes pid 4 -> 1 (ok)
[dplay] received 14 data bytes from pid 3
[dplay] received 33 data bytes from pid 1
[dplay] Send 14 bytes pid 4 -> 1 (ok)
[dplay] received 14 data bytes from pid 3
[dplay] received 33 data bytes from pid 1
[dplay] Send 14 bytes pid 4 -> 1 (ok)
[dplay] received 14 data bytes from pid 3
[dplay] received 33 data bytes from pid 1
[dplay] Send 14 bytes pid 4 -> 1 (ok)
[agg] StaticTimeProc 50/s  impl=1 host=0 running=1 resync=0 served=0  -> AggregatorGetPackets 0/s
[dplay] received 14 data bytes from pid 3
[dplay] received 33 data bytes from pid 1
[agg] drained/s:  WINMOVE.CPP:4941 from=3 to=1 len=14 x12  WINMOVE.CPP:4941 from=1 to=2 len=33 x24
[dplay] Send 14 bytes pid 4 -> 1 (ok)
[agg] sent-to-agg/s dummy=0 init=0 other=13 (last other IDCode=207)  Count=40 FrameCount=41 synched=1 csync=1 res=0
[dplay] received 14 data bytes from pid 3
[dplay] received 33 data bytes from pid 1
[dplay] Send 14 bytes pid 4 -> 1 (ok)
[dplay] received 14 data bytes from pid 3
[dplay] received 33 data bytes from pid 1
[moveloop] iter=1050 -> waiting on SEMAPHORE
[moveloop] iter=1050 -> got semaphore, waiting on MUTEX
[dplay] Send 14 bytes pid 4 -> 1 (ok)
[dplay] received 14 data bytes from pid 3
[dplay] received 33 data bytes from pid 1
[dplay] Send 14 bytes pid 4 -> 1 (ok)
[dplay] received 14 data bytes from pid 3
[dplay] received 33 data bytes from pid 1
[dplay] Send 14 bytes pid 4 -> 1 (ok)
[dplay] received 14 data bytes from pid 3
[dplay] received 33 data bytes from pid 1
[dplay] Send 14 bytes pid 4 -> 1 (ok)
[dplay] received 14 data bytes from pid 3
[dplay] received 33 data bytes from pid 1
[dplay] Send 14 bytes pid 4 -> 1 (ok)
[dplay] received 14 data bytes from pid 3
[dplay] received 33 data bytes from pid 1
[dplay] Send 14 bytes pid 4 -> 1 (ok)
[dplay] received 14 data bytes from pid 3
[dplay] received 33 data bytes from pid 1
[dplay] Send 14 bytes pid 4 -> 1 (ok)
[dplay] received 14 data bytes from pid 3
[dplay] received 33 data bytes from pid 1
[dplay] Send 14 bytes pid 4 -> 1 (ok)
[dplay] received 14 data bytes from pid 3
[dplay] received 33 data bytes from pid 1
[dplay] Send 14 bytes pid 4 -> 1 (ok)
[dplay] received 14 data bytes from pid 3
[dplay] received 33 data bytes from pid 1
[dplay] Send 14 bytes pid 4 -> 1 (ok)
[agg] StaticTimeProc 49/s  impl=1 host=0 running=1 resync=0 served=0  -> AggregatorGetPackets 0/s
[dplay] received 14 data bytes from pid 3
[dplay] received 33 data bytes from pid 1
[agg] drained/s:  WINMOVE.CPP:4941 from=3 to=1 len=14 x12  WINMOVE.CPP:4941 from=1 to=2 len=33 x24
[dplay] Send 14 bytes pid 4 -> 1 (ok)
[agg] sent-to-agg/s dummy=0 init=0 other=12 (last other IDCode=207)  Count=52 FrameCount=53 synched=1 csync=1 res=0
[dplay] received 14 data bytes from pid 3
[dplay] received 33 data bytes from pid 1
[dplay] Send 14 bytes pid 4 -> 1 (ok)
[dplay] received 14 data bytes from pid 3
[dplay] received 33 data bytes from pid 1
[dplay] Send 14 bytes pid 4 -> 1 (ok)
[moveloop] iter=1100 -> waiting on SEMAPHORE
[moveloop] iter=1100 -> got semaphore, waiting on MUTEX
[dplay] received 14 data bytes from pid 3
[dplay] received 33 data bytes from pid 1
[dplay] Send 14 bytes pid 4 -> 1 (ok)
[mfctimer] fire #6000 wnd=0x930e456 id=2378
[dplay] received 14 data bytes from pid 3
[dplay] received 33 data bytes from pid 1
[dplay] Send 14 bytes pid 4 -> 1 (ok)
[dplay] received 14 data bytes from pid 3
[dplay] received 33 data bytes from pid 1
[dplay] Send 14 bytes pid 4 -> 1 (ok)
[dplay] received 14 data bytes from pid 3
[dplay] received 33 data bytes from pid 1
[dplay] Send 14 bytes pid 4 -> 1 (ok)
[dplay] received 14 data bytes from pid 3
[dplay] received 33 data bytes from pid 1
[dplay] Send 14 bytes pid 4 -> 1 (ok)
[dplay] received 14 data bytes from pid 3
[dplay] received 33 data bytes from pid 1
[dplay] Send 14 bytes pid 4 -> 1 (ok)
[dplay] received 14 data bytes from pid 3
[dplay] received 33 data bytes from pid 1
[dplay] Send 14 bytes pid 4 -> 1 (ok)
[dplay] received 14 data bytes from pid 3
[dplay] received 33 data bytes from pid 1
[dplay] Send 14 bytes pid 4 -> 1 (ok)
[dplay] received 14 data bytes from pid 3
[dplay] received 33 data bytes from pid 1
[dplay] Send 14 bytes pid 4 -> 1 (ok)
[dplay] received 14 data bytes from pid 3
[dplay] received 33 data bytes from pid 1
[dplay] Send 14 bytes pid 4 -> 1 (ok)
[dplay] received 14 data bytes from pid 3
[dplay] received 33 data bytes from pid 1
[agg] drained/s:  WINMOVE.CPP:4941 from=3 to=1 len=14 x13  WINMOVE.CPP:4941 from=1 to=2 len=33 x26
[agg] StaticTimeProc 50/s  impl=1 host=0 running=1 resync=0 served=0  -> AggregatorGetPackets 0/s
[dplay] Send 14 bytes pid 4 -> 1 (ok)
[agg] sent-to-agg/s dummy=0 init=0 other=13 (last other IDCode=207)  Count=65 FrameCount=66 synched=1 csync=1 res=0
[dplay] received 14 data bytes from pid 3
[dplay] received 33 data bytes from pid 1
[dplay] Send 14 bytes pid 4 -> 1 (ok)
[dplay] received 14 data bytes from pid 3
[dplay] received 33 data bytes from pid 1
[moveloop] iter=1150 -> waiting on SEMAPHORE
[moveloop] iter=1150 -> got semaphore, waiting on MUTEX
[dplay] Send 14 bytes pid 4 -> 1 (ok)
[dplay] received 14 data bytes from pid 3
[dplay] received 33 data bytes from pid 1
[dplay] Send 14 bytes pid 4 -> 1 (ok)
[dplay] received 14 data bytes from pid 3
[dplay] received 33 data bytes from pid 1
[dplay] Send 14 bytes pid 4 -> 1 (ok)
[dplay] received 14 data bytes from pid 3
[dplay] received 33 data bytes from pid 1
[dplay] Send 14 bytes pid 4 -> 1 (ok)
[dplay] received 14 data bytes from pid 3
[dplay] received 33 data bytes from pid 1
[dplay] Send 14 bytes pid 4 -> 1 (ok)
[dplay] received 14 data bytes from pid 3
[dplay] received 33 data bytes from pid 1
[dplay] Send 14 bytes pid 4 -> 1 (ok)
[dplay] received 14 data bytes from pid 3
[dplay] received 33 data bytes from pid 1
[dplay] Send 14 bytes pid 4 -> 1 (ok)
[dplay] received 14 data bytes from pid 3
[dplay] received 33 data bytes from pid 1
[movegate] cycle=250 timeout=0 accelcountdown=1 accel=0
[movestep] cycle=250 paused=0 num=1
[dplay] Send 14 bytes pid 4 -> 1 (ok)
[dplay] received 14 data bytes from pid 3
[dplay] received 33 data bytes from pid 1
[mfctimer] fire #6500 wnd=0x930e456 id=2378
[dplay] Send 14 bytes pid 4 -> 1 (ok)
[dplay] received 14 data bytes from pid 3
[dplay] received 33 data bytes from pid 1
[dplay] Send 14 bytes pid 4 -> 1 (ok)
[dplay] received 14 data bytes from pid 3
[dplay] received 33 data bytes from pid 1
[agg] StaticTimeProc 49/s  impl=1 host=0 running=1 resync=0 served=0  -> AggregatorGetPackets 0/s
[dplay] Send 14 bytes pid 4 -> 1 (ok)
[agg] sent-to-agg/s dummy=0 init=0 other=12 (last other IDCode=207)  Count=77 FrameCount=78 synched=1 csync=1 res=0
[dplay] received 14 data bytes from pid 3
[dplay] received 33 data bytes from pid 1
[agg] drained/s:  WINMOVE.CPP:4941 from=3 to=1 len=14 x13  WINMOVE.CPP:4941 from=1 to=2 len=33 x26
[dplay] Send 14 bytes pid 4 -> 1 (ok)
[dplay] received 14 data bytes from pid 3
[dplay] received 33 data bytes from pid 1
[dplay] Send 14 bytes pid 4 -> 1 (ok)
[moveloop] iter=1200 -> waiting on SEMAPHORE
[moveloop] iter=1200 -> got semaphore, waiting on MUTEX
[dplay] received 14 data bytes from pid 3
[dplay] received 33 data bytes from pid 1
[dplay] Send 14 bytes pid 4 -> 1 (ok)
[dplay] received 14 data bytes from pid 3
[dplay] received 33 data bytes from pid 1
[dplay] Send 14 bytes pid 4 -> 1 (ok)
[dplay] received 14 data bytes from pid 3
[dplay] received 33 data bytes from pid 1
[dplay] Send 14 bytes pid 4 -> 1 (ok)
[dplay] received 14 data bytes from pid 3
[dplay] received 33 data bytes from pid 1
[dplay] Send 14 bytes pid 4 -> 1 (ok)
[dplay] received 14 data bytes from pid 3
[dplay] received 33 data bytes from pid 1
[dplay] Send 14 bytes pid 4 -> 1 (ok)
[dplay] received 14 data bytes from pid 3
[dplay] received 33 data bytes from pid 1
[dplay] Send 14 bytes pid 4 -> 1 (ok)
[dplay] received 14 data bytes from pid 3
[dplay] received 33 data bytes from pid 1
[dplay] Send 14 bytes pid 4 -> 1 (ok)
[dplay] received 14 data bytes from pid 3
[dplay] received 33 data bytes from pid 1
[dplay] Send 14 bytes pid 4 -> 1 (ok)
[dplay] received 14 data bytes from pid 3
[dplay] received 33 data bytes from pid 1
[dplay] Send 14 bytes pid 4 -> 1 (ok)
[dplay] received 14 data bytes from pid 3
[dplay] received 33 data bytes from pid 1
[dplay] Send 14 bytes pid 4 -> 1 (ok)
[agg] StaticTimeProc 49/s  impl=1 host=0 running=1 resync=0 served=0  -> AggregatorGetPackets 0/s
[dplay] received 14 data bytes from pid 3
[dplay] received 33 data bytes from pid 1
[agg] drained/s:  WINMOVE.CPP:4941 from=3 to=1 len=14 x12  WINMOVE.CPP:4941 from=1 to=2 len=33 x24
[dplay] Send 14 bytes pid 4 -> 1 (ok)
[agg] sent-to-agg/s dummy=0 init=0 other=13 (last other IDCode=207)  Count=90 FrameCount=91 synched=1 csync=1 res=0
[dplay] received 14 data bytes from pid 3
[dplay] received 33 data bytes from pid 1
[dplay] Send 14 bytes pid 4 -> 1 (ok)
[timeproc] tick=8250 instances=1 currinst=0xa4c7130
[dplay] received 14 data bytes from pid 3
[dplay] received 33 data bytes from pid 1
[moveloop] iter=1250 -> waiting on SEMAPHORE
[moveloop] iter=1250 -> got semaphore, waiting on MUTEX
[dplay] Send 14 bytes pid 4 -> 1 (ok)
[dplay] received 14 data bytes from pid 3
[dplay] received 33 data bytes from pid 1
[dplay] Send 14 bytes pid 4 -> 1 (ok)
[dplay] received 14 data bytes from pid 3
[dplay] received 33 data bytes from pid 1
[mfctimer] fire #7000 wnd=0x930e456 id=2378
[dplay] Send 14 bytes pid 4 -> 1 (ok)
[dplay] received 14 data bytes from pid 3
[dplay] received 33 data bytes from pid 1
[dplay] Send 14 bytes pid 4 -> 1 (ok)
[dplay] received 14 data bytes from pid 3
[dplay] received 33 data bytes from pid 1
[dplay] Send 14 bytes pid 4 -> 1 (ok)
[dplay] received 14 data bytes from pid 3
[dplay] received 33 data bytes from pid 1
[dplay] Send 14 bytes pid 4 -> 1 (ok)
[dplay] received 14 data bytes from pid 3
[dplay] received 33 data bytes from pid 1
[dplay] Send 14 bytes pid 4 -> 1 (ok)
[dplay] received 14 data bytes from pid 3
[dplay] received 33 data bytes from pid 1
[dplay] Send 14 bytes pid 4 -> 1 (ok)
[dplay] received 14 data bytes from pid 3
[dplay] received 33 data bytes from pid 1
[dplay] Send 14 bytes pid 4 -> 1 (ok)
[dplay] received 14 data bytes from pid 3
[dplay] received 33 data bytes from pid 1
[dplay] Send 14 bytes pid 4 -> 1 (ok)
[dplay] received 14 data bytes from pid 3
[dplay] received 33 data bytes from pid 1
[agg] StaticTimeProc 49/s  impl=1 host=0 running=1 resync=0 served=0  -> AggregatorGetPackets 0/s
[dplay] Send 14 bytes pid 4 -> 1 (ok)
[agg] sent-to-agg/s dummy=0 init=0 other=12 (last other IDCode=207)  Count=102 FrameCount=103 synched=1 csync=1 res=0
[dplay] received 14 data bytes from pid 3
[dplay] received 33 data bytes from pid 1
[agg] drained/s:  WINMOVE.CPP:4941 from=3 to=1 len=14 x13  WINMOVE.CPP:4941 from=1 to=2 len=33 x26
[dplay] Send 14 bytes pid 4 -> 1 (ok)
[dplay] received 14 data bytes from pid 3
[dplay] received 33 data bytes from pid 1
[dplay] Send 14 bytes pid 4 -> 1 (ok)
[moveloop] iter=1300 -> waiting on SEMAPHORE
[moveloop] iter=1300 -> got semaphore, waiting on MUTEX
[dplay] received 14 data bytes from pid 3
[dplay] received 33 data bytes from pid 1
[dplay] received 14 data bytes from pid 3
[dplay] received 19 data bytes from pid 1
[dplay] received 14 data bytes from pid 3
[dplay] received 19 data bytes from pid 1
[dplay] received 14 data bytes from pid 3
[dplay] Send 14 bytes pid 4 -> 1 (ok)
[dplay] received 33 data bytes from pid 1
[dplay] received 14 data bytes from pid 3
[dplay] pump #340000 (host=0) -- discovery is answered only from here
[dplay] Send 14 bytes pid 4 -> 1 (ok)
[dplay] received 33 data bytes from pid 1
[dplay] received 14 data bytes from pid 3
[dplay] Send 14 bytes pid 4 -> 1 (ok)
[dplay] received 33 data bytes from pid 1
[dplay] received 14 data bytes from pid 3
[dplay] Send 14 bytes pid 4 -> 1 (ok)
[dplay] received 33 data bytes from pid 1
[dplay] received 14 data bytes from pid 3
[dplay] Send 14 bytes pid 4 -> 1 (ok)
[dplay] received 33 data bytes from pid 1
[dplay] received 14 data bytes from pid 3
[dplay] Send 14 bytes pid 4 -> 1 (ok)
[dplay] received 33 data bytes from pid 1
[mfctimer] fire #7500 wnd=0x930e456 id=2378
[dplay] received 14 data bytes from pid 3
[dplay] Send 14 bytes pid 4 -> 1 (ok)
[dplay] received 33 data bytes from pid 1
[dplay] received 14 data bytes from pid 3
[agg] drained/s:  WINMOVE.CPP:4941 from=3 to=1 len=14 x12  WINMOVE.CPP:4941 from=1 to=2 len=33 x20  WINMOVE.CPP:4941 from=1 to=2 len=19 x3
[agg] StaticTimeProc 50/s  impl=1 host=0 running=1 resync=0 served=0  -> AggregatorGetPackets 0/s
[dplay] Send 14 bytes pid 4 -> 1 (ok)
[agg] sent-to-agg/s dummy=0 init=0 other=10 (last other IDCode=207)  Count=112 FrameCount=113 synched=1 csync=1 res=0
[dplay] received 33 data bytes from pid 1
[dplay] received 14 data bytes from pid 3
[dplay] Send 14 bytes pid 4 -> 1 (ok)
[dplay] received 33 data bytes from pid 1
[dplay] received 14 data bytes from pid 3
[dplay] Send 14 bytes pid 4 -> 1 (ok)
[dplay] received 33 data bytes from pid 1
[dplay] received 14 data bytes from pid 3
[dplay] Send 14 bytes pid 4 -> 1 (ok)
[dplay] received 33 data bytes from pid 1
[dplay] received 14 data bytes from pid 3
[dplay] Send 14 bytes pid 4 -> 1 (ok)
[dplay] received 33 data bytes from pid 1
[moveloop] iter=1350 -> waiting on SEMAPHORE
[moveloop] iter=1350 -> got semaphore, waiting on MUTEX
[dplay] received 14 data bytes from pid 3
[dplay] Send 14 bytes pid 4 -> 1 (ok)
[dplay] received 33 data bytes from pid 1
[dplay] received 14 data bytes from pid 3
[dplay] Send 14 bytes pid 4 -> 1 (ok)
[dplay] received 33 data bytes from pid 1
[dplay] received 14 data bytes from pid 3
[dplay] Send 14 bytes pid 4 -> 1 (ok)
[dplay] received 33 data bytes from pid 1
[dplay] received 14 data bytes from pid 3
[dplay] Send 14 bytes pid 4 -> 1 (ok)
[dplay] received 33 data bytes from pid 1
[dplay] received 14 data bytes from pid 3
[dplay] Send 14 bytes pid 4 -> 1 (ok)
[dplay] received 33 data bytes from pid 1
[dplay] received 14 data bytes from pid 3
[dplay] Send 14 bytes pid 4 -> 1 (ok)
[dplay] received 33 data bytes from pid 1
[dplay] received 14 data bytes from pid 3
[dplay] Send 14 bytes pid 4 -> 1 (ok)
[dplay] received 33 data bytes from pid 1
[dplay] received 14 data bytes from pid 3
[dplay] Send 14 bytes pid 4 -> 1 (ok)
[dplay] received 33 data bytes from pid 1
[agg] drained/s:  WINMOVE.CPP:4941 from=3 to=1 len=14 x12  WINMOVE.CPP:4941 from=1 to=2 len=33 x25
[agg] StaticTimeProc 49/s  impl=1 host=0 running=1 resync=0 served=0  -> AggregatorGetPackets 0/s
[dplay] received 14 data bytes from pid 3
[dplay] Send 14 bytes pid 4 -> 1 (ok)
[agg] sent-to-agg/s dummy=0 init=0 other=13 (last other IDCode=207)  Count=125 FrameCount=126 synched=1 csync=1 res=0
[dplay] received 33 data bytes from pid 1
[dplay] received 14 data bytes from pid 3
[dplay] Send 14 bytes pid 4 -> 1 (ok)
[dplay] received 33 data bytes from pid 1
[dplay] received 14 data bytes from pid 3
[dplay] received 19 data bytes from pid 1
[dplay] Send 14 bytes pid 4 -> 1 (ok)
[dplay] received 14 data bytes from pid 3
[dplay] received 33 data bytes from pid 1
[dplay] Send 14 bytes pid 4 -> 1 (ok)
[dplay] received 14 data bytes from pid 3
[dplay] received 33 data bytes from pid 1
[dplay] Send 14 bytes pid 4 -> 1 (ok)
[moveloop] iter=1400 -> waiting on SEMAPHORE
[moveloop] iter=1400 -> got semaphore, waiting on MUTEX
[dplay] received 14 data bytes from pid 3
[dplay] received 33 data bytes from pid 1
[mfctimer] fire #8000 wnd=0x930e456 id=2378
[dplay] Send 14 bytes pid 4 -> 1 (ok)
[dplay] received 14 data bytes from pid 3
[dplay] received 33 data bytes from pid 1
[dplay] Send 14 bytes pid 4 -> 1 (ok)
[dplay] received 14 data bytes from pid 3
[dplay] received 33 data bytes from pid 1
[dplay] Send 14 bytes pid 4 -> 1 (ok)
[dplay] received 14 data bytes from pid 3
[dplay] received 33 data bytes from pid 1
[dplay] Send 14 bytes pid 4 -> 1 (ok)
[dplay] received 14 data bytes from pid 3
[dplay] received 33 data bytes from pid 1
[dplay] Send 14 bytes pid 4 -> 1 (ok)
[dplay] received 14 data bytes from pid 3
[dplay] received 33 data bytes from pid 1
[dplay] Send 14 bytes pid 4 -> 1 (ok)
[dplay] received 14 data bytes from pid 3
[dplay] received 33 data bytes from pid 1
[dplay] Send 14 bytes pid 4 -> 1 (ok)
[movegate] cycle=500 timeout=0 accelcountdown=1 accel=0
[movestep] cycle=500 paused=0 num=1
[hatbtn] dwData=0xffffffff base=292 pressing=8 -> raw -1
[agg] StaticTimeProc 49/s  impl=1 host=0 running=1 resync=0 served=0  -> AggregatorGetPackets 0/s
[dplay] received 14 data bytes from pid 3
[agg] drained/s:  WINMOVE.CPP:4941 from=3 to=1 len=14 x13  WINMOVE.CPP:4941 from=1 to=2 len=33 x23  WINMOVE.CPP:4941 from=1 to=2 len=19 x2
[dplay] received 33 data bytes from pid 1
[dplay] Send 14 bytes pid 4 -> 1 (ok)
[agg] sent-to-agg/s dummy=0 init=0 other=12 (last other IDCode=207)  Count=137 FrameCount=138 synched=1 csync=1 res=0
[dplay] received 14 data bytes from pid 3
[dplay] received 33 data bytes from pid 1
[dplay] Send 14 bytes pid 4 -> 1 (ok)
[dplay] received 14 data bytes from pid 3
[dplay] received 33 data bytes from pid 1
[dplay] Send 14 bytes pid 4 -> 1 (ok)
[dplay] received 14 data bytes from pid 3
[dplay] received 33 data bytes from pid 1
[dplay] Send 14 bytes pid 4 -> 1 (ok)
[dplay] received 14 data bytes from pid 3
[dplay] received 33 data bytes from pid 1
[dplay] Send 14 bytes pid 4 -> 1 (ok)
[moveloop] iter=1450 -> waiting on SEMAPHORE
[moveloop] iter=1450 -> got semaphore, waiting on MUTEX
[dplay] received 14 data bytes from pid 3
[dplay] received 33 data bytes from pid 1
[dplay] Send 14 bytes pid 4 -> 1 (ok)
[dplay] received 14 data bytes from pid 3
[dplay] received 33 data bytes from pid 1
[dplay] Send 14 bytes pid 4 -> 1 (ok)
[dplay] received 14 data bytes from pid 3
[dplay] received 33 data bytes from pid 1
[dplay] Send 14 bytes pid 4 -> 1 (ok)
[dplay] received 14 data bytes from pid 3
[dplay] received 33 data bytes from pid 1
[dplay] Send 14 bytes pid 4 -> 1 (ok)
[dplay] received 14 data bytes from pid 3
[dplay] received 33 data bytes from pid 1
[dplay] Send 14 bytes pid 4 -> 1 (ok)
[dplay] received 14 data bytes from pid 3
[dplay] received 33 data bytes from pid 1
[dplay] Send 14 bytes pid 4 -> 1 (ok)
[dplay] received 14 data bytes from pid 3
[dplay] received 33 data bytes from pid 1
[dplay] Send 14 bytes pid 4 -> 1 (ok)
[dplay] received 14 data bytes from pid 3
[dplay] received 33 data bytes from pid 1
[dplay] Send 14 bytes pid 4 -> 1 (ok)
[mfctimer] fire #8500 wnd=0x930e456 id=2378
[agg] StaticTimeProc 50/s  impl=1 host=0 running=1 resync=0 served=0  -> AggregatorGetPackets 0/s
[dplay] received 14 data bytes from pid 3
[dplay] received 33 data bytes from pid 1
[agg] drained/s:  WINMOVE.CPP:4941 from=3 to=1 len=14 x13  WINMOVE.CPP:4941 from=1 to=2 len=33 x26
[dplay] Send 14 bytes pid 4 -> 1 (ok)
[agg] sent-to-agg/s dummy=0 init=0 other=13 (last other IDCode=207)  Count=150 FrameCount=151 synched=1 csync=1 res=0
[dplay] received 14 data bytes from pid 3
[dplay] received 33 data bytes from pid 1
[dplay] Send 14 bytes pid 4 -> 1 (ok)
[dplay] received 14 data bytes from pid 3
[dplay] received 33 data bytes from pid 1
[dplay] Send 14 bytes pid 4 -> 1 (ok)
[timeproc] tick=8500 instances=1 currinst=0xa4c7130
[dplay] received 14 data bytes from pid 3
[dplay] received 33 data bytes from pid 1
[dplay] Send 14 bytes pid 4 -> 1 (ok)
[dplay] received 14 data bytes from pid 3
[dplay] received 33 data bytes from pid 1
[dplay] Send 14 bytes pid 4 -> 1 (ok)
[moveloop] iter=1500 -> waiting on SEMAPHORE
[moveloop] iter=1500 -> got semaphore, waiting on MUTEX
[dplay] received 14 data bytes from pid 3
[dplay] received 33 data bytes from pid 1
[dplay] Send 14 bytes pid 4 -> 1 (ok)
[dplay] received 14 data bytes from pid 3
[dplay] received 33 data bytes from pid 1
[dplay] Send 14 bytes pid 4 -> 1 (ok)
[dplay] received 19 data bytes from pid 1
[dplay] received 14 data bytes from pid 3
[dplay] Send 14 bytes pid 4 -> 1 (ok)
[dplay] received 33 data bytes from pid 1
[dplay] received 14 data bytes from pid 3
[dplay] Send 14 bytes pid 4 -> 1 (ok)
[dplay] received 33 data bytes from pid 1
[dplay] received 14 data bytes from pid 3
[dplay] Send 14 bytes pid 4 -> 1 (ok)
[dplay] received 33 data bytes from pid 1
[dplay] received 14 data bytes from pid 3
[dplay] Send 14 bytes pid 4 -> 1 (ok)
[dplay] received 33 data bytes from pid 1
[dplay] received 14 data bytes from pid 3
[dplay] Send 14 bytes pid 4 -> 1 (ok)
[dplay] received 33 data bytes from pid 1
[accnt] aircraft in this world: now=8 MAX=8 visible=2 dead=6 (frame sample #1)
[agg] StaticTimeProc 49/s  impl=1 host=0 running=1 resync=0 served=0  -> AggregatorGetPackets 0/s
[dplay] received 14 data bytes from pid 3
[agg] drained/s:  WINMOVE.CPP:4941 from=3 to=1 len=14 x12  WINMOVE.CPP:4941 from=1 to=2 len=33 x24  WINMOVE.CPP:4941 from=1 to=2 len=19 x1
[dplay] Send 14 bytes pid 4 -> 1 (ok)
[agg] sent-to-agg/s dummy=0 init=0 other=12 (last other IDCode=207)  Count=162 FrameCount=163 synched=1 csync=1 res=0
[dplay] received 33 data bytes from pid 1
[dplay] received 14 data bytes from pid 3
[dplay] Send 14 bytes pid 4 -> 1 (ok)
[dplay] received 33 data bytes from pid 1
[dplay] received 14 data bytes from pid 3
[dplay] Send 14 bytes pid 4 -> 1 (ok)
[dplay] received 33 data bytes from pid 1
[dplay] received 14 data bytes from pid 3
[dplay] Send 14 bytes pid 4 -> 1 (ok)
[dplay] received 33 data bytes from pid 1
[dplay] received 14 data bytes from pid 3
[dplay] Send 14 bytes pid 4 -> 1 (ok)
[dplay] received 33 data bytes from pid 1
[moveloop] iter=1550 -> waiting on SEMAPHORE
[moveloop] iter=1550 -> got semaphore, waiting on MUTEX
[dplay] received 14 data bytes from pid 3
[dplay] Send 14 bytes pid 4 -> 1 (ok)
[dplay] received 33 data bytes from pid 1
[dplay] received 14 data bytes from pid 3
[dplay] Send 14 bytes pid 4 -> 1 (ok)
[dplay] received 33 data bytes from pid 1
[mfctimer] fire #9000 wnd=0x930e456 id=2378
[dplay] received 14 data bytes from pid 3
[dplay] Send 14 bytes pid 4 -> 1 (ok)
[dplay] received 33 data bytes from pid 1
[dplay] received 14 data bytes from pid 3
[dplay] Send 14 bytes pid 4 -> 1 (ok)
[dplay] received 33 data bytes from pid 1
[dplay] received 14 data bytes from pid 3
[dplay] Send 14 bytes pid 4 -> 1 (ok)
[dplay] received 33 data bytes from pid 1
[dplay] received 14 data bytes from pid 3
[dplay] Send 14 bytes pid 4 -> 1 (ok)
[dplay] received 33 data bytes from pid 1
[dplay] received 14 data bytes from pid 3
[dplay] Send 14 bytes pid 4 -> 1 (ok)
[dplay] received 33 data bytes from pid 1
[dplay] received 14 data bytes from pid 3
[dplay] Send 14 bytes pid 4 -> 1 (ok)
[agg] StaticTimeProc 49/s  impl=1 host=0 running=1 resync=0 served=0  -> AggregatorGetPackets 0/s
[dplay] received 33 data bytes from pid 1
[agg] drained/s:  WINMOVE.CPP:4941 from=3 to=1 len=14 x12  WINMOVE.CPP:4941 from=1 to=2 len=33 x25
[dplay] received 14 data bytes from pid 3
[dplay] Send 14 bytes pid 4 -> 1 (ok)
[agg] sent-to-agg/s dummy=0 init=0 other=13 (last other IDCode=207)  Count=175 FrameCount=176 synched=1 csync=1 res=0
[dplay] received 33 data bytes from pid 1
[dplay] received 14 data bytes from pid 3
[dplay] Send 14 bytes pid 4 -> 1 (ok)
[dplay] received 33 data bytes from pid 1
[dplay] received 14 data bytes from pid 3
[dplay] Send 14 bytes pid 4 -> 1 (ok)
[dplay] received 33 data bytes from pid 1
[dplay] pump #340500 (host=0) -- discovery is answered only from here
[dplay] received 14 data bytes from pid 3
[dplay] Send 14 bytes pid 4 -> 1 (ok)
[dplay] received 33 data bytes from pid 1
[dplay] received 14 data bytes from pid 3
[dplay] Send 14 bytes pid 4 -> 1 (ok)
[moveloop] iter=1600 -> waiting on SEMAPHORE
[moveloop] iter=1600 -> got semaphore, waiting on MUTEX
[dplay] received 33 data bytes from pid 1
[dplay] received 14 data bytes from pid 3
[dplay] Send 14 bytes pid 4 -> 1 (ok)
[dplay] received 33 data bytes from pid 1
[dplay] received 14 data bytes from pid 3
[dplay] Send 14 bytes pid 4 -> 1 (ok)
[dplay] received 33 data bytes from pid 1
[dplay] received 14 data bytes from pid 3
[dplay] Send 14 bytes pid 4 -> 1 (ok)
[dplay] received 33 data bytes from pid 1
[dplay] received 14 data bytes from pid 3
[dplay] Send 14 bytes pid 4 -> 1 (ok)
[dplay] received 33 data bytes from pid 1
[dplay] received 14 data bytes from pid 3
[dplay] Send 14 bytes pid 4 -> 1 (ok)
[dplay] received 33 data bytes from pid 1
[dplay] received 14 data bytes from pid 3
[dplay] Send 14 bytes pid 4 -> 1 (ok)
[dplay] received 33 data bytes from pid 1
[dplay] received 14 data bytes from pid 3
[dplay] Send 14 bytes pid 4 -> 1 (ok)
[dplay] received 33 data bytes from pid 1
[dplay] received 14 data bytes from pid 3
[agg] drained/s:  WINMOVE.CPP:4941 from=3 to=1 len=14 x13  WINMOVE.CPP:4941 from=1 to=2 len=33 x25
[agg] StaticTimeProc 50/s  impl=1 host=0 running=1 resync=0 served=0  -> AggregatorGetPackets 0/s
[dplay] Send 14 bytes pid 4 -> 1 (ok)
[agg] sent-to-agg/s dummy=0 init=0 other=12 (last other IDCode=207)  Count=187 FrameCount=188 synched=1 csync=1 res=0
[dplay] received 33 data bytes from pid 1
[mfctimer] fire #9500 wnd=0x930e456 id=2378
[dplay] received 14 data bytes from pid 3
[dplay] Send 14 bytes pid 4 -> 1 (ok)
[dplay] received 33 data bytes from pid 1
[dplay] received 14 data bytes from pid 3
[dplay] Send 14 bytes pid 4 -> 1 (ok)
[dplay] received 33 data bytes from pid 1
[dplay] received 14 data bytes from pid 3
[dplay] Send 14 bytes pid 4 -> 1 (ok)
[dplay] received 33 data bytes from pid 1
[dplay] received 14 data bytes from pid 3
[dplay] Send 14 bytes pid 4 -> 1 (ok)
[dplay] received 33 data bytes from pid 1
[moveloop] iter=1650 -> waiting on SEMAPHORE
[moveloop] iter=1650 -> got semaphore, waiting on MUTEX
[dplay] received 14 data bytes from pid 3
[dplay] Send 14 bytes pid 4 -> 1 (ok)
[dplay] received 33 data bytes from pid 1
[dplay] received 14 data bytes from pid 3
[dplay] Send 14 bytes pid 4 -> 1 (ok)
[dplay] received 33 data bytes from pid 1
[dplay] received 14 data bytes from pid 3
[dplay] Send 14 bytes pid 4 -> 1 (ok)
[dplay] received 33 data bytes from pid 1
[dplay] received 14 data bytes from pid 3
[dplay] Send 14 bytes pid 4 -> 1 (ok)
[dplay] received 33 data bytes from pid 1
[dplay] received 14 data bytes from pid 3
[dplay] Send 14 bytes pid 4 -> 1 (ok)
[dplay] received 33 data bytes from pid 1
[dplay] received 14 data bytes from pid 3
[dplay] Send 14 bytes pid 4 -> 1 (ok)
[dplay] received 33 data bytes from pid 1
[dplay] received 14 data bytes from pid 3
[dplay] Send 14 bytes pid 4 -> 1 (ok)
[dplay] received 33 data bytes from pid 1
[movegate] cycle=750 timeout=0 accelcountdown=1 accel=0
[movestep] cycle=750 paused=0 num=1
[dplay] received 14 data bytes from pid 3
[dplay] Send 14 bytes pid 4 -> 1 (ok)
[agg] StaticTimeProc 49/s  impl=1 host=0 running=1 resync=0 served=0  -> AggregatorGetPackets 0/s
[dplay] received 33 data bytes from pid 1
[agg] drained/s:  WINMOVE.CPP:4941 from=3 to=1 len=14 x12  WINMOVE.CPP:4941 from=1 to=2 len=33 x25
[dplay] received 14 data bytes from pid 3
[dplay] Send 14 bytes pid 4 -> 1 (ok)
[agg] sent-to-agg/s dummy=0 init=0 other=13 (last other IDCode=207)  Count=200 FrameCount=201 synched=1 csync=1 res=0
[dplay] received 33 data bytes from pid 1
[dplay] received 14 data bytes from pid 3
[dplay] received 19 data bytes from pid 1
[dplay] Send 14 bytes pid 4 -> 1 (ok)
[dplay] received 14 data bytes from pid 3
[dplay] received 33 data bytes from pid 1
[dplay] Send 14 bytes pid 4 -> 1 (ok)
[dplay] received 14 data bytes from pid 3
[dplay] received 33 data bytes from pid 1
[dplay] Send 14 bytes pid 4 -> 1 (ok)
[dplay] received 14 data bytes from pid 3
[dplay] received 33 data bytes from pid 1
[dplay] Send 14 bytes pid 4 -> 1 (ok)
[moveloop] iter=1700 -> waiting on SEMAPHORE
[moveloop] iter=1700 -> got semaphore, waiting on MUTEX
[dplay] received 14 data bytes from pid 3
[dplay] received 33 data bytes from pid 1
[dplay] Send 14 bytes pid 4 -> 1 (ok)
[dplay] received 14 data bytes from pid 3
[dplay] received 33 data bytes from pid 1
[dplay] Send 14 bytes pid 4 -> 1 (ok)
[dplay] received 14 data bytes from pid 3
[dplay] received 33 data bytes from pid 1
[mfctimer] fire #10000 wnd=0x930e456 id=2378
[dplay] Send 14 bytes pid 4 -> 1 (ok)
[dplay] received 14 data bytes from pid 3
[dplay] received 33 data bytes from pid 1
[dplay] Send 14 bytes pid 4 -> 1 (ok)
[dplay] received 14 data bytes from pid 3
[dplay] received 33 data bytes from pid 1
[dplay] Send 14 bytes pid 4 -> 1 (ok)
[dplay] received 14 data bytes from pid 3
[dplay] received 33 data bytes from pid 1
[dplay] Send 14 bytes pid 4 -> 1 (ok)
[dplay] received 14 data bytes from pid 3
[dplay] received 33 data bytes from pid 1
[dplay] Send 14 bytes pid 4 -> 1 (ok)
[agg] StaticTimeProc 49/s  impl=1 host=0 running=1 resync=0 served=0  -> AggregatorGetPackets 0/s
[dplay] received 14 data bytes from pid 3
[agg] drained/s:  WINMOVE.CPP:4941 from=3 to=1 len=14 x13  WINMOVE.CPP:4941 from=1 to=2 len=33 x23  WINMOVE.CPP:4941 from=1 to=2 len=19 x2
[dplay] received 33 data bytes from pid 1
[dplay] Send 14 bytes pid 4 -> 1 (ok)
[agg] sent-to-agg/s dummy=0 init=0 other=12 (last other IDCode=207)  Count=212 FrameCount=213 synched=1 csync=1 res=0
[dplay] received 14 data bytes from pid 3
[dplay] received 33 data bytes from pid 1
[dplay] Send 14 bytes pid 4 -> 1 (ok)
[dplay] received 14 data bytes from pid 3
[dplay] received 33 data bytes from pid 1
[dplay] Send 14 bytes pid 4 -> 1 (ok)
[dplay] received 14 data bytes from pid 3
[dplay] received 33 data bytes from pid 1
[dplay] Send 14 bytes pid 4 -> 1 (ok)
[timeproc] tick=8750 instances=1 currinst=0xa4c7130
[dplay] received 14 data bytes from pid 3
[dplay] received 33 data bytes from pid 1
[dplay] Send 14 bytes pid 4 -> 1 (ok)
[moveloop] iter=1750 -> waiting on SEMAPHORE
[moveloop] iter=1750 -> got semaphore, waiting on MUTEX
[dplay] received 14 data bytes from pid 3
[dplay] received 33 data bytes from pid 1
[dplay] Send 14 bytes pid 4 -> 1 (ok)
[dplay] received 14 data bytes from pid 3
[dplay] received 33 data bytes from pid 1
[dplay] Send 14 bytes pid 4 -> 1 (ok)
[dplay] received 14 data bytes from pid 3
[dplay] received 33 data bytes from pid 1
[dplay] Send 14 bytes pid 4 -> 1 (ok)
[dplay] received 14 data bytes from pid 3
[dplay] received 33 data bytes from pid 1
[dplay] Send 14 bytes pid 4 -> 1 (ok)
[dplay] received 14 data bytes from pid 3
[dplay] received 33 data bytes from pid 1
[dplay] Send 14 bytes pid 4 -> 1 (ok)
[dplay] received 14 data bytes from pid 3
[dplay] received 33 data bytes from pid 1
[dplay] Send 14 bytes pid 4 -> 1 (ok)
[dplay] received 14 data bytes from pid 3
[dplay] received 33 data bytes from pid 1
[dplay] Send 14 bytes pid 4 -> 1 (ok)
[dplay] received 14 data bytes from pid 3
[dplay] received 33 data bytes from pid 1
[dplay] Send 14 bytes pid 4 -> 1 (ok)
[agg] StaticTimeProc 50/s  impl=1 host=0 running=1 resync=0 served=0  -> AggregatorGetPackets 0/s
[dplay] received 14 data bytes from pid 3
[dplay] received 33 data bytes from pid 1
[agg] drained/s:  WINMOVE.CPP:4941 from=3 to=1 len=14 x13  WINMOVE.CPP:4941 from=1 to=2 len=33 x26
[dplay] Send 14 bytes pid 4 -> 1 (ok)
[agg] sent-to-agg/s dummy=0 init=0 other=13 (last other IDCode=207)  Count=225 FrameCount=226 synched=1 csync=1 res=0
[dplay] received 14 data bytes from pid 3
[dplay] received 33 data bytes from pid 1
[dplay] Send 14 bytes pid 4 -> 1 (ok)
[mfctimer] fire #10500 wnd=0x930e456 id=2378
[dplay] received 14 data bytes from pid 3
[dplay] received 33 data bytes from pid 1
[dplay] Send 14 bytes pid 4 -> 1 (ok)
[dplay] received 14 data bytes from pid 3
[dplay] received 33 data bytes from pid 1
[dplay] Send 14 bytes pid 4 -> 1 (ok)
[dplay] received 14 data bytes from pid 3
[dplay] received 33 data bytes from pid 1
[dplay] Send 14 bytes pid 4 -> 1 (ok)
[moveloop] iter=1800 -> waiting on SEMAPHORE
[moveloop] iter=1800 -> got semaphore, waiting on MUTEX
[dplay] received 14 data bytes from pid 3
[dplay] received 33 data bytes from pid 1
[dplay] Send 14 bytes pid 4 -> 1 (ok)
[dplay] received 14 data bytes from pid 3
[dplay] received 33 data bytes from pid 1
[dplay] Send 14 bytes pid 4 -> 1 (ok)
[dplay] received 19 data bytes from pid 1
[dplay] received 14 data bytes from pid 3
[dplay] Send 14 bytes pid 4 -> 1 (ok)
[dplay] received 33 data bytes from pid 1
[dplay] received 14 data bytes from pid 3
[dplay] Send 14 bytes pid 4 -> 1 (ok)
[dplay] received 33 data bytes from pid 1
[dplay] received 14 data bytes from pid 3
[dplay] Send 14 bytes pid 4 -> 1 (ok)
[dplay] received 33 data bytes from pid 1
[dplay] received 14 data bytes from pid 3
[dplay] Send 14 bytes pid 4 -> 1 (ok)
[dplay] received 33 data bytes from pid 1
[dplay] received 14 data bytes from pid 3
[dplay] Send 14 bytes pid 4 -> 1 (ok)
[dplay] received 33 data bytes from pid 1
[agg] StaticTimeProc 49/s  impl=1 host=0 running=1 resync=0 served=0  -> AggregatorGetPackets 0/s
[dplay] received 14 data bytes from pid 3
[agg] drained/s:  WINMOVE.CPP:4941 from=3 to=1 len=14 x12  WINMOVE.CPP:4941 from=1 to=2 len=33 x24  WINMOVE.CPP:4941 from=1 to=2 len=19 x1
[dplay] Send 14 bytes pid 4 -> 1 (ok)
[agg] sent-to-agg/s dummy=0 init=0 other=12 (last other IDCode=207)  Count=237 FrameCount=238 synched=1 csync=1 res=0
[dplay] received 33 data bytes from pid 1
[dplay] received 14 data bytes from pid 3
[dplay] Send 14 bytes pid 4 -> 1 (ok)
[dplay] received 33 data bytes from pid 1
[dplay] received 14 data bytes from pid 3
[dplay] Send 14 bytes pid 4 -> 1 (ok)
[dplay] received 33 data bytes from pid 1
[dplay] received 14 data bytes from pid 3
[dplay] Send 14 bytes pid 4 -> 1 (ok)
[dplay] received 33 data bytes from pid 1
[dplay] received 14 data bytes from pid 3
[dplay] Send 14 bytes pid 4 -> 1 (ok)
[dplay] received 33 data bytes from pid 1
[moveloop] iter=1850 -> waiting on SEMAPHORE
[moveloop] iter=1850 -> got semaphore, waiting on MUTEX
[dplay] received 14 data bytes from pid 3
[dplay] Send 14 bytes pid 4 -> 1 (ok)
[dplay] received 33 data bytes from pid 1
[dplay] received 14 data bytes from pid 3
[dplay] Send 14 bytes pid 4 -> 1 (ok)
[dplay] received 33 data bytes from pid 1
[dplay] received 14 data bytes from pid 3
[dplay] Send 14 bytes pid 4 -> 1 (ok)
[dplay] received 33 data bytes from pid 1
[dplay] received 14 data bytes from pid 3
[dplay] Send 14 bytes pid 4 -> 1 (ok)
[dplay] received 33 data bytes from pid 1
[mfctimer] fire #11000 wnd=0x930e456 id=2378
[dplay] received 14 data bytes from pid 3
[dplay] Send 14 bytes pid 4 -> 1 (ok)
[dplay] received 33 data bytes from pid 1
[dplay] received 14 data bytes from pid 3
[dplay] Send 14 bytes pid 4 -> 1 (ok)
[dplay] received 33 data bytes from pid 1
[dplay] received 14 data bytes from pid 3
[dplay] Send 14 bytes pid 4 -> 1 (ok)
[dplay] received 33 data bytes from pid 1
[dplay] pump #341000 (host=0) -- discovery is answered only from here
[dplay] received 14 data bytes from pid 3
[dplay] Send 14 bytes pid 4 -> 1 (ok)
[dplay] received 33 data bytes from pid 1
[agg] drained/s:  WINMOVE.CPP:4941 from=3 to=1 len=14 x12  WINMOVE.CPP:4941 from=1 to=2 len=33 x25
[agg] StaticTimeProc 50/s  impl=1 host=0 running=1 resync=0 served=0  -> AggregatorGetPackets 0/s
[dplay] received 14 data bytes from pid 3
[dplay] Send 14 bytes pid 4 -> 1 (ok)
[agg] sent-to-agg/s dummy=0 init=0 other=13 (last other IDCode=207)  Count=250 FrameCount=251 synched=1 csync=1 res=0
[dplay] received 33 data bytes from pid 1
[dplay] received 14 data bytes from pid 3
[dplay] Send 14 bytes pid 4 -> 1 (ok)
[dplay] received 33 data bytes from pid 1
[dplay] received 14 data bytes from pid 3
[dplay] Send 14 bytes pid 4 -> 1 (ok)
[dplay] received 33 data bytes from pid 1
[dplay] received 14 data bytes from pid 3
[dplay] Send 14 bytes pid 4 -> 1 (ok)
[dplay] received 33 data bytes from pid 1
[dplay] received 14 data bytes from pid 3
[dplay] Send 14 bytes pid 4 -> 1 (ok)
[moveloop] iter=1900 -> waiting on SEMAPHORE
[moveloop] iter=1900 -> got semaphore, waiting on MUTEX
[dplay] received 33 data bytes from pid 1
[dplay] received 14 data bytes from pid 3
[dplay] Send 14 bytes pid 4 -> 1 (ok)
[dplay] received 33 data bytes from pid 1
[dplay] received 14 data bytes from pid 3
[dplay] Send 14 bytes pid 4 -> 1 (ok)
[dplay] received 33 data bytes from pid 1
[dplay] received 14 data bytes from pid 3
[dplay] Send 14 bytes pid 4 -> 1 (ok)
[dplay] received 33 data bytes from pid 1
[dplay] received 14 data bytes from pid 3
[dplay] Send 14 bytes pid 4 -> 1 (ok)
[dplay] received 33 data bytes from pid 1
[dplay] received 14 data bytes from pid 3
[dplay] Send 14 bytes pid 4 -> 1 (ok)
[dplay] received 33 data bytes from pid 1
[dplay] received 14 data bytes from pid 3
[dplay] Send 14 bytes pid 4 -> 1 (ok)
[dplay] received 33 data bytes from pid 1
[dplay] received 14 data bytes from pid 3
[dplay] Send 14 bytes pid 4 -> 1 (ok)
[movegate] cycle=1000 timeout=0 accelcountdown=1 accel=0
[movestep] cycle=1000 paused=0 num=1
[dplay] received 33 data bytes from pid 1
[hatbtn] dwData=0xffffffff base=292 pressing=8 -> raw -1
[dplay] received 14 data bytes from pid 3
[agg] drained/s:  WINMOVE.CPP:4941 from=3 to=1 len=14 x13  WINMOVE.CPP:4941 from=1 to=2 len=33 x25
[agg] StaticTimeProc 49/s  impl=1 host=0 running=1 resync=0 served=0  -> AggregatorGetPackets 0/s
[dplay] Send 14 bytes pid 4 -> 1 (ok)
[agg] sent-to-agg/s dummy=0 init=0 other=12 (last other IDCode=207)  Count=6 FrameCount=7 synched=1 csync=1 res=0
[dplay] received 33 data bytes from pid 1
[dplay] received 14 data bytes from pid 3
[dplay] Send 14 bytes pid 4 -> 1 (ok)
[dplay] received 33 data bytes from pid 1
[dplay] received 14 data bytes from pid 3
[dplay] Send 14 bytes pid 4 -> 1 (ok)
[dplay] received 33 data bytes from pid 1
[mfctimer] fire #11500 wnd=0x930e456 id=2378
[dplay] received 14 data bytes from pid 3
[dplay] Send 14 bytes pid 4 -> 1 (ok)
[dplay] received 33 data bytes from pid 1
[dplay] received 14 data bytes from pid 3
[dplay] Send 14 bytes pid 4 -> 1 (ok)
[dplay] received 33 data bytes from pid 1
[moveloop] iter=1950 -> waiting on SEMAPHORE
[moveloop] iter=1950 -> got semaphore, waiting on MUTEX
[dplay] received 14 data bytes from pid 3
[dplay] Send 14 bytes pid 4 -> 1 (ok)
[dplay] received 33 data bytes from pid 1
[dplay] received 14 data bytes from pid 3
[dplay] Send 14 bytes pid 4 -> 1 (ok)
[dplay] received 33 data bytes from pid 1
[dplay] received 14 data bytes from pid 3
[dplay] Send 14 bytes pid 4 -> 1 (ok)
[dplay] received 33 data bytes from pid 1
[dplay] received 14 data bytes from pid 3
[dplay] Send 14 bytes pid 4 -> 1 (ok)
[dplay] received 33 data bytes from pid 1
[dplay] received 14 data bytes from pid 3
[dplay] Send 14 bytes pid 4 -> 1 (ok)
[dplay] received 33 data bytes from pid 1
[dplay] received 14 data bytes from pid 3
[dplay] Send 14 bytes pid 4 -> 1 (ok)
[dplay] received 33 data bytes from pid 1
[dplay] received 14 data bytes from pid 3
[dplay] Send 14 bytes pid 4 -> 1 (ok)
[dplay] received 33 data bytes from pid 1
[dplay] received 14 data bytes from pid 3
[dplay] Send 14 bytes pid 4 -> 1 (ok)
[dplay] received 33 data bytes from pid 1
[agg] drained/s:  WINMOVE.CPP:4941 from=3 to=1 len=14 x12  WINMOVE.CPP:4941 from=1 to=2 len=33 x25
[agg] StaticTimeProc 50/s  impl=1 host=0 running=1 resync=0 served=0  -> AggregatorGetPackets 0/s
[dplay] received 14 data bytes from pid 3
[dplay] Send 14 bytes pid 4 -> 1 (ok)
[agg] sent-to-agg/s dummy=0 init=0 other=13 (last other IDCode=207)  Count=19 FrameCount=20 synched=1 csync=1 res=0
[dplay] received 33 data bytes from pid 1
[dplay] received 14 data bytes from pid 3
[dplay] Send 14 bytes pid 4 -> 1 (ok)
[dplay] received 33 data bytes from pid 1
[dplay] received 14 data bytes from pid 3
[dplay] Send 14 bytes pid 4 -> 1 (ok)
[dplay] received 33 data bytes from pid 1
[dplay] received 14 data bytes from pid 3
[dplay] received 19 data bytes from pid 1
[dplay] Send 14 bytes pid 4 -> 1 (ok)
[timeproc] tick=9000 instances=1 currinst=0xa4c7130
[dplay] received 14 data bytes from pid 3
[dplay] received 33 data bytes from pid 1
[dplay] Send 14 bytes pid 4 -> 1 (ok)
[moveloop] iter=2000 -> waiting on SEMAPHORE
[moveloop] iter=2000 -> got semaphore, waiting on MUTEX
[dplay] received 14 data bytes from pid 3
[dplay] received 33 data bytes from pid 1
[dplay] Send 14 bytes pid 4 -> 1 (ok)
[dplay] received 14 data bytes from pid 3
[dplay] received 33 data bytes from pid 1
[dplay] Send 14 bytes pid 4 -> 1 (ok)
[dplay] received 14 data bytes from pid 3
[dplay] received 33 data bytes from pid 1
[dplay] Send 14 bytes pid 4 -> 1 (ok)
[dplay] received 14 data bytes from pid 3
[dplay] received 33 data bytes from pid 1
[dplay] Send 14 bytes pid 4 -> 1 (ok)
[dplay] received 14 data bytes from pid 3
[dplay] received 33 data bytes from pid 1
[mfctimer] fire #12000 wnd=0x930e456 id=2378
[dplay] Send 14 bytes pid 4 -> 1 (ok)
[dplay] received 14 data bytes from pid 3
[dplay] received 33 data bytes from pid 1
[dplay] Send 14 bytes pid 4 -> 1 (ok)
[dplay] received 14 data bytes from pid 3
[dplay] received 33 data bytes from pid 1
[dplay] Send 14 bytes pid 4 -> 1 (ok)
[dplay] received 14 data bytes from pid 3
[dplay] received 33 data bytes from pid 1
[agg] drained/s:  WINMOVE.CPP:4941 from=3 to=1 len=14 x13  WINMOVE.CPP:4941 from=1 to=2 len=33 x23  WINMOVE.CPP:4941 from=1 to=2 len=19 x2
[agg] StaticTimeProc 49/s  impl=1 host=0 running=1 resync=0 served=0  -> AggregatorGetPackets 0/s
[dplay] Send 14 bytes pid 4 -> 1 (ok)
[agg] sent-to-agg/s dummy=0 init=0 other=12 (last other IDCode=207)  Count=31 FrameCount=32 synched=1 csync=1 res=0
[dplay] received 14 data bytes from pid 3
[dplay] received 33 data bytes from pid 1
[dplay] Send 14 bytes pid 4 -> 1 (ok)
[dplay] received 14 data bytes from pid 3
[dplay] received 33 data bytes from pid 1
[dplay] Send 14 bytes pid 4 -> 1 (ok)
[dplay] received 14 data bytes from pid 3
[dplay] received 33 data bytes from pid 1
[dplay] Send 14 bytes pid 4 -> 1 (ok)
[dplay] received 14 data bytes from pid 3
[dplay] received 33 data bytes from pid 1
[dplay] Send 14 bytes pid 4 -> 1 (ok)
[moveloop] iter=2050 -> waiting on SEMAPHORE
[moveloop] iter=2050 -> got semaphore, waiting on MUTEX
[dplay] received 14 data bytes from pid 3
[dplay] received 33 data bytes from pid 1
[dplay] Send 14 bytes pid 4 -> 1 (ok)
[dplay] received 14 data bytes from pid 3
[dplay] received 33 data bytes from pid 1
[dplay] Send 14 bytes pid 4 -> 1 (ok)
[dplay] received 14 data bytes from pid 3
[dplay] received 33 data bytes from pid 1
[dplay] Send 14 bytes pid 4 -> 1 (ok)
[dplay] received 14 data bytes from pid 3
[dplay] received 33 data bytes from pid 1
[dplay] Send 14 bytes pid 4 -> 1 (ok)
[dplay] received 14 data bytes from pid 3
[dplay] received 33 data bytes from pid 1
[dplay] Send 14 bytes pid 4 -> 1 (ok)
[dplay] received 14 data bytes from pid 3
[dplay] received 33 data bytes from pid 1
[dplay] Send 14 bytes pid 4 -> 1 (ok)
[dplay] received 14 data bytes from pid 3
[dplay] received 33 data bytes from pid 1
[dplay] Send 14 bytes pid 4 -> 1 (ok)
[dplay] received 14 data bytes from pid 3
[dplay] received 33 data bytes from pid 1
[dplay] Send 14 bytes pid 4 -> 1 (ok)
[agg] StaticTimeProc 49/s  impl=1 host=0 running=1 resync=0 served=0  -> AggregatorGetPackets 0/s
[dplay] received 14 data bytes from pid 3
[dplay] received 33 data bytes from pid 1
[agg] drained/s:  WINMOVE.CPP:4941 from=3 to=1 len=14 x13  WINMOVE.CPP:4941 from=1 to=2 len=33 x26
[dplay] Send 14 bytes pid 4 -> 1 (ok)
[agg] sent-to-agg/s dummy=0 init=0 other=13 (last other IDCode=207)  Count=44 FrameCount=45 synched=1 csync=1 res=0
[dplay] received 14 data bytes from pid 3
[dplay] received 33 data bytes from pid 1
[dplay] Send 14 bytes pid 4 -> 1 (ok)
[dplay] received 19 data bytes from pid 1
[dplay] Send 14 bytes pid 4 -> 1 (ok)
[dplay] received 19 data bytes from pid 1
[dplay] Send 14 bytes pid 4 -> 1 (ok)
[mfctimer] fire #12500 wnd=0x930e456 id=2378
[dplay] received 19 data bytes from pid 1
[dplay] Send 14 bytes pid 4 -> 1 (ok)
[moveloop] iter=2100 -> waiting on SEMAPHORE
[moveloop] iter=2100 -> got semaphore, waiting on MUTEX
[dplay] received 14 data bytes from pid 3
[dplay] received 33 data bytes from pid 1
[dplay] Send 14 bytes pid 4 -> 1 (ok)
[dplay] received 14 data bytes from pid 3
[dplay] received 33 data bytes from pid 1
[dplay] Send 14 bytes pid 4 -> 1 (ok)
[dplay] received 14 data bytes from pid 3
[dplay] received 33 data bytes from pid 1
[dplay] Send 14 bytes pid 4 -> 1 (ok)
[dplay] received 14 data bytes from pid 3
[dplay] received 33 data bytes from pid 1
[dplay] Send 14 bytes pid 4 -> 1 (ok)
[dplay] received 19 data bytes from pid 1
[dplay] received 14 data bytes from pid 3
[dplay] Send 14 bytes pid 4 -> 1 (ok)
[dplay] received 33 data bytes from pid 1
[dplay] received 14 data bytes from pid 3
[dplay] Send 14 bytes pid 4 -> 1 (ok)
[dplay] received 33 data bytes from pid 1
[dplay] received 14 data bytes from pid 3
[dplay] Send 14 bytes pid 4 -> 1 (ok)
[dplay] received 33 data bytes from pid 1
[accnt] aircraft in this world: now=8 MAX=8 visible=2 dead=6 (frame sample #2)
[dplay] received 14 data bytes from pid 3
[agg] drained/s:  WINMOVE.CPP:4941 from=3 to=1 len=14 x9  WINMOVE.CPP:4941 from=1 to=2 len=33 x18  WINMOVE.CPP:4941 from=1 to=2 len=19 x4
[agg] StaticTimeProc 50/s  impl=1 host=0 running=1 resync=0 served=0  -> AggregatorGetPackets 0/s
[dplay] Send 14 bytes pid 4 -> 1 (ok)
[agg] sent-to-agg/s dummy=0 init=0 other=12 (last other IDCode=207)  Count=56 FrameCount=57 synched=1 csync=1 res=0
[dplay] received 33 data bytes from pid 1
[dplay] received 14 data bytes from pid 3
[dplay] Send 14 bytes pid 4 -> 1 (ok)
[dplay] received 33 data bytes from pid 1
[dplay] received 14 data bytes from pid 3
[dplay] Send 14 bytes pid 4 -> 1 (ok)
[dplay] received 33 data bytes from pid 1
[dplay] received 14 data bytes from pid 3
[dplay] Send 14 bytes pid 4 -> 1 (ok)
[dplay] received 33 data bytes from pid 1
[dplay] received 14 data bytes from pid 3
[dplay] Send 14 bytes pid 4 -> 1 (ok)
[dplay] received 33 data bytes from pid 1
[moveloop] iter=2150 -> waiting on SEMAPHORE
[moveloop] iter=2150 -> got semaphore, waiting on MUTEX
[dplay] received 14 data bytes from pid 3
[dplay] Send 14 bytes pid 4 -> 1 (ok)
[dplay] received 33 data bytes from pid 1
[dplay] received 14 data bytes from pid 3
[dplay] Send 14 bytes pid 4 -> 1 (ok)
[dplay] received 33 data bytes from pid 1
[dplay] received 14 data bytes from pid 3
[dplay] Send 14 bytes pid 4 -> 1 (ok)
[dplay] received 33 data bytes from pid 1
[dplay] received 14 data bytes from pid 3
[dplay] Send 14 bytes pid 4 -> 1 (ok)
[dplay] received 33 data bytes from pid 1
[dplay] pump #341500 (host=0) -- discovery is answered only from here
[dplay] received 14 data bytes from pid 3
[dplay] Send 14 bytes pid 4 -> 1 (ok)
[dplay] received 33 data bytes from pid 1
[dplay] received 14 data bytes from pid 3
[dplay] Send 14 bytes pid 4 -> 1 (ok)
[dplay] received 33 data bytes from pid 1
[mfctimer] fire #13000 wnd=0x930e456 id=2378
[dplay] received 14 data bytes from pid 3
[dplay] Send 14 bytes pid 4 -> 1 (ok)
[dplay] received 33 data bytes from pid 1
[movegate] cycle=1250 timeout=0 accelcountdown=1 accel=0
[movestep] cycle=1250 paused=0 num=1
[dplay] received 14 data bytes from pid 3
[dplay] Send 14 bytes pid 4 -> 1 (ok)
[agg] StaticTimeProc 49/s  impl=1 host=0 running=1 resync=0 served=0  -> AggregatorGetPackets 0/s
[dplay] received 33 data bytes from pid 1
[agg] drained/s:  WINMOVE.CPP:4941 from=3 to=1 len=14 x12  WINMOVE.CPP:4941 from=1 to=2 len=33 x25
[dplay] received 14 data bytes from pid 3
[dplay] Send 14 bytes pid 4 -> 1 (ok)
[agg] sent-to-agg/s dummy=0 init=0 other=13 (last other IDCode=207)  Count=69 FrameCount=70 synched=1 csync=1 res=0
[dplay] received 33 data bytes from pid 1
[dplay] received 14 data bytes from pid 3
[dplay] Send 14 bytes pid 4 -> 1 (ok)
[dplay] received 33 data bytes from pid 1
[dplay] received 14 data bytes from pid 3
[dplay] Send 14 bytes pid 4 -> 1 (ok)
[dplay] received 33 data bytes from pid 1
[dplay] received 14 data bytes from pid 3
[dplay] Send 14 bytes pid 4 -> 1 (ok)
[dplay] received 33 data bytes from pid 1
[dplay] received 14 data bytes from pid 3
[dplay] Send 14 bytes pid 4 -> 1 (ok)
[moveloop] iter=2200 -> waiting on SEMAPHORE
[moveloop] iter=2200 -> got semaphore, waiting on MUTEX
[dplay] received 33 data bytes from pid 1
[dplay] received 14 data bytes from pid 3
[dplay] Send 14 bytes pid 4 -> 1 (ok)
[dplay] received 33 data bytes from pid 1
[dplay] received 14 data bytes from pid 3
[dplay] Send 14 bytes pid 4 -> 1 (ok)
[dplay] received 33 data bytes from pid 1
[dplay] received 14 data bytes from pid 3
[dplay] Send 14 bytes pid 4 -> 1 (ok)
[dplay] received 33 data bytes from pid 1
[dplay] received 14 data bytes from pid 3
[dplay] Send 14 bytes pid 4 -> 1 (ok)
[dplay] received 33 data bytes from pid 1
[dplay] received 14 data bytes from pid 3
[dplay] Send 14 bytes pid 4 -> 1 (ok)
[dplay] received 33 data bytes from pid 1
[dplay] received 14 data bytes from pid 3
[dplay] Send 14 bytes pid 4 -> 1 (ok)
[dplay] received 33 data bytes from pid 1
[dplay] received 14 data bytes from pid 3
[dplay] Send 14 bytes pid 4 -> 1 (ok)
[dplay] received 33 data bytes from pid 1
[dplay] received 14 data bytes from pid 3
[agg] drained/s:  WINMOVE.CPP:4941 from=3 to=1 len=14 x13  WINMOVE.CPP:4941 from=1 to=2 len=33 x25
[agg] StaticTimeProc 50/s  impl=1 host=0 running=1 resync=0 served=0  -> AggregatorGetPackets 0/s
[dplay] Send 14 bytes pid 4 -> 1 (ok)
[agg] sent-to-agg/s dummy=0 init=0 other=12 (last other IDCode=207)  Count=81 FrameCount=82 synched=1 csync=1 res=0
[dplay] received 33 data bytes from pid 1
[dplay] received 14 data bytes from pid 3
[dplay] Send 14 bytes pid 4 -> 1 (ok)
[dplay] received 33 data bytes from pid 1
[dplay] received 14 data bytes from pid 3
[dplay] Send 14 bytes pid 4 -> 1 (ok)
[dplay] received 33 data bytes from pid 1
[dplay] received 14 data bytes from pid 3
[dplay] Send 14 bytes pid 4 -> 1 (ok)
[dplay] received 33 data bytes from pid 1
[dplay] received 14 data bytes from pid 3
[dplay] Send 14 bytes pid 4 -> 1 (ok)
[dplay] received 33 data bytes from pid 1
[mfctimer] fire #13500 wnd=0x930e456 id=2378
[moveloop] iter=2250 -> waiting on SEMAPHORE
[moveloop] iter=2250 -> got semaphore, waiting on MUTEX
[dplay] received 14 data bytes from pid 3
[timeproc] tick=9250 instances=1 currinst=0xa4c7130
[dplay] Send 14 bytes pid 4 -> 1 (ok)
[dplay] received 33 data bytes from pid 1
[dplay] received 14 data bytes from pid 3
[dplay] Send 14 bytes pid 4 -> 1 (ok)
[dplay] received 33 data bytes from pid 1
[dplay] received 14 data bytes from pid 3
[dplay] Send 14 bytes pid 4 -> 1 (ok)
[dplay] received 33 data bytes from pid 1
[dplay] received 14 data bytes from pid 3
[dplay] Send 14 bytes pid 4 -> 1 (ok)
[dplay] received 33 data bytes from pid 1
[dplay] received 14 data bytes from pid 3
[dplay] Send 14 bytes pid 4 -> 1 (ok)
[dplay] received 33 data bytes from pid 1
[dplay] received 14 data bytes from pid 3
[dplay] Send 14 bytes pid 4 -> 1 (ok)
[dplay] received 33 data bytes from pid 1
[dplay] received 14 data bytes from pid 3
[dplay] Send 14 bytes pid 4 -> 1 (ok)
[dplay] received 33 data bytes from pid 1
[dplay] received 14 data bytes from pid 3
[dplay] Send 14 bytes pid 4 -> 1 (ok)
[agg] StaticTimeProc 49/s  impl=1 host=0 running=1 resync=0 served=0  -> AggregatorGetPackets 0/s
[dplay] received 33 data bytes from pid 1
[agg] drained/s:  WINMOVE.CPP:4941 from=3 to=1 len=14 x12  WINMOVE.CPP:4941 from=1 to=2 len=33 x25
[dplay] received 14 data bytes from pid 3
[dplay] Send 14 bytes pid 4 -> 1 (ok)
[agg] sent-to-agg/s dummy=0 init=0 other=13 (last other IDCode=207)  Count=94 FrameCount=95 synched=1 csync=1 res=0
[dplay] received 33 data bytes from pid 1
[dplay] received 14 data bytes from pid 3
[dplay] received 19 data bytes from pid 1
[dplay] Send 14 bytes pid 4 -> 1 (ok)
[dplay] received 14 data bytes from pid 3
[dplay] received 33 data bytes from pid 1
[dplay] received 14 data bytes from pid 3
[dplay] Send 14 bytes pid 4 -> 1 (ok)
[dplay] Send 14 bytes pid 4 -> 1 (ok)
[dplay] received 33 data bytes from pid 1
[dplay] received 14 data bytes from pid 3
[dplay] received 33 data bytes from pid 1
[dplay] Send 14 bytes pid 4 -> 1 (ok)
[moveloop] iter=2300 -> waiting on SEMAPHORE
[moveloop] iter=2300 -> got semaphore, waiting on MUTEX
[dplay] received 14 data bytes from pid 3
[dplay] received 33 data bytes from pid 1
[dplay] Send 14 bytes pid 4 -> 1 (ok)
[dplay] received 14 data bytes from pid 3
[dplay] received 33 data bytes from pid 1
[dplay] Send 14 bytes pid 4 -> 1 (ok)
[dplay] received 14 data bytes from pid 3
[dplay] received 33 data bytes from pid 1
[dplay] Send 14 bytes pid 4 -> 1 (ok)
[dplay] received 14 data bytes from pid 3
[dplay] received 33 data bytes from pid 1
[dplay] Send 14 bytes pid 4 -> 1 (ok)
[dplay] received 14 data bytes from pid 3
[dplay] received 33 data bytes from pid 1
[dplay] Send 14 bytes pid 4 -> 1 (ok)
[dplay] received 14 data bytes from pid 3
[dplay] received 33 data bytes from pid 1
[dplay] Send 14 bytes pid 4 -> 1 (ok)
[dplay] received 14 data bytes from pid 3
[dplay] received 33 data bytes from pid 1
[mfctimer] fire #14000 wnd=0x930e456 id=2378
[dplay] Send 14 bytes pid 4 -> 1 (ok)
[dplay] received 14 data bytes from pid 3
[dplay] received 33 data bytes from pid 1
[agg] drained/s:  WINMOVE.CPP:4941 from=3 to=1 len=14 x13  WINMOVE.CPP:4941 from=1 to=2 len=33 x22  WINMOVE.CPP:4941 from=1 to=2 len=19 x2
[agg] StaticTimeProc 50/s  impl=1 host=0 running=1 resync=0 served=0  -> AggregatorGetPackets 0/s
[dplay] Send 14 bytes pid 4 -> 1 (ok)
[agg] sent-to-agg/s dummy=0 init=0 other=12 (last other IDCode=207)  Count=106 FrameCount=107 synched=1 csync=1 res=0
[dplay] received 14 data bytes from pid 3
[dplay] received 33 data bytes from pid 1
[dplay] Send 14 bytes pid 4 -> 1 (ok)
[dplay] received 14 data bytes from pid 3
[dplay] received 33 data bytes from pid 1
[dplay] Send 14 bytes pid 4 -> 1 (ok)
[dplay] received 14 data bytes from pid 3
[dplay] received 33 data bytes from pid 1
[dplay] Send 14 bytes pid 4 -> 1 (ok)
[dplay] received 14 data bytes from pid 3
[dplay] received 33 data bytes from pid 1
[dplay] Send 14 bytes pid 4 -> 1 (ok)
[moveloop] iter=2350 -> waiting on SEMAPHORE
[moveloop] iter=2350 -> got semaphore, waiting on MUTEX
[dplay] received 14 data bytes from pid 3
[dplay] received 33 data bytes from pid 1
[dplay] Send 14 bytes pid 4 -> 1 (ok)
[dplay] received 14 data bytes from pid 3
[dplay] received 33 data bytes from pid 1
[dplay] Send 14 bytes pid 4 -> 1 (ok)
[dplay] received 14 data bytes from pid 3
[dplay] received 33 data bytes from pid 1
[dplay] Send 14 bytes pid 4 -> 1 (ok)
[dplay] received 14 data bytes from pid 3
[dplay] received 33 data bytes from pid 1
[dplay] Send 14 bytes pid 4 -> 1 (ok)
[dplay] received 14 data bytes from pid 3
[dplay] received 33 data bytes from pid 1
[dplay] Send 14 bytes pid 4 -> 1 (ok)
[dplay] received 19 data bytes from pid 1
[dplay] received 14 data bytes from pid 3
[dplay] Send 14 bytes pid 4 -> 1 (ok)
[dplay] received 33 data bytes from pid 1
[dplay] received 14 data bytes from pid 3
[dplay] Send 14 bytes pid 4 -> 1 (ok)
[dplay] received 33 data bytes from pid 1
[dplay] received 14 data bytes from pid 3
[dplay] Send 14 bytes pid 4 -> 1 (ok)
[dplay] received 33 data bytes from pid 1
[agg] drained/s:  WINMOVE.CPP:4941 from=3 to=1 len=14 x12  WINMOVE.CPP:4941 from=1 to=2 len=33 x25  WINMOVE.CPP:4941 from=1 to=2 len=19 x1
[agg] StaticTimeProc 49/s  impl=1 host=0 running=1 resync=0 served=0  -> AggregatorGetPackets 0/s
[dplay] received 14 data bytes from pid 3
[dplay] Send 14 bytes pid 4 -> 1 (ok)
[agg] sent-to-agg/s dummy=0 init=0 other=13 (last other IDCode=207)  Count=119 FrameCount=120 synched=1 csync=1 res=0
[dplay] received 33 data bytes from pid 1
[dplay] received 14 data bytes from pid 3
[dplay] Send 14 bytes pid 4 -> 1 (ok)
[dplay] received 33 data bytes from pid 1
[dplay] received 14 data bytes from pid 3
[dplay] Send 14 bytes pid 4 -> 1 (ok)
[dplay] received 33 data bytes from pid 1
[dplay] received 14 data bytes from pid 3
[dplay] Send 14 bytes pid 4 -> 1 (ok)
[dplay] received 33 data bytes from pid 1
[dplay] received 14 data bytes from pid 3
[dplay] Send 14 bytes pid 4 -> 1 (ok)
[moveloop] iter=2400 -> waiting on SEMAPHORE
[moveloop] iter=2400 -> got semaphore, waiting on MUTEX
[dplay] received 33 data bytes from pid 1
[dplay] received 14 data bytes from pid 3
[dplay] Send 14 bytes pid 4 -> 1 (ok)
[dplay] received 33 data bytes from pid 1
[mfctimer] fire #14500 wnd=0x930e456 id=2378
[dplay] received 14 data bytes from pid 3
[dplay] Send 14 bytes pid 4 -> 1 (ok)
[dplay] received 33 data bytes from pid 1
[dplay] received 14 data bytes from pid 3
[dplay] Send 14 bytes pid 4 -> 1 (ok)
[dplay] received 33 data bytes from pid 1
[dplay] received 14 data bytes from pid 3
[dplay] Send 14 bytes pid 4 -> 1 (ok)
[dplay] received 33 data bytes from pid 1
[dplay] received 14 data bytes from pid 3
[dplay] Send 14 bytes pid 4 -> 1 (ok)
[dplay] received 33 data bytes from pid 1
[dplay] received 14 data bytes from pid 3
[dplay] Send 14 bytes pid 4 -> 1 (ok)
[dplay] received 33 data bytes from pid 1
[dplay] received 14 data bytes from pid 3
[dplay] Send 14 bytes pid 4 -> 1 (ok)
[movegate] cycle=1500 timeout=0 accelcountdown=1 accel=0
[movestep] cycle=1500 paused=0 num=1
[dplay] received 33 data bytes from pid 1
[hatbtn] dwData=0xffffffff base=292 pressing=8 -> raw -1
[agg] StaticTimeProc 49/s  impl=1 host=0 running=1 resync=0 served=0  -> AggregatorGetPackets 0/s
[dplay] received 14 data bytes from pid 3
[agg] drained/s:  WINMOVE.CPP:4941 from=3 to=1 len=14 x13  WINMOVE.CPP:4941 from=1 to=2 len=33 x25
[dplay] Send 14 bytes pid 4 -> 1 (ok)
[agg] sent-to-agg/s dummy=0 init=0 other=12 (last other IDCode=207)  Count=131 FrameCount=132 synched=1 csync=1 res=0
[dplay] received 33 data bytes from pid 1
[dplay] received 14 data bytes from pid 3
[dplay] Send 14 bytes pid 4 -> 1 (ok)
[dplay] received 33 data bytes from pid 1
[dplay] received 14 data bytes from pid 3
[dplay] Send 14 bytes pid 4 -> 1 (ok)
[dplay] received 33 data bytes from pid 1
[dplay] received 14 data bytes from pid 3
[dplay] Send 14 bytes pid 4 -> 1 (ok)
[dplay] received 33 data bytes from pid 1
[dplay] received 14 data bytes from pid 3
[dplay] Send 14 bytes pid 4 -> 1 (ok)
[dplay] received 33 data bytes from pid 1
[moveloop] iter=2450 -> waiting on SEMAPHORE
[moveloop] iter=2450 -> got semaphore, waiting on MUTEX
[dplay] received 14 data bytes from pid 3
[dplay] Send 14 bytes pid 4 -> 1 (ok)
[dplay] pump #342000 (host=0) -- discovery is answered only from here
[dplay] received 33 data bytes from pid 1
[dplay] received 14 data bytes from pid 3
[dplay] Send 14 bytes pid 4 -> 1 (ok)
[dplay] received 33 data bytes from pid 1
[dplay] received 14 data bytes from pid 3
[dplay] Send 14 bytes pid 4 -> 1 (ok)
[dplay] received 33 data bytes from pid 1
[dplay] received 14 data bytes from pid 3
[dplay] Send 14 bytes pid 4 -> 1 (ok)
[dplay] received 33 data bytes from pid 1
[dplay] received 14 data bytes from pid 3
[dplay] Send 14 bytes pid 4 -> 1 (ok)
[dplay] received 33 data bytes from pid 1
[dplay] received 14 data bytes from pid 3
[dplay] Send 14 bytes pid 4 -> 1 (ok)
[dplay] received 33 data bytes from pid 1
[dplay] received 14 data bytes from pid 3
[dplay] Send 14 bytes pid 4 -> 1 (ok)
[dplay] received 33 data bytes from pid 1
[dplay] received 14 data bytes from pid 3
[dplay] Send 14 bytes pid 4 -> 1 (ok)
[dplay] received 33 data bytes from pid 1
[agg] drained/s:  WINMOVE.CPP:4941 from=3 to=1 len=14 x12  WINMOVE.CPP:4941 from=1 to=2 len=33 x25
[agg] StaticTimeProc 50/s  impl=1 host=0 running=1 resync=0 served=0  -> AggregatorGetPackets 0/s
[mfctimer] fire #15000 wnd=0x930e456 id=2378
[dplay] received 14 data bytes from pid 3
[dplay] Send 14 bytes pid 4 -> 1 (ok)
[agg] sent-to-agg/s dummy=0 init=0 other=13 (last other IDCode=207)  Count=144 FrameCount=145 synched=1 csync=1 res=0
[dplay] received 33 data bytes from pid 1
[dplay] received 14 data bytes from pid 3
[dplay] Send 14 bytes pid 4 -> 1 (ok)
[dplay] received 33 data bytes from pid 1
[dplay] received 14 data bytes from pid 3
[dplay] Send 14 bytes pid 4 -> 1 (ok)
[dplay] received 33 data bytes from pid 1
[dplay] received 14 data bytes from pid 3
[dplay] Send 14 bytes pid 4 -> 1 (ok)
[dplay] received 33 data bytes from pid 1
[dplay] received 14 data bytes from pid 3
[dplay] Send 14 bytes pid 4 -> 1 (ok)
[moveloop] iter=2500 -> waiting on SEMAPHORE
[moveloop] iter=2500 -> got semaphore, waiting on MUTEX
[dplay] received 33 data bytes from pid 1
[dplay] received 14 data bytes from pid 3
[dplay] Send 14 bytes pid 4 -> 1 (ok)
[timeproc] tick=9500 instances=1 currinst=0xa4c7130
[dplay] received 33 data bytes from pid 1
[dplay] received 14 data bytes from pid 3
[dplay] Send 14 bytes pid 4 -> 1 (ok)
[dplay] received 33 data bytes from pid 1
[dplay] received 14 data bytes from pid 3
[dplay] Send 14 bytes pid 4 -> 1 (ok)
[dplay] received 33 data bytes from pid 1
[dplay] received 14 data bytes from pid 3
[dplay] Send 14 bytes pid 4 -> 1 (ok)
[dplay] received 33 data bytes from pid 1
[dplay] received 14 data bytes from pid 3
[dplay] Send 14 bytes pid 4 -> 1 (ok)
[dplay] received 33 data bytes from pid 1
[dplay] received 14 data bytes from pid 3
[dplay] Send 14 bytes pid 4 -> 1 (ok)
[dplay] received 33 data bytes from pid 1
[dplay] received 14 data bytes from pid 3
[dplay] Send 14 bytes pid 4 -> 1 (ok)
[dplay] received 33 data bytes from pid 1
[agg] StaticTimeProc 49/s  impl=1 host=0 running=1 resync=0 served=0  -> AggregatorGetPackets 0/s
[dplay] received 14 data bytes from pid 3
[agg] drained/s:  WINMOVE.CPP:4941 from=3 to=1 len=14 x13  WINMOVE.CPP:4941 from=1 to=2 len=33 x25
[dplay] Send 14 bytes pid 4 -> 1 (ok)
[agg] sent-to-agg/s dummy=0 init=0 other=12 (last other IDCode=207)  Count=156 FrameCount=157 synched=1 csync=1 res=0
[dplay] received 33 data bytes from pid 1
[dplay] received 14 data bytes from pid 3
[dplay] Send 14 bytes pid 4 -> 1 (ok)
[dplay] received 33 data bytes from pid 1
[dplay] received 14 data bytes from pid 3
[dplay] Send 14 bytes pid 4 -> 1 (ok)
[dplay] received 33 data bytes from pid 1
[dplay] received 14 data bytes from pid 3
[dplay] received 19 data bytes from pid 1
[dplay] received 14 data bytes from pid 3
[dplay] Send 14 bytes pid 4 -> 1 (ok)
[dplay] Send 14 bytes pid 4 -> 1 (ok)
[dplay] received 33 data bytes from pid 1
[moveloop] iter=2550 -> waiting on SEMAPHORE
[moveloop] iter=2550 -> got semaphore, waiting on MUTEX
[dplay] received 14 data bytes from pid 3
[dplay] received 33 data bytes from pid 1
[dplay] Send 14 bytes pid 4 -> 1 (ok)
[dplay] received 14 data bytes from pid 3
[dplay] received 33 data bytes from pid 1
[dplay] Send 14 bytes pid 4 -> 1 (ok)
[dplay] received 14 data bytes from pid 3
[dplay] received 33 data bytes from pid 1
[mfctimer] fire #15500 wnd=0x930e456 id=2378
[dplay] Send 14 bytes pid 4 -> 1 (ok)
[dplay] received 14 data bytes from pid 3
[dplay] received 33 data bytes from pid 1
[dplay] Send 14 bytes pid 4 -> 1 (ok)
[dplay] received 19 data bytes from pid 1
[dplay] received 14 data bytes from pid 3
[dplay] Send 14 bytes pid 4 -> 1 (ok)
[dplay] received 33 data bytes from pid 1
[dplay] received 14 data bytes from pid 3
[dplay] Send 14 bytes pid 4 -> 1 (ok)
[dplay] received 33 data bytes from pid 1
[dplay] received 14 data bytes from pid 3
[dplay] Send 14 bytes pid 4 -> 1 (ok)
[dplay] received 33 data bytes from pid 1
[dplay] received 14 data bytes from pid 3
[dplay] Send 14 bytes pid 4 -> 1 (ok)
[dplay] received 33 data bytes from pid 1
[agg] drained/s:  WINMOVE.CPP:4941 from=3 to=1 len=14 x12  WINMOVE.CPP:4941 from=1 to=2 len=33 x23  WINMOVE.CPP:4941 from=1 to=2 len=19 x3
[agg] StaticTimeProc 50/s  impl=1 host=0 running=1 resync=0 served=0  -> AggregatorGetPackets 0/s
[dplay] received 14 data bytes from pid 3
[dplay] Send 14 bytes pid 4 -> 1 (ok)
[agg] sent-to-agg/s dummy=0 init=0 other=13 (last other IDCode=207)  Count=169 FrameCount=170 synched=1 csync=1 res=0
[dplay] received 33 data bytes from pid 1
[dplay] received 14 data bytes from pid 3
[dplay] Send 14 bytes pid 4 -> 1 (ok)
[dplay] received 33 data bytes from pid 1
[dplay] received 14 data bytes from pid 3
[dplay] Send 14 bytes pid 4 -> 1 (ok)
[dplay] received 33 data bytes from pid 1
[dplay] received 14 data bytes from pid 3
[dplay] Send 14 bytes pid 4 -> 1 (ok)
[dplay] received 33 data bytes from pid 1
[dplay] received 14 data bytes from pid 3
[dplay] Send 14 bytes pid 4 -> 1 (ok)
[moveloop] iter=2600 -> waiting on SEMAPHORE
[moveloop] iter=2600 -> got semaphore, waiting on MUTEX
[dplay] received 33 data bytes from pid 1
[dplay] received 14 data bytes from pid 3
[dplay] Send 14 bytes pid 4 -> 1 (ok)
[dplay] received 33 data bytes from pid 1
[dplay] received 14 data bytes from pid 3
[dplay] Send 14 bytes pid 4 -> 1 (ok)
[dplay] received 33 data bytes from pid 1
[agg] StaticTimeProc 49/s  impl=1 host=0 running=1 resync=0 served=0  -> AggregatorGetPackets 0/s
[mfctimer] fire #16000 wnd=0x930e456 id=2378
[dplay] received 14 data bytes from pid 3
[dplay] received 19 data bytes from pid 1
[dplay] received 14 data bytes from pid 3
[dplay] received 19 data bytes from pid 1
[dplay] received 14 data bytes from pid 3
[dplay] received 19 data bytes from pid 1
[dplay] received 14 data bytes from pid 3
[dplay] received 19 data bytes from pid 1
[dplay] received 14 data bytes from pid 3
[dplay] received 19 data bytes from pid 1
[dplay] received 14 data bytes from pid 3
[dplay] received 19 data bytes from pid 1
[dplay] received 14 data bytes from pid 3
[agg] drained/s:  WINMOVE.CPP:4941 from=3 to=1 len=14 x8  WINMOVE.CPP:4941 from=1 to=2 len=33 x15
[self] uid=3585 visible=0 dead=1
[accnt] CHANGE at call 1681: aircraft=8 MAX=8 visible=1 dead=7
[dplay] received 19 data bytes from pid 1
[dplay] received 14 data bytes from pid 3
[dplay] Send 14 bytes pid 4 -> 1 (ok)
[agg] sent-to-agg/s dummy=0 init=0 other=7 (last other IDCode=128)  Count=176 FrameCount=177 synched=1 csync=1 res=0
[dplay] received 33 data bytes from pid 1
[dplay] received 14 data bytes from pid 3
[dplay] received 19 data bytes from pid 1
[dplay] received 14 data bytes from pid 3
[dplay] received 19 data bytes from pid 1
[dplay] received 14 data bytes from pid 3
[dplay] received 19 data bytes from pid 1
[dplay] received 14 data bytes from pid 3
[dplay] received 19 data bytes from pid 1
[dplay] Send 14 bytes pid 4 -> 1 (ok)
[dplay] received 14 data bytes from pid 3
[dplay] received 33 data bytes from pid 1
[dplay] Send 14 bytes pid 4 -> 1 (ok)
[dplay] received 14 data bytes from pid 3
[dplay] received 33 data bytes from pid 1
[dplay] received 14 data bytes from pid 3
[dplay] Send 14 bytes pid 4 -> 1 (ok)
[agg] StaticTimeProc 49/s  impl=1 host=0 running=1 resync=0 served=0  -> AggregatorGetPackets 0/s
[dplay] received 33 data bytes from pid 1
[agg] drained/s:  WINMOVE.CPP:4941 from=3 to=1 len=14 x14  WINMOVE.CPP:4941 from=1 to=2 len=33 x5  WINMOVE.CPP:4941 from=1 to=2 len=19 x13
[dplay] received 14 data bytes from pid 3
[dplay] Send 14 bytes pid 4 -> 1 (ok)
[agg] sent-to-agg/s dummy=0 init=0 other=4 (last other IDCode=128)  Count=180 FrameCount=181 synched=1 csync=1 res=0
[dplay] received 33 data bytes from pid 1
[dplay] received 14 data bytes from pid 3
[dplay] Send 14 bytes pid 4 -> 1 (ok)
[dplay] received 33 data bytes from pid 1
[dplay] received 14 data bytes from pid 3
[dplay] Send 14 bytes pid 4 -> 1 (ok)
[dplay] received 33 data bytes from pid 1
[dplay] received 14 data bytes from pid 3
[dplay] Send 14 bytes pid 4 -> 1 (ok)
[dplay] received 33 data bytes from pid 1
[self] uid=3585 visible=1 dead=1
[accnt] CHANGE at call 1712: aircraft=8 MAX=8 visible=2 dead=7
[dplay] received 14 data bytes from pid 3
[dplay] Send 14 bytes pid 4 -> 1 (ok)
[dplay] received 33 data bytes from pid 1
[dplay] received 14 data bytes from pid 3
[dplay] Send 14 bytes pid 4 -> 1 (ok)
[dplay] received 33 data bytes from pid 1
[moveloop] iter=2650 -> waiting on SEMAPHORE
[moveloop] iter=2650 -> got semaphore, waiting on MUTEX
[dplay] received 14 data bytes from pid 3
[dplay] Send 14 bytes pid 4 -> 1 (ok)
[dplay] received 33 data bytes from pid 1
[dplay] received 14 data bytes from pid 3
[dplay] Send 14 bytes pid 4 -> 1 (ok)
[dplay] received 33 data bytes from pid 1
[peer] uid=3584 found=1 visible=0 dead=0 range=1807m
[accnt] CHANGE at call 1728: aircraft=8 MAX=8 visible=1 dead=7
[mfctimer] fire #16500 wnd=0x930e456 id=2378
[dplay] received 14 data bytes from pid 3
[dplay] Send 14 bytes pid 4 -> 1 (ok)
[dplay] received 33 data bytes from pid 1
[peer] uid=3584 found=1 visible=1 dead=0 range=1807m
[accnt] CHANGE at call 1732: aircraft=8 MAX=8 visible=2 dead=7
[dplay] received 14 data bytes from pid 3
[dplay] Send 14 bytes pid 4 -> 1 (ok)
[dplay] received 33 data bytes from pid 1
[dplay] received 14 data bytes from pid 3
[dplay] Send 14 bytes pid 4 -> 1 (ok)
[dplay] received 33 data bytes from pid 1
[dplay] received 14 data bytes from pid 3
[dplay] Send 14 bytes pid 4 -> 1 (ok)
[dplay] received 33 data bytes from pid 1
[agg] StaticTimeProc 50/s  impl=1 host=0 running=1 resync=0 served=0  -> AggregatorGetPackets 0/s
[dplay] received 14 data bytes from pid 3
[agg] drained/s:  WINMOVE.CPP:4941 from=3 to=1 len=14 x13  WINMOVE.CPP:4941 from=1 to=2 len=33 x26
[dplay] Send 14 bytes pid 4 -> 1 (ok)
[agg] sent-to-agg/s dummy=0 init=0 other=12 (last other IDCode=207)  Count=192 FrameCount=193 synched=1 csync=1 res=0
[dplay] received 33 data bytes from pid 1
[movegate] cycle=1750 timeout=0 accelcountdown=1 accel=0
[movestep] cycle=1750 paused=0 num=1
[dplay] received 14 data bytes from pid 3
[dplay] Send 14 bytes pid 4 -> 1 (ok)
[dplay] received 33 data bytes from pid 1
[dplay] received 14 data bytes from pid 3
[dplay] Send 14 bytes pid 4 -> 1 (ok)
[dplay] received 33 data bytes from pid 1
[dplay] received 14 data bytes from pid 3
[dplay] Send 14 bytes pid 4 -> 1 (ok)
[dplay] received 33 data bytes from pid 1
[dplay] received 14 data bytes from pid 3
[dplay] Send 14 bytes pid 4 -> 1 (ok)
[dplay] received 33 data bytes from pid 1
[dplay] received 14 data bytes from pid 3
[dplay] Send 14 bytes pid 4 -> 1 (ok)
[dplay] received 33 data bytes from pid 1
[dplay] received 14 data bytes from pid 3
[dplay] Send 14 bytes pid 4 -> 1 (ok)
[moveloop] iter=2700 -> waiting on SEMAPHORE
[moveloop] iter=2700 -> got semaphore, waiting on MUTEX
[dplay] received 33 data bytes from pid 1
[timeproc] tick=9750 instances=1 currinst=0xa4c7130
[dplay] received 14 data bytes from pid 3
[dplay] Send 14 bytes pid 4 -> 1 (ok)
[dplay] received 33 data bytes from pid 1
[dplay] received 14 data bytes from pid 3
[dplay] Send 14 bytes pid 4 -> 1 (ok)
[dplay] received 33 data bytes from pid 1
[dplay] received 14 data bytes from pid 3
[dplay] Send 14 bytes pid 4 -> 1 (ok)
[dplay] received 33 data bytes from pid 1
[dplay] received 14 data bytes from pid 3
[dplay] Send 14 bytes pid 4 -> 1 (ok)
[dplay] received 33 data bytes from pid 1
[dplay] received 14 data bytes from pid 3
[dplay] Send 14 bytes pid 4 -> 1 (ok)
[dplay] received 33 data bytes from pid 1
[dplay] received 14 data bytes from pid 3
[dplay] Send 14 bytes pid 4 -> 1 (ok)
[agg] StaticTimeProc 49/s  impl=1 host=0 running=1 resync=0 served=0  -> AggregatorGetPackets 0/s
[dplay] pump #342500 (host=0) -- discovery is answered only from here
[dplay] received 33 data bytes from pid 1
[agg] drained/s:  WINMOVE.CPP:4941 from=3 to=1 len=14 x12  WINMOVE.CPP:4941 from=1 to=2 len=33 x25
[dplay] received 14 data bytes from pid 3
[dplay] Send 14 bytes pid 4 -> 1 (ok)
[agg] sent-to-agg/s dummy=0 init=0 other=13 (last other IDCode=207)  Count=205 FrameCount=206 synched=1 csync=1 res=0
[dplay] received 33 data bytes from pid 1
[accnt] aircraft in this world: now=8 MAX=8 visible=2 dead=7 (frame sample #3)
[dplay] received 14 data bytes from pid 3
[dplay] Send 14 bytes pid 4 -> 1 (ok)
[dplay] received 33 data bytes from pid 1
[mfctimer] fire #17000 wnd=0x930e456 id=2378
[dplay] received 14 data bytes from pid 3
[dplay] Send 14 bytes pid 4 -> 1 (ok)
[dplay] received 33 data bytes from pid 1
[dplay] received 14 data bytes from pid 3
[dplay] received 19 data bytes from pid 1
[dplay] Send 14 bytes pid 4 -> 1 (ok)
[dplay] received 19 data bytes from pid 1
[dplay] Send 14 bytes pid 4 -> 1 (ok)
[dplay] received 19 data bytes from pid 1
[dplay] Send 14 bytes pid 4 -> 1 (ok)
[moveloop] iter=2750 -> waiting on SEMAPHORE
[moveloop] iter=2750 -> got semaphore, waiting on MUTEX
[dplay] received 19 data bytes from pid 1
[dplay] Send 14 bytes pid 4 -> 1 (ok)
[dplay] received 14 data bytes from pid 3
[dplay] received 33 data bytes from pid 1
[dplay] Send 14 bytes pid 4 -> 1 (ok)
[dplay] received 14 data bytes from pid 3
[dplay] received 33 data bytes from pid 1
[dplay] Send 14 bytes pid 4 -> 1 (ok)
[dplay] received 14 data bytes from pid 3
[dplay] received 33 data bytes from pid 1
[dplay] Send 14 bytes pid 4 -> 1 (ok)
[dplay] received 14 data bytes from pid 3
[dplay] received 33 data bytes from pid 1
[dplay] Send 14 bytes pid 4 -> 1 (ok)
[dplay] received 14 data bytes from pid 3
[dplay] received 33 data bytes from pid 1
[dplay] Send 14 bytes pid 4 -> 1 (ok)
[dplay] received 19 data bytes from pid 1
[dplay] received 14 data bytes from pid 3
[agg] StaticTimeProc 49/s  impl=1 host=0 running=1 resync=0 served=0  -> AggregatorGetPackets 0/s
[dplay] Send 14 bytes pid 4 -> 1 (ok)
[agg] sent-to-agg/s dummy=0 init=0 other=12 (last other IDCode=207)  Count=217 FrameCount=218 synched=1 csync=1 res=0
[dplay] received 33 data bytes from pid 1
[dplay] received 14 data bytes from pid 3
[agg] drained/s:  WINMOVE.CPP:4941 from=3 to=1 len=14 x10  WINMOVE.CPP:4941 from=1 to=2 len=33 x18  WINMOVE.CPP:4941 from=1 to=2 len=19 x6
[dplay] Send 14 bytes pid 4 -> 1 (ok)
[dplay] received 33 data bytes from pid 1
[dplay] received 14 data bytes from pid 3
[dplay] Send 14 bytes pid 4 -> 1 (ok)
[dplay] received 33 data bytes from pid 1
[dplay] received 14 data bytes from pid 3
[dplay] Send 14 bytes pid 4 -> 1 (ok)
[dplay] received 14 data bytes from pid 3
[dplay] received 33 data bytes from pid 1
[dplay] Send 14 bytes pid 4 -> 1 (ok)
[dplay] received 14 data bytes from pid 3
[dplay] received 33 data bytes from pid 1
[dplay] Send 14 bytes pid 4 -> 1 (ok)
[dplay] received 14 data bytes from pid 3
[dplay] received 33 data bytes from pid 1
[dplay] Send 14 bytes pid 4 -> 1 (ok)
[moveloop] iter=2800 -> waiting on SEMAPHORE
[moveloop] iter=2800 -> got semaphore, waiting on MUTEX
[dplay] received 14 data bytes from pid 3
[dplay] received 33 data bytes from pid 1
[dplay] Send 14 bytes pid 4 -> 1 (ok)
[dplay] received 14 data bytes from pid 3
[dplay] received 33 data bytes from pid 1
[dplay] Send 14 bytes pid 4 -> 1 (ok)
[dplay] received 14 data bytes from pid 3
[dplay] received 33 data bytes from pid 1
[mfctimer] fire #17500 wnd=0x930e456 id=2378
[dplay] Send 14 bytes pid 4 -> 1 (ok)
[dplay] received 14 data bytes from pid 3
[dplay] received 33 data bytes from pid 1
[dplay] Send 14 bytes pid 4 -> 1 (ok)
[dplay] received 14 data bytes from pid 3
[dplay] received 33 data bytes from pid 1
[dplay] Send 14 bytes pid 4 -> 1 (ok)
[dplay] received 14 data bytes from pid 3
[dplay] received 33 data bytes from pid 1
[dplay] Send 14 bytes pid 4 -> 1 (ok)
[agg] StaticTimeProc 50/s  impl=1 host=0 running=1 resync=0 served=0  -> AggregatorGetPackets 0/s
[dplay] received 14 data bytes from pid 3
[dplay] received 33 data bytes from pid 1
[agg] drained/s:  WINMOVE.CPP:4941 from=3 to=1 len=14 x13  WINMOVE.CPP:4941 from=1 to=2 len=33 x23
[dplay] Send 14 bytes pid 4 -> 1 (ok)
[agg] sent-to-agg/s dummy=0 init=0 other=13 (last other IDCode=207)  Count=230 FrameCount=231 synched=1 csync=1 res=0
[dplay] received 14 data bytes from pid 3
[dplay] received 33 data bytes from pid 1
[dplay] Send 14 bytes pid 4 -> 1 (ok)
[dplay] received 14 data bytes from pid 3
[dplay] received 33 data bytes from pid 1
[dplay] Send 14 bytes pid 4 -> 1 (ok)
[dplay] received 14 data bytes from pid 3
[dplay] received 33 data bytes from pid 1
[self] uid=3585 visible=1 dead=0
[accnt] CHANGE at call 1908: aircraft=8 MAX=8 visible=2 dead=6
[dplay] Send 14 bytes pid 4 -> 1 (ok)
[dplay] received 14 data bytes from pid 3
[dplay] received 33 data bytes from pid 1
[dplay] Send 14 bytes pid 4 -> 1 (ok)
[dplay] received 14 data bytes from pid 3
[dplay] received 33 data bytes from pid 1
[dplay] Send 14 bytes pid 4 -> 1 (ok)
[dplay] received 33 data bytes from pid 1
[dplay] received 14 data bytes from pid 3
[dplay] received 19 data bytes from pid 1
[moveloop] iter=2850 -> waiting on SEMAPHORE
[moveloop] iter=2850 -> got semaphore, waiting on MUTEX
[dplay] Send 14 bytes pid 4 -> 1 (ok)
[dplay] received 14 data bytes from pid 3
[dplay] received 33 data bytes from pid 1
[dplay] Send 14 bytes pid 4 -> 1 (ok)
[dplay] received 14 data bytes from pid 3
[dplay] received 33 data bytes from pid 1
[dplay] Send 14 bytes pid 4 -> 1 (ok)
[dplay] received 14 data bytes from pid 3
[dplay] received 33 data bytes from pid 1
[dplay] Send 14 bytes pid 4 -> 1 (ok)
[dplay] received 14 data bytes from pid 3
[dplay] received 33 data bytes from pid 1
[dplay] Send 14 bytes pid 4 -> 1 (ok)
[dplay] received 14 data bytes from pid 3
[dplay] received 33 data bytes from pid 1
[dplay] Send 14 bytes pid 4 -> 1 (ok)
[dplay] received 14 data bytes from pid 3
[dplay] received 33 data bytes from pid 1
[agg] StaticTimeProc 49/s  impl=1 host=0 running=1 resync=0 served=0  -> AggregatorGetPackets 0/s
[dplay] Send 14 bytes pid 4 -> 1 (ok)
[agg] sent-to-agg/s dummy=0 init=0 other=12 (last other IDCode=201)  Count=242 FrameCount=243 synched=1 csync=1 res=0
[dplay] received 14 data bytes from pid 3
[dplay] received 33 data bytes from pid 1
[agg] drained/s:  WINMOVE.CPP:4941 from=3 to=1 len=14 x13  WINMOVE.CPP:4941 from=1 to=2 len=33 x25  WINMOVE.CPP:4941 from=1 to=2 len=19 x2
[dplay] Send 14 bytes pid 4 -> 1 (ok)
[dplay] received 14 data bytes from pid 3
[dplay] received 33 data bytes from pid 1
[dplay] Send 14 bytes pid 4 -> 1 (ok)
[dplay] received 14 data bytes from pid 3
[dplay] received 33 data bytes from pid 1
[dplay] Send 14 bytes pid 4 -> 1 (ok)
[dplay] received 14 data bytes from pid 3
[dplay] received 33 data bytes from pid 1
[mfctimer] fire #18000 wnd=0x930e456 id=2378
[dplay] Send 14 bytes pid 4 -> 1 (ok)
[dplay] received 14 data bytes from pid 3
[dplay] received 33 data bytes from pid 1
[dplay] Send 14 bytes pid 4 -> 1 (ok)
[dplay] received 14 data bytes from pid 3
[dplay] received 33 data bytes from pid 1
[dplay] Send 14 bytes pid 4 -> 1 (ok)
[moveloop] iter=2900 -> waiting on SEMAPHORE
[moveloop] iter=2900 -> got semaphore, waiting on MUTEX
[dplay] received 14 data bytes from pid 3
[dplay] received 33 data bytes from pid 1
[dplay] Send 14 bytes pid 4 -> 1 (ok)
[dplay] received 14 data bytes from pid 3
[dplay] received 33 data bytes from pid 1
[dplay] Send 14 bytes pid 4 -> 1 (ok)
[dplay] received 14 data bytes from pid 3
[dplay] received 33 data bytes from pid 1
[dplay] Send 14 bytes pid 4 -> 1 (ok)
[dplay] received 14 data bytes from pid 3
[dplay] received 33 data bytes from pid 1
[dplay] Send 14 bytes pid 4 -> 1 (ok)
[dplay] received 14 data bytes from pid 3
[dplay] received 33 data bytes from pid 1
[dplay] Send 14 bytes pid 4 -> 1 (ok)
[dplay] received 14 data bytes from pid 3
[dplay] received 33 data bytes from pid 1
[dplay] Send 14 bytes pid 4 -> 1 (ok)
[agg] StaticTimeProc 49/s  impl=1 host=0 running=1 resync=0 served=0  -> AggregatorGetPackets 0/s
[dplay] received 14 data bytes from pid 3
[agg] drained/s:  WINMOVE.CPP:4941 from=3 to=1 len=14 x12  WINMOVE.CPP:4941 from=1 to=2 len=33 x24
[dplay] received 33 data bytes from pid 1
[dplay] Send 14 bytes pid 4 -> 1 (ok)
[agg] sent-to-agg/s dummy=0 init=0 other=13 (last other IDCode=201)  Count=255 FrameCount=0 synched=1 csync=1 res=0
[movegate] cycle=2000 timeout=0 accelcountdown=1 accel=0
[movestep] cycle=2000 paused=0 num=1
[dplay] received 14 data bytes from pid 3
[dplay] received 33 data bytes from pid 1
[dplay] Send 14 bytes pid 4 -> 1 (ok)
[dplay] received 14 data bytes from pid 3
[dplay] received 33 data bytes from pid 1
[dplay] Send 14 bytes pid 4 -> 1 (ok)
[dplay] received 14 data bytes from pid 3
[dplay] received 33 data bytes from pid 1
[dplay] Send 14 bytes pid 4 -> 1 (ok)
[dplay] received 14 data bytes from pid 3
[dplay] received 33 data bytes from pid 1
[dplay] Send 14 bytes pid 4 -> 1 (ok)
[dplay] received 14 data bytes from pid 3
[dplay] received 33 data bytes from pid 1
[dplay] Send 14 bytes pid 4 -> 1 (ok)
[dplay] received 14 data bytes from pid 3
[dplay] received 33 data bytes from pid 1
[moveloop] iter=2950 -> waiting on SEMAPHORE
[moveloop] iter=2950 -> got semaphore, waiting on MUTEX
[dplay] Send 14 bytes pid 4 -> 1 (ok)
[dplay] received 14 data bytes from pid 3
[dplay] received 33 data bytes from pid 1
[timeproc] tick=10000 instances=1 currinst=0xa4c7130
[dplay] Send 14 bytes pid 4 -> 1 (ok)
[dplay] received 14 data bytes from pid 3
[dplay] received 33 data bytes from pid 1
[dplay] Send 14 bytes pid 4 -> 1 (ok)
[dplay] received 14 data bytes from pid 3
[dplay] received 33 data bytes from pid 1
[dplay] Send 14 bytes pid 4 -> 1 (ok)
[dplay] received 14 data bytes from pid 3
[dplay] received 33 data bytes from pid 1
[mfctimer] fire #18500 wnd=0x930e456 id=2378
[dplay] Send 14 bytes pid 4 -> 1 (ok)
[dplay] received 14 data bytes from pid 3
[dplay] received 33 data bytes from pid 1
[dplay] Send 14 bytes pid 4 -> 1 (ok)
[dplay] received 14 data bytes from pid 3
[dplay] received 33 data bytes from pid 1
[agg] StaticTimeProc 50/s  impl=1 host=0 running=1 resync=0 served=0  -> AggregatorGetPackets 0/s
[dplay] Send 14 bytes pid 4 -> 1 (ok)
[agg] sent-to-agg/s dummy=0 init=0 other=12 (last other IDCode=201)  Count=11 FrameCount=12 synched=1 csync=1 res=0
[dplay] received 14 data bytes from pid 3
[dplay] received 33 data bytes from pid 1
[agg] drained/s:  WINMOVE.CPP:4941 from=3 to=1 len=14 x13  WINMOVE.CPP:4941 from=1 to=2 len=33 x26
[dplay] Send 14 bytes pid 4 -> 1 (ok)
[dplay] received 14 data bytes from pid 3
[dplay] received 33 data bytes from pid 1
[dplay] Send 14 bytes pid 4 -> 1 (ok)
[dplay] received 14 data bytes from pid 3
[dplay] received 33 data bytes from pid 1
[dplay] Send 14 bytes pid 4 -> 1 (ok)
[dplay] received 14 data bytes from pid 3
[dplay] received 33 data bytes from pid 1
[dplay] Send 14 bytes pid 4 -> 1 (ok)
[dplay] received 14 data bytes from pid 3
[dplay] received 33 data bytes from pid 1
[dplay] Send 14 bytes pid 4 -> 1 (ok)
[dplay] received 14 data bytes from pid 3
[dplay] received 33 data bytes from pid 1
[dplay] Send 14 bytes pid 4 -> 1 (ok)
[moveloop] iter=3000 -> waiting on SEMAPHORE
[moveloop] iter=3000 -> got semaphore, waiting on MUTEX
[dplay] received 14 data bytes from pid 3
[dplay] received 33 data bytes from pid 1
[dplay] Send 14 bytes pid 4 -> 1 (ok)
[dplay] received 14 data bytes from pid 3
[dplay] received 33 data bytes from pid 1
[dplay] Send 14 bytes pid 4 -> 1 (ok)
[dplay] received 14 data bytes from pid 3
[dplay] received 33 data bytes from pid 1
[dplay] Send 14 bytes pid 4 -> 1 (ok)
[dplay] pump #343000 (host=0) -- discovery is answered only from here
[dplay] received 14 data bytes from pid 3
[dplay] received 33 data bytes from pid 1
[dplay] Send 14 bytes pid 4 -> 1 (ok)
[dplay] received 14 data bytes from pid 3
[dplay] received 33 data bytes from pid 1
[agg] StaticTimeProc 49/s  impl=1 host=0 running=1 resync=0 served=0  -> AggregatorGetPackets 0/s
[dplay] Send 14 bytes pid 4 -> 1 (ok)
[agg] sent-to-agg/s dummy=0 init=0 other=11 (last other IDCode=201)  Count=22 FrameCount=23 synched=1 csync=1 res=0
[dplay] received 14 data bytes from pid 3
[agg] drained/s:  WINMOVE.CPP:4941 from=3 to=1 len=14 x11  WINMOVE.CPP:4941 from=1 to=2 len=33 x22
[dplay] received 33 data bytes from pid 1
[dplay] Send 14 bytes pid 4 -> 1 (ok)
[dplay] received 14 data bytes from pid 3
[dplay] received 33 data bytes from pid 1
[dplay] Send 14 bytes pid 4 -> 1 (ok)
[dplay] received 14 data bytes from pid 3
[dplay] received 33 data bytes from pid 1
[dplay] Send 14 bytes pid 4 -> 1 (ok)
[dplay] received 14 data bytes from pid 3
[dplay] received 33 data bytes from pid 1
[dplay] Send 14 bytes pid 4 -> 1 (ok)
[dplay] received 14 data bytes from pid 3
[dplay] received 33 data bytes from pid 1
[mfctimer] fire #19000 wnd=0x930e456 id=2378
[dplay] Send 14 bytes pid 4 -> 1 (ok)
[dplay] received 14 data bytes from pid 3
[dplay] received 33 data bytes from pid 1
[dplay] Send 14 bytes pid 4 -> 1 (ok)
[dplay] received 14 data bytes from pid 3
[dplay] received 33 data bytes from pid 1
[dplay] Send 14 bytes pid 4 -> 1 (ok)
[dplay] received 14 data bytes from pid 3
[dplay] received 33 data bytes from pid 1
[moveloop] iter=3050 -> waiting on SEMAPHORE
[moveloop] iter=3050 -> got semaphore, waiting on MUTEX
[dplay] Send 14 bytes pid 4 -> 1 (ok)
[dplay] received 14 data bytes from pid 3
[dplay] received 33 data bytes from pid 1
[dplay] Send 14 bytes pid 4 -> 1 (ok)
[dplay] received 14 data bytes from pid 3
[dplay] received 33 data bytes from pid 1
[dplay] Send 14 bytes pid 4 -> 1 (ok)
[dplay] received 14 data bytes from pid 3
[dplay] received 33 data bytes from pid 1
[dplay] Send 14 bytes pid 4 -> 1 (ok)
[dplay] received 14 data bytes from pid 3
[dplay] received 33 data bytes from pid 1
[dplay] Send 14 bytes pid 4 -> 1 (ok)
[dplay] received 14 data bytes from pid 3
[agg] StaticTimeProc 49/s  impl=1 host=0 running=1 resync=0 served=0  -> AggregatorGetPackets 0/s
[dplay] received 33 data bytes from pid 1
[agg] drained/s:  WINMOVE.CPP:4941 from=3 to=1 len=14 x12  WINMOVE.CPP:4941 from=1 to=2 len=33 x25
[dplay] Send 14 bytes pid 4 -> 1 (ok)
[agg] sent-to-agg/s dummy=0 init=0 other=13 (last other IDCode=201)  Count=35 FrameCount=36 synched=1 csync=1 res=0
[dplay] received 14 data bytes from pid 3
[dplay] received 33 data bytes from pid 1
[dplay] Send 14 bytes pid 4 -> 1 (ok)
[dplay] received 14 data bytes from pid 3
[dplay] received 33 data bytes from pid 1
[dplay] Send 14 bytes pid 4 -> 1 (ok)
[dplay] received 14 data bytes from pid 3
[dplay] received 33 data bytes from pid 1
[dplay] Send 14 bytes pid 4 -> 1 (ok)
[dplay] received 14 data bytes from pid 3
[dplay] received 33 data bytes from pid 1
[dplay] Send 14 bytes pid 4 -> 1 (ok)
[dplay] received 14 data bytes from pid 3
[dplay] received 33 data bytes from pid 1
[dplay] Send 14 bytes pid 4 -> 1 (ok)
[dplay] received 14 data bytes from pid 3
[dplay] received 33 data bytes from pid 1
[dplay] Send 14 bytes pid 4 -> 1 (ok)
[dplay] received 14 data bytes from pid 3
[dplay] received 33 data bytes from pid 1
[dplay] Send 14 bytes pid 4 -> 1 (ok)
[moveloop] iter=3100 -> waiting on SEMAPHORE
[moveloop] iter=3100 -> got semaphore, waiting on MUTEX
[dplay] received 14 data bytes from pid 3
[dplay] received 33 data bytes from pid 1
[dplay] Send 14 bytes pid 4 -> 1 (ok)
[dplay] received 14 data bytes from pid 3
[dplay] received 33 data bytes from pid 1
[dplay] Send 14 bytes pid 4 -> 1 (ok)
[dplay] received 14 data bytes from pid 3
[dplay] received 33 data bytes from pid 1
[dplay] Send 14 bytes pid 4 -> 1 (ok)
[dplay] received 14 data bytes from pid 3
[dplay] received 33 data bytes from pid 1
[mfctimer] fire #19500 wnd=0x930e456 id=2378
[dplay] Send 14 bytes pid 4 -> 1 (ok)
[dplay] received 14 data bytes from pid 3
[dplay] received 33 data bytes from pid 1
[agg] StaticTimeProc 50/s  impl=1 host=0 running=1 resync=0 served=0  -> AggregatorGetPackets 0/s
[dplay] Send 14 bytes pid 4 -> 1 (ok)
[agg] sent-to-agg/s dummy=0 init=0 other=12 (last other IDCode=201)  Count=47 FrameCount=48 synched=1 csync=1 res=0
[dplay] received 14 data bytes from pid 3
[agg] drained/s:  WINMOVE.CPP:4941 from=3 to=1 len=14 x13  WINMOVE.CPP:4941 from=1 to=2 len=33 x25
[dplay] received 33 data bytes from pid 1
[dplay] Send 14 bytes pid 4 -> 1 (ok)
[dplay] received 14 data bytes from pid 3
[dplay] received 33 data bytes from pid 1
[dplay] Send 14 bytes pid 4 -> 1 (ok)
[dplay] received 14 data bytes from pid 3
[dplay] received 33 data bytes from pid 1
[dplay] Send 14 bytes pid 4 -> 1 (ok)
[dplay] received 14 data bytes from pid 3
[dplay] received 33 data bytes from pid 1
[dplay] Send 14 bytes pid 4 -> 1 (ok)
[dplay] received 14 data bytes from pid 3
[dplay] received 33 data bytes from pid 1
[dplay] Send 14 bytes pid 4 -> 1 (ok)
[dplay] received 14 data bytes from pid 3
[dplay] received 33 data bytes from pid 1
[dplay] Send 14 bytes pid 4 -> 1 (ok)
[dplay] received 14 data bytes from pid 3
[dplay] received 33 data bytes from pid 1
[dplay] Send 14 bytes pid 4 -> 1 (ok)
[dplay] received 14 data bytes from pid 3
[dplay] received 33 data bytes from pid 1
[moveloop] iter=3150 -> waiting on SEMAPHORE
[moveloop] iter=3150 -> got semaphore, waiting on MUTEX
[dplay] Send 14 bytes pid 4 -> 1 (ok)
[dplay] received 14 data bytes from pid 3
[dplay] received 33 data bytes from pid 1
[dplay] Send 14 bytes pid 4 -> 1 (ok)
[dplay] received 14 data bytes from pid 3
[dplay] received 33 data bytes from pid 1
[dplay] Send 14 bytes pid 4 -> 1 (ok)
[dplay] received 14 data bytes from pid 3
[dplay] received 33 data bytes from pid 1
[dplay] Send 14 bytes pid 4 -> 1 (ok)
[dplay] received 14 data bytes from pid 3
[dplay] received 33 data bytes from pid 1
[dplay] Send 14 bytes pid 4 -> 1 (ok)
[dplay] received 14 data bytes from pid 3
[agg] StaticTimeProc 49/s  impl=1 host=0 running=1 resync=0 served=0  -> AggregatorGetPackets 0/s
[dplay] received 33 data bytes from pid 1
[agg] drained/s:  WINMOVE.CPP:4941 from=3 to=1 len=14 x12  WINMOVE.CPP:4941 from=1 to=2 len=33 x25
[dplay] Send 14 bytes pid 4 -> 1 (ok)
[agg] sent-to-agg/s dummy=0 init=0 other=13 (last other IDCode=201)  Count=60 FrameCount=61 synched=1 csync=1 res=0
[dplay] received 14 data bytes from pid 3
[dplay] received 33 data bytes from pid 1
[dplay] Send 14 bytes pid 4 -> 1 (ok)
[dplay] received 14 data bytes from pid 3
[dplay] received 33 data bytes from pid 1
[movegate] cycle=2250 timeout=0 accelcountdown=1 accel=0
[movestep] cycle=2250 paused=0 num=1
[dplay] Send 14 bytes pid 4 -> 1 (ok)
[dplay] received 14 data bytes from pid 3
[dplay] received 33 data bytes from pid 1
[dplay] Send 14 bytes pid 4 -> 1 (ok)
[dplay] received 14 data bytes from pid 3
[dplay] received 33 data bytes from pid 1
[dplay] Send 14 bytes pid 4 -> 1 (ok)
[dplay] received 14 data bytes from pid 3
[dplay] received 33 data bytes from pid 1
[dplay] Send 14 bytes pid 4 -> 1 (ok)
[mfctimer] fire #20000 wnd=0x930e456 id=2378
[dplay] received 19 data bytes from pid 1
[dplay] received 14 data bytes from pid 3
[dplay] Send 14 bytes pid 4 -> 1 (ok)
[dplay] received 33 data bytes from pid 1
[dplay] received 14 data bytes from pid 3
[dplay] Send 14 bytes pid 4 -> 1 (ok)
[moveloop] iter=3200 -> waiting on SEMAPHORE
[moveloop] iter=3200 -> got semaphore, waiting on MUTEX
[dplay] received 33 data bytes from pid 1
[dplay] received 14 data bytes from pid 3
[timeproc] tick=10250 instances=1 currinst=0xa4c7130
[dplay] Send 14 bytes pid 4 -> 1 (ok)
[dplay] received 33 data bytes from pid 1
[dplay] received 14 data bytes from pid 3
[dplay] Send 14 bytes pid 4 -> 1 (ok)
[dplay] received 33 data bytes from pid 1
[dplay] received 14 data bytes from pid 3
[dplay] Send 14 bytes pid 4 -> 1 (ok)
[dplay] received 33 data bytes from pid 1
[dplay] received 14 data bytes from pid 3
[dplay] Send 14 bytes pid 4 -> 1 (ok)
[dplay] received 33 data bytes from pid 1
[dplay] received 14 data bytes from pid 3
[agg] StaticTimeProc 49/s  impl=1 host=0 running=1 resync=0 served=0  -> AggregatorGetPackets 0/s
[dplay] Send 14 bytes pid 4 -> 1 (ok)
[agg] sent-to-agg/s dummy=0 init=0 other=12 (last other IDCode=201)  Count=72 FrameCount=73 synched=1 csync=1 res=0
[dplay] received 33 data bytes from pid 1
[dplay] received 14 data bytes from pid 3
[agg] drained/s:  WINMOVE.CPP:4941 from=3 to=1 len=14 x12  WINMOVE.CPP:4941 from=1 to=2 len=33 x24  WINMOVE.CPP:4941 from=1 to=2 len=19 x1
[dplay] Send 14 bytes pid 4 -> 1 (ok)
[dplay] received 33 data bytes from pid 1
[dplay] received 14 data bytes from pid 3
[dplay] Send 14 bytes pid 4 -> 1 (ok)
[dplay] received 33 data bytes from pid 1
[dplay] received 14 data bytes from pid 3
[dplay] Send 14 bytes pid 4 -> 1 (ok)
[dplay] received 33 data bytes from pid 1
[dplay] received 14 data bytes from pid 3
[dplay] Send 14 bytes pid 4 -> 1 (ok)
[dplay] received 14 data bytes from pid 3
[dplay] received 33 data bytes from pid 1
[dplay] Send 14 bytes pid 4 -> 1 (ok)
[dplay] received 33 data bytes from pid 1
[dplay] received 14 data bytes from pid 3
[dplay] received 19 data bytes from pid 1
[dplay] Send 14 bytes pid 4 -> 1 (ok)
[dplay] received 14 data bytes from pid 3
[dplay] received 33 data bytes from pid 1
[dplay] Send 14 bytes pid 4 -> 1 (ok)
[dplay] received 14 data bytes from pid 3
[dplay] received 33 data bytes from pid 1
[moveloop] iter=3250 -> waiting on SEMAPHORE
[moveloop] iter=3250 -> got semaphore, waiting on MUTEX
[dplay] Send 14 bytes pid 4 -> 1 (ok)
[dplay] received 14 data bytes from pid 3
[dplay] received 33 data bytes from pid 1
[dplay] Send 14 bytes pid 4 -> 1 (ok)
[dplay] received 14 data bytes from pid 3
[dplay] received 33 data bytes from pid 1
[dplay] Send 14 bytes pid 4 -> 1 (ok)
[dplay] received 14 data bytes from pid 3
[dplay] received 33 data bytes from pid 1
[dplay] Send 14 bytes pid 4 -> 1 (ok)
[dplay] received 14 data bytes from pid 3
[dplay] received 33 data bytes from pid 1
[dplay] Send 14 bytes pid 4 -> 1 (ok)
[dplay] received 14 data bytes from pid 3
[mfctimer] fire #20500 wnd=0x930e456 id=2378
[agg] StaticTimeProc 50/s  impl=1 host=0 running=1 resync=0 served=0  -> AggregatorGetPackets 0/s
[dplay] received 33 data bytes from pid 1
[agg] drained/s:  WINMOVE.CPP:4941 from=3 to=1 len=14 x13  WINMOVE.CPP:4941 from=1 to=2 len=33 x23  WINMOVE.CPP:4941 from=1 to=2 len=19 x2
[dplay] Send 14 bytes pid 4 -> 1 (ok)
[agg] sent-to-agg/s dummy=0 init=0 other=13 (last other IDCode=201)  Count=85 FrameCount=86 synched=1 csync=1 res=0
[dplay] received 14 data bytes from pid 3
[dplay] received 33 data bytes from pid 1
[dplay] Send 14 bytes pid 4 -> 1 (ok)
[dplay] received 14 data bytes from pid 3
[dplay] received 33 data bytes from pid 1
[dplay] Send 14 bytes pid 4 -> 1 (ok)
[dplay] received 14 data bytes from pid 3
[dplay] received 33 data bytes from pid 1
[dplay] Send 14 bytes pid 4 -> 1 (ok)
[dplay] received 14 data bytes from pid 3
[dplay] received 33 data bytes from pid 1
[dplay] Send 14 bytes pid 4 -> 1 (ok)
[dplay] received 14 data bytes from pid 3
[dplay] received 33 data bytes from pid 1
[dplay] Send 14 bytes pid 4 -> 1 (ok)
[dplay] received 14 data bytes from pid 3
[dplay] received 33 data bytes from pid 1
[dplay] Send 14 bytes pid 4 -> 1 (ok)
[dplay] received 14 data bytes from pid 3
[dplay] received 33 data bytes from pid 1
[dplay] pump #343500 (host=0) -- discovery is answered only from here
[dplay] Send 14 bytes pid 4 -> 1 (ok)
[moveloop] iter=3300 -> waiting on SEMAPHORE
[moveloop] iter=3300 -> got semaphore, waiting on MUTEX
[dplay] received 14 data bytes from pid 3
[dplay] received 33 data bytes from pid 1
[dplay] Send 14 bytes pid 4 -> 1 (ok)
[dplay] received 14 data bytes from pid 3
[dplay] received 33 data bytes from pid 1
[dplay] Send 14 bytes pid 4 -> 1 (ok)
[dplay] received 14 data bytes from pid 3
[dplay] received 33 data bytes from pid 1
[dplay] Send 14 bytes pid 4 -> 1 (ok)
[dplay] received 14 data bytes from pid 3
[dplay] received 33 data bytes from pid 1
[dplay] Send 14 bytes pid 4 -> 1 (ok)
[dplay] received 14 data bytes from pid 3
[dplay] received 33 data bytes from pid 1
[agg] StaticTimeProc 49/s  impl=1 host=0 running=1 resync=0 served=0  -> AggregatorGetPackets 0/s
[dplay] Send 14 bytes pid 4 -> 1 (ok)
[agg] sent-to-agg/s dummy=0 init=0 other=12 (last other IDCode=201)  Count=97 FrameCount=98 synched=1 csync=1 res=0
[dplay] received 14 data bytes from pid 3
[agg] drained/s:  WINMOVE.CPP:4941 from=3 to=1 len=14 x13  WINMOVE.CPP:4941 from=1 to=2 len=33 x25
[dplay] received 33 data bytes from pid 1
[dplay] Send 14 bytes pid 4 -> 1 (ok)
[dplay] received 14 data bytes from pid 3
[dplay] received 33 data bytes from pid 1
[dplay] Send 14 bytes pid 4 -> 1 (ok)
[dplay] received 19 data bytes from pid 1
[dplay] received 14 data bytes from pid 3
[accnt] aircraft in this world: now=8 MAX=8 visible=2 dead=6 (frame sample #4)
[dplay] Send 14 bytes pid 4 -> 1 (ok)
[dplay] received 33 data bytes from pid 1
[dplay] received 14 data bytes from pid 3
[dplay] Send 14 bytes pid 4 -> 1 (ok)
[dplay] received 33 data bytes from pid 1
[dplay] received 14 data bytes from pid 3
[dplay] Send 14 bytes pid 4 -> 1 (ok)
[dplay] received 33 data bytes from pid 1
[dplay] received 14 data bytes from pid 3
[dplay] Send 14 bytes pid 4 -> 1 (ok)
[dplay] received 33 data bytes from pid 1
[dplay] received 14 data bytes from pid 3
[mfctimer] fire #21000 wnd=0x930e456 id=2378
[dplay] Send 14 bytes pid 4 -> 1 (ok)
[dplay] received 33 data bytes from pid 1
[dplay] received 14 data bytes from pid 3
[moveloop] iter=3350 -> waiting on SEMAPHORE
[moveloop] iter=3350 -> got semaphore, waiting on MUTEX
[dplay] Send 14 bytes pid 4 -> 1 (ok)
[dplay] received 33 data bytes from pid 1
[dplay] received 14 data bytes from pid 3
[dplay] Send 14 bytes pid 4 -> 1 (ok)
[dplay] received 33 data bytes from pid 1
[dplay] received 14 data bytes from pid 3
[dplay] Send 14 bytes pid 4 -> 1 (ok)
[dplay] received 33 data bytes from pid 1
[dplay] received 14 data bytes from pid 3
[dplay] Send 14 bytes pid 4 -> 1 (ok)
[dplay] received 33 data bytes from pid 1
[dplay] received 14 data bytes from pid 3
[dplay] Send 14 bytes pid 4 -> 1 (ok)
[dplay] received 33 data bytes from pid 1
[dplay] received 14 data bytes from pid 3
[agg] StaticTimeProc 49/s  impl=1 host=0 running=1 resync=0 served=0  -> AggregatorGetPackets 0/s
[dplay] Send 14 bytes pid 4 -> 1 (ok)
[agg] sent-to-agg/s dummy=0 init=0 other=13 (last other IDCode=201)  Count=110 FrameCount=111 synched=1 csync=1 res=0
[dplay] received 33 data bytes from pid 1
[dplay] received 14 data bytes from pid 3
[agg] drained/s:  WINMOVE.CPP:4941 from=3 to=1 len=14 x12  WINMOVE.CPP:4941 from=1 to=2 len=33 x25  WINMOVE.CPP:4941 from=1 to=2 len=19 x1
[dplay] Send 14 bytes pid 4 -> 1 (ok)
[dplay] received 33 data bytes from pid 1
[dplay] received 14 data bytes from pid 3
[dplay] Send 14 bytes pid 4 -> 1 (ok)
[dplay] received 33 data bytes from pid 1
[dplay] received 14 data bytes from pid 3
[dplay] Send 14 bytes pid 4 -> 1 (ok)
[dplay] received 33 data bytes from pid 1
[dplay] received 14 data bytes from pid 3
[dplay] Send 14 bytes pid 4 -> 1 (ok)
[dplay] received 33 data bytes from pid 1
[dplay] received 14 data bytes from pid 3
[dplay] Send 14 bytes pid 4 -> 1 (ok)
[dplay] received 33 data bytes from pid 1
[dplay] received 14 data bytes from pid 3
[dplay] Send 14 bytes pid 4 -> 1 (ok)
[dplay] received 14 data bytes from pid 3
[dplay] received 33 data bytes from pid 1
[dplay] Send 14 bytes pid 4 -> 1 (ok)
[moveloop] iter=3400 -> waiting on SEMAPHORE
[moveloop] iter=3400 -> got semaphore, waiting on MUTEX
[dplay] received 14 data bytes from pid 3
[dplay] received 33 data bytes from pid 1
[dplay] Send 14 bytes pid 4 -> 1 (ok)
[dplay] received 33 data bytes from pid 1
[dplay] received 14 data bytes from pid 3
[dplay] received 19 data bytes from pid 1
[dplay] Send 14 bytes pid 4 -> 1 (ok)
[dplay] received 14 data bytes from pid 3
[dplay] received 33 data bytes from pid 1
[dplay] Send 14 bytes pid 4 -> 1 (ok)
[dplay] received 14 data bytes from pid 3
[dplay] received 33 data bytes from pid 1
[dplay] Send 14 bytes pid 4 -> 1 (ok)
[dplay] received 14 data bytes from pid 3
[dplay] received 33 data bytes from pid 1
[agg] StaticTimeProc 50/s  impl=1 host=0 running=1 resync=0 served=0  -> AggregatorGetPackets 0/s
[dplay] Send 14 bytes pid 4 -> 1 (ok)
[agg] sent-to-agg/s dummy=0 init=0 other=12 (last other IDCode=201)  Count=122 FrameCount=123 synched=1 csync=1 res=0
[dplay] received 14 data bytes from pid 3
[agg] drained/s:  WINMOVE.CPP:4941 from=3 to=1 len=14 x13  WINMOVE.CPP:4941 from=1 to=2 len=33 x22  WINMOVE.CPP:4941 from=1 to=2 len=19 x2
[dplay] received 33 data bytes from pid 1
[dplay] Send 14 bytes pid 4 -> 1 (ok)
[mfctimer] fire #21500 wnd=0x930e456 id=2378
[dplay] received 14 data bytes from pid 3
[dplay] received 33 data bytes from pid 1
[dplay] Send 14 bytes pid 4 -> 1 (ok)
[movegate] cycle=2500 timeout=0 accelcountdown=1 accel=0
[movestep] cycle=2500 paused=0 num=1
[dplay] received 14 data bytes from pid 3
[dplay] received 33 data bytes from pid 1
[dplay] Send 14 bytes pid 4 -> 1 (ok)
[dplay] received 14 data bytes from pid 3
[dplay] received 33 data bytes from pid 1
[dplay] Send 14 bytes pid 4 -> 1 (ok)
[dplay] received 14 data bytes from pid 3
[dplay] received 33 data bytes from pid 1
[dplay] Send 14 bytes pid 4 -> 1 (ok)
[dplay] received 14 data bytes from pid 3
[dplay] received 33 data bytes from pid 1
[dplay] Send 14 bytes pid 4 -> 1 (ok)
[dplay] received 14 data bytes from pid 3
[dplay] received 33 data bytes from pid 1
[dplay] Send 14 bytes pid 4 -> 1 (ok)
[dplay] received 14 data bytes from pid 3
[dplay] received 33 data bytes from pid 1
[moveloop] iter=3450 -> waiting on SEMAPHORE
[moveloop] iter=3450 -> got semaphore, waiting on MUTEX
[dplay] Send 14 bytes pid 4 -> 1 (ok)
[dplay] received 14 data bytes from pid 3
[dplay] received 33 data bytes from pid 1
[dplay] Send 14 bytes pid 4 -> 1 (ok)
[timeproc] tick=10500 instances=1 currinst=0xa4c7130
[dplay] received 14 data bytes from pid 3
[dplay] received 33 data bytes from pid 1
[dplay] Send 14 bytes pid 4 -> 1 (ok)
[dplay] received 14 data bytes from pid 3
[dplay] received 33 data bytes from pid 1
[dplay] Send 14 bytes pid 4 -> 1 (ok)
[dplay] received 14 data bytes from pid 3
[dplay] received 33 data bytes from pid 1
[dplay] Send 14 bytes pid 4 -> 1 (ok)
[dplay] received 14 data bytes from pid 3
[agg] StaticTimeProc 49/s  impl=1 host=0 running=1 resync=0 served=0  -> AggregatorGetPackets 0/s
[dplay] received 33 data bytes from pid 1
[agg] drained/s:  WINMOVE.CPP:4941 from=3 to=1 len=14 x12  WINMOVE.CPP:4941 from=1 to=2 len=33 x25
[dplay] Send 14 bytes pid 4 -> 1 (ok)
[agg] sent-to-agg/s dummy=0 init=0 other=13 (last other IDCode=201)  Count=135 FrameCount=136 synched=1 csync=1 res=0
[dplay] received 14 data bytes from pid 3
[dplay] received 33 data bytes from pid 1
[dplay] Send 14 bytes pid 4 -> 1 (ok)
[dplay] received 14 data bytes from pid 3
[dplay] received 33 data bytes from pid 1
[dplay] Send 14 bytes pid 4 -> 1 (ok)
[dplay] received 14 data bytes from pid 3
[dplay] received 33 data bytes from pid 1
[dplay] Send 14 bytes pid 4 -> 1 (ok)
[dplay] received 14 data bytes from pid 3
[dplay] received 33 data bytes from pid 1
[dplay] Send 14 bytes pid 4 -> 1 (ok)
[dplay] received 14 data bytes from pid 3
[dplay] received 33 data bytes from pid 1
[dplay] Send 14 bytes pid 4 -> 1 (ok)
[dplay] received 14 data bytes from pid 3
[dplay] received 33 data bytes from pid 1
[dplay] Send 14 bytes pid 4 -> 1 (ok)
[dplay] received 14 data bytes from pid 3
[dplay] received 33 data bytes from pid 1
[dplay] Send 14 bytes pid 4 -> 1 (ok)
[moveloop] iter=3500 -> waiting on SEMAPHORE
[moveloop] iter=3500 -> got semaphore, waiting on MUTEX
[dplay] received 14 data bytes from pid 3
[mfctimer] fire #22000 wnd=0x930e456 id=2378
[dplay] received 33 data bytes from pid 1
[dplay] Send 14 bytes pid 4 -> 1 (ok)
[dplay] received 14 data bytes from pid 3
[dplay] received 33 data bytes from pid 1
[dplay] Send 14 bytes pid 4 -> 1 (ok)
[dplay] received 14 data bytes from pid 3
[dplay] received 33 data bytes from pid 1
[dplay] Send 14 bytes pid 4 -> 1 (ok)
[dplay] received 14 data bytes from pid 3
[dplay] received 33 data bytes from pid 1
[dplay] Send 14 bytes pid 4 -> 1 (ok)
[dplay] received 14 data bytes from pid 3
[dplay] received 33 data bytes from pid 1
[agg] StaticTimeProc 49/s  impl=1 host=0 running=1 resync=0 served=0  -> AggregatorGetPackets 0/s
[dplay] Send 14 bytes pid 4 -> 1 (ok)
[agg] sent-to-agg/s dummy=0 init=0 other=12 (last other IDCode=201)  Count=147 FrameCount=148 synched=1 csync=1 res=0
[dplay] received 14 data bytes from pid 3
[agg] drained/s:  WINMOVE.CPP:4941 from=3 to=1 len=14 x13  WINMOVE.CPP:4941 from=1 to=2 len=33 x25
[dplay] received 33 data bytes from pid 1
[dplay] Send 14 bytes pid 4 -> 1 (ok)
[dplay] received 14 data bytes from pid 3
[dplay] received 33 data bytes from pid 1
[dplay] Send 14 bytes pid 4 -> 1 (ok)
[dplay] received 14 data bytes from pid 3
[dplay] received 33 data bytes from pid 1
[dplay] Send 14 bytes pid 4 -> 1 (ok)
[dplay] received 14 data bytes from pid 3
[dplay] received 33 data bytes from pid 1
[dplay] Send 14 bytes pid 4 -> 1 (ok)
[dplay] received 14 data bytes from pid 3
[dplay] received 33 data bytes from pid 1
[dplay] Send 14 bytes pid 4 -> 1 (ok)
[dplay] received 14 data bytes from pid 3
[dplay] received 33 data bytes from pid 1
[dplay] Send 14 bytes pid 4 -> 1 (ok)
[dplay] received 14 data bytes from pid 3
[dplay] received 33 data bytes from pid 1
[dplay] Send 14 bytes pid 4 -> 1 (ok)
[dplay] received 14 data bytes from pid 3
[dplay] received 33 data bytes from pid 1
[moveloop] iter=3550 -> waiting on SEMAPHORE
[moveloop] iter=3550 -> got semaphore, waiting on MUTEX
[dplay] Send 14 bytes pid 4 -> 1 (ok)
[dplay] received 14 data bytes from pid 3
[dplay] received 33 data bytes from pid 1
[dplay] Send 14 bytes pid 4 -> 1 (ok)
[dplay] received 14 data bytes from pid 3
[dplay] received 33 data bytes from pid 1
[dplay] Send 14 bytes pid 4 -> 1 (ok)
[dplay] received 14 data bytes from pid 3
[dplay] received 33 data bytes from pid 1
[dplay] Send 14 bytes pid 4 -> 1 (ok)
[dplay] received 14 data bytes from pid 3
[dplay] received 33 data bytes from pid 1
[dplay] Send 14 bytes pid 4 -> 1 (ok)
[dplay] received 14 data bytes from pid 3
[agg] StaticTimeProc 50/s  impl=1 host=0 running=1 resync=0 served=0  -> AggregatorGetPackets 0/s
[dplay] received 33 data bytes from pid 1
[agg] drained/s:  WINMOVE.CPP:4941 from=3 to=1 len=14 x12  WINMOVE.CPP:4941 from=1 to=2 len=33 x25
[dplay] Send 14 bytes pid 4 -> 1 (ok)
[agg] sent-to-agg/s dummy=0 init=0 other=13 (last other IDCode=201)  Count=160 FrameCount=161 synched=1 csync=1 res=0
[dplay] received 14 data bytes from pid 3
[dplay] received 33 data bytes from pid 1
[dplay] Send 14 bytes pid 4 -> 1 (ok)
[dplay] received 14 data bytes from pid 3
[dplay] received 33 data bytes from pid 1
[mfctimer] fire #22500 wnd=0x930e456 id=2378
[dplay] Send 14 bytes pid 4 -> 1 (ok)
[dplay] received 14 data bytes from pid 3
[dplay] received 33 data bytes from pid 1
[dplay] pump #344000 (host=0) -- discovery is answered only from here
[dplay] Send 14 bytes pid 4 -> 1 (ok)
[dplay] received 14 data bytes from pid 3
[dplay] received 33 data bytes from pid 1
[dplay] Send 14 bytes pid 4 -> 1 (ok)
[dplay] received 14 data bytes from pid 3
[dplay] received 33 data bytes from pid 1
[dplay] Send 14 bytes pid 4 -> 1 (ok)
[dplay] received 14 data bytes from pid 3
[dplay] received 33 data bytes from pid 1
[dplay] Send 14 bytes pid 4 -> 1 (ok)
[dplay] received 19 data bytes from pid 1
[dplay] received 14 data bytes from pid 3
[dplay] Send 14 bytes pid 4 -> 1 (ok)
[moveloop] iter=3600 -> waiting on SEMAPHORE
[moveloop] iter=3600 -> got semaphore, waiting on MUTEX
[dplay] received 33 data bytes from pid 1
[dplay] received 14 data bytes from pid 3
[dplay] Send 14 bytes pid 4 -> 1 (ok)
[dplay] received 33 data bytes from pid 1
[dplay] received 14 data bytes from pid 3
[dplay] Send 14 bytes pid 4 -> 1 (ok)
[dplay] received 33 data bytes from pid 1
[dplay] received 14 data bytes from pid 3
[dplay] Send 14 bytes pid 4 -> 1 (ok)
[dplay] received 33 data bytes from pid 1
[dplay] received 14 data bytes from pid 3
[dplay] Send 14 bytes pid 4 -> 1 (ok)
[dplay] received 33 data bytes from pid 1
[dplay] received 14 data bytes from pid 3
[agg] StaticTimeProc 49/s  impl=1 host=0 running=1 resync=0 served=0  -> AggregatorGetPackets 0/s
[dplay] Send 14 bytes pid 4 -> 1 (ok)
[agg] sent-to-agg/s dummy=0 init=0 other=12 (last other IDCode=201)  Count=172 FrameCount=173 synched=1 csync=1 res=0
[dplay] received 33 data bytes from pid 1
[dplay] received 14 data bytes from pid 3
[agg] drained/s:  WINMOVE.CPP:4941 from=3 to=1 len=14 x12  WINMOVE.CPP:4941 from=1 to=2 len=33 x24  WINMOVE.CPP:4941 from=1 to=2 len=19 x1
[dplay] Send 14 bytes pid 4 -> 1 (ok)
[dplay] received 33 data bytes from pid 1
[dplay] received 14 data bytes from pid 3
[dplay] Send 14 bytes pid 4 -> 1 (ok)
[dplay] received 33 data bytes from pid 1
[dplay] received 14 data bytes from pid 3
[dplay] Send 14 bytes pid 4 -> 1 (ok)
[dplay] received 33 data bytes from pid 1
[dplay] received 14 data bytes from pid 3
[dplay] Send 14 bytes pid 4 -> 1 (ok)
[dplay] received 33 data bytes from pid 1
[dplay] received 14 data bytes from pid 3
[dplay] Send 14 bytes pid 4 -> 1 (ok)
[dplay] received 33 data bytes from pid 1
[dplay] received 14 data bytes from pid 3
[dplay] Send 14 bytes pid 4 -> 1 (ok)
[dplay] received 33 data bytes from pid 1
[dplay] received 14 data bytes from pid 3
[dplay] Send 14 bytes pid 4 -> 1 (ok)
[dplay] received 33 data bytes from pid 1
[dplay] received 14 data bytes from pid 3
[moveloop] iter=3650 -> waiting on SEMAPHORE
[moveloop] iter=3650 -> got semaphore, waiting on MUTEX
[dplay] Send 14 bytes pid 4 -> 1 (ok)
[dplay] received 33 data bytes from pid 1
[dplay] received 14 data bytes from pid 3
[mfctimer] fire #23000 wnd=0x930e456 id=2378
[dplay] Send 14 bytes pid 4 -> 1 (ok)
[dplay] received 33 data bytes from pid 1
[dplay] received 14 data bytes from pid 3
[dplay] Send 14 bytes pid 4 -> 1 (ok)
[dplay] received 33 data bytes from pid 1
[dplay] received 14 data bytes from pid 3
[dplay] Send 14 bytes pid 4 -> 1 (ok)
[dplay] received 33 data bytes from pid 1
[dplay] received 14 data bytes from pid 3
[dplay] Send 14 bytes pid 4 -> 1 (ok)
[dplay] received 33 data bytes from pid 1
[dplay] received 14 data bytes from pid 3
[agg] StaticTimeProc 49/s  impl=1 host=0 running=1 resync=0 served=0  -> AggregatorGetPackets 0/s
[dplay] Send 14 bytes pid 4 -> 1 (ok)
[agg] sent-to-agg/s dummy=0 init=0 other=13 (last other IDCode=201)  Count=185 FrameCount=186 synched=1 csync=1 res=0
[dplay] received 33 data bytes from pid 1
[dplay] received 14 data bytes from pid 3
[agg] drained/s:  WINMOVE.CPP:4941 from=3 to=1 len=14 x13  WINMOVE.CPP:4941 from=1 to=2 len=33 x26
[dplay] Send 14 bytes pid 4 -> 1 (ok)
[dplay] received 33 data bytes from pid 1
[dplay] received 14 data bytes from pid 3
[dplay] received 19 data bytes from pid 1
[movegate] cycle=2750 timeout=0 accelcountdown=1 accel=0
[movestep] cycle=2750 paused=0 num=1
[dplay] Send 14 bytes pid 4 -> 1 (ok)
[dplay] received 14 data bytes from pid 3
[dplay] received 33 data bytes from pid 1
[dplay] Send 14 bytes pid 4 -> 1 (ok)
[dplay] received 14 data bytes from pid 3
[dplay] received 33 data bytes from pid 1
[dplay] Send 14 bytes pid 4 -> 1 (ok)
[dplay] received 14 data bytes from pid 3
[dplay] received 33 data bytes from pid 1
[dplay] Send 14 bytes pid 4 -> 1 (ok)
[dplay] received 14 data bytes from pid 3
[dplay] received 33 data bytes from pid 1
[dplay] Send 14 bytes pid 4 -> 1 (ok)
[dplay] received 14 data bytes from pid 3
[dplay] received 33 data bytes from pid 1
[dplay] Send 14 bytes pid 4 -> 1 (ok)
[moveloop] iter=3700 -> waiting on SEMAPHORE
[moveloop] iter=3700 -> got semaphore, waiting on MUTEX
[dplay] received 14 data bytes from pid 3
[dplay] received 33 data bytes from pid 1
[dplay] Send 14 bytes pid 4 -> 1 (ok)
[dplay] received 14 data bytes from pid 3
[dplay] received 33 data bytes from pid 1
[dplay] Send 14 bytes pid 4 -> 1 (ok)
[dplay] received 14 data bytes from pid 3
[timeproc] tick=10750 instances=1 currinst=0xa4c7130
[dplay] received 33 data bytes from pid 1
[dplay] Send 14 bytes pid 4 -> 1 (ok)
[dplay] received 14 data bytes from pid 3
[dplay] received 33 data bytes from pid 1
[dplay] Send 14 bytes pid 4 -> 1 (ok)
[dplay] received 14 data bytes from pid 3
[dplay] received 33 data bytes from pid 1
[agg] StaticTimeProc 50/s  impl=1 host=0 running=1 resync=0 served=0  -> AggregatorGetPackets 0/s
[dplay] Send 14 bytes pid 4 -> 1 (ok)
[agg] sent-to-agg/s dummy=0 init=0 other=12 (last other IDCode=201)  Count=197 FrameCount=198 synched=1 csync=1 res=0
[dplay] received 14 data bytes from pid 3
[agg] drained/s:  WINMOVE.CPP:4941 from=3 to=1 len=14 x13  WINMOVE.CPP:4941 from=1 to=2 len=33 x23  WINMOVE.CPP:4941 from=1 to=2 len=19 x2
[dplay] received 33 data bytes from pid 1
[dplay] Send 14 bytes pid 4 -> 1 (ok)
[dplay] received 14 data bytes from pid 3
[dplay] received 33 data bytes from pid 1
[dplay] Send 14 bytes pid 4 -> 1 (ok)
[dplay] received 14 data bytes from pid 3
[dplay] received 33 data bytes from pid 1
[dplay] Send 14 bytes pid 4 -> 1 (ok)
[mfctimer] fire #23500 wnd=0x930e456 id=2378
[dplay] received 14 data bytes from pid 3
[dplay] received 33 data bytes from pid 1
[dplay] Send 14 bytes pid 4 -> 1 (ok)
[dplay] received 14 data bytes from pid 3
[dplay] received 33 data bytes from pid 1
[dplay] Send 14 bytes pid 4 -> 1 (ok)
[dplay] received 14 data bytes from pid 3
[dplay] received 33 data bytes from pid 1
[dplay] Send 14 bytes pid 4 -> 1 (ok)
[dplay] received 14 data bytes from pid 3
[dplay] received 33 data bytes from pid 1
[dplay] Send 14 bytes pid 4 -> 1 (ok)
[dplay] received 14 data bytes from pid 3
[dplay] received 33 data bytes from pid 1
[moveloop] iter=3750 -> waiting on SEMAPHORE
[moveloop] iter=3750 -> got semaphore, waiting on MUTEX
[dplay] Send 14 bytes pid 4 -> 1 (ok)
[dplay] received 14 data bytes from pid 3
[dplay] received 33 data bytes from pid 1
[dplay] Send 14 bytes pid 4 -> 1 (ok)
[dplay] received 14 data bytes from pid 3
[dplay] received 33 data bytes from pid 1
[dplay] Send 14 bytes pid 4 -> 1 (ok)
[dplay] received 14 data bytes from pid 3
[dplay] received 33 data bytes from pid 1
[dplay] Send 14 bytes pid 4 -> 1 (ok)
[dplay] received 14 data bytes from pid 3
[dplay] received 33 data bytes from pid 1
[dplay] Send 14 bytes pid 4 -> 1 (ok)
[dplay] received 14 data bytes from pid 3
[agg] StaticTimeProc 49/s  impl=1 host=0 running=1 resync=0 served=0  -> AggregatorGetPackets 0/s
[dplay] received 33 data bytes from pid 1
[agg] drained/s:  WINMOVE.CPP:4941 from=3 to=1 len=14 x12  WINMOVE.CPP:4941 from=1 to=2 len=33 x25
[dplay] Send 14 bytes pid 4 -> 1 (ok)
[agg] sent-to-agg/s dummy=0 init=0 other=13 (last other IDCode=201)  Count=210 FrameCount=211 synched=1 csync=1 res=0
[dplay] received 14 data bytes from pid 3
[dplay] received 33 data bytes from pid 1
[dplay] Send 14 bytes pid 4 -> 1 (ok)
[dplay] received 14 data bytes from pid 3
[dplay] received 33 data bytes from pid 1
[dplay] Send 14 bytes pid 4 -> 1 (ok)
[dplay] received 14 data bytes from pid 3
[dplay] received 33 data bytes from pid 1
[dplay] Send 14 bytes pid 4 -> 1 (ok)
[dplay] received 14 data bytes from pid 3
[dplay] received 33 data bytes from pid 1
[dplay] Send 14 bytes pid 4 -> 1 (ok)
[dplay] received 14 data bytes from pid 3
[dplay] received 33 data bytes from pid 1
[dplay] Send 14 bytes pid 4 -> 1 (ok)
[dplay] received 14 data bytes from pid 3
[dplay] received 33 data bytes from pid 1
[dplay] Send 14 bytes pid 4 -> 1 (ok)
[dplay] received 14 data bytes from pid 3
[dplay] received 33 data bytes from pid 1
[dplay] Send 14 bytes pid 4 -> 1 (ok)
[moveloop] iter=3800 -> waiting on SEMAPHORE
[moveloop] iter=3800 -> got semaphore, waiting on MUTEX
[dplay] received 14 data bytes from pid 3
[dplay] received 33 data bytes from pid 1
[dplay] Send 14 bytes pid 4 -> 1 (ok)
[dplay] received 14 data bytes from pid 3
[dplay] received 33 data bytes from pid 1
[dplay] Send 14 bytes pid 4 -> 1 (ok)
[dplay] received 14 data bytes from pid 3
[mfctimer] fire #24000 wnd=0x930e456 id=2378
[dplay] received 33 data bytes from pid 1
[dplay] Send 14 bytes pid 4 -> 1 (ok)
[dplay] received 14 data bytes from pid 3
[dplay] received 33 data bytes from pid 1
[dplay] Send 14 bytes pid 4 -> 1 (ok)
[dplay] received 14 data bytes from pid 3
[dplay] received 33 data bytes from pid 1
[agg] StaticTimeProc 50/s  impl=1 host=0 running=1 resync=0 served=0  -> AggregatorGetPackets 0/s
[dplay] Send 14 bytes pid 4 -> 1 (ok)
[agg] sent-to-agg/s dummy=0 init=0 other=12 (last other IDCode=201)  Count=222 FrameCount=223 synched=1 csync=1 res=0
[dplay] received 14 data bytes from pid 3
[agg] drained/s:  WINMOVE.CPP:4941 from=3 to=1 len=14 x13  WINMOVE.CPP:4941 from=1 to=2 len=33 x25
[dplay] received 33 data bytes from pid 1
[dplay] Send 14 bytes pid 4 -> 1 (ok)
[dplay] received 14 data bytes from pid 3
[dplay] received 33 data bytes from pid 1
[dplay] Send 14 bytes pid 4 -> 1 (ok)
[dplay] received 14 data bytes from pid 3
[dplay] received 33 data bytes from pid 1
[dplay] Send 14 bytes pid 4 -> 1 (ok)
[dplay] received 14 data bytes from pid 3
[dplay] received 33 data bytes from pid 1
[dplay] Send 14 bytes pid 4 -> 1 (ok)
[dplay] received 14 data bytes from pid 3
[dplay] received 33 data bytes from pid 1
[dplay] Send 14 bytes pid 4 -> 1 (ok)
[dplay] received 14 data bytes from pid 3
[dplay] received 33 data bytes from pid 1
[dplay] Send 14 bytes pid 4 -> 1 (ok)
[dplay] received 14 data bytes from pid 3
[dplay] received 33 data bytes from pid 1
[dplay] Send 14 bytes pid 4 -> 1 (ok)
[dplay] received 14 data bytes from pid 3
[dplay] received 33 data bytes from pid 1
[moveloop] iter=3850 -> waiting on SEMAPHORE
[moveloop] iter=3850 -> got semaphore, waiting on MUTEX
[dplay] Send 14 bytes pid 4 -> 1 (ok)
[dplay] received 14 data bytes from pid 3
[dplay] received 33 data bytes from pid 1
[dplay] Send 14 bytes pid 4 -> 1 (ok)
[dplay] received 14 data bytes from pid 3
[dplay] received 33 data bytes from pid 1
[dplay] Send 14 bytes pid 4 -> 1 (ok)
[dplay] received 14 data bytes from pid 3
[dplay] received 33 data bytes from pid 1
[dplay] Send 14 bytes pid 4 -> 1 (ok)
[dplay] received 14 data bytes from pid 3
[dplay] received 33 data bytes from pid 1
[dplay] Send 14 bytes pid 4 -> 1 (ok)
[dplay] received 14 data bytes from pid 3
[dplay] pump #344500 (host=0) -- discovery is answered only from here
[agg] StaticTimeProc 49/s  impl=1 host=0 running=1 resync=0 served=0  -> AggregatorGetPackets 0/s
[dplay] received 33 data bytes from pid 1
[agg] drained/s:  WINMOVE.CPP:4941 from=3 to=1 len=14 x12  WINMOVE.CPP:4941 from=1 to=2 len=33 x25
[dplay] Send 14 bytes pid 4 -> 1 (ok)
[agg] sent-to-agg/s dummy=0 init=0 other=13 (last other IDCode=201)  Count=235 FrameCount=236 synched=1 csync=1 res=0
[dplay] received 14 data bytes from pid 3
[dplay] received 33 data bytes from pid 1
[dplay] Send 14 bytes pid 4 -> 1 (ok)
[dplay] received 14 data bytes from pid 3
[dplay] received 33 data bytes from pid 1
[dplay] Send 14 bytes pid 4 -> 1 (ok)
[dplay] received 14 data bytes from pid 3
[dplay] received 33 data bytes from pid 1
[dplay] Send 14 bytes pid 4 -> 1 (ok)
[dplay] received 14 data bytes from pid 3
[dplay] received 33 data bytes from pid 1
[mfctimer] fire #24500 wnd=0x930e456 id=2378
[dplay] Send 14 bytes pid 4 -> 1 (ok)
[dplay] received 14 data bytes from pid 3
[dplay] received 33 data bytes from pid 1
[dplay] Send 14 bytes pid 4 -> 1 (ok)
[dplay] received 14 data bytes from pid 3
[dplay] received 33 data bytes from pid 1
[dplay] Send 14 bytes pid 4 -> 1 (ok)
[dplay] received 19 data bytes from pid 1
[dplay] received 14 data bytes from pid 3
[dplay] Send 14 bytes pid 4 -> 1 (ok)
[moveloop] iter=3900 -> waiting on SEMAPHORE
[moveloop] iter=3900 -> got semaphore, waiting on MUTEX
[dplay] received 33 data bytes from pid 1
[dplay] received 14 data bytes from pid 3
[dplay] Send 14 bytes pid 4 -> 1 (ok)
[dplay] received 33 data bytes from pid 1
[dplay] received 14 data bytes from pid 3
[dplay] Send 14 bytes pid 4 -> 1 (ok)
[dplay] received 33 data bytes from pid 1
[dplay] received 14 data bytes from pid 3
[dplay] Send 14 bytes pid 4 -> 1 (ok)
[dplay] received 33 data bytes from pid 1
[dplay] received 14 data bytes from pid 3
[dplay] Send 14 bytes pid 4 -> 1 (ok)
[dplay] received 33 data bytes from pid 1
[dplay] received 14 data bytes from pid 3
[agg] StaticTimeProc 49/s  impl=1 host=0 running=1 resync=0 served=0  -> AggregatorGetPackets 0/s
[dplay] Send 14 bytes pid 4 -> 1 (ok)
[agg] sent-to-agg/s dummy=0 init=0 other=12 (last other IDCode=201)  Count=247 FrameCount=248 synched=1 csync=1 res=0
[dplay] received 33 data bytes from pid 1
[dplay] received 14 data bytes from pid 3
[agg] drained/s:  WINMOVE.CPP:4941 from=3 to=1 len=14 x12  WINMOVE.CPP:4941 from=1 to=2 len=33 x24  WINMOVE.CPP:4941 from=1 to=2 len=19 x1
[dplay] Send 14 bytes pid 4 -> 1 (ok)
[dplay] received 33 data bytes from pid 1
[dplay] received 14 data bytes from pid 3
[dplay] Send 14 bytes pid 4 -> 1 (ok)
[movegate] cycle=3000 timeout=0 accelcountdown=1 accel=0
[movestep] cycle=3000 paused=0 num=1
[dplay] received 33 data bytes from pid 1
[dplay] received 14 data bytes from pid 3
[accnt] aircraft in this world: now=8 MAX=8 visible=2 dead=6 (frame sample #5)
[dplay] Send 14 bytes pid 4 -> 1 (ok)
[dplay] received 33 data bytes from pid 1
[dplay] received 14 data bytes from pid 3
[dplay] Send 14 bytes pid 4 -> 1 (ok)
[dplay] received 33 data bytes from pid 1
[dplay] received 14 data bytes from pid 3
[dplay] Send 14 bytes pid 4 -> 1 (ok)
[dplay] received 33 data bytes from pid 1
[dplay] received 14 data bytes from pid 3
[dplay] Send 14 bytes pid 4 -> 1 (ok)
[dplay] received 33 data bytes from pid 1
[dplay] received 14 data bytes from pid 3
[dplay] Send 14 bytes pid 4 -> 1 (ok)
[dplay] received 33 data bytes from pid 1
[dplay] received 14 data bytes from pid 3
[moveloop] iter=3950 -> waiting on SEMAPHORE
[moveloop] iter=3950 -> got semaphore, waiting on MUTEX
[dplay] Send 14 bytes pid 4 -> 1 (ok)
[dplay] received 33 data bytes from pid 1
[dplay] received 14 data bytes from pid 3
[dplay] Send 14 bytes pid 4 -> 1 (ok)
[dplay] received 33 data bytes from pid 1
[dplay] received 14 data bytes from pid 3
[dplay] Send 14 bytes pid 4 -> 1 (ok)
[dplay] received 33 data bytes from pid 1
[dplay] received 14 data bytes from pid 3
[timeproc] tick=11000 instances=1 currinst=0xa4c7130
[mfctimer] fire #25000 wnd=0x930e456 id=2378
[dplay] Send 14 bytes pid 4 -> 1 (ok)
[dplay] received 33 data bytes from pid 1
[dplay] received 14 data bytes from pid 3
[dplay] Send 14 bytes pid 4 -> 1 (ok)
[dplay] received 33 data bytes from pid 1
[dplay] received 14 data bytes from pid 3
[agg] StaticTimeProc 50/s  impl=1 host=0 running=1 resync=0 served=0  -> AggregatorGetPackets 0/s
[dplay] Send 14 bytes pid 4 -> 1 (ok)
[agg] sent-to-agg/s dummy=0 init=0 other=13 (last other IDCode=201)  Count=4 FrameCount=5 synched=1 csync=1 res=0
[dplay] received 33 data bytes from pid 1
[dplay] received 14 data bytes from pid 3
[agg] drained/s:  WINMOVE.CPP:4941 from=3 to=1 len=14 x13  WINMOVE.CPP:4941 from=1 to=2 len=33 x26
[dplay] Send 14 bytes pid 4 -> 1 (ok)
[dplay] received 14 data bytes from pid 3
[dplay] received 33 data bytes from pid 1
[dplay] Send 14 bytes pid 4 -> 1 (ok)
[dplay] received 33 data bytes from pid 1
[dplay] received 14 data bytes from pid 3
[dplay] received 19 data bytes from pid 1
[dplay] Send 14 bytes pid 4 -> 1 (ok)
[dplay] received 14 data bytes from pid 3
[dplay] received 33 data bytes from pid 1
[dplay] Send 14 bytes pid 4 -> 1 (ok)
[dplay] received 14 data bytes from pid 3
[dplay] received 33 data bytes from pid 1
[dplay] Send 14 bytes pid 4 -> 1 (ok)
[dplay] received 14 data bytes from pid 3
[dplay] received 33 data bytes from pid 1
[dplay] Send 14 bytes pid 4 -> 1 (ok)
[dplay] received 14 data bytes from pid 3
[dplay] received 33 data bytes from pid 1
[dplay] Send 14 bytes pid 4 -> 1 (ok)
[moveloop] iter=4000 -> waiting on SEMAPHORE
[moveloop] iter=4000 -> got semaphore, waiting on MUTEX
[dplay] received 14 data bytes from pid 3
[dplay] received 33 data bytes from pid 1
[dplay] Send 14 bytes pid 4 -> 1 (ok)
[dplay] received 14 data bytes from pid 3
[dplay] received 33 data bytes from pid 1
[dplay] Send 14 bytes pid 4 -> 1 (ok)
[dplay] received 14 data bytes from pid 3
[dplay] received 33 data bytes from pid 1
[dplay] Send 14 bytes pid 4 -> 1 (ok)
[dplay] received 14 data bytes from pid 3
[dplay] received 33 data bytes from pid 1
[dplay] Send 14 bytes pid 4 -> 1 (ok)
[dplay] received 14 data bytes from pid 3
[dplay] received 33 data bytes from pid 1
[agg] StaticTimeProc 49/s  impl=1 host=0 running=1 resync=0 served=0  -> AggregatorGetPackets 0/s
[dplay] Send 14 bytes pid 4 -> 1 (ok)
[agg] sent-to-agg/s dummy=0 init=0 other=12 (last other IDCode=201)  Count=16 FrameCount=17 synched=1 csync=1 res=0
[dplay] received 14 data bytes from pid 3
[dplay] received 33 data bytes from pid 1
[agg] drained/s:  WINMOVE.CPP:4941 from=3 to=1 len=14 x13  WINMOVE.CPP:4941 from=1 to=2 len=33 x22  WINMOVE.CPP:4941 from=1 to=2 len=19 x2
[dplay] Send 14 bytes pid 4 -> 1 (ok)
[dplay] received 14 data bytes from pid 3
[dplay] received 33 data bytes from pid 1
[dplay] Send 14 bytes pid 4 -> 1 (ok)
[dplay] received 14 data bytes from pid 3
[dplay] received 33 data bytes from pid 1
[dplay] Send 14 bytes pid 4 -> 1 (ok)
[dplay] received 14 data bytes from pid 3
[dplay] received 33 data bytes from pid 1
[dplay] Send 14 bytes pid 4 -> 1 (ok)
[dplay] received 14 data bytes from pid 3
[dplay] received 33 data bytes from pid 1
[dplay] Send 14 bytes pid 4 -> 1 (ok)
[dplay] received 14 data bytes from pid 3
[mfctimer] fire #25500 wnd=0x930e456 id=2378
[dplay] received 33 data bytes from pid 1
[dplay] Send 14 bytes pid 4 -> 1 (ok)
[dplay] received 14 data bytes from pid 3
[dplay] received 33 data bytes from pid 1
[dplay] Send 14 bytes pid 4 -> 1 (ok)
[dplay] received 14 data bytes from pid 3
[dplay] received 33 data bytes from pid 1
[moveloop] iter=4050 -> waiting on SEMAPHORE
[moveloop] iter=4050 -> got semaphore, waiting on MUTEX
[dplay] Send 14 bytes pid 4 -> 1 (ok)
[dplay] received 14 data bytes from pid 3
[dplay] received 33 data bytes from pid 1
[dplay] Send 14 bytes pid 4 -> 1 (ok)
[dplay] received 14 data bytes from pid 3
[dplay] received 33 data bytes from pid 1
[dplay] Send 14 bytes pid 4 -> 1 (ok)
[dplay] received 14 data bytes from pid 3
[dplay] received 33 data bytes from pid 1
[dplay] Send 14 bytes pid 4 -> 1 (ok)
[dplay] received 14 data bytes from pid 3
[dplay] received 33 data bytes from pid 1
[dplay] Send 14 bytes pid 4 -> 1 (ok)
[dplay] received 14 data bytes from pid 3
[agg] StaticTimeProc 50/s  impl=1 host=0 running=1 resync=0 served=0  -> AggregatorGetPackets 0/s
[dplay] received 33 data bytes from pid 1
[agg] drained/s:  WINMOVE.CPP:4941 from=3 to=1 len=14 x12  WINMOVE.CPP:4941 from=1 to=2 len=33 x25
[dplay] Send 14 bytes pid 4 -> 1 (ok)
[agg] sent-to-agg/s dummy=0 init=0 other=13 (last other IDCode=201)  Count=29 FrameCount=30 synched=1 csync=1 res=0
[dplay] received 14 data bytes from pid 3
[dplay] received 33 data bytes from pid 1
[dplay] Send 14 bytes pid 4 -> 1 (ok)
[dplay] received 14 data bytes from pid 3
[dplay] received 33 data bytes from pid 1
[dplay] Send 14 bytes pid 4 -> 1 (ok)
[dplay] received 14 data bytes from pid 3
[dplay] received 33 data bytes from pid 1
[dplay] Send 14 bytes pid 4 -> 1 (ok)
[dplay] received 14 data bytes from pid 3
[dplay] received 33 data bytes from pid 1
[dplay] Send 14 bytes pid 4 -> 1 (ok)
[dplay] received 14 data bytes from pid 3
[dplay] received 33 data bytes from pid 1
[dplay] Send 14 bytes pid 4 -> 1 (ok)
[dplay] received 14 data bytes from pid 3
[dplay] received 33 data bytes from pid 1
[dplay] Send 14 bytes pid 4 -> 1 (ok)
[dplay] received 14 data bytes from pid 3
[dplay] received 33 data bytes from pid 1
[dplay] Send 14 bytes pid 4 -> 1 (ok)
[moveloop] iter=4100 -> waiting on SEMAPHORE
[moveloop] iter=4100 -> got semaphore, waiting on MUTEX
[dplay] received 14 data bytes from pid 3
[dplay] received 33 data bytes from pid 1
[dplay] Send 14 bytes pid 4 -> 1 (ok)
[dplay] received 14 data bytes from pid 3
[dplay] received 33 data bytes from pid 1
[dplay] Send 14 bytes pid 4 -> 1 (ok)
[dplay] received 14 data bytes from pid 3
[dplay] received 33 data bytes from pid 1
[dplay] Send 14 bytes pid 4 -> 1 (ok)
[dplay] received 14 data bytes from pid 3
[dplay] received 33 data bytes from pid 1
[dplay] Send 14 bytes pid 4 -> 1 (ok)
[dplay] received 19 data bytes from pid 1
[dplay] received 14 data bytes from pid 3
[mfctimer] fire #26000 wnd=0x930e456 id=2378
[agg] StaticTimeProc 49/s  impl=1 host=0 running=1 resync=0 served=0  -> AggregatorGetPackets 0/s
[dplay] Send 14 bytes pid 4 -> 1 (ok)
[agg] sent-to-agg/s dummy=0 init=0 other=12 (last other IDCode=201)  Count=41 FrameCount=42 synched=1 csync=1 res=0
[dplay] received 33 data bytes from pid 1
[dplay] received 14 data bytes from pid 3
[agg] drained/s:  WINMOVE.CPP:4941 from=3 to=1 len=14 x12  WINMOVE.CPP:4941 from=1 to=2 len=33 x24  WINMOVE.CPP:4941 from=1 to=2 len=19 x1
[dplay] Send 14 bytes pid 4 -> 1 (ok)
[dplay] received 33 data bytes from pid 1
[dplay] received 14 data bytes from pid 3
[dplay] Send 14 bytes pid 4 -> 1 (ok)
[dplay] received 33 data bytes from pid 1
[dplay] received 14 data bytes from pid 3
[dplay] Send 14 bytes pid 4 -> 1 (ok)
[dplay] received 33 data bytes from pid 1
[dplay] received 14 data bytes from pid 3
[dplay] Send 14 bytes pid 4 -> 1 (ok)
[dplay] received 33 data bytes from pid 1
[dplay] received 14 data bytes from pid 3
[dplay] Send 14 bytes pid 4 -> 1 (ok)
[dplay] received 33 data bytes from pid 1
[dplay] received 14 data bytes from pid 3
[dplay] Send 14 bytes pid 4 -> 1 (ok)
[dplay] received 33 data bytes from pid 1
[dplay] received 14 data bytes from pid 3
[dplay] Send 14 bytes pid 4 -> 1 (ok)
[dplay] received 33 data bytes from pid 1
[dplay] received 14 data bytes from pid 3
[moveloop] iter=4150 -> waiting on SEMAPHORE
[moveloop] iter=4150 -> got semaphore, waiting on MUTEX
[dplay] Send 14 bytes pid 4 -> 1 (ok)
[dplay] received 33 data bytes from pid 1
[dplay] received 14 data bytes from pid 3
[dplay] pump #345000 (host=0) -- discovery is answered only from here
[dplay] Send 14 bytes pid 4 -> 1 (ok)
[dplay] received 33 data bytes from pid 1
[dplay] received 14 data bytes from pid 3
[dplay] Send 14 bytes pid 4 -> 1 (ok)
[dplay] received 33 data bytes from pid 1
[dplay] received 14 data bytes from pid 3
[dplay] Send 14 bytes pid 4 -> 1 (ok)
[dplay] received 33 data bytes from pid 1
[dplay] received 14 data bytes from pid 3
[dplay] Send 14 bytes pid 4 -> 1 (ok)
[dplay] received 33 data bytes from pid 1
[agg] StaticTimeProc 49/s  impl=1 host=0 running=1 resync=0 served=0  -> AggregatorGetPackets 0/s
[dplay] received 14 data bytes from pid 3
[agg] drained/s:  WINMOVE.CPP:4941 from=3 to=1 len=14 x13  WINMOVE.CPP:4941 from=1 to=2 len=33 x25
[dplay] Send 14 bytes pid 4 -> 1 (ok)
[agg] sent-to-agg/s dummy=0 init=0 other=13 (last other IDCode=201)  Count=54 FrameCount=55 synched=1 csync=1 res=0
[dplay] received 33 data bytes from pid 1
[dplay] received 14 data bytes from pid 3
[dplay] Send 14 bytes pid 4 -> 1 (ok)
[dplay] received 33 data bytes from pid 1
[dplay] received 14 data bytes from pid 3
[movegate] cycle=3250 timeout=0 accelcountdown=1 accel=0
[movestep] cycle=3250 paused=0 num=1
[dplay] Send 14 bytes pid 4 -> 1 (ok)
[dplay] received 33 data bytes from pid 1
[dplay] received 14 data bytes from pid 3
[dplay] Send 14 bytes pid 4 -> 1 (ok)
[dplay] received 33 data bytes from pid 1
[dplay] received 14 data bytes from pid 3
[dplay] Send 14 bytes pid 4 -> 1 (ok)
[dplay] received 33 data bytes from pid 1
[dplay] received 14 data bytes from pid 3
[dplay] Send 14 bytes pid 4 -> 1 (ok)
[dplay] received 14 data bytes from pid 3
[dplay] received 33 data bytes from pid 1
[mfctimer] fire #26500 wnd=0x930e456 id=2378
[dplay] Send 14 bytes pid 4 -> 1 (ok)
[dplay] received 33 data bytes from pid 1
[dplay] received 14 data bytes from pid 3
[dplay] received 19 data bytes from pid 1
[dplay] Send 14 bytes pid 4 -> 1 (ok)
[moveloop] iter=4200 -> waiting on SEMAPHORE
[moveloop] iter=4200 -> got semaphore, waiting on MUTEX
[dplay] received 14 data bytes from pid 3
[dplay] received 33 data bytes from pid 1
[dplay] Send 14 bytes pid 4 -> 1 (ok)
[dplay] received 14 data bytes from pid 3
[dplay] received 33 data bytes from pid 1
[dplay] Send 14 bytes pid 4 -> 1 (ok)
[dplay] received 14 data bytes from pid 3
[dplay] received 33 data bytes from pid 1
[dplay] Send 14 bytes pid 4 -> 1 (ok)
[dplay] received 14 data bytes from pid 3
[dplay] received 33 data bytes from pid 1
[timeproc] tick=11250 instances=1 currinst=0xa4c7130
[dplay] Send 14 bytes pid 4 -> 1 (ok)
[dplay] received 14 data bytes from pid 3
[dplay] received 33 data bytes from pid 1
[agg] StaticTimeProc 50/s  impl=1 host=0 running=1 resync=0 served=0  -> AggregatorGetPackets 0/s
[dplay] Send 14 bytes pid 4 -> 1 (ok)
[agg] sent-to-agg/s dummy=0 init=0 other=12 (last other IDCode=201)  Count=66 FrameCount=67 synched=1 csync=1 res=0
[dplay] received 14 data bytes from pid 3
[agg] drained/s:  WINMOVE.CPP:4941 from=3 to=1 len=14 x13  WINMOVE.CPP:4941 from=1 to=2 len=33 x23  WINMOVE.CPP:4941 from=1 to=2 len=19 x2
[dplay] received 33 data bytes from pid 1
[dplay] Send 14 bytes pid 4 -> 1 (ok)
[dplay] received 14 data bytes from pid 3
[dplay] received 33 data bytes from pid 1
[dplay] Send 14 bytes pid 4 -> 1 (ok)
[dplay] received 14 data bytes from pid 3
[dplay] received 33 data bytes from pid 1
[dplay] Send 14 bytes pid 4 -> 1 (ok)
[dplay] received 14 data bytes from pid 3
[dplay] received 33 data bytes from pid 1
[dplay] Send 14 bytes pid 4 -> 1 (ok)
[dplay] received 14 data bytes from pid 3
[dplay] received 33 data bytes from pid 1
[dplay] Send 14 bytes pid 4 -> 1 (ok)
[dplay] received 14 data bytes from pid 3
[dplay] received 33 data bytes from pid 1
[dplay] Send 14 bytes pid 4 -> 1 (ok)
[dplay] received 14 data bytes from pid 3
[dplay] received 33 data bytes from pid 1
[dplay] Send 14 bytes pid 4 -> 1 (ok)
[dplay] received 14 data bytes from pid 3
[dplay] received 33 data bytes from pid 1
[moveloop] iter=4250 -> waiting on SEMAPHORE
[moveloop] iter=4250 -> got semaphore, waiting on MUTEX
[dplay] Send 14 bytes pid 4 -> 1 (ok)
[dplay] received 14 data bytes from pid 3
[dplay] received 33 data bytes from pid 1
[dplay] Send 14 bytes pid 4 -> 1 (ok)
[dplay] received 14 data bytes from pid 3
[dplay] received 33 data bytes from pid 1
[dplay] Send 14 bytes pid 4 -> 1 (ok)
[dplay] received 14 data bytes from pid 3
[dplay] received 33 data bytes from pid 1
[dplay] Send 14 bytes pid 4 -> 1 (ok)
[dplay] received 14 data bytes from pid 3
[dplay] received 33 data bytes from pid 1
[dplay] Send 14 bytes pid 4 -> 1 (ok)
[dplay] received 14 data bytes from pid 3
[agg] StaticTimeProc 49/s  impl=1 host=0 running=1 resync=0 served=0  -> AggregatorGetPackets 0/s
[dplay] received 33 data bytes from pid 1
[agg] drained/s:  WINMOVE.CPP:4941 from=3 to=1 len=14 x12  WINMOVE.CPP:4941 from=1 to=2 len=33 x25
[dplay] Send 14 bytes pid 4 -> 1 (ok)
[agg] sent-to-agg/s dummy=0 init=0 other=13 (last other IDCode=201)  Count=79 FrameCount=80 synched=1 csync=1 res=0
[mfctimer] fire #27000 wnd=0x930e456 id=2378
[dplay] received 14 data bytes from pid 3
[dplay] received 33 data bytes from pid 1
[dplay] Send 14 bytes pid 4 -> 1 (ok)
[dplay] received 14 data bytes from pid 3
[dplay] received 33 data bytes from pid 1
[dplay] Send 14 bytes pid 4 -> 1 (ok)
[dplay] received 14 data bytes from pid 3
[dplay] received 33 data bytes from pid 1
[dplay] Send 14 bytes pid 4 -> 1 (ok)
[dplay] received 14 data bytes from pid 3
[dplay] received 33 data bytes from pid 1
[dplay] Send 14 bytes pid 4 -> 1 (ok)
[dplay] received 14 data bytes from pid 3
[dplay] received 33 data bytes from pid 1
[dplay] Send 14 bytes pid 4 -> 1 (ok)
[dplay] received 14 data bytes from pid 3
[dplay] received 33 data bytes from pid 1
[dplay] Send 14 bytes pid 4 -> 1 (ok)
[dplay] received 14 data bytes from pid 3
[dplay] received 33 data bytes from pid 1
[dplay] Send 14 bytes pid 4 -> 1 (ok)
[moveloop] iter=4300 -> waiting on SEMAPHORE
[moveloop] iter=4300 -> got semaphore, waiting on MUTEX
[dplay] received 14 data bytes from pid 3
[dplay] received 33 data bytes from pid 1
[dplay] Send 14 bytes pid 4 -> 1 (ok)
[dplay] received 14 data bytes from pid 3
[dplay] received 33 data bytes from pid 1
[dplay] Send 14 bytes pid 4 -> 1 (ok)
[dplay] received 14 data bytes from pid 3
[dplay] received 33 data bytes from pid 1
[dplay] Send 14 bytes pid 4 -> 1 (ok)
[dplay] received 14 data bytes from pid 3
[dplay] received 33 data bytes from pid 1
[dplay] Send 14 bytes pid 4 -> 1 (ok)
[dplay] received 14 data bytes from pid 3
[dplay] received 33 data bytes from pid 1
[agg] StaticTimeProc 49/s  impl=1 host=0 running=1 resync=0 served=0  -> AggregatorGetPackets 0/s
[dplay] Send 14 bytes pid 4 -> 1 (ok)
[agg] sent-to-agg/s dummy=0 init=0 other=12 (last other IDCode=201)  Count=91 FrameCount=92 synched=1 csync=1 res=0
[dplay] received 14 data bytes from pid 3
[agg] drained/s:  WINMOVE.CPP:4941 from=3 to=1 len=14 x13  WINMOVE.CPP:4941 from=1 to=2 len=33 x25
[dplay] received 33 data bytes from pid 1
[dplay] Send 14 bytes pid 4 -> 1 (ok)
[dplay] received 14 data bytes from pid 3
[dplay] received 33 data bytes from pid 1
[dplay] Send 14 bytes pid 4 -> 1 (ok)
[dplay] received 14 data bytes from pid 3
[dplay] received 33 data bytes from pid 1
[dplay] Send 14 bytes pid 4 -> 1 (ok)
[dplay] received 14 data bytes from pid 3
[dplay] received 33 data bytes from pid 1
[dplay] Send 14 bytes pid 4 -> 1 (ok)
[dplay] received 14 data bytes from pid 3
[dplay] received 33 data bytes from pid 1
[dplay] Send 14 bytes pid 4 -> 1 (ok)
[dplay] received 14 data bytes from pid 3
[dplay] received 33 data bytes from pid 1
[dplay] Send 14 bytes pid 4 -> 1 (ok)
[dplay] received 14 data bytes from pid 3
[dplay] received 33 data bytes from pid 1
[dplay] Send 14 bytes pid 4 -> 1 (ok)
[dplay] received 14 data bytes from pid 3
[mfctimer] fire #27500 wnd=0x930e456 id=2378
[dplay] received 33 data bytes from pid 1
[moveloop] iter=4350 -> waiting on SEMAPHORE
[moveloop] iter=4350 -> got semaphore, waiting on MUTEX
[dplay] Send 14 bytes pid 4 -> 1 (ok)
[dplay] received 14 data bytes from pid 3
[dplay] received 33 data bytes from pid 1
[dplay] Send 14 bytes pid 4 -> 1 (ok)
[dplay] received 14 data bytes from pid 3
[dplay] received 33 data bytes from pid 1
[dplay] Send 14 bytes pid 4 -> 1 (ok)
[dplay] received 14 data bytes from pid 3
[dplay] received 33 data bytes from pid 1
[dplay] Send 14 bytes pid 4 -> 1 (ok)
[dplay] received 14 data bytes from pid 3
[dplay] received 33 data bytes from pid 1
[dplay] Send 14 bytes pid 4 -> 1 (ok)
[dplay] received 14 data bytes from pid 3
[agg] StaticTimeProc 50/s  impl=1 host=0 running=1 resync=0 served=0  -> AggregatorGetPackets 0/s
[dplay] received 33 data bytes from pid 1
[agg] drained/s:  WINMOVE.CPP:4941 from=3 to=1 len=14 x12  WINMOVE.CPP:4941 from=1 to=2 len=33 x25
[dplay] Send 14 bytes pid 4 -> 1 (ok)
[agg] sent-to-agg/s dummy=0 init=0 other=13 (last other IDCode=201)  Count=104 FrameCount=105 synched=1 csync=1 res=0
[dplay] received 14 data bytes from pid 3
[dplay] received 33 data bytes from pid 1
[dplay] Send 14 bytes pid 4 -> 1 (ok)
[dplay] received 14 data bytes from pid 3
[dplay] received 33 data bytes from pid 1
[dplay] Send 14 bytes pid 4 -> 1 (ok)
[dplay] received 14 data bytes from pid 3
[dplay] received 33 data bytes from pid 1
[dplay] Send 14 bytes pid 4 -> 1 (ok)
[dplay] received 14 data bytes from pid 3
[dplay] received 33 data bytes from pid 1
[dplay] Send 14 bytes pid 4 -> 1 (ok)
[dplay] received 14 data bytes from pid 3
[dplay] received 33 data bytes from pid 1
[dplay] Send 14 bytes pid 4 -> 1 (ok)
[dplay] received 14 data bytes from pid 3
[dplay] received 33 data bytes from pid 1
[dplay] Send 14 bytes pid 4 -> 1 (ok)
[dplay] received 14 data bytes from pid 3
[dplay] received 33 data bytes from pid 1
[dplay] Send 14 bytes pid 4 -> 1 (ok)
[moveloop] iter=4400 -> waiting on SEMAPHORE
[moveloop] iter=4400 -> got semaphore, waiting on MUTEX
[dplay] received 14 data bytes from pid 3
[dplay] received 33 data bytes from pid 1
[dplay] Send 14 bytes pid 4 -> 1 (ok)
[dplay] received 14 data bytes from pid 3
[dplay] received 33 data bytes from pid 1
[dplay] Send 14 bytes pid 4 -> 1 (ok)
[dplay] received 14 data bytes from pid 3
[dplay] received 33 data bytes from pid 1
[dplay] Send 14 bytes pid 4 -> 1 (ok)
[dplay] received 14 data bytes from pid 3
[dplay] received 33 data bytes from pid 1
[dplay] Send 14 bytes pid 4 -> 1 (ok)
[dplay] received 19 data bytes from pid 1
[dplay] received 14 data bytes from pid 3
[agg] StaticTimeProc 49/s  impl=1 host=0 running=1 resync=0 served=0  -> AggregatorGetPackets 0/s
[dplay] Send 14 bytes pid 4 -> 1 (ok)
[agg] sent-to-agg/s dummy=0 init=0 other=12 (last other IDCode=201)  Count=116 FrameCount=117 synched=1 csync=1 res=0
[dplay] received 33 data bytes from pid 1
[dplay] received 14 data bytes from pid 3
[agg] drained/s:  WINMOVE.CPP:4941 from=3 to=1 len=14 x12  WINMOVE.CPP:4941 from=1 to=2 len=33 x24  WINMOVE.CPP:4941 from=1 to=2 len=19 x1
[dplay] Send 14 bytes pid 4 -> 1 (ok)
[dplay] received 33 data bytes from pid 1
[dplay] received 14 data bytes from pid 3
[mfctimer] fire #28000 wnd=0x930e456 id=2378
[dplay] Send 14 bytes pid 4 -> 1 (ok)
[movegate] cycle=3500 timeout=0 accelcountdown=1 accel=0
[movestep] cycle=3500 paused=0 num=1
[dplay] received 33 data bytes from pid 1
[dplay] received 14 data bytes from pid 3
[dplay] Send 14 bytes pid 4 -> 1 (ok)
[dplay] received 33 data bytes from pid 1
[dplay] received 14 data bytes from pid 3
[dplay] Send 14 bytes pid 4 -> 1 (ok)
[dplay] received 33 data bytes from pid 1
[dplay] received 14 data bytes from pid 3
[dplay] Send 14 bytes pid 4 -> 1 (ok)
[dplay] received 33 data bytes from pid 1
[dplay] received 14 data bytes from pid 3
[dplay] pump #345500 (host=0) -- discovery is answered only from here
[dplay] Send 14 bytes pid 4 -> 1 (ok)
[dplay] received 33 data bytes from pid 1
[dplay] received 14 data bytes from pid 3
[dplay] Send 14 bytes pid 4 -> 1 (ok)
[dplay] received 33 data bytes from pid 1
[dplay] received 14 data bytes from pid 3
[moveloop] iter=4450 -> waiting on SEMAPHORE
[moveloop] iter=4450 -> got semaphore, waiting on MUTEX
[dplay] Send 14 bytes pid 4 -> 1 (ok)
[dplay] received 33 data bytes from pid 1
[dplay] received 14 data bytes from pid 3
[dplay] Send 14 bytes pid 4 -> 1 (ok)
[dplay] received 33 data bytes from pid 1
[dplay] received 14 data bytes from pid 3
[dplay] Send 14 bytes pid 4 -> 1 (ok)
[dplay] received 33 data bytes from pid 1
[dplay] received 14 data bytes from pid 3
[dplay] Send 14 bytes pid 4 -> 1 (ok)
[dplay] received 33 data bytes from pid 1
[dplay] received 14 data bytes from pid 3
[dplay] Send 14 bytes pid 4 -> 1 (ok)
[dplay] received 33 data bytes from pid 1
[dplay] received 14 data bytes from pid 3
[agg] StaticTimeProc 49/s  impl=1 host=0 running=1 resync=0 served=0  -> AggregatorGetPackets 0/s
[timeproc] tick=11500 instances=1 currinst=0xa4c7130
[dplay] Send 14 bytes pid 4 -> 1 (ok)
[agg] sent-to-agg/s dummy=0 init=0 other=13 (last other IDCode=201)  Count=129 FrameCount=130 synched=1 csync=1 res=0
[dplay] received 33 data bytes from pid 1
[dplay] received 14 data bytes from pid 3
[agg] drained/s:  WINMOVE.CPP:4941 from=3 to=1 len=14 x13  WINMOVE.CPP:4941 from=1 to=2 len=33 x26
[dplay] Send 14 bytes pid 4 -> 1 (ok)
[dplay] received 33 data bytes from pid 1
[dplay] received 14 data bytes from pid 3
[dplay] Send 14 bytes pid 4 -> 1 (ok)
[dplay] received 14 data bytes from pid 3
[dplay] received 33 data bytes from pid 1
[dplay] Send 14 bytes pid 4 -> 1 (ok)
[dplay] received 33 data bytes from pid 1
[dplay] received 14 data bytes from pid 3
[dplay] received 19 data bytes from pid 1
[dplay] Send 14 bytes pid 4 -> 1 (ok)
[dplay] received 14 data bytes from pid 3
[dplay] received 33 data bytes from pid 1
[dplay] Send 14 bytes pid 4 -> 1 (ok)
[dplay] received 14 data bytes from pid 3
[dplay] received 33 data bytes from pid 1
[dplay] Send 14 bytes pid 4 -> 1 (ok)
[dplay] received 14 data bytes from pid 3
[dplay] received 33 data bytes from pid 1
[dplay] Send 14 bytes pid 4 -> 1 (ok)
[moveloop] iter=4500 -> waiting on SEMAPHORE
[moveloop] iter=4500 -> got semaphore, waiting on MUTEX
[dplay] received 14 data bytes from pid 3
[dplay] received 33 data bytes from pid 1
[dplay] Send 14 bytes pid 4 -> 1 (ok)
[mfctimer] fire #28500 wnd=0x930e456 id=2378
[dplay] received 14 data bytes from pid 3
[dplay] received 33 data bytes from pid 1
[dplay] Send 14 bytes pid 4 -> 1 (ok)
[dplay] received 14 data bytes from pid 3
[dplay] received 33 data bytes from pid 1
[dplay] Send 14 bytes pid 4 -> 1 (ok)
[dplay] received 14 data bytes from pid 3
[dplay] received 33 data bytes from pid 1
[dplay] Send 14 bytes pid 4 -> 1 (ok)
[dplay] received 14 data bytes from pid 3
[dplay] received 33 data bytes from pid 1
[agg] StaticTimeProc 50/s  impl=1 host=0 running=1 resync=0 served=0  -> AggregatorGetPackets 0/s
[dplay] Send 14 bytes pid 4 -> 1 (ok)
[agg] sent-to-agg/s dummy=0 init=0 other=12 (last other IDCode=201)  Count=141 FrameCount=142 synched=1 csync=1 res=0
[dplay] received 14 data bytes from pid 3
[agg] drained/s:  WINMOVE.CPP:4941 from=3 to=1 len=14 x13  WINMOVE.CPP:4941 from=1 to=2 len=33 x22  WINMOVE.CPP:4941 from=1 to=2 len=19 x2
[dplay] received 33 data bytes from pid 1
[dplay] Send 14 bytes pid 4 -> 1 (ok)
[dplay] received 14 data bytes from pid 3
[dplay] received 33 data bytes from pid 1
[dplay] Send 14 bytes pid 4 -> 1 (ok)
[dplay] received 14 data bytes from pid 3
[accnt] aircraft in this world: now=8 MAX=8 visible=2 dead=6 (frame sample #6)
[dplay] received 33 data bytes from pid 1
[dplay] Send 14 bytes pid 4 -> 1 (ok)
[dplay] received 14 data bytes from pid 3
[dplay] received 33 data bytes from pid 1
[dplay] Send 14 bytes pid 4 -> 1 (ok)
[dplay] received 14 data bytes from pid 3
[dplay] received 33 data bytes from pid 1
[dplay] Send 14 bytes pid 4 -> 1 (ok)
[dplay] received 14 data bytes from pid 3
[dplay] received 33 data bytes from pid 1
[dplay] Send 14 bytes pid 4 -> 1 (ok)
[dplay] received 14 data bytes from pid 3
[dplay] received 33 data bytes from pid 1
[dplay] Send 14 bytes pid 4 -> 1 (ok)
[dplay] received 14 data bytes from pid 3
[dplay] received 33 data bytes from pid 1
[moveloop] iter=4550 -> waiting on SEMAPHORE
[moveloop] iter=4550 -> got semaphore, waiting on MUTEX
[dplay] Send 14 bytes pid 4 -> 1 (ok)
[dplay] received 14 data bytes from pid 3
[dplay] received 33 data bytes from pid 1
[dplay] Send 14 bytes pid 4 -> 1 (ok)
[dplay] received 14 data bytes from pid 3
[dplay] received 33 data bytes from pid 1
[dplay] Send 14 bytes pid 4 -> 1 (ok)
[dplay] received 14 data bytes from pid 3
[dplay] received 33 data bytes from pid 1
[dplay] Send 14 bytes pid 4 -> 1 (ok)
[dplay] received 14 data bytes from pid 3
[dplay] received 33 data bytes from pid 1
[dplay] Send 14 bytes pid 4 -> 1 (ok)
[dplay] received 14 data bytes from pid 3
[agg] StaticTimeProc 49/s  impl=1 host=0 running=1 resync=0 served=0  -> AggregatorGetPackets 0/s
[dplay] received 33 data bytes from pid 1
[agg] drained/s:  WINMOVE.CPP:4941 from=3 to=1 len=14 x12  WINMOVE.CPP:4941 from=1 to=2 len=33 x25
[dplay] Send 14 bytes pid 4 -> 1 (ok)
[agg] sent-to-agg/s dummy=0 init=0 other=13 (last other IDCode=201)  Count=154 FrameCount=155 synched=1 csync=1 res=0
[dplay] received 14 data bytes from pid 3
[dplay] received 33 data bytes from pid 1
[dplay] Send 14 bytes pid 4 -> 1 (ok)
[dplay] received 14 data bytes from pid 3
[dplay] received 33 data bytes from pid 1
[dplay] Send 14 bytes pid 4 -> 1 (ok)
[dplay] received 14 data bytes from pid 3
[dplay] received 33 data bytes from pid 1
[mfctimer] fire #29000 wnd=0x930e456 id=2378
[dplay] Send 14 bytes pid 4 -> 1 (ok)
[dplay] received 14 data bytes from pid 3
[dplay] received 33 data bytes from pid 1
[dplay] Send 14 bytes pid 4 -> 1 (ok)
[dplay] received 14 data bytes from pid 3
[dplay] received 33 data bytes from pid 1
[dplay] Send 14 bytes pid 4 -> 1 (ok)
[dplay] received 14 data bytes from pid 3
[dplay] received 33 data bytes from pid 1
[dplay] Send 14 bytes pid 4 -> 1 (ok)
[dplay] received 14 data bytes from pid 3
[dplay] received 33 data bytes from pid 1
[dplay] Send 14 bytes pid 4 -> 1 (ok)
[moveloop] iter=4600 -> waiting on SEMAPHORE
[moveloop] iter=4600 -> got semaphore, waiting on MUTEX
[dplay] received 14 data bytes from pid 3
[dplay] received 33 data bytes from pid 1
[dplay] Send 14 bytes pid 4 -> 1 (ok)
[dplay] received 14 data bytes from pid 3
[dplay] received 33 data bytes from pid 1
[dplay] Send 14 bytes pid 4 -> 1 (ok)
[dplay] received 14 data bytes from pid 3
[dplay] received 33 data bytes from pid 1
[dplay] Send 14 bytes pid 4 -> 1 (ok)
[dplay] received 14 data bytes from pid 3
[dplay] received 33 data bytes from pid 1
[dplay] Send 14 bytes pid 4 -> 1 (ok)
[dplay] received 14 data bytes from pid 3
[dplay] received 33 data bytes from pid 1
[agg] StaticTimeProc 49/s  impl=1 host=0 running=1 resync=0 served=0  -> AggregatorGetPackets 0/s
[dplay] Send 14 bytes pid 4 -> 1 (ok)
[agg] sent-to-agg/s dummy=0 init=0 other=12 (last other IDCode=201)  Count=166 FrameCount=167 synched=1 csync=1 res=0
[dplay] received 14 data bytes from pid 3
[dplay] received 33 data bytes from pid 1
[agg] drained/s:  WINMOVE.CPP:4941 from=3 to=1 len=14 x13  WINMOVE.CPP:4941 from=1 to=2 len=33 x25
[dplay] Send 14 bytes pid 4 -> 1 (ok)
[dplay] received 14 data bytes from pid 3
[dplay] received 33 data bytes from pid 1
[dplay] Send 14 bytes pid 4 -> 1 (ok)
[dplay] received 14 data bytes from pid 3
[dplay] received 33 data bytes from pid 1
[dplay] Send 14 bytes pid 4 -> 1 (ok)
[dplay] received 14 data bytes from pid 3
[dplay] received 33 data bytes from pid 1
[dplay] Send 14 bytes pid 4 -> 1 (ok)
[dplay] received 14 data bytes from pid 3
[dplay] received 33 data bytes from pid 1
[dplay] Send 14 bytes pid 4 -> 1 (ok)
[dplay] received 14 data bytes from pid 3
[dplay] received 33 data bytes from pid 1
[dplay] Send 14 bytes pid 4 -> 1 (ok)
[dplay] received 14 data bytes from pid 3
[dplay] received 33 data bytes from pid 1
[dplay] Send 14 bytes pid 4 -> 1 (ok)
[dplay] received 14 data bytes from pid 3
[dplay] received 33 data bytes from pid 1
[moveloop] iter=4650 -> waiting on SEMAPHORE
[moveloop] iter=4650 -> got semaphore, waiting on MUTEX
[dplay] Send 14 bytes pid 4 -> 1 (ok)
[dplay] received 14 data bytes from pid 3
[dplay] received 33 data bytes from pid 1
[dplay] Send 14 bytes pid 4 -> 1 (ok)
[dplay] received 14 data bytes from pid 3
[dplay] received 33 data bytes from pid 1
[hatbtn] dwData=0xffffffff base=292 pressing=8 -> raw -1
[mfctimer] fire #29500 wnd=0x930e456 id=2378
[dplay] Send 14 bytes pid 4 -> 1 (ok)
[dplay] received 14 data bytes from pid 3
[dplay] received 33 data bytes from pid 1
[dplay] Send 14 bytes pid 4 -> 1 (ok)
[dplay] received 14 data bytes from pid 3
[dplay] received 33 data bytes from pid 1
[dplay] Send 14 bytes pid 4 -> 1 (ok)
[dplay] received 14 data bytes from pid 3
[agg] StaticTimeProc 50/s  impl=1 host=0 running=1 resync=0 served=0  -> AggregatorGetPackets 0/s
[dplay] received 33 data bytes from pid 1
[agg] drained/s:  WINMOVE.CPP:4941 from=3 to=1 len=14 x12  WINMOVE.CPP:4941 from=1 to=2 len=33 x25
[dplay] Send 14 bytes pid 4 -> 1 (ok)
[agg] sent-to-agg/s dummy=0 init=0 other=13 (last other IDCode=201)  Count=179 FrameCount=180 synched=1 csync=1 res=0
[dplay] received 19 data bytes from pid 1
[dplay] received 14 data bytes from pid 3
[dplay] Send 14 bytes pid 4 -> 1 (ok)
[dplay] received 33 data bytes from pid 1
[dplay] received 14 data bytes from pid 3
[movegate] cycle=3750 timeout=0 accelcountdown=1 accel=0
[movestep] cycle=3750 paused=0 num=1
[dplay] Send 14 bytes pid 4 -> 1 (ok)
[dplay] received 33 data bytes from pid 1
[dplay] received 14 data bytes from pid 3
[dplay] Send 14 bytes pid 4 -> 1 (ok)
[dplay] received 33 data bytes from pid 1
[dplay] received 14 data bytes from pid 3
[dplay] Send 14 bytes pid 4 -> 1 (ok)
[dplay] received 33 data bytes from pid 1
[dplay] received 14 data bytes from pid 3
[dplay] Send 14 bytes pid 4 -> 1 (ok)
[dplay] received 33 data bytes from pid 1
[dplay] received 14 data bytes from pid 3
[dplay] Send 14 bytes pid 4 -> 1 (ok)
[dplay] received 33 data bytes from pid 1
[dplay] received 14 data bytes from pid 3
[dplay] Send 14 bytes pid 4 -> 1 (ok)
[moveloop] iter=4700 -> waiting on SEMAPHORE
[moveloop] iter=4700 -> got semaphore, waiting on MUTEX
[dplay] received 33 data bytes from pid 1
[dplay] received 14 data bytes from pid 3
[dplay] Send 14 bytes pid 4 -> 1 (ok)
[dplay] received 33 data bytes from pid 1
[dplay] received 14 data bytes from pid 3
[dplay] Send 14 bytes pid 4 -> 1 (ok)
[dplay] received 33 data bytes from pid 1
[dplay] received 14 data bytes from pid 3
[dplay] Send 14 bytes pid 4 -> 1 (ok)
[dplay] received 33 data bytes from pid 1
[dplay] received 14 data bytes from pid 3
[dplay] Send 14 bytes pid 4 -> 1 (ok)
[dplay] received 33 data bytes from pid 1
[dplay] received 14 data bytes from pid 3
[agg] StaticTimeProc 49/s  impl=1 host=0 running=1 resync=0 served=0  -> AggregatorGetPackets 0/s
[dplay] Send 14 bytes pid 4 -> 1 (ok)
[agg] sent-to-agg/s dummy=0 init=0 other=12 (last other IDCode=201)  Count=191 FrameCount=192 synched=1 csync=1 res=0
[dplay] received 33 data bytes from pid 1
[agg] drained/s:  WINMOVE.CPP:4941 from=3 to=1 len=14 x12  WINMOVE.CPP:4941 from=1 to=2 len=33 x24  WINMOVE.CPP:4941 from=1 to=2 len=19 x1
[dplay] received 14 data bytes from pid 3
[timeproc] tick=11750 instances=1 currinst=0xa4c7130
[dplay] Send 14 bytes pid 4 -> 1 (ok)
[dplay] received 33 data bytes from pid 1
[dplay] received 14 data bytes from pid 3
[dplay] pump #346000 (host=0) -- discovery is answered only from here
[dplay] Send 14 bytes pid 4 -> 1 (ok)
[dplay] received 33 data bytes from pid 1
[dplay] received 14 data bytes from pid 3
[dplay] Send 14 bytes pid 4 -> 1 (ok)
[dplay] received 33 data bytes from pid 1
[dplay] received 14 data bytes from pid 3
[dplay] Send 14 bytes pid 4 -> 1 (ok)
[mfctimer] fire #30000 wnd=0x930e456 id=2378
[dplay] received 33 data bytes from pid 1
[dplay] received 14 data bytes from pid 3
[dplay] Send 14 bytes pid 4 -> 1 (ok)
[dplay] received 33 data bytes from pid 1
[dplay] received 14 data bytes from pid 3
[dplay] Send 14 bytes pid 4 -> 1 (ok)
[dplay] received 33 data bytes from pid 1
[dplay] received 14 data bytes from pid 3
[dplay] Send 14 bytes pid 4 -> 1 (ok)
[dplay] received 33 data bytes from pid 1
[moveloop] iter=4750 -> waiting on SEMAPHORE
[moveloop] iter=4750 -> got semaphore, waiting on MUTEX
[dplay] received 14 data bytes from pid 3
[dplay] Send 14 bytes pid 4 -> 1 (ok)
[dplay] received 14 data bytes from pid 3
[dplay] received 33 data bytes from pid 1
[dplay] Send 14 bytes pid 4 -> 1 (ok)
[dplay] received 33 data bytes from pid 1
[dplay] received 14 data bytes from pid 3
[dplay] received 19 data bytes from pid 1
[dplay] Send 14 bytes pid 4 -> 1 (ok)
[dplay] received 14 data bytes from pid 3
[dplay] received 33 data bytes from pid 1
[dplay] Send 14 bytes pid 4 -> 1 (ok)
[dplay] received 14 data bytes from pid 3
[dplay] received 33 data bytes from pid 1
[dplay] Send 14 bytes pid 4 -> 1 (ok)
[dplay] received 14 data bytes from pid 3
[dplay] received 33 data bytes from pid 1
[agg] drained/s:  WINMOVE.CPP:4941 from=3 to=1 len=14 x13  WINMOVE.CPP:4941 from=1 to=2 len=33 x23  WINMOVE.CPP:4941 from=1 to=2 len=19 x2
[agg] StaticTimeProc 50/s  impl=1 host=0 running=1 resync=0 served=0  -> AggregatorGetPackets 0/s
[dplay] Send 14 bytes pid 4 -> 1 (ok)
[agg] sent-to-agg/s dummy=0 init=0 other=13 (last other IDCode=201)  Count=204 FrameCount=205 synched=1 csync=1 res=0
[dplay] received 14 data bytes from pid 3
[dplay] received 33 data bytes from pid 1
[dplay] Send 14 bytes pid 4 -> 1 (ok)
[dplay] received 14 data bytes from pid 3
[dplay] received 33 data bytes from pid 1
[dplay] Send 14 bytes pid 4 -> 1 (ok)
[dplay] received 14 data bytes from pid 3
[dplay] received 33 data bytes from pid 1
[dplay] Send 14 bytes pid 4 -> 1 (ok)
[dplay] received 14 data bytes from pid 3
[dplay] received 33 data bytes from pid 1
[dplay] Send 14 bytes pid 4 -> 1 (ok)
[dplay] received 14 data bytes from pid 3
[dplay] received 33 data bytes from pid 1
[dplay] Send 14 bytes pid 4 -> 1 (ok)
[dplay] received 14 data bytes from pid 3
[dplay] received 33 data bytes from pid 1
[dplay] Send 14 bytes pid 4 -> 1 (ok)
[dplay] received 14 data bytes from pid 3
[dplay] received 33 data bytes from pid 1
[dplay] Send 14 bytes pid 4 -> 1 (ok)
[moveloop] iter=4800 -> waiting on SEMAPHORE
[moveloop] iter=4800 -> got semaphore, waiting on MUTEX
[dplay] received 14 data bytes from pid 3
[dplay] received 33 data bytes from pid 1
[dplay] Send 14 bytes pid 4 -> 1 (ok)
[dplay] received 14 data bytes from pid 3
[dplay] received 33 data bytes from pid 1
[dplay] Send 14 bytes pid 4 -> 1 (ok)
[dplay] received 14 data bytes from pid 3
[dplay] received 33 data bytes from pid 1
[dplay] Send 14 bytes pid 4 -> 1 (ok)
[dplay] received 14 data bytes from pid 3
[dplay] received 33 data bytes from pid 1
[mfctimer] fire #30500 wnd=0x930e456 id=2378
[dplay] Send 14 bytes pid 4 -> 1 (ok)
[dplay] received 14 data bytes from pid 3
[dplay] received 33 data bytes from pid 1
[agg] StaticTimeProc 49/s  impl=1 host=0 running=1 resync=0 served=0  -> AggregatorGetPackets 0/s
[dplay] Send 14 bytes pid 4 -> 1 (ok)
[agg] sent-to-agg/s dummy=0 init=0 other=12 (last other IDCode=201)  Count=216 FrameCount=217 synched=1 csync=1 res=0
[dplay] received 14 data bytes from pid 3
[agg] drained/s:  WINMOVE.CPP:4941 from=3 to=1 len=14 x13  WINMOVE.CPP:4941 from=1 to=2 len=33 x25
[dplay] received 33 data bytes from pid 1
[dplay] Send 14 bytes pid 4 -> 1 (ok)
[dplay] received 14 data bytes from pid 3
[dplay] received 33 data bytes from pid 1
[dplay] Send 14 bytes pid 4 -> 1 (ok)
[dplay] received 14 data bytes from pid 3
[dplay] received 33 data bytes from pid 1
[dplay] Send 14 bytes pid 4 -> 1 (ok)
[dplay] received 14 data bytes from pid 3
[dplay] received 33 data bytes from pid 1
[dplay] Send 14 bytes pid 4 -> 1 (ok)
[dplay] received 14 data bytes from pid 3
[dplay] received 33 data bytes from pid 1
[dplay] Send 14 bytes pid 4 -> 1 (ok)
[dplay] received 14 data bytes from pid 3
[dplay] received 33 data bytes from pid 1
[dplay] Send 14 bytes pid 4 -> 1 (ok)
[dplay] received 14 data bytes from pid 3
[dplay] received 33 data bytes from pid 1
[dplay] Send 14 bytes pid 4 -> 1 (ok)
[dplay] received 14 data bytes from pid 3
[dplay] received 33 data bytes from pid 1
[moveloop] iter=4850 -> waiting on SEMAPHORE
[moveloop] iter=4850 -> got semaphore, waiting on MUTEX
[dplay] Send 14 bytes pid 4 -> 1 (ok)
[dplay] received 14 data bytes from pid 3
[dplay] received 33 data bytes from pid 1
[dplay] Send 14 bytes pid 4 -> 1 (ok)
[dplay] received 14 data bytes from pid 3
[dplay] received 33 data bytes from pid 1
[dplay] Send 14 bytes pid 4 -> 1 (ok)
[dplay] received 14 data bytes from pid 3
[dplay] received 33 data bytes from pid 1
[dplay] Send 14 bytes pid 4 -> 1 (ok)
[dplay] received 14 data bytes from pid 3
[dplay] received 33 data bytes from pid 1
[dplay] Send 14 bytes pid 4 -> 1 (ok)
[dplay] received 14 data bytes from pid 3
[agg] StaticTimeProc 49/s  impl=1 host=0 running=1 resync=0 served=0  -> AggregatorGetPackets 0/s
[dplay] received 33 data bytes from pid 1
[agg] drained/s:  WINMOVE.CPP:4941 from=3 to=1 len=14 x12  WINMOVE.CPP:4941 from=1 to=2 len=33 x25
[dplay] Send 14 bytes pid 4 -> 1 (ok)
[agg] sent-to-agg/s dummy=0 init=0 other=13 (last other IDCode=207)  Count=229 FrameCount=230 synched=1 csync=1 res=0
[dplay] received 14 data bytes from pid 3
[dplay] received 33 data bytes from pid 1
[dplay] Send 14 bytes pid 4 -> 1 (ok)
[dplay] received 14 data bytes from pid 3
[dplay] received 33 data bytes from pid 1
[dplay] Send 14 bytes pid 4 -> 1 (ok)
[dplay] received 14 data bytes from pid 3
[dplay] received 33 data bytes from pid 1
[dplay] Send 14 bytes pid 4 -> 1 (ok)
[dplay] received 19 data bytes from pid 1
[dplay] received 14 data bytes from pid 3
[dplay] Send 14 bytes pid 4 -> 1 (ok)
[dplay] received 33 data bytes from pid 1
[dplay] received 14 data bytes from pid 3
[mfctimer] fire #31000 wnd=0x930e456 id=2378
[dplay] Send 14 bytes pid 4 -> 1 (ok)
[dplay] received 33 data bytes from pid 1
[dplay] received 14 data bytes from pid 3
[dplay] Send 14 bytes pid 4 -> 1 (ok)
[dplay] received 33 data bytes from pid 1
[dplay] received 14 data bytes from pid 3
[dplay] Send 14 bytes pid 4 -> 1 (ok)
[moveloop] iter=4900 -> waiting on SEMAPHORE
[moveloop] iter=4900 -> got semaphore, waiting on MUTEX
[dplay] received 33 data bytes from pid 1
[dplay] received 14 data bytes from pid 3
[dplay] Send 14 bytes pid 4 -> 1 (ok)
[dplay] received 33 data bytes from pid 1
[dplay] received 14 data bytes from pid 3
[dplay] Send 14 bytes pid 4 -> 1 (ok)
[dplay] received 33 data bytes from pid 1
[dplay] received 14 data bytes from pid 3
[dplay] Send 14 bytes pid 4 -> 1 (ok)
[dplay] received 33 data bytes from pid 1
[dplay] received 14 data bytes from pid 3
[dplay] Send 14 bytes pid 4 -> 1 (ok)
[dplay] received 33 data bytes from pid 1
[dplay] received 14 data bytes from pid 3
[agg] StaticTimeProc 50/s  impl=1 host=0 running=1 resync=0 served=0  -> AggregatorGetPackets 0/s
[dplay] Send 14 bytes pid 4 -> 1 (ok)
[agg] sent-to-agg/s dummy=0 init=0 other=12 (last other IDCode=207)  Count=241 FrameCount=242 synched=1 csync=1 res=0
[dplay] received 33 data bytes from pid 1
[dplay] received 14 data bytes from pid 3
[agg] drained/s:  WINMOVE.CPP:4941 from=3 to=1 len=14 x12  WINMOVE.CPP:4941 from=1 to=2 len=33 x24  WINMOVE.CPP:4941 from=1 to=2 len=19 x1
[dplay] Send 14 bytes pid 4 -> 1 (ok)
[dplay] received 33 data bytes from pid 1
[dplay] received 14 data bytes from pid 3
[dplay] Send 14 bytes pid 4 -> 1 (ok)
[movegate] cycle=4000 timeout=0 accelcountdown=1 accel=0
[movestep] cycle=4000 paused=0 num=1
[dplay] received 33 data bytes from pid 1
[dplay] received 14 data bytes from pid 3
[dplay] Send 14 bytes pid 4 -> 1 (ok)
[dplay] received 33 data bytes from pid 1
[dplay] received 14 data bytes from pid 3
[dplay] Send 14 bytes pid 4 -> 1 (ok)
[dplay] received 33 data bytes from pid 1
[dplay] received 14 data bytes from pid 3
[dplay] Send 14 bytes pid 4 -> 1 (ok)
[dplay] received 33 data bytes from pid 1
[dplay] received 14 data bytes from pid 3
[dplay] Send 14 bytes pid 4 -> 1 (ok)
[dplay] received 33 data bytes from pid 1
[dplay] received 14 data bytes from pid 3
[dplay] Send 14 bytes pid 4 -> 1 (ok)
[dplay] received 33 data bytes from pid 1
[dplay] received 14 data bytes from pid 3
[moveloop] iter=4950 -> waiting on SEMAPHORE
[moveloop] iter=4950 -> got semaphore, waiting on MUTEX
[dplay] Send 14 bytes pid 4 -> 1 (ok)
[dplay] received 33 data bytes from pid 1
[dplay] received 14 data bytes from pid 3
[dplay] received 19 data bytes from pid 1
[dplay] Send 14 bytes pid 4 -> 1 (ok)
[dplay] received 14 data bytes from pid 3
[dplay] received 33 data bytes from pid 1
[dplay] Send 14 bytes pid 4 -> 1 (ok)
[dplay] received 14 data bytes from pid 3
[dplay] received 33 data bytes from pid 1
[dplay] Send 14 bytes pid 4 -> 1 (ok)
[dplay] received 14 data bytes from pid 3
[dplay] received 33 data bytes from pid 1
[dplay] Send 14 bytes pid 4 -> 1 (ok)
[mfctimer] fire #31500 wnd=0x930e456 id=2378
[dplay] received 14 data bytes from pid 3
[agg] StaticTimeProc 49/s  impl=1 host=0 running=1 resync=0 served=0  -> AggregatorGetPackets 0/s
[dplay] received 33 data bytes from pid 1
[agg] drained/s:  WINMOVE.CPP:4941 from=3 to=1 len=14 x13  WINMOVE.CPP:4941 from=1 to=2 len=33 x24  WINMOVE.CPP:4941 from=1 to=2 len=19 x2
[dplay] Send 14 bytes pid 4 -> 1 (ok)
[agg] sent-to-agg/s dummy=0 init=0 other=13 (last other IDCode=207)  Count=254 FrameCount=255 synched=1 csync=1 res=0
[dplay] received 14 data bytes from pid 3
[dplay] received 33 data bytes from pid 1
[timeproc] tick=12000 instances=1 currinst=0xa4c7130
[dplay] Send 14 bytes pid 4 -> 1 (ok)
[dplay] received 14 data bytes from pid 3
[dplay] received 33 data bytes from pid 1
[dplay] Send 14 bytes pid 4 -> 1 (ok)
[dplay] received 14 data bytes from pid 3
[dplay] received 33 data bytes from pid 1
[dplay] Send 14 bytes pid 4 -> 1 (ok)
[dplay] received 14 data bytes from pid 3
[dplay] received 33 data bytes from pid 1
[dplay] Send 14 bytes pid 4 -> 1 (ok)
[dplay] received 14 data bytes from pid 3
[dplay] received 33 data bytes from pid 1
[dplay] Send 14 bytes pid 4 -> 1 (ok)
[dplay] received 14 data bytes from pid 3
[dplay] received 33 data bytes from pid 1
[dplay] Send 14 bytes pid 4 -> 1 (ok)
[dplay] received 14 data bytes from pid 3
[dplay] received 33 data bytes from pid 1
[dplay] Send 14 bytes pid 4 -> 1 (ok)
[moveloop] iter=5000 -> waiting on SEMAPHORE
[moveloop] iter=5000 -> got semaphore, waiting on MUTEX
[dplay] received 14 data bytes from pid 3
[dplay] received 33 data bytes from pid 1
[dplay] Send 14 bytes pid 4 -> 1 (ok)
[dplay] received 14 data bytes from pid 3
[dplay] received 33 data bytes from pid 1
[dplay] Send 14 bytes pid 4 -> 1 (ok)
[dplay] received 14 data bytes from pid 3
[dplay] received 33 data bytes from pid 1
[dplay] pump #346500 (host=0) -- discovery is answered only from here
[dplay] Send 14 bytes pid 4 -> 1 (ok)
[agg] StaticTimeProc 49/s  impl=1 host=0 running=1 resync=0 served=0  -> AggregatorGetPackets 0/s
[dplay] received 14 data bytes from pid 3
[dplay] received 33 data bytes from pid 1
[agg] drained/s:  WINMOVE.CPP:4941 from=3 to=1 len=14 x11  WINMOVE.CPP:4941 from=1 to=2 len=33 x21
[dplay] Send 14 bytes pid 4 -> 1 (ok)
[agg] sent-to-agg/s dummy=0 init=0 other=11 (last other IDCode=207)  Count=9 FrameCount=10 synched=1 csync=1 res=0
[dplay] received 14 data bytes from pid 3
[dplay] received 33 data bytes from pid 1
[dplay] Send 14 bytes pid 4 -> 1 (ok)
[dplay] received 14 data bytes from pid 3
[dplay] received 33 data bytes from pid 1
[dplay] Send 14 bytes pid 4 -> 1 (ok)
[dplay] received 14 data bytes from pid 3
[dplay] received 33 data bytes from pid 1
[dplay] Send 14 bytes pid 4 -> 1 (ok)
[dplay] received 14 data bytes from pid 3
[dplay] received 33 data bytes from pid 1
[dplay] Send 14 bytes pid 4 -> 1 (ok)
[dplay] received 14 data bytes from pid 3
[dplay] received 33 data bytes from pid 1
[dplay] Send 14 bytes pid 4 -> 1 (ok)
[dplay] received 14 data bytes from pid 3
[dplay] received 33 data bytes from pid 1
[dplay] Send 14 bytes pid 4 -> 1 (ok)
[mfctimer] fire #32000 wnd=0x930e456 id=2378
[dplay] received 14 data bytes from pid 3
[dplay] received 33 data bytes from pid 1
[dplay] Send 14 bytes pid 4 -> 1 (ok)
[dplay] received 14 data bytes from pid 3
[dplay] received 33 data bytes from pid 1
[dplay] Send 14 bytes pid 4 -> 1 (ok)
[dplay] received 14 data bytes from pid 3
[dplay] received 33 data bytes from pid 1
[moveloop] iter=5050 -> waiting on SEMAPHORE
[moveloop] iter=5050 -> got semaphore, waiting on MUTEX
[dplay] Send 14 bytes pid 4 -> 1 (ok)
[dplay] received 14 data bytes from pid 3
[dplay] received 33 data bytes from pid 1
[dplay] Send 14 bytes pid 4 -> 1 (ok)
[dplay] received 14 data bytes from pid 3
[dplay] received 33 data bytes from pid 1
[dplay] Send 14 bytes pid 4 -> 1 (ok)
[dplay] received 14 data bytes from pid 3
[dplay] received 33 data bytes from pid 1
[agg] drained/s:  WINMOVE.CPP:4941 from=3 to=1 len=14 x12  WINMOVE.CPP:4941 from=1 to=2 len=33 x25
[agg] StaticTimeProc 50/s  impl=1 host=0 running=1 resync=0 served=0  -> AggregatorGetPackets 0/s
[dplay] Send 14 bytes pid 4 -> 1 (ok)
[agg] sent-to-agg/s dummy=0 init=0 other=12 (last other IDCode=207)  Count=21 FrameCount=22 synched=1 csync=1 res=0
[dplay] received 14 data bytes from pid 3
[dplay] received 33 data bytes from pid 1
[dplay] Send 14 bytes pid 4 -> 1 (ok)
[dplay] received 14 data bytes from pid 3
[dplay] received 33 data bytes from pid 1
[dplay] Send 14 bytes pid 4 -> 1 (ok)
[dplay] received 14 data bytes from pid 3
[dplay] received 33 data bytes from pid 1
[dplay] Send 14 bytes pid 4 -> 1 (ok)
[dplay] received 19 data bytes from pid 1
[dplay] received 14 data bytes from pid 3
[dplay] Send 14 bytes pid 4 -> 1 (ok)
[dplay] received 33 data bytes from pid 1
[dplay] received 14 data bytes from pid 3
[dplay] Send 14 bytes pid 4 -> 1 (ok)
[dplay] received 33 data bytes from pid 1
[dplay] received 14 data bytes from pid 3
[dplay] Send 14 bytes pid 4 -> 1 (ok)
[dplay] received 33 data bytes from pid 1
[dplay] received 14 data bytes from pid 3
[dplay] Send 14 bytes pid 4 -> 1 (ok)
[dplay] received 33 data bytes from pid 1
[dplay] received 14 data bytes from pid 3
[dplay] Send 14 bytes pid 4 -> 1 (ok)
[dplay] received 33 data bytes from pid 1
[dplay] received 14 data bytes from pid 3
[dplay] Send 14 bytes pid 4 -> 1 (ok)
[moveloop] iter=5100 -> waiting on SEMAPHORE
[moveloop] iter=5100 -> got semaphore, waiting on MUTEX
[dplay] received 33 data bytes from pid 1
[dplay] received 14 data bytes from pid 3
[dplay] Send 14 bytes pid 4 -> 1 (ok)
[dplay] received 33 data bytes from pid 1
[dplay] received 14 data bytes from pid 3
[dplay] Send 14 bytes pid 4 -> 1 (ok)
[dplay] received 33 data bytes from pid 1
[dplay] received 14 data bytes from pid 3
[dplay] Send 14 bytes pid 4 -> 1 (ok)
[dplay] received 33 data bytes from pid 1
[agg] drained/s:  WINMOVE.CPP:4941 from=3 to=1 len=14 x12  WINMOVE.CPP:4941 from=1 to=2 len=33 x24  WINMOVE.CPP:4941 from=1 to=2 len=19 x1
[agg] StaticTimeProc 49/s  impl=1 host=0 running=1 resync=0 served=0  -> AggregatorGetPackets 0/s
[dplay] received 14 data bytes from pid 3
[dplay] Send 14 bytes pid 4 -> 1 (ok)
[agg] sent-to-agg/s dummy=0 init=0 other=13 (last other IDCode=207)  Count=34 FrameCount=35 synched=1 csync=1 res=0
[dplay] received 33 data bytes from pid 1
[mfctimer] fire #32500 wnd=0x930e456 id=2378
[dplay] received 14 data bytes from pid 3
[dplay] Send 14 bytes pid 4 -> 1 (ok)
[dplay] received 33 data bytes from pid 1
[dplay] received 14 data bytes from pid 3
[dplay] Send 14 bytes pid 4 -> 1 (ok)
[dplay] received 33 data bytes from pid 1
[dplay] received 14 data bytes from pid 3
[dplay] Send 14 bytes pid 4 -> 1 (ok)
[dplay] received 33 data bytes from pid 1
[accnt] aircraft in this world: now=8 MAX=8 visible=2 dead=6 (frame sample #7)
[dplay] received 14 data bytes from pid 3
[dplay] Send 14 bytes pid 4 -> 1 (ok)
[dplay] received 33 data bytes from pid 1
[dplay] received 14 data bytes from pid 3
[dplay] Send 14 bytes pid 4 -> 1 (ok)
[dplay] received 33 data bytes from pid 1
[dplay] received 14 data bytes from pid 3
[dplay] Send 14 bytes pid 4 -> 1 (ok)
[dplay] received 33 data bytes from pid 1
[dplay] received 14 data bytes from pid 3
[dplay] Send 14 bytes pid 4 -> 1 (ok)
[dplay] received 33 data bytes from pid 1
[dplay] received 14 data bytes from pid 3
[dplay] received 19 data bytes from pid 1
[dplay] Send 14 bytes pid 4 -> 1 (ok)
[dplay] received 14 data bytes from pid 3
[dplay] received 33 data bytes from pid 1
[moveloop] iter=5150 -> waiting on SEMAPHORE
[moveloop] iter=5150 -> got semaphore, waiting on MUTEX
[dplay] Send 14 bytes pid 4 -> 1 (ok)
[dplay] received 14 data bytes from pid 3
[dplay] received 33 data bytes from pid 1
[dplay] Send 14 bytes pid 4 -> 1 (ok)
[dplay] received 14 data bytes from pid 3
[dplay] received 33 data bytes from pid 1
[hatbtn] dwData=0xffffffff base=292 pressing=8 -> raw -1
[dplay] Send 14 bytes pid 4 -> 1 (ok)
[dplay] received 14 data bytes from pid 3
[dplay] received 33 data bytes from pid 1
[agg] drained/s:  WINMOVE.CPP:4941 from=3 to=1 len=14 x13  WINMOVE.CPP:4941 from=1 to=2 len=33 x24  WINMOVE.CPP:4941 from=1 to=2 len=19 x2
[agg] StaticTimeProc 49/s  impl=1 host=0 running=1 resync=0 served=0  -> AggregatorGetPackets 0/s
[dplay] Send 14 bytes pid 4 -> 1 (ok)
[agg] sent-to-agg/s dummy=0 init=0 other=12 (last other IDCode=207)  Count=46 FrameCount=47 synched=1 csync=1 res=0
[dplay] received 14 data bytes from pid 3
[dplay] received 33 data bytes from pid 1
[dplay] Send 14 bytes pid 4 -> 1 (ok)
[dplay] received 14 data bytes from pid 3
[dplay] received 33 data bytes from pid 1
[dplay] Send 14 bytes pid 4 -> 1 (ok)
[dplay] received 14 data bytes from pid 3
[dplay] received 33 data bytes from pid 1
[dplay] Send 14 bytes pid 4 -> 1 (ok)
[dplay] received 14 data bytes from pid 3
[dplay] received 33 data bytes from pid 1
[movegate] cycle=4250 timeout=0 accelcountdown=1 accel=0
[movestep] cycle=4250 paused=0 num=1
[dplay] Send 14 bytes pid 4 -> 1 (ok)
[dplay] received 14 data bytes from pid 3
[dplay] received 33 data bytes from pid 1
[dplay] Send 14 bytes pid 4 -> 1 (ok)
[dplay] received 14 data bytes from pid 3
[dplay] received 33 data bytes from pid 1
[dplay] Send 14 bytes pid 4 -> 1 (ok)
[dplay] received 14 data bytes from pid 3
[dplay] received 33 data bytes from pid 1
[dplay] Send 14 bytes pid 4 -> 1 (ok)
[dplay] received 14 data bytes from pid 3
[dplay] received 33 data bytes from pid 1
[mfctimer] fire #33000 wnd=0x930e456 id=2378
[dplay] Send 14 bytes pid 4 -> 1 (ok)
[dplay] received 14 data bytes from pid 3
[dplay] received 33 data bytes from pid 1
[dplay] Send 14 bytes pid 4 -> 1 (ok)
[moveloop] iter=5200 -> waiting on SEMAPHORE
[moveloop] iter=5200 -> got semaphore, waiting on MUTEX
[dplay] received 14 data bytes from pid 3
[dplay] received 33 data bytes from pid 1
[dplay] Send 14 bytes pid 4 -> 1 (ok)
[dplay] received 14 data bytes from pid 3
[dplay] received 33 data bytes from pid 1
[dplay] Send 14 bytes pid 4 -> 1 (ok)
[dplay] received 14 data bytes from pid 3
[dplay] received 33 data bytes from pid 1
[dplay] Send 14 bytes pid 4 -> 1 (ok)
[agg] StaticTimeProc 49/s  impl=1 host=0 running=1 resync=0 served=0  -> AggregatorGetPackets 0/s
[dplay] received 14 data bytes from pid 3
[dplay] received 33 data bytes from pid 1
[agg] drained/s:  WINMOVE.CPP:4941 from=3 to=1 len=14 x13  WINMOVE.CPP:4941 from=1 to=2 len=33 x25
[dplay] Send 14 bytes pid 4 -> 1 (ok)
[agg] sent-to-agg/s dummy=0 init=0 other=13 (last other IDCode=207)  Count=59 FrameCount=60 synched=1 csync=1 res=0
[dplay] received 14 data bytes from pid 3
[dplay] received 33 data bytes from pid 1
[dplay] Send 14 bytes pid 4 -> 1 (ok)
[dplay] received 14 data bytes from pid 3
[dplay] received 33 data bytes from pid 1
[timeproc] tick=12250 instances=1 currinst=0xa4c7130
[dplay] Send 14 bytes pid 4 -> 1 (ok)
[dplay] received 14 data bytes from pid 3
[dplay] received 33 data bytes from pid 1
[dplay] Send 14 bytes pid 4 -> 1 (ok)
[dplay] received 14 data bytes from pid 3
[dplay] received 33 data bytes from pid 1
[dplay] Send 14 bytes pid 4 -> 1 (ok)
[dplay] received 14 data bytes from pid 3
[dplay] received 33 data bytes from pid 1
[dplay] Send 14 bytes pid 4 -> 1 (ok)
[dplay] received 14 data bytes from pid 3
[dplay] received 33 data bytes from pid 1
[dplay] Send 14 bytes pid 4 -> 1 (ok)
[dplay] received 14 data bytes from pid 3
[dplay] received 33 data bytes from pid 1
[dplay] Send 14 bytes pid 4 -> 1 (ok)
[dplay] received 14 data bytes from pid 3
[dplay] received 33 data bytes from pid 1
[dplay] received 14 data bytes from pid 3
[dplay] Send 14 bytes pid 4 -> 1 (ok)
[moveloop] iter=5250 -> waiting on SEMAPHORE
[moveloop] iter=5250 -> got semaphore, waiting on MUTEX
[dplay] received 33 data bytes from pid 1
[dplay] Send 14 bytes pid 4 -> 1 (ok)
[dplay] received 14 data bytes from pid 3
[dplay] received 33 data bytes from pid 1
[dplay] Send 14 bytes pid 4 -> 1 (ok)
[dplay] received 14 data bytes from pid 3
[dplay] received 33 data bytes from pid 1
[dplay] Send 14 bytes pid 4 -> 1 (ok)
[dplay] received 14 data bytes from pid 3
[dplay] received 33 data bytes from pid 1
[agg] drained/s:  WINMOVE.CPP:4941 from=3 to=1 len=14 x12  WINMOVE.CPP:4941 from=1 to=2 len=33 x24
[agg] StaticTimeProc 50/s  impl=1 host=0 running=1 resync=0 served=0  -> AggregatorGetPackets 0/s
[dplay] Send 14 bytes pid 4 -> 1 (ok)
[agg] sent-to-agg/s dummy=0 init=0 other=12 (last other IDCode=207)  Count=71 FrameCount=72 synched=1 csync=1 res=0
[dplay] received 14 data bytes from pid 3
[dplay] received 33 data bytes from pid 1
[dplay] Send 14 bytes pid 4 -> 1 (ok)
[dplay] received 14 data bytes from pid 3
[dplay] received 33 data bytes from pid 1
[dplay] Send 14 bytes pid 4 -> 1 (ok)
[mfctimer] fire #33500 wnd=0x930e456 id=2378
[dplay] received 14 data bytes from pid 3
[dplay] received 33 data bytes from pid 1
[dplay] Send 14 bytes pid 4 -> 1 (ok)
[dplay] received 14 data bytes from pid 3
[dplay] received 33 data bytes from pid 1
[dplay] Send 14 bytes pid 4 -> 1 (ok)
[dplay] received 14 data bytes from pid 3
[dplay] received 33 data bytes from pid 1
[dplay] Send 14 bytes pid 4 -> 1 (ok)
[dplay] received 14 data bytes from pid 3
[dplay] received 33 data bytes from pid 1
[dplay] Send 14 bytes pid 4 -> 1 (ok)
[dplay] received 14 data bytes from pid 3
[dplay] received 33 data bytes from pid 1
[dplay] Send 14 bytes pid 4 -> 1 (ok)
[dplay] received 14 data bytes from pid 3
[dplay] received 33 data bytes from pid 1
[dplay] Send 14 bytes pid 4 -> 1 (ok)
[dplay] pump #347000 (host=0) -- discovery is answered only from here
[dplay] received 14 data bytes from pid 3
[dplay] received 33 data bytes from pid 1
[dplay] Send 14 bytes pid 4 -> 1 (ok)
[moveloop] iter=5300 -> waiting on SEMAPHORE
[moveloop] iter=5300 -> got semaphore, waiting on MUTEX
[dplay] received 14 data bytes from pid 3
[dplay] received 33 data bytes from pid 1
[dplay] Send 14 bytes pid 4 -> 1 (ok)
[dplay] received 14 data bytes from pid 3
[dplay] received 33 data bytes from pid 1
[dplay] Send 14 bytes pid 4 -> 1 (ok)
[vid] window closed -> exit
