[timer] set id=1 delay=20ms periodic=1 cb=0x83aef08 live=1/32
Mig Alley - Linux native port (Rowan engine)
  wmig ELF links (15 game unities + MFC UI + standalones + runtime).
  derived BOB_DRIVE_C=/home/admin/sgl/TUE/MigAlley/WP/drive_c (from cwd)
  cwd -> /home/admin/sgl/TUE/MigAlley/WP/drive_c/rowan/mig
[agg] StaticTimeProc 1/s  impl=0 host=0 running=0 resync=0 served=0  -> AggregatorGetPackets 0/s
[timeproc] tick=0 instances=0 currinst=(nil)
  main module: Mig.exe resources loaded
  Driving CMIGApp::InitInstance()...
[mfctimer] set wnd=0x9f1d456 id=2378 every 0 ms  (now 1 timers)
fluidsynth: warning: SDL3 not initialized, SDL3 audio driver won't be usable. Have you called SDL_Init(SDL_INIT_AUDIO) ?

(process:354262): GLib-GObject-CRITICAL **: 17:03:22.574: g_param_spec_enum: assertion 'g_enum_get_value (enum_class, default_value) != NULL' failed

(process:354262): GLib-GObject-CRITICAL **: 17:03:22.577: validate_pspec_to_install: assertion 'G_IS_PARAM_SPEC (pspec)' failed

(process:354262): GLib-GObject-CRITICAL **: 17:03:22.577: g_param_spec_ref_sink: assertion 'G_IS_PARAM_SPEC (pspec)' failed

(process:354262): GLib-GObject-CRITICAL **: 17:03:22.577: g_param_spec_unref: assertion 'G_IS_PARAM_SPEC (pspec)' failed
[agg] StaticTimeProc 33/s  impl=0 host=0 running=0 resync=0 served=0  -> AggregatorGetPackets 0/s
fluidsynth: Using PulseAudio driver
[mus] FluidSynth music ready (sf2 id=1)
[ALSOFT] (EE) Failed to create PipeWire event context (errno: 2)
fluidsynth: warning: Failed to set thread to high priority
[al] OpenAL ready: OpenAL Soft / OpenAL Soft
[vid] 2 display(s); centring 640x480 on display 0 (USABLE 1853x1048 at 67,32) -> window at (673,316)
[agg] StaticTimeProc 47/s  impl=0 host=0 running=0 resync=0 served=0  -> AggregatorGetPackets 0/s
[vid] swap interval -> 1 (vsync)
[vid] SDL2 window 640x480 + GL context: NVIDIA GeForce GTX 1660 SUPER/PCIe/SSE2 | 4.6.0 NVIDIA 595.84
[3d] IDirectDraw2::EnumDisplayModes called cb=0x817caae
[hw] display init: fSoftware=0 dddriver=-1
[maximize] OnGoBig -> frame and view moved to 1200x1080
[gdifont] loaded /home/admin/sgl/TUE/MigAlley/WP/drive_c/windows/Fonts/Intel.ttf (symbol cmap) (winAsc=1004 winDesc=217)
[gdifont] loaded /usr/share/fonts/truetype/liberation/LiberationSans-Regular.ttf (winAsc=1854 winDesc=434)
  InitInstance() returned 1
  Entering CMIGApp::Run()...
[mfctimer] fire #0 wnd=0x9f1d456 id=2378
[lbrefit] id=2063 rect w=105 -> painted w=247 (h=234)
[menu] ---- 4 clickable control(s) ----
[menu] #4@10CSystemBox  rect(0,0 24x24)  centre(12,12)  type=3  ""
[menu] #7@10CSystemBox  rect(0,24 24x24)  centre(12,36)  type=3  ""
[menu] #10@10CSystemBox  rect(24,0 48x48)  centre(48,24)  type=3  ""
[menu] #2063@14RFullPanelDial  rect(675,260 105x100)  centre(727,310)  type=1  ""
[menu]      row 0: [0] "Preferences"
[menu]      row 1: [0] "Single Player"
[menu]      row 2: [0] "Multi-Player"
[menu]      row 3: [0] "Load Game"
[menu]      row 4: [0] "Replay"
[menu]      row 5: [0] "Credits"
[menu]      row 6: [0] "Quit"
[clickseq] counts are MILLISECONDS (BOB_CLICKSEQ_MS)
[agg] StaticTimeProc 48/s  impl=0 host=0 running=0 resync=0 served=0  -> AggregatorGetPackets 0/s
[agg] StaticTimeProc 49/s  impl=0 host=0 running=0 resync=0 served=0  -> AggregatorGetPackets 0/s
[agg] StaticTimeProc 49/s  impl=0 host=0 running=0 resync=0 served=0  -> AggregatorGetPackets 0/s
[timeproc] tick=250 instances=0 currinst=(nil)
[agg] StaticTimeProc 48/s  impl=0 host=0 running=0 resync=0 served=0  -> AggregatorGetPackets 0/s
[agg] StaticTimeProc 49/s  impl=0 host=0 running=0 resync=0 served=0  -> AggregatorGetPackets 0/s
[agg] StaticTimeProc 50/s  impl=0 host=0 running=0 resync=0 served=0  -> AggregatorGetPackets 0/s
[agg] StaticTimeProc 49/s  impl=0 host=0 running=0 resync=0 served=0  -> AggregatorGetPackets 0/s
[agg] StaticTimeProc 49/s  impl=0 host=0 running=0 resync=0 served=0  -> AggregatorGetPackets 0/s
[timeproc] tick=500 instances=0 currinst=(nil)
[agg] StaticTimeProc 49/s  impl=0 host=0 running=0 resync=0 served=0  -> AggregatorGetPackets 0/s
[agg] StaticTimeProc 49/s  impl=0 host=0 running=0 resync=0 served=0  -> AggregatorGetPackets 0/s
[agg] StaticTimeProc 48/s  impl=0 host=0 running=0 resync=0 served=0  -> AggregatorGetPackets 0/s
[agg] StaticTimeProc 49/s  impl=0 host=0 running=0 resync=0 served=0  -> AggregatorGetPackets 0/s
[agg] StaticTimeProc 49/s  impl=0 host=0 running=0 resync=0 served=0  -> AggregatorGetPackets 0/s
[timeproc] tick=750 instances=0 currinst=(nil)
[agg] StaticTimeProc 50/s  impl=0 host=0 running=0 resync=0 served=0  -> AggregatorGetPackets 0/s
[agg] StaticTimeProc 49/s  impl=0 host=0 running=0 resync=0 served=0  -> AggregatorGetPackets 0/s
[agg] StaticTimeProc 49/s  impl=0 host=0 running=0 resync=0 served=0  -> AggregatorGetPackets 0/s
[agg] StaticTimeProc 50/s  impl=0 host=0 running=0 resync=0 served=0  -> AggregatorGetPackets 0/s
[mfctimer] fire #500 wnd=0x9f1d456 id=2378
[agg] StaticTimeProc 49/s  impl=0 host=0 running=0 resync=0 served=0  -> AggregatorGetPackets 0/s
[timeproc] tick=1000 instances=0 currinst=(nil)
[agg] StaticTimeProc 49/s  impl=0 host=0 running=0 resync=0 served=0  -> AggregatorGetPackets 0/s
[agg] StaticTimeProc 49/s  impl=0 host=0 running=0 resync=0 served=0  -> AggregatorGetPackets 0/s
[clickrow] row=2 -> (815,498)  [listbox (675,260) 105x100 origin=(763,416), 7 rows, listH=234 rowH=33]
[dplay] CoCreateInstance(CLSID_DirectPlay) -> 0xb190d30
[dplay] EnumConnections -> 1 provider
[panelclear] transition #1: panel 0xad30ce0 art 27905 -> 0xad30ce0 art 27914
[lbrefit] id=2325 rect w=586 -> painted w=586 (h=230)
[menu] ---- 6 clickable control(s) ----
[menu] #4@10CSystemBox  rect(0,0 24x24)  centre(12,12)  type=3  ""
[menu] #7@10CSystemBox  rect(0,24 24x24)  centre(12,36)  type=3  ""
[menu] #10@10CSystemBox  rect(24,0 48x48)  centre(48,24)  type=3  ""
[menu] #2325@14CSelectService  rect(0,32 586x230)  centre(293,147)  type=1  ""
[menu]      row 0: [0] "Internet TCP/IP Connection For DirectPlay"
[menu] #2023@14CSelectService  rect(25,450 585x26)  centre(317,463)  type=2  "Select a Service"
[menu] #2063@14RFullPanelDial  rect(25,720 591x36)  centre(320,738)  type=1  ""
[menu]      row 0: [0] "Back"  [1] "Create Game   "  [2] "Join Game    "
[agg] StaticTimeProc 49/s  impl=0 host=0 running=0 resync=0 served=0  -> AggregatorGetPackets 0/s
[agg] StaticTimeProc 49/s  impl=0 host=0 running=0 resync=0 served=0  -> AggregatorGetPackets 0/s
[agg] StaticTimeProc 50/s  impl=0 host=0 running=0 resync=0 served=0  -> AggregatorGetPackets 0/s
[timeproc] tick=1250 instances=0 currinst=(nil)
[agg] StaticTimeProc 49/s  impl=0 host=0 running=0 resync=0 served=0  -> AggregatorGetPackets 0/s
[agg] StaticTimeProc 49/s  impl=0 host=0 running=0 resync=0 served=0  -> AggregatorGetPackets 0/s
[agg] StaticTimeProc 50/s  impl=0 host=0 running=0 resync=0 served=0  -> AggregatorGetPackets 0/s
[agg] StaticTimeProc 49/s  impl=0 host=0 running=0 resync=0 served=0  -> AggregatorGetPackets 0/s
[agg] StaticTimeProc 49/s  impl=0 host=0 running=0 resync=0 served=0  -> AggregatorGetPackets 0/s
[timeproc] tick=1500 instances=0 currinst=(nil)
[agg] StaticTimeProc 49/s  impl=0 host=0 running=0 resync=0 served=0  -> AggregatorGetPackets 0/s
[agg] StaticTimeProc 49/s  impl=0 host=0 running=0 resync=0 served=0  -> AggregatorGetPackets 0/s
[agg] StaticTimeProc 50/s  impl=0 host=0 running=0 resync=0 served=0  -> AggregatorGetPackets 0/s
[agg] StaticTimeProc 49/s  impl=0 host=0 running=0 resync=0 served=0  -> AggregatorGetPackets 0/s
[agg] StaticTimeProc 49/s  impl=0 host=0 running=0 resync=0 served=0  -> AggregatorGetPackets 0/s
[agg] StaticTimeProc 49/s  impl=0 host=0 running=0 resync=0 served=0  -> AggregatorGetPackets 0/s
[timeproc] tick=1750 instances=0 currinst=(nil)
[agg] StaticTimeProc 49/s  impl=0 host=0 running=0 resync=0 served=0  -> AggregatorGetPackets 0/s
[mfctimer] fire #1000 wnd=0x9f1d456 id=2378
[agg] StaticTimeProc 49/s  impl=0 host=0 running=0 resync=0 served=0  -> AggregatorGetPackets 0/s
[agg] StaticTimeProc 49/s  impl=0 host=0 running=0 resync=0 served=0  -> AggregatorGetPackets 0/s
[agg] StaticTimeProc 49/s  impl=0 host=0 running=0 resync=0 served=0  -> AggregatorGetPackets 0/s
[agg] StaticTimeProc 48/s  impl=0 host=0 running=0 resync=0 served=0  -> AggregatorGetPackets 0/s
[timeproc] tick=2000 instances=0 currinst=(nil)
[agg] StaticTimeProc 50/s  impl=0 host=0 running=0 resync=0 served=0  -> AggregatorGetPackets 0/s
[clickid] id=2063 col=-612 -> (323,892)  [type=1 rect(113,876 591x36) rel=0 drawOx=88]
[dplay] InitializeConnection (TCP/IP provider selected)
[menu] ---- 17 clickable control(s) ----
[menu] #4@10CSystemBox  rect(0,0 24x24)  centre(12,12)  type=3  ""
[menu] #7@10CSystemBox  rect(0,24 24x24)  centre(12,36)  type=3  ""
[menu] #10@10CSystemBox  rect(24,0 48x48)  centre(48,24)  type=3  ""
[menu] #2063@14RFullPanelDial  rect(25,720 474x36)  centre(262,738)  type=1  ""
[menu]      row 0: [0] "Back"  [1] "Continue"
[menu] #2027@11CLockerRoom  rect(25,489 91x26)  centre(70,502)  type=2  "Data Rate"
[menu] #2321@11CLockerRoom  rect(118,400 283x26)  centre(259,413)  type=5  ""
[menu] #2021@11CLockerRoom  rect(25,400 67x26)  centre(58,413)  type=2  "Name"
[menu] #2320@11CLockerRoom  rect(118,427 283x26)  centre(259,440)  type=5  ""
[menu] #2022@11CLockerRoom  rect(25,427 84x26)  centre(67,440)  type=2  "Session"
[menu] #2023@11CLockerRoom  rect(26,547 148x26)  centre(100,560)  type=2  "GAME TYPE"
[menu] #2024@11CLockerRoom  rect(269,547 144x26)  centre(341,560)  type=2  "SELECT SIDE"
[menu] #2323@11CLockerRoom  rect(26,575 193x99)  centre(122,624)  type=8  ""
[menu] #2025@11CLockerRoom  rect(25,456 91x26)  centre(70,469)  type=2  "Password"
[menu] #2144@11CLockerRoom  rect(118,456 283x26)  centre(259,469)  type=5  ""
[menu] #1010@11CLockerRoom  rect(140,677 270x26)  centre(275,690)  type=4  ""
[menu] #1012@11CLockerRoom  rect(118,487 283x26)  centre(259,500)  type=4  ""
[menu] #1011@11CLockerRoom  rect(26,677 84x26)  centre(68,690)  type=2  "Scenario"
[agg] StaticTimeProc 48/s  impl=0 host=0 running=0 resync=0 served=0  -> AggregatorGetPackets 0/s
[agg] StaticTimeProc 49/s  impl=0 host=0 running=0 resync=0 served=0  -> AggregatorGetPackets 0/s
[agg] StaticTimeProc 49/s  impl=0 host=0 running=0 resync=0 served=0  -> AggregatorGetPackets 0/s
[agg] StaticTimeProc 49/s  impl=0 host=0 running=0 resync=0 served=0  -> AggregatorGetPackets 0/s
[timeproc] tick=2250 instances=0 currinst=(nil)
[agg] StaticTimeProc 49/s  impl=0 host=0 running=0 resync=0 served=0  -> AggregatorGetPackets 0/s
[agg] StaticTimeProc 49/s  impl=0 host=0 running=0 resync=0 served=0  -> AggregatorGetPackets 0/s
[agg] StaticTimeProc 49/s  impl=0 host=0 running=0 resync=0 served=0  -> AggregatorGetPackets 0/s
[agg] StaticTimeProc 49/s  impl=0 host=0 running=0 resync=0 served=0  -> AggregatorGetPackets 0/s
[agg] StaticTimeProc 49/s  impl=0 host=0 running=0 resync=0 served=0  -> AggregatorGetPackets 0/s
[timeproc] tick=2500 instances=0 currinst=(nil)
[agg] StaticTimeProc 49/s  impl=0 host=0 running=0 resync=0 served=0  -> AggregatorGetPackets 0/s
[agg] StaticTimeProc 50/s  impl=0 host=0 running=0 resync=0 served=0  -> AggregatorGetPackets 0/s
[agg] StaticTimeProc 49/s  impl=0 host=0 running=0 resync=0 served=0  -> AggregatorGetPackets 0/s
[agg] StaticTimeProc 49/s  impl=0 host=0 running=0 resync=0 served=0  -> AggregatorGetPackets 0/s
[agg] StaticTimeProc 49/s  impl=0 host=0 running=0 resync=0 served=0  -> AggregatorGetPackets 0/s
[timeproc] tick=2750 instances=0 currinst=(nil)
[agg] StaticTimeProc 49/s  impl=0 host=0 running=0 resync=0 served=0  -> AggregatorGetPackets 0/s
[mfctimer] fire #1500 wnd=0x9f1d456 id=2378
[agg] StaticTimeProc 49/s  impl=0 host=0 running=0 resync=0 served=0  -> AggregatorGetPackets 0/s
[agg] StaticTimeProc 49/s  impl=0 host=0 running=0 resync=0 served=0  -> AggregatorGetPackets 0/s
[agg] StaticTimeProc 49/s  impl=0 host=0 running=0 resync=0 served=0  -> AggregatorGetPackets 0/s
[agg] StaticTimeProc 49/s  impl=0 host=0 running=0 resync=0 served=0  -> AggregatorGetPackets 0/s
[timeproc] tick=3000 instances=0 currinst=(nil)
[agg] StaticTimeProc 49/s  impl=0 host=0 running=0 resync=0 served=0  -> AggregatorGetPackets 0/s
[clickid] id=2063 col=-612 -> (280,892)  [type=1 rect(113,876 474x36) rel=0 drawOx=88]
[dplay] UpDateDPlay: IDC_NAME hWnd=(nil) (GetCaption branch) -> "Player" len=6; editbox=0xb0dc3b9
[dplay] UINewPlayer: PlayerName="Player" (len 6)  SessionName="MiG Alley"  ServedGame=0  type=1
[dplay] host bound to UDP 47624
[dplay] Open(CREATE) session "MiG Alley"
[dplay] CreatePlayer "(unnamed)" -> pid 1
[dplay] CreateGroup "(unnamed)" -> gid 2
[dplay] CreatePlayer "(unnamed)" -> pid 3
[group] AddPlayerToGroup player 3 -> group 2 : recorded (ngroups=1)
[dplay] AddPlayerToGroup player 3 -> group 2
[mfctimer] set wnd=0xb0cfa10 id=2373 every 0 ms  (now 2 timers)
[dplay] Send 12 bytes pid 3 -> 2 (no peer yet -- DP_OK, nothing transmitted)
[dplay] Send 124 bytes pid 3 -> 0 (no peer yet -- DP_OK, nothing transmitted)
[dplay] pump #0 (host=1) -- discovery is answered only from here
[dplay] Send 189 bytes pid 3 -> 2 (no peer yet -- DP_OK, nothing transmitted)
[dplay] Send 189 bytes pid 3 -> 2 (no peer yet -- DP_OK, nothing transmitted)
[dplay] Send 29 bytes pid 3 -> 2 (no peer yet -- DP_OK, nothing transmitted)
[panelclear] transition #2: panel 0xad30ce0 art 27914 -> 0xad30ce0 art 27916
[lbrefit] id=2310 rect w=648 -> painted w=648 (h=237)
[lbrefit] id=2312 rect w=648 -> painted w=648 (h=121)
[menu] ---- 12 clickable control(s) ----
[menu] #4@10CSystemBox  rect(0,0 24x24)  centre(12,12)  type=3  ""
[menu] #7@10CSystemBox  rect(0,24 24x24)  centre(12,36)  type=3  ""
[menu] #10@10CSystemBox  rect(24,0 48x48)  centre(48,24)  type=3  ""
[menu] #2063@14RFullPanelDial  rect(25,720 711x36)  centre(380,738)  type=1  ""
[menu]      row 0: [0] "Quit"  [1] "Fly"  [2] "Visitors"  [3] "Radio"  [4] "Paint Shop"  [5] "Prefs"
[menu] #2310@10CReadyRoom  rect(0,32 648x237)  centre(324,150)  type=1  ""
[menu] #2021@10CReadyRoom  rect(342,15 67x26)  centre(375,28)  type=2  "Chat to:"
[menu] #2312@10CReadyRoom  rect(1,273 648x121)  centre(325,333)  type=1  ""
[menu] #2144@10CReadyRoom  rect(16,411 648x26)  centre(340,424)  type=5  ""
[menu] #2324@10CReadyRoom  rect(427,16 235x26)  centre(544,29)  type=8  ""
[menu] #2309@10CReadyRoom  rect(99,15 225x26)  centre(211,28)  type=2  "Invalid ID!"
[menu] #2023@10CReadyRoom  rect(15,15 81x26)  centre(55,28)  type=2  "Scenario:"
[menu] #0@13CRListBoxCtrl  rect(1,-16 207x16)  centre(104,-8)  type=9  ""
[menu] ---- 12 clickable control(s) ----
[menu] #4@10CSystemBox  rect(0,0 24x24)  centre(12,12)  type=3  ""
[menu] #7@10CSystemBox  rect(0,24 24x24)  centre(12,36)  type=3  ""
[menu] #10@10CSystemBox  rect(24,0 48x48)  centre(48,24)  type=3  ""
[menu] #2063@14RFullPanelDial  rect(25,720 711x36)  centre(380,738)  type=1  ""
[menu]      row 0: [0] "Quit"  [1] "Fly"  [2] "Visitors"  [3] "Radio"  [4] "Paint Shop"  [5] "Prefs"
[menu] #2310@10CReadyRoom  rect(0,32 648x237)  centre(324,150)  type=1  ""
[menu]      row 0: [1] "Name"  [2] "Aircraft"  [3] "Status"  [4] "Kills"  [5] "Losses"
[menu]      row 1: [0] "1"  [1] "Player"  [2] "F86 1"  [3] "Flight Line"  [4] "0"  [5] "0"
[menu] #2021@10CReadyRoom  rect(342,15 67x26)  centre(375,28)  type=2  "Chat to:"
[menu] #2312@10CReadyRoom  rect(1,273 648x121)  centre(325,333)  type=1  ""
[menu] #2144@10CReadyRoom  rect(16,411 648x26)  centre(340,424)  type=5  ""
[menu] #2324@10CReadyRoom  rect(427,16 235x26)  centre(544,29)  type=8  ""
[menu] #2309@10CReadyRoom  rect(99,15 225x26)  centre(211,28)  type=2  "1) Implode"
[menu] #2023@10CReadyRoom  rect(15,15 81x26)  centre(55,28)  type=2  "Scenario:"
[menu] #0@13CRListBoxCtrl  rect(1,-16 207x16)  centre(104,-8)  type=9  ""
[agg] StaticTimeProc 49/s  impl=0 host=1 running=0 resync=0 served=0  -> AggregatorGetPackets 0/s
[agg] StaticTimeProc 49/s  impl=0 host=1 running=0 resync=0 served=0  -> AggregatorGetPackets 0/s
[agg] StaticTimeProc 48/s  impl=0 host=1 running=0 resync=0 served=0  -> AggregatorGetPackets 0/s
[agg] StaticTimeProc 49/s  impl=0 host=1 running=0 resync=0 served=0  -> AggregatorGetPackets 0/s
[timeproc] tick=3250 instances=0 currinst=(nil)
[agg] StaticTimeProc 48/s  impl=0 host=1 running=0 resync=0 served=0  -> AggregatorGetPackets 0/s
[agg] StaticTimeProc 49/s  impl=0 host=1 running=0 resync=0 served=0  -> AggregatorGetPackets 0/s
[agg] StaticTimeProc 48/s  impl=0 host=1 running=0 resync=0 served=0  -> AggregatorGetPackets 0/s
[agg] StaticTimeProc 49/s  impl=0 host=1 running=0 resync=0 served=0  -> AggregatorGetPackets 0/s
[agg] StaticTimeProc 48/s  impl=0 host=1 running=0 resync=0 served=0  -> AggregatorGetPackets 0/s
[timeproc] tick=3500 instances=0 currinst=(nil)
[mfctimer] fire #2000 wnd=0x9f1d456 id=2378
[agg] StaticTimeProc 49/s  impl=0 host=1 running=0 resync=0 served=0  -> AggregatorGetPackets 0/s
[agg] StaticTimeProc 49/s  impl=0 host=1 running=0 resync=0 served=0  -> AggregatorGetPackets 0/s
[agg] StaticTimeProc 48/s  impl=0 host=1 running=0 resync=0 served=0  -> AggregatorGetPackets 0/s
[agg] StaticTimeProc 48/s  impl=0 host=1 running=0 resync=0 served=0  -> AggregatorGetPackets 0/s
[agg] StaticTimeProc 49/s  impl=0 host=1 running=0 resync=0 served=0  -> AggregatorGetPackets 0/s
[timeproc] tick=3750 instances=0 currinst=(nil)
[agg] StaticTimeProc 49/s  impl=0 host=1 running=0 resync=0 served=0  -> AggregatorGetPackets 0/s
[agg] StaticTimeProc 49/s  impl=0 host=1 running=0 resync=0 served=0  -> AggregatorGetPackets 0/s
[agg] StaticTimeProc 49/s  impl=0 host=1 running=0 resync=0 served=0  -> AggregatorGetPackets 0/s
[agg] StaticTimeProc 49/s  impl=0 host=1 running=0 resync=0 served=0  -> AggregatorGetPackets 0/s
[agg] StaticTimeProc 49/s  impl=0 host=1 running=0 resync=0 served=0  -> AggregatorGetPackets 0/s
[agg] StaticTimeProc 49/s  impl=0 host=1 running=0 resync=0 served=0  -> AggregatorGetPackets 0/s
[timeproc] tick=4000 instances=0 currinst=(nil)
[mfctimer] fire #2500 wnd=0x9f1d456 id=2378
[agg] StaticTimeProc 48/s  impl=0 host=1 running=0 resync=0 served=0  -> AggregatorGetPackets 0/s
[agg] StaticTimeProc 49/s  impl=0 host=1 running=0 resync=0 served=0  -> AggregatorGetPackets 0/s
[dplay] pump #500 (host=1) -- discovery is answered only from here
[agg] StaticTimeProc 49/s  impl=0 host=1 running=0 resync=0 served=0  -> AggregatorGetPackets 0/s
[agg] StaticTimeProc 49/s  impl=0 host=1 running=0 resync=0 served=0  -> AggregatorGetPackets 0/s
[dplay] probe from a client -> offered session "MiG Alley"
[dplay] probe from a client -> offered session "MiG Alley"
[agg] StaticTimeProc 49/s  impl=0 host=1 running=0 resync=0 served=0  -> AggregatorGetPackets 0/s
[dplay] probe from a client -> offered session "MiG Alley"
[timeproc] tick=4250 instances=0 currinst=(nil)
[dplay] probe from a client -> offered session "MiG Alley"
[dplay] probe from a client -> offered session "MiG Alley"
[agg] StaticTimeProc 49/s  impl=0 host=1 running=0 resync=0 served=0  -> AggregatorGetPackets 0/s
[dplay] probe from a client -> offered session "MiG Alley"
[dplay] probe from a client -> offered session "MiG Alley"
[agg] StaticTimeProc 50/s  impl=0 host=1 running=0 resync=0 served=0  -> AggregatorGetPackets 0/s
[dplay] probe from a client -> offered session "MiG Alley"
[dplay] probe from a client -> offered session "MiG Alley"
[agg] StaticTimeProc 49/s  impl=0 host=1 running=0 resync=0 served=0  -> AggregatorGetPackets 0/s
[dplay] probe from a client -> offered session "MiG Alley"
[dplay] probe from a client -> offered session "MiG Alley"
[agg] StaticTimeProc 49/s  impl=0 host=1 running=0 resync=0 served=0  -> AggregatorGetPackets 0/s
[dplay] probe from a client -> offered session "MiG Alley"
[dplay] probe from a client -> offered session "MiG Alley"
[dplay] probe from a client -> offered session "MiG Alley"
[agg] StaticTimeProc 49/s  impl=0 host=1 running=0 resync=0 served=0  -> AggregatorGetPackets 0/s
[timeproc] tick=4500 instances=0 currinst=(nil)
[dplay] probe from a client -> offered session "MiG Alley"
[mfctimer] fire #3000 wnd=0x9f1d456 id=2378
[dplay] probe from a client -> offered session "MiG Alley"
[agg] StaticTimeProc 50/s  impl=0 host=1 running=0 resync=0 served=0  -> AggregatorGetPackets 0/s
[dplay] probe from a client -> offered session "MiG Alley"
[dplay] probe from a client -> offered session "MiG Alley"
[agg] StaticTimeProc 49/s  impl=0 host=1 running=0 resync=0 served=0  -> AggregatorGetPackets 0/s
[dplay] probe from a client -> offered session "MiG Alley"
[dplay] probe from a client -> offered session "MiG Alley"
[dplay] probe from a client -> offered session "MiG Alley"
[agg] StaticTimeProc 49/s  impl=0 host=1 running=0 resync=0 served=0  -> AggregatorGetPackets 0/s
[dplay] probe from a client -> offered session "MiG Alley"
[dplay] probe from a client -> offered session "MiG Alley"
[agg] StaticTimeProc 50/s  impl=0 host=1 running=0 resync=0 served=0  -> AggregatorGetPackets 0/s
[dplay] probe from a client -> offered session "MiG Alley"
[dplay] probe from a client -> offered session "MiG Alley"
[agg] StaticTimeProc 49/s  impl=0 host=1 running=0 resync=0 served=0  -> AggregatorGetPackets 0/s
[dplay] probe from a client -> offered session "MiG Alley"
[timeproc] tick=4750 instances=0 currinst=(nil)
[dplay] probe from a client -> offered session "MiG Alley"
[dplay] client joined from 127.0.0.1:40497 -> assigned pid 4
[dplay] received 75 data bytes from pid 4
[agg] drained/s:  COMMS.CPP:595 from=4 to=0 len=75 x1
[dplay] Send 75 bytes pid 3 -> 0 (ok)
[dplay] received 12 data bytes from pid 4
[dplay] Send 12 bytes pid 3 -> 0 (ok)
[dplay] Send 524 bytes pid 3 -> 0 (ok)
[dplay] Send 524 bytes pid 3 -> 0 (ok)
[dplay] Send 524 bytes pid 3 -> 0 (ok)
[agg] StaticTimeProc 49/s  impl=0 host=1 running=0 resync=0 served=0  -> AggregatorGetPackets 0/s
[agg] StaticTimeProc 49/s  impl=0 host=1 running=0 resync=0 served=0  -> AggregatorGetPackets 0/s
[agg] StaticTimeProc 50/s  impl=0 host=1 running=0 resync=0 served=0  -> AggregatorGetPackets 0/s
[agg] StaticTimeProc 49/s  impl=0 host=1 running=0 resync=0 served=0  -> AggregatorGetPackets 0/s
[agg] StaticTimeProc 49/s  impl=0 host=1 running=0 resync=0 served=0  -> AggregatorGetPackets 0/s
[timeproc] tick=5000 instances=0 currinst=(nil)
[mfctimer] fire #3500 wnd=0x9f1d456 id=2378
[agg] StaticTimeProc 49/s  impl=0 host=1 running=0 resync=0 served=0  -> AggregatorGetPackets 0/s
[agg] StaticTimeProc 49/s  impl=0 host=1 running=0 resync=0 served=0  -> AggregatorGetPackets 0/s
[agg] StaticTimeProc 49/s  impl=0 host=1 running=0 resync=0 served=0  -> AggregatorGetPackets 0/s
[dplay] pump #1000 (host=1) -- discovery is answered only from here
[agg] StaticTimeProc 49/s  impl=0 host=1 running=0 resync=0 served=0  -> AggregatorGetPackets 0/s
[agg] StaticTimeProc 50/s  impl=0 host=1 running=0 resync=0 served=0  -> AggregatorGetPackets 0/s
[timeproc] tick=5250 instances=0 currinst=(nil)
[agg] StaticTimeProc 49/s  impl=0 host=1 running=0 resync=0 served=0  -> AggregatorGetPackets 0/s
[agg] StaticTimeProc 49/s  impl=0 host=1 running=0 resync=0 served=0  -> AggregatorGetPackets 0/s
[agg] StaticTimeProc 49/s  impl=0 host=1 running=0 resync=0 served=0  -> AggregatorGetPackets 0/s
[agg] StaticTimeProc 48/s  impl=0 host=1 running=0 resync=0 served=0  -> AggregatorGetPackets 0/s
[agg] StaticTimeProc 49/s  impl=0 host=1 running=0 resync=0 served=0  -> AggregatorGetPackets 0/s
[timeproc] tick=5500 instances=0 currinst=(nil)
[agg] StaticTimeProc 50/s  impl=0 host=1 running=0 resync=0 served=0  -> AggregatorGetPackets 0/s
[mfctimer] fire #4000 wnd=0x9f1d456 id=2378
[agg] StaticTimeProc 49/s  impl=0 host=1 running=0 resync=0 served=0  -> AggregatorGetPackets 0/s
[agg] StaticTimeProc 47/s  impl=0 host=1 running=0 resync=0 served=0  -> AggregatorGetPackets 0/s
[agg] StaticTimeProc 50/s  impl=0 host=1 running=0 resync=0 served=0  -> AggregatorGetPackets 0/s
[agg] StaticTimeProc 49/s  impl=0 host=1 running=0 resync=0 served=0  -> AggregatorGetPackets 0/s
[timeproc] tick=5750 instances=0 currinst=(nil)
[agg] StaticTimeProc 49/s  impl=0 host=1 running=0 resync=0 served=0  -> AggregatorGetPackets 0/s
[agg] StaticTimeProc 49/s  impl=0 host=1 running=0 resync=0 served=0  -> AggregatorGetPackets 0/s
[agg] StaticTimeProc 49/s  impl=0 host=1 running=0 resync=0 served=0  -> AggregatorGetPackets 0/s
[agg] StaticTimeProc 50/s  impl=0 host=1 running=0 resync=0 served=0  -> AggregatorGetPackets 0/s
[agg] StaticTimeProc 49/s  impl=0 host=1 running=0 resync=0 served=0  -> AggregatorGetPackets 0/s
[timeproc] tick=6000 instances=0 currinst=(nil)
[agg] StaticTimeProc 49/s  impl=0 host=1 running=0 resync=0 served=0  -> AggregatorGetPackets 0/s
[mfctimer] fire #4500 wnd=0x9f1d456 id=2378
[agg] StaticTimeProc 49/s  impl=0 host=1 running=0 resync=0 served=0  -> AggregatorGetPackets 0/s
[agg] StaticTimeProc 49/s  impl=0 host=1 running=0 resync=0 served=0  -> AggregatorGetPackets 0/s
[agg] StaticTimeProc 47/s  impl=0 host=1 running=0 resync=0 served=0  -> AggregatorGetPackets 0/s
[dplay] pump #1500 (host=1) -- discovery is answered only from here
[agg] StaticTimeProc 49/s  impl=0 host=1 running=0 resync=0 served=0  -> AggregatorGetPackets 0/s
[timeproc] tick=6250 instances=0 currinst=(nil)
[agg] StaticTimeProc 48/s  impl=0 host=1 running=0 resync=0 served=0  -> AggregatorGetPackets 0/s
[agg] StaticTimeProc 49/s  impl=0 host=1 running=0 resync=0 served=0  -> AggregatorGetPackets 0/s
[agg] StaticTimeProc 49/s  impl=0 host=1 running=0 resync=0 served=0  -> AggregatorGetPackets 0/s
[agg] StaticTimeProc 50/s  impl=0 host=1 running=0 resync=0 served=0  -> AggregatorGetPackets 0/s
[agg] StaticTimeProc 49/s  impl=0 host=1 running=0 resync=0 served=0  -> AggregatorGetPackets 0/s
[agg] StaticTimeProc 34/s  impl=0 host=1 running=0 resync=0 served=0  -> AggregatorGetPackets 0/s
[timeproc] tick=6500 instances=0 currinst=(nil)
[agg] StaticTimeProc 49/s  impl=0 host=1 running=0 resync=0 served=0  -> AggregatorGetPackets 0/s
[agg] StaticTimeProc 49/s  impl=0 host=1 running=0 resync=0 served=0  -> AggregatorGetPackets 0/s
[mfctimer] fire #5000 wnd=0x9f1d456 id=2378
[agg] StaticTimeProc 50/s  impl=0 host=1 running=0 resync=0 served=0  -> AggregatorGetPackets 0/s
[agg] StaticTimeProc 49/s  impl=0 host=1 running=0 resync=0 served=0  -> AggregatorGetPackets 0/s
[agg] StaticTimeProc 49/s  impl=0 host=1 running=0 resync=0 served=0  -> AggregatorGetPackets 0/s
[timeproc] tick=6750 instances=0 currinst=(nil)
[agg] StaticTimeProc 49/s  impl=0 host=1 running=0 resync=0 served=0  -> AggregatorGetPackets 0/s
[agg] StaticTimeProc 50/s  impl=0 host=1 running=0 resync=0 served=0  -> AggregatorGetPackets 0/s
[agg] StaticTimeProc 48/s  impl=0 host=1 running=0 resync=0 served=0  -> AggregatorGetPackets 0/s
[agg] StaticTimeProc 49/s  impl=0 host=1 running=0 resync=0 served=0  -> AggregatorGetPackets 0/s
[agg] StaticTimeProc 49/s  impl=0 host=1 running=0 resync=0 served=0  -> AggregatorGetPackets 0/s
[timeproc] tick=7000 instances=0 currinst=(nil)
[agg] StaticTimeProc 49/s  impl=0 host=1 running=0 resync=0 served=0  -> AggregatorGetPackets 0/s
[agg] StaticTimeProc 49/s  impl=0 host=1 running=0 resync=0 served=0  -> AggregatorGetPackets 0/s
[agg] StaticTimeProc 49/s  impl=0 host=1 running=0 resync=0 served=0  -> AggregatorGetPackets 0/s
[mfctimer] fire #5500 wnd=0x9f1d456 id=2378
[agg] StaticTimeProc 49/s  impl=0 host=1 running=0 resync=0 served=0  -> AggregatorGetPackets 0/s
[agg] StaticTimeProc 50/s  impl=0 host=1 running=0 resync=0 served=0  -> AggregatorGetPackets 0/s
[timeproc] tick=7250 instances=0 currinst=(nil)
[agg] StaticTimeProc 49/s  impl=0 host=1 running=0 resync=0 served=0  -> AggregatorGetPackets 0/s
[dplay] pump #2000 (host=1) -- discovery is answered only from here
[agg] StaticTimeProc 49/s  impl=0 host=1 running=0 resync=0 served=0  -> AggregatorGetPackets 0/s
[agg] StaticTimeProc 50/s  impl=0 host=1 running=0 resync=0 served=0  -> AggregatorGetPackets 0/s
[dplay] received 82 data bytes from pid 4
[agg] drained/s:  COMMS.CPP:595 from=4 to=0 len=75 x1  COMMS.CPP:595 from=4 to=0 len=12 x1  COMMS.CPP:595 from=4 to=0 len=82 x1
[dplay] Send 12 bytes pid 3 -> 0 (ok)
[dplay] received 12 data bytes from pid 4
[dplay] Send 12 bytes pid 1 -> 4 (ok)
[dplay] received 12 data bytes from pid 4
[dplay] received 12 data bytes from pid 4
[dplay] received 189 data bytes from pid 4
[dplay] received 189 data bytes from pid 4
[dplay] Send 189 bytes pid 3 -> 2 (ok)
[dplay] Send 29 bytes pid 3 -> 2 (ok)
[menu] ---- 12 clickable control(s) ----
[menu] #4@10CSystemBox  rect(0,0 24x24)  centre(12,12)  type=3  ""
[menu] #7@10CSystemBox  rect(0,24 24x24)  centre(12,36)  type=3  ""
[menu] #10@10CSystemBox  rect(24,0 48x48)  centre(48,24)  type=3  ""
[menu] #2063@14RFullPanelDial  rect(25,720 711x36)  centre(380,738)  type=1  ""
[menu]      row 0: [0] "Quit"  [1] "Fly"  [2] "Visitors"  [3] "Radio"  [4] "Paint Shop"  [5] "Prefs"
[menu] #2310@10CReadyRoom  rect(0,32 648x237)  centre(324,150)  type=1  ""
[menu]      row 0: [1] "Name"  [2] "Aircraft"  [3] "Status"  [4] "Kills"  [5] "Losses"
[menu]      row 1: [0] "1"  [1] "Player"  [2] "F86 1"  [3] "Flight Line"  [4] "0"  [5] "0"
[menu]      row 2: [0] "2"  [1] "Player"  [2] "F86 1"  [3] "Flight Line"  [4] "0"  [5] "0"
[menu] #2021@10CReadyRoom  rect(342,15 67x26)  centre(375,28)  type=2  "Chat to:"
[menu] #2312@10CReadyRoom  rect(1,273 648x121)  centre(325,333)  type=1  ""
[menu] #2144@10CReadyRoom  rect(16,411 648x26)  centre(340,424)  type=5  ""
[menu] #2324@10CReadyRoom  rect(427,16 235x26)  centre(544,29)  type=8  ""
[menu] #2309@10CReadyRoom  rect(99,15 225x26)  centre(211,28)  type=2  "1) Implode"
[menu] #2023@10CReadyRoom  rect(15,15 81x26)  centre(55,28)  type=2  "Scenario:"
[menu] #0@13CRListBoxCtrl  rect(1,-16 207x16)  centre(104,-8)  type=9  ""
[agg] StaticTimeProc 49/s  impl=0 host=1 running=0 resync=0 served=0  -> AggregatorGetPackets 0/s
[dplay] received 16 data bytes from pid 4
[agg] drained/s:  COMMS.CPP:595 from=4 to=0 len=12 x2  COMMS.CPP:595 from=4 to=0 len=82 x1  COMMS.CPP:595 from=4 to=2 len=12 x1  COMMS.CPP:595 from=4 to=2 len=189 x3  COMMS.CPP:595 from=4 to=2 len=16 x1
[dplay] Send 16 bytes pid 3 -> 2 (ok)
[dplay] received 16 data bytes from pid 4
[dplay] Send 16 bytes pid 3 -> 2 (ok)
[agg] StaticTimeProc 49/s  impl=0 host=1 running=0 resync=0 served=0  -> AggregatorGetPackets 0/s
[timeproc] tick=7500 instances=0 currinst=(nil)
[dplay] received 16 data bytes from pid 4
[agg] drained/s:  COMMS.CPP:595 from=4 to=2 len=16 x2
[dplay] Send 16 bytes pid 3 -> 2 (ok)
[agg] StaticTimeProc 48/s  impl=0 host=1 running=0 resync=0 served=0  -> AggregatorGetPackets 0/s
[dplay] received 16 data bytes from pid 4
[agg] drained/s:  COMMS.CPP:595 from=4 to=2 len=16 x1
[dplay] Send 16 bytes pid 3 -> 2 (ok)
[agg] StaticTimeProc 49/s  impl=0 host=1 running=0 resync=0 served=0  -> AggregatorGetPackets 0/s
[dplay] received 16 data bytes from pid 4
[agg] drained/s:  COMMS.CPP:595 from=4 to=2 len=16 x1
[dplay] Send 16 bytes pid 3 -> 2 (ok)
[agg] StaticTimeProc 49/s  impl=0 host=1 running=0 resync=0 served=0  -> AggregatorGetPackets 0/s
[dplay] received 16 data bytes from pid 4
[agg] drained/s:  COMMS.CPP:595 from=4 to=2 len=16 x1
[dplay] Send 16 bytes pid 3 -> 2 (ok)
[agg] StaticTimeProc 49/s  impl=0 host=1 running=0 resync=0 served=0  -> AggregatorGetPackets 0/s
[dplay] received 16 data bytes from pid 4
[agg] drained/s:  COMMS.CPP:595 from=4 to=2 len=16 x1
[dplay] Send 16 bytes pid 3 -> 2 (ok)
[mfctimer] fire #6000 wnd=0x9f1d456 id=2378
[dplay] received 16 data bytes from pid 4
[dplay] Send 16 bytes pid 3 -> 2 (ok)
[agg] StaticTimeProc 49/s  impl=0 host=1 running=0 resync=0 served=0  -> AggregatorGetPackets 0/s
[dplay] received 16 data bytes from pid 4
[agg] drained/s:  COMMS.CPP:595 from=4 to=2 len=16 x2
[dplay] Send 16 bytes pid 3 -> 2 (ok)
[timeproc] tick=7750 instances=0 currinst=(nil)
[agg] StaticTimeProc 49/s  impl=0 host=1 running=0 resync=0 served=0  -> AggregatorGetPackets 0/s
[dplay] received 16 data bytes from pid 4
[agg] drained/s:  COMMS.CPP:595 from=4 to=2 len=16 x1
[dplay] Send 16 bytes pid 3 -> 2 (ok)
[agg] StaticTimeProc 48/s  impl=0 host=1 running=0 resync=0 served=0  -> AggregatorGetPackets 0/s
[dplay] received 16 data bytes from pid 4
[agg] drained/s:  COMMS.CPP:595 from=4 to=2 len=16 x1
[dplay] Send 16 bytes pid 3 -> 2 (ok)
[agg] StaticTimeProc 49/s  impl=0 host=1 running=0 resync=0 served=0  -> AggregatorGetPackets 0/s
[dplay] received 16 data bytes from pid 4
[agg] drained/s:  COMMS.CPP:595 from=4 to=2 len=16 x1
[dplay] Send 16 bytes pid 3 -> 2 (ok)
[agg] StaticTimeProc 49/s  impl=0 host=1 running=0 resync=0 served=0  -> AggregatorGetPackets 0/s
[dplay] received 16 data bytes from pid 4
[agg] drained/s:  COMMS.CPP:595 from=4 to=2 len=16 x1
[dplay] Send 16 bytes pid 3 -> 2 (ok)
[dplay] received 16 data bytes from pid 4
[dplay] Send 16 bytes pid 3 -> 2 (ok)
[agg] StaticTimeProc 49/s  impl=0 host=1 running=0 resync=0 served=0  -> AggregatorGetPackets 0/s
[dplay] received 16 data bytes from pid 4
[agg] drained/s:  COMMS.CPP:595 from=4 to=2 len=16 x2
[dplay] Send 16 bytes pid 3 -> 2 (ok)
[timeproc] tick=8000 instances=0 currinst=(nil)
[agg] StaticTimeProc 49/s  impl=0 host=1 running=0 resync=0 served=0  -> AggregatorGetPackets 0/s
[dplay] received 16 data bytes from pid 4
[agg] drained/s:  COMMS.CPP:595 from=4 to=2 len=16 x1
[dplay] Send 16 bytes pid 3 -> 2 (ok)
[agg] StaticTimeProc 49/s  impl=0 host=1 running=0 resync=0 served=0  -> AggregatorGetPackets 0/s
[dplay] received 16 data bytes from pid 4
[agg] drained/s:  COMMS.CPP:595 from=4 to=2 len=16 x1
[dplay] Send 16 bytes pid 3 -> 2 (ok)
[agg] StaticTimeProc 49/s  impl=0 host=1 running=0 resync=0 served=0  -> AggregatorGetPackets 0/s
[dplay] received 16 data bytes from pid 4
[agg] drained/s:  COMMS.CPP:595 from=4 to=2 len=16 x1
[dplay] Send 16 bytes pid 3 -> 2 (ok)
[agg] StaticTimeProc 49/s  impl=0 host=1 running=0 resync=0 served=0  -> AggregatorGetPackets 0/s
[dplay] received 16 data bytes from pid 4
[agg] drained/s:  COMMS.CPP:595 from=4 to=2 len=16 x1
[dplay] Send 16 bytes pid 3 -> 2 (ok)
[agg] StaticTimeProc 48/s  impl=0 host=1 running=0 resync=0 served=0  -> AggregatorGetPackets 0/s
[dplay] received 16 data bytes from pid 4
[agg] drained/s:  COMMS.CPP:595 from=4 to=2 len=16 x1
[dplay] Send 16 bytes pid 3 -> 2 (ok)
[mfctimer] fire #6500 wnd=0x9f1d456 id=2378
[agg] StaticTimeProc 49/s  impl=0 host=1 running=0 resync=0 served=0  -> AggregatorGetPackets 0/s
[dplay] received 16 data bytes from pid 4
[agg] drained/s:  COMMS.CPP:595 from=4 to=2 len=16 x1
[dplay] Send 16 bytes pid 3 -> 2 (ok)
[timeproc] tick=8250 instances=0 currinst=(nil)
[dplay] received 16 data bytes from pid 4
[dplay] Send 16 bytes pid 3 -> 2 (ok)
[dplay] pump #2500 (host=1) -- discovery is answered only from here
[agg] StaticTimeProc 49/s  impl=0 host=1 running=0 resync=0 served=0  -> AggregatorGetPackets 0/s
[dplay] received 16 data bytes from pid 4
[agg] drained/s:  COMMS.CPP:595 from=4 to=2 len=16 x2
[dplay] Send 16 bytes pid 3 -> 2 (ok)
[agg] StaticTimeProc 49/s  impl=0 host=1 running=0 resync=0 served=0  -> AggregatorGetPackets 0/s
[dplay] received 16 data bytes from pid 4
[agg] drained/s:  COMMS.CPP:595 from=4 to=2 len=16 x1
[dplay] Send 16 bytes pid 3 -> 2 (ok)
[agg] StaticTimeProc 50/s  impl=0 host=1 running=0 resync=0 served=0  -> AggregatorGetPackets 0/s
[dplay] received 16 data bytes from pid 4
[agg] drained/s:  COMMS.CPP:595 from=4 to=2 len=16 x1
[dplay] Send 16 bytes pid 3 -> 2 (ok)
[agg] StaticTimeProc 49/s  impl=0 host=1 running=0 resync=0 served=0  -> AggregatorGetPackets 0/s
[dplay] received 16 data bytes from pid 4
[agg] drained/s:  COMMS.CPP:595 from=4 to=2 len=16 x1
[dplay] Send 16 bytes pid 3 -> 2 (ok)
[agg] StaticTimeProc 49/s  impl=0 host=1 running=0 resync=0 served=0  -> AggregatorGetPackets 0/s
[dplay] received 16 data bytes from pid 4
[agg] drained/s:  COMMS.CPP:595 from=4 to=2 len=16 x1
[dplay] Send 16 bytes pid 3 -> 2 (ok)
[timeproc] tick=8500 instances=0 currinst=(nil)
[dplay] received 16 data bytes from pid 4
[dplay] Send 16 bytes pid 3 -> 2 (ok)
[agg] StaticTimeProc 49/s  impl=0 host=1 running=0 resync=0 served=0  -> AggregatorGetPackets 0/s
[dplay] received 16 data bytes from pid 4
[agg] drained/s:  COMMS.CPP:595 from=4 to=2 len=16 x2
[dplay] Send 16 bytes pid 3 -> 2 (ok)
[agg] StaticTimeProc 49/s  impl=0 host=1 running=0 resync=0 served=0  -> AggregatorGetPackets 0/s
[dplay] received 16 data bytes from pid 4
[agg] drained/s:  COMMS.CPP:595 from=4 to=2 len=16 x1
[dplay] Send 16 bytes pid 3 -> 2 (ok)
[agg] StaticTimeProc 49/s  impl=0 host=1 running=0 resync=0 served=0  -> AggregatorGetPackets 0/s
[dplay] received 16 data bytes from pid 4
[agg] drained/s:  COMMS.CPP:595 from=4 to=2 len=16 x1
[dplay] Send 16 bytes pid 3 -> 2 (ok)
[agg] StaticTimeProc 50/s  impl=0 host=1 running=0 resync=0 served=0  -> AggregatorGetPackets 0/s
[dplay] received 16 data bytes from pid 4
[agg] drained/s:  COMMS.CPP:595 from=4 to=2 len=16 x1
[dplay] Send 16 bytes pid 3 -> 2 (ok)
[dplay] received 16 data bytes from pid 4
[dplay] Send 16 bytes pid 3 -> 2 (ok)
[agg] StaticTimeProc 49/s  impl=0 host=1 running=0 resync=0 served=0  -> AggregatorGetPackets 0/s
[timeproc] tick=8750 instances=0 currinst=(nil)
[mfctimer] fire #7000 wnd=0x9f1d456 id=2378
[dplay] received 16 data bytes from pid 4
[agg] drained/s:  COMMS.CPP:595 from=4 to=2 len=16 x2
[dplay] Send 16 bytes pid 3 -> 2 (ok)
[agg] StaticTimeProc 49/s  impl=0 host=1 running=0 resync=0 served=0  -> AggregatorGetPackets 0/s
[dplay] received 16 data bytes from pid 4
[agg] drained/s:  COMMS.CPP:595 from=4 to=2 len=16 x1
[dplay] Send 16 bytes pid 3 -> 2 (ok)
[agg] StaticTimeProc 48/s  impl=0 host=1 running=0 resync=0 served=0  -> AggregatorGetPackets 0/s
[dplay] received 16 data bytes from pid 4
[agg] drained/s:  COMMS.CPP:595 from=4 to=2 len=16 x1
[dplay] Send 16 bytes pid 3 -> 2 (ok)
[agg] StaticTimeProc 49/s  impl=0 host=1 running=0 resync=0 served=0  -> AggregatorGetPackets 0/s
[dplay] received 16 data bytes from pid 4
[agg] drained/s:  COMMS.CPP:595 from=4 to=2 len=16 x1
[dplay] Send 16 bytes pid 3 -> 2 (ok)
[agg] StaticTimeProc 50/s  impl=0 host=1 running=0 resync=0 served=0  -> AggregatorGetPackets 0/s
[dplay] received 16 data bytes from pid 4
[agg] drained/s:  COMMS.CPP:595 from=4 to=2 len=16 x1
[dplay] Send 16 bytes pid 3 -> 2 (ok)
[dplay] received 16 data bytes from pid 4
[dplay] Send 16 bytes pid 3 -> 2 (ok)
[agg] StaticTimeProc 48/s  impl=0 host=1 running=0 resync=0 served=0  -> AggregatorGetPackets 0/s
[timeproc] tick=9000 instances=0 currinst=(nil)
[dplay] received 16 data bytes from pid 4
[agg] drained/s:  COMMS.CPP:595 from=4 to=2 len=16 x2
[dplay] Send 16 bytes pid 3 -> 2 (ok)
[agg] StaticTimeProc 50/s  impl=0 host=1 running=0 resync=0 served=0  -> AggregatorGetPackets 0/s
[dplay] received 16 data bytes from pid 4
[agg] drained/s:  COMMS.CPP:595 from=4 to=2 len=16 x1
[dplay] Send 16 bytes pid 3 -> 2 (ok)
[agg] StaticTimeProc 49/s  impl=0 host=1 running=0 resync=0 served=0  -> AggregatorGetPackets 0/s
[dplay] received 16 data bytes from pid 4
[agg] drained/s:  COMMS.CPP:595 from=4 to=2 len=16 x1
[dplay] Send 16 bytes pid 3 -> 2 (ok)
[agg] StaticTimeProc 49/s  impl=0 host=1 running=0 resync=0 served=0  -> AggregatorGetPackets 0/s
[dplay] received 16 data bytes from pid 4
[agg] drained/s:  COMMS.CPP:595 from=4 to=2 len=16 x1
[dplay] Send 16 bytes pid 3 -> 2 (ok)
[agg] StaticTimeProc 49/s  impl=0 host=1 running=0 resync=0 served=0  -> AggregatorGetPackets 0/s
[dplay] received 16 data bytes from pid 4
[agg] drained/s:  COMMS.CPP:595 from=4 to=2 len=16 x1
[dplay] Send 16 bytes pid 3 -> 2 (ok)
[agg] StaticTimeProc 50/s  impl=0 host=1 running=0 resync=0 served=0  -> AggregatorGetPackets 0/s
[dplay] received 16 data bytes from pid 4
[agg] drained/s:  COMMS.CPP:595 from=4 to=2 len=16 x1
[dplay] Send 16 bytes pid 3 -> 2 (ok)
[timeproc] tick=9250 instances=0 currinst=(nil)
[dplay] received 16 data bytes from pid 4
[dplay] Send 16 bytes pid 3 -> 2 (ok)
[agg] StaticTimeProc 49/s  impl=0 host=1 running=0 resync=0 served=0  -> AggregatorGetPackets 0/s
[dplay] pump #3000 (host=1) -- discovery is answered only from here
[mfctimer] fire #7500 wnd=0x9f1d456 id=2378
[dplay] received 16 data bytes from pid 4
[agg] drained/s:  COMMS.CPP:595 from=4 to=2 len=16 x2
[dplay] Send 16 bytes pid 3 -> 2 (ok)
[agg] StaticTimeProc 49/s  impl=0 host=1 running=0 resync=0 served=0  -> AggregatorGetPackets 0/s
[dplay] received 16 data bytes from pid 4
[agg] drained/s:  COMMS.CPP:595 from=4 to=2 len=16 x1
[dplay] Send 16 bytes pid 3 -> 2 (ok)
[agg] StaticTimeProc 49/s  impl=0 host=1 running=0 resync=0 served=0  -> AggregatorGetPackets 0/s
[clickid] id=2063 col=-612 -> (222,892)  [type=1 rect(113,876 711x36) rel=0 drawOx=88]
[dplay] UINetworkSelectFly: Host=1 GameType=0 PlayerCreated=1
[dplay]   player 0 status=3
[dplay]   player 1 status=3
[dplay] Send 189 bytes pid 3 -> 2 (ok)
[dplay]   UISendFlyNow -> TRUE
[dplay] Send 1292 bytes pid 3 -> 2 (ok)
[dplay] Send 189 bytes pid 3 -> 2 (ok)
[dplay] Send 29 bytes pid 3 -> 2 (ok)
[dplay] Send 524 bytes pid 3 -> 2 (ok)
[3d] Start3d(stat=2) status=1
[3d]   -> status=3 (waiting for DONEBACK=4)
[3d] Start3d(stat=4) status=3
[3d]   -> status=7 (7 = GOING)
[3d] flight-view active; setup3dstatus=8 (8=GOING: setup done, WM_GETSTRING posted)
[3d] driving Launch3d (OnGetString)...
[dplay] received 1292 data bytes from pid 4
[dplay] received 189 data bytes from pid 4
[dplay] Send 114 bytes pid 3 -> 2 (ok)
[dplay] Send 79 bytes pid 3 -> 2 (ok)
[dplay] Send 87 bytes pid 3 -> 2 (ok)
[dplay] Send 87 bytes pid 3 -> 2 (ok)
[dplay] Send 87 bytes pid 3 -> 2 (ok)
[dplay] Send 95 bytes pid 3 -> 2 (ok)
[dplay] Send 103 bytes pid 3 -> 2 (ok)
[dplay] Send 103 bytes pid 3 -> 2 (ok)
[dplay] Send 103 bytes pid 3 -> 2 (ok)
[dplay] Send 103 bytes pid 3 -> 2 (ok)
[dplay] Send 103 bytes pid 3 -> 2 (ok)
[dplay] Send 103 bytes pid 3 -> 2 (ok)
[dplay] Send 167 bytes pid 3 -> 2 (ok)
[agg] StaticTimeProc 49/s  impl=1 host=1 running=1 resync=0 served=0  -> AggregatorGetPackets 36/s
[agg] StaticTimeProc 50/s  impl=1 host=1 running=1 resync=0 served=0  -> AggregatorGetPackets 50/s
[agg] StaticTimeProc 49/s  impl=1 host=1 running=1 resync=0 served=0  -> AggregatorGetPackets 49/s
[agg] StaticTimeProc 49/s  impl=1 host=1 running=1 resync=0 served=0  -> AggregatorGetPackets 49/s
[agg] StaticTimeProc 49/s  impl=1 host=1 running=1 resync=0 served=0  -> AggregatorGetPackets 49/s
[agg] StaticTimeProc 49/s  impl=1 host=1 running=1 resync=0 served=0  -> AggregatorGetPackets 49/s
[agg] StaticTimeProc 50/s  impl=1 host=1 running=1 resync=0 served=0  -> AggregatorGetPackets 50/s
[agg] StaticTimeProc 49/s  impl=1 host=1 running=1 resync=0 served=0  -> AggregatorGetPackets 49/s
[agg] StaticTimeProc 49/s  impl=1 host=1 running=1 resync=0 served=0  -> AggregatorGetPackets 49/s
[dplay] pump #3500 (host=1) -- discovery is answered only from here
[agg] StaticTimeProc 44/s  impl=1 host=1 running=1 resync=0 served=0  -> AggregatorGetPackets 44/s
[agg] StaticTimeProc 49/s  impl=1 host=1 running=1 resync=0 served=0  -> AggregatorGetPackets 49/s
[agg] StaticTimeProc 50/s  impl=1 host=1 running=1 resync=0 served=0  -> AggregatorGetPackets 50/s
[agg] StaticTimeProc 49/s  impl=1 host=1 running=1 resync=0 served=0  -> AggregatorGetPackets 49/s
[agg] StaticTimeProc 49/s  impl=1 host=1 running=1 resync=0 served=0  -> AggregatorGetPackets 49/s
[agg] StaticTimeProc 49/s  impl=1 host=1 running=1 resync=0 served=0  -> AggregatorGetPackets 49/s
[agg] StaticTimeProc 49/s  impl=1 host=1 running=1 resync=0 served=0  -> AggregatorGetPackets 49/s
[agg] StaticTimeProc 49/s  impl=1 host=1 running=1 resync=0 served=0  -> AggregatorGetPackets 49/s
[agg] StaticTimeProc 50/s  impl=1 host=1 running=1 resync=0 served=0  -> AggregatorGetPackets 50/s
[agg] StaticTimeProc 49/s  impl=1 host=1 running=1 resync=0 served=0  -> AggregatorGetPackets 49/s
[dplay] pump #4000 (host=1) -- discovery is answered only from here
[agg] StaticTimeProc 49/s  impl=1 host=1 running=1 resync=0 served=0  -> AggregatorGetPackets 49/s
[agg] StaticTimeProc 43/s  impl=1 host=1 running=1 resync=0 served=0  -> AggregatorGetPackets 43/s
[agg] StaticTimeProc 49/s  impl=1 host=1 running=1 resync=0 served=0  -> AggregatorGetPackets 49/s
[agg] StaticTimeProc 49/s  impl=1 host=1 running=1 resync=0 served=0  -> AggregatorGetPackets 49/s
[agg] StaticTimeProc 49/s  impl=1 host=1 running=1 resync=0 served=0  -> AggregatorGetPackets 49/s
[agg] StaticTimeProc 50/s  impl=1 host=1 running=1 resync=0 served=0  -> AggregatorGetPackets 50/s
[agg] StaticTimeProc 49/s  impl=1 host=1 running=1 resync=0 served=0  -> AggregatorGetPackets 49/s
[agg] StaticTimeProc 49/s  impl=1 host=1 running=1 resync=0 served=0  -> AggregatorGetPackets 49/s
[agg] StaticTimeProc 49/s  impl=1 host=1 running=1 resync=0 served=0  -> AggregatorGetPackets 49/s
[agg] StaticTimeProc 50/s  impl=1 host=1 running=1 resync=0 served=0  -> AggregatorGetPackets 50/s
[iamin] announcing entry (started with host, Joining=FALSE)
[iamin-wire] SENT from=3 to=2 len=16
[dplay] Send 16 bytes pid 3 -> 2 (ok)
[dplay] pump #4500 (host=1) -- discovery is answered only from here
[iamin-wire] QUEUED from=4 to=2 len=16
[dplay] received 16 data bytes from pid 4
[agg] StaticTimeProc 49/s  impl=1 host=1 running=1 resync=0 served=0  -> AggregatorGetPackets 49/s
[keybind] ./controls.cfg: applied 585 binding(s)
[layout] RTESTSH1: sizeof(Inst3d)=49 sizeof(View3d)=84 tmpinst=0xb0d3610
[layout] STUB3D: sizeof(Inst3d)=49 off(viewedwin)=11 sizeof(View3d)=84 off(timeSinceLastMove)=68 inst=0xb0d3610 viewedwin=0xb4d7360
[moveloop] iter=0 -> waiting on SEMAPHORE
[moveloop] iter=0 -> got semaphore, waiting on MUTEX
[agg] moveloop HELD until csync (1 steps so far)
[agg] StaticTimeProc 49/s  impl=1 host=1 running=1 resync=0 served=0  -> AggregatorGetPackets 49/s
[agg] moveloop HELD until csync (41 steps so far)
[moveloop] iter=50 -> waiting on SEMAPHORE
[moveloop] iter=50 -> got semaphore, waiting on MUTEX
[agg] StaticTimeProc 49/s  impl=1 host=1 running=1 resync=0 served=0  -> AggregatorGetPackets 49/s
[agg] moveloop HELD until csync (91 steps so far)
[moveloop] iter=100 -> waiting on SEMAPHORE
[moveloop] iter=100 -> got semaphore, waiting on MUTEX
[agg] moveloop HELD until csync (141 steps so far)
[agg] StaticTimeProc 50/s  impl=1 host=1 running=1 resync=0 served=0  -> AggregatorGetPackets 50/s
[moveloop] iter=150 -> waiting on SEMAPHORE
[moveloop] iter=150 -> got semaphore, waiting on MUTEX
[agg] StaticTimeProc 49/s  impl=1 host=1 running=1 resync=0 served=0  -> AggregatorGetPackets 49/s
[agg] moveloop HELD until csync (191 steps so far)
[moveloop] iter=200 -> waiting on SEMAPHORE
[moveloop] iter=200 -> got semaphore, waiting on MUTEX
[agg] StaticTimeProc 49/s  impl=1 host=1 running=1 resync=0 served=0  -> AggregatorGetPackets 49/s
[agg] moveloop HELD until csync (241 steps so far)
[moveloop] iter=250 -> waiting on SEMAPHORE
[moveloop] iter=250 -> got semaphore, waiting on MUTEX
[hw] renderer: hardware (the player's saved choice)
[agg] StaticTimeProc 49/s  impl=1 host=1 running=1 resync=0 served=0  -> AggregatorGetPackets 49/s
[agg] moveloop HELD until csync (291 steps so far)
[moveloop] iter=300 -> waiting on SEMAPHORE
[moveloop] iter=300 -> got semaphore, waiting on MUTEX
[3d] IDirectDraw2::EnumDisplayModes called cb=0x817caae
[3d] wired logicalscreenptr=0xc5de1010 (back-surface bits) NumberOfScreens=1
[3d] XX_SetGraphicsMode: DDCurrMode=0 colourdepth=16 BytesPerPixel=2 masks R=0xf800 G=0x7e0 B=0x1f bitcount=16
[overlay] GetSurfaceDimensions -> 640x480
[overlay] GetSurfaceDimensions -> 640x480
[agg] StaticTimeProc 49/s  impl=1 host=1 running=1 resync=0 served=0  -> AggregatorGetPackets 49/s
[agg] moveloop HELD until csync (341 steps so far)
[moveloop] iter=350 -> waiting on SEMAPHORE
[moveloop] iter=350 -> got semaphore, waiting on MUTEX
[agg] StaticTimeProc 49/s  impl=1 host=1 running=1 resync=0 served=0  -> AggregatorGetPackets 49/s
[agg] moveloop HELD until csync (391 steps so far)
[moveloop] iter=400 -> waiting on SEMAPHORE
[moveloop] iter=400 -> got semaphore, waiting on MUTEX
[agg] StaticTimeProc 49/s  impl=1 host=1 running=1 resync=0 served=0  -> AggregatorGetPackets 49/s
[agg] moveloop HELD until csync (441 steps so far)
[moveloop] iter=450 -> waiting on SEMAPHORE
[moveloop] iter=450 -> got semaphore, waiting on MUTEX
[agg] StaticTimeProc 48/s  impl=1 host=1 running=1 resync=0 served=0  -> AggregatorGetPackets 48/s
[agg] moveloop HELD until csync (491 steps so far)
[dplay] pump #5000 (host=1) -- discovery is answered only from here
[moveloop] iter=500 -> waiting on SEMAPHORE
[moveloop] iter=500 -> got semaphore, waiting on MUTEX
[agg] StaticTimeProc 49/s  impl=1 host=1 running=1 resync=0 served=0  -> AggregatorGetPackets 49/s
[agg] moveloop HELD until csync (541 steps so far)
[moveloop] iter=550 -> waiting on SEMAPHORE
[moveloop] iter=550 -> got semaphore, waiting on MUTEX
[agg] StaticTimeProc 49/s  impl=1 host=1 running=1 resync=0 served=0  -> AggregatorGetPackets 49/s
[agg] moveloop HELD until csync (591 steps so far)
[moveloop] iter=600 -> waiting on SEMAPHORE
[moveloop] iter=600 -> got semaphore, waiting on MUTEX
[agg] StaticTimeProc 49/s  impl=1 host=1 running=1 resync=0 served=0  -> AggregatorGetPackets 49/s
[agg] moveloop HELD until csync (641 steps so far)
[moveloop] iter=650 -> waiting on SEMAPHORE
[moveloop] iter=650 -> got semaphore, waiting on MUTEX
[overlay] GetSurfaceDimensions -> 640x480
[agg] moveloop HELD until csync (691 steps so far)
[agg] StaticTimeProc 49/s  impl=1 host=1 running=1 resync=0 served=0  -> AggregatorGetPackets 49/s
[moveloop] iter=700 -> waiting on SEMAPHORE
[moveloop] iter=700 -> got semaphore, waiting on MUTEX
[agg] StaticTimeProc 47/s  impl=1 host=1 running=1 resync=0 served=0  -> AggregatorGetPackets 47/s
[agg] moveloop HELD until csync (741 steps so far)
[moveloop] iter=750 -> waiting on SEMAPHORE
[moveloop] iter=750 -> got semaphore, waiting on MUTEX
[agg] StaticTimeProc 49/s  impl=1 host=1 running=1 resync=0 served=0  -> AggregatorGetPackets 49/s
[agg] moveloop HELD until csync (791 steps so far)
[moveloop] iter=800 -> waiting on SEMAPHORE
[moveloop] iter=800 -> got semaphore, waiting on MUTEX
[agg] StaticTimeProc 49/s  impl=1 host=1 running=1 resync=0 served=0  -> AggregatorGetPackets 49/s
[agg] moveloop HELD until csync (841 steps so far)
[moveloop] iter=850 -> waiting on SEMAPHORE
[moveloop] iter=850 -> got semaphore, waiting on MUTEX
[agg] StaticTimeProc 49/s  impl=1 host=1 running=1 resync=0 served=0  -> AggregatorGetPackets 49/s
[agg] moveloop HELD until csync (891 steps so far)
[agg] drained/s:  WINMOVE.CPP:4150 from=4 to=2 len=1024 x1
[agg] InitSyncPhase received 1 msg/s  aggID=1  From seen: 4
[iamin-wire] DELIVERED caller=WINMOVE.CPP:4150 from=4 to=2 len=16 flags=0x2 toarg=2
[addplayer] slot=1 actype=0 id=3585 -> ConvertPtrUID FOUND (player will be made visible)
[agg] InitSyncPhase got-agg-packet 0/s  no-packet 1/s
[dplay] pump #5500 (host=1) -- discovery is answered only from here
[dplay] pump #6000 (host=1) -- discovery is answered only from here
[dplay] pump #6500 (host=1) -- discovery is answered only from here
[dplay] pump #7000 (host=1) -- discovery is answered only from here
[dplay] pump #7500 (host=1) -- discovery is answered only from here
[dplay] pump #8000 (host=1) -- discovery is answered only from here
[dplay] pump #8500 (host=1) -- discovery is answered only from here
[dplay] pump #9000 (host=1) -- discovery is answered only from here
[joy] opened 'Logitech Extreme 3D' axes=4 buttons=12 hats=1
[paused] 1 -> 0  caller=0x8384a38
[3d] Launch3d returned; tmpinst=0xb0d3610 tmpview=0xb4d7360
[agg] loopback 1/s  from=1 to=2 (local player or group)
[dplay] Send 5 bytes pid 1 -> 2 (ok)
[agg] SendEx aggpacket 1/s  from=1 to=2(playergroup) players=0 size=5 res=0x0
[dplay] Send 5 bytes pid 1 -> 2 (ok)
[moveloop] iter=900 -> waiting on SEMAPHORE
[moveloop] iter=900 -> got semaphore, waiting on MUTEX
[dplay] Send 5 bytes pid 1 -> 2 (ok)
[dplay] received 14 data bytes from pid 4
[dplay] received 14 data bytes from pid 4
[dplay] received 14 data bytes from pid 4
[dplay] Send 14 bytes pid 3 -> 1 (ok)
[agg] sent-to-agg/s dummy=1 init=0 other=0 (last other IDCode=-1)  Count=0 FrameCount=0 synched=0 csync=0 res=0
[agg] GATE num=0 CurrPlayers=2  aggCount=0 myFrame=0  IDCodes: 194 194 194 194 194 194 194 194  (DUMMY=196)
[dplay] Send 14 bytes pid 3 -> 1 (ok)
[dplay] Send 14 bytes pid 3 -> 1 (ok)
[dplay] pump #9500 (host=1) -- discovery is answered only from here
[agg] aggregator received 1 msg/s  right-size 1  mapped-to-slot 1  from: 4  (H2H dpids: [0]=3 [1]=4)  sizeof(ACPACKET)=14
[agg] presync BLOCKED slot 0 by non-dummy head IDCode=196 Count=2 (AggFrame=3 reserve=1) hits/s=1
[dplay] Send 5 bytes pid 1 -> 2 (ok)
[dplay] Send 14 bytes pid 3 -> 1 (ok)
[dplay] received 14 data bytes from pid 4
[dplay] Send 5 bytes pid 1 -> 2 (ok)
[dplay] Send 14 bytes pid 3 -> 1 (ok)
[dplay] received 14 data bytes from pid 4
[dplay] Send 5 bytes pid 1 -> 2 (ok)
[dplay] Send 14 bytes pid 3 -> 1 (ok)
[dplay] received 14 data bytes from pid 4
[dplay] Send 5 bytes pid 1 -> 2 (ok)
[dplay] Send 14 bytes pid 3 -> 1 (ok)
[dplay] received 14 data bytes from pid 4
[dplay] Send 5 bytes pid 1 -> 2 (ok)
[dplay] Send 14 bytes pid 3 -> 1 (ok)
[dplay] received 14 data bytes from pid 4
[agg] presync slot-fill/s: [0] dummy/init=1 other=0 last=196  AggFrame=8
[dplay] Send 33 bytes pid 1 -> 2 (ok)
[dplay] Send 14 bytes pid 3 -> 1 (ok)
[dplay] received 14 data bytes from pid 4
[dplay] Send 33 bytes pid 1 -> 2 (ok)
[dplay] Send 14 bytes pid 3 -> 1 (ok)
[agg] GATE2 num=0 CurrPlayers=2  aggCount=9 myFrame=10  IDCodes: 196 196 194 194 194 194 194 194  (INITPACK=195)
[dplay] received 14 data bytes from pid 4
[dplay] Send 33 bytes pid 1 -> 2 (ok)
[dplay] Send 14 bytes pid 3 -> 1 (ok)
[movegate] cycle=0 timeout=0 accelcountdown=1 accel=0
[movestep] cycle=0 paused=0 num=1
[dplay] received 14 data bytes from pid 4
[peer] uid=3585 found=1 visible=1 dead=0 range=226m
[self] uid=3584 visible=1 dead=0
[accnt] CHANGE at call 0: aircraft=8 MAX=8 visible=2 dead=6
[accnt] aircraft in this world: now=8 MAX=8 visible=2 dead=6 (frame sample #0)
[hatbtn] dwData=0xffffffff base=292 pressing=8 -> raw -1
[dplay] Send 33 bytes pid 1 -> 2 (ok)
[timeproc] tick=9390 instances=1 currinst=0xb0d3610
[hatbtn] dwData=0xffffffff base=292 pressing=8 -> raw -1
[dplay] received 14 data bytes from pid 4
[dplay] Send 14 bytes pid 3 -> 1 (ok)
[dplay] Send 33 bytes pid 1 -> 2 (ok)
[dplay] Send 14 bytes pid 3 -> 1 (ok)
[dplay] received 14 data bytes from pid 4
[dplay] Send 33 bytes pid 1 -> 2 (ok)
[dplay] Send 14 bytes pid 3 -> 1 (ok)
[agg] StaticTimeProc 49/s  impl=1 host=1 running=1 resync=0 served=0  -> AggregatorGetPackets 49/s
[dplay] received 14 data bytes from pid 4
[agg] drained/s:  WINMOVE.CPP:4150 from=4 to=2 len=1024 x1  WINMOVE.CPP:4150 from=4 to=2 len=189 x1  WINMOVE.CPP:4150 from=4 to=2 len=16 x1  WINMOVE.CPP:4150 from=1 to=2 len=5 x8  aggregator from=4 to=1 len=14 x14  aggregator from=3 to=1 len=14 x14  WINMOVE.CPP:4150 from=1 to=2 len=33 x2  WINMOVE.CPP:4346 from=1 to=2 len=33 x2  WINMOVE.CPP:4941 from=1 to=2 len=33 x3
[agg] aggregator received 26 msg/s  right-size 26  mapped-to-slot 26  from: 4 3  (H2H dpids: [0]=3 [1]=4)  sizeof(ACPACKET)=14
[agg] loopback 28/s  from=1 to=2 (local player or group)
[dplay] Send 33 bytes pid 1 -> 2 (ok)
[agg] SendEx aggpacket 14/s  from=1 to=2(playergroup) players=2 size=33 res=0x0
[dplay] Send 14 bytes pid 3 -> 1 (ok)
[agg] sent-to-agg/s dummy=8 init=2 other=4 (last other IDCode=207)  Count=15 FrameCount=16 synched=1 csync=1 res=0
[dplay] received 14 data bytes from pid 4
[dplay] Send 33 bytes pid 1 -> 2 (ok)
[dplay] Send 14 bytes pid 3 -> 1 (ok)
[dplay] received 14 data bytes from pid 4
[dplay] Send 33 bytes pid 1 -> 2 (ok)
[moveloop] iter=950 -> waiting on SEMAPHORE
[moveloop] iter=950 -> got semaphore, waiting on MUTEX
[dplay] Send 14 bytes pid 3 -> 1 (ok)
[dplay] received 14 data bytes from pid 4
[dplay] Send 33 bytes pid 1 -> 2 (ok)
[dplay] Send 14 bytes pid 3 -> 1 (ok)
[dplay] received 14 data bytes from pid 4
[dplay] Send 33 bytes pid 1 -> 2 (ok)
[dplay] Send 14 bytes pid 3 -> 1 (ok)
[dplay] received 14 data bytes from pid 4
[dplay] Send 33 bytes pid 1 -> 2 (ok)
[mfctimer] fire #8000 wnd=0x9f1d456 id=2378
[dplay] Send 14 bytes pid 3 -> 1 (ok)
[dplay] received 14 data bytes from pid 4
[dplay] Send 33 bytes pid 1 -> 2 (ok)
[dplay] Send 14 bytes pid 3 -> 1 (ok)
[dplay] received 14 data bytes from pid 4
[dplay] Send 33 bytes pid 1 -> 2 (ok)
[dplay] Send 14 bytes pid 3 -> 1 (ok)
[dplay] received 14 data bytes from pid 4
[dplay] Send 33 bytes pid 1 -> 2 (ok)
[dplay] Send 14 bytes pid 3 -> 1 (ok)
[dplay] received 14 data bytes from pid 4
[dplay] Send 33 bytes pid 1 -> 2 (ok)
[dplay] Send 14 bytes pid 3 -> 1 (ok)
[dplay] received 14 data bytes from pid 4
[dplay] Send 33 bytes pid 1 -> 2 (ok)
[dplay] Send 14 bytes pid 3 -> 1 (ok)
[dplay] received 14 data bytes from pid 4
[dplay] Send 33 bytes pid 1 -> 2 (ok)
[dplay] Send 14 bytes pid 3 -> 1 (ok)
[dplay] received 14 data bytes from pid 4
[dplay] Send 33 bytes pid 1 -> 2 (ok)
[agg] StaticTimeProc 49/s  impl=1 host=1 running=1 resync=0 served=0  -> AggregatorGetPackets 49/s
[agg] loopback 25/s  from=3 to=1 (local player or group)
[dplay] Send 14 bytes pid 3 -> 1 (ok)
[agg] sent-to-agg/s dummy=0 init=0 other=12 (last other IDCode=207)  Count=27 FrameCount=28 synched=1 csync=1 res=0
[dplay] received 14 data bytes from pid 4
[agg] drained/s:  aggregator from=4 to=1 len=14 x13  aggregator from=3 to=1 len=14 x13  WINMOVE.CPP:4941 from=1 to=2 len=33 x13
[agg] aggregator received 26 msg/s  right-size 26  mapped-to-slot 26  from: 4 3  (H2H dpids: [0]=3 [1]=4)  sizeof(ACPACKET)=14
[dplay] Send 33 bytes pid 1 -> 2 (ok)
[agg] SendEx aggpacket 13/s  from=1 to=2(playergroup) players=2 size=33 res=0x0
[dplay] Send 14 bytes pid 3 -> 1 (ok)
[dplay] received 14 data bytes from pid 4
[dplay] Send 33 bytes pid 1 -> 2 (ok)
[dplay] Send 14 bytes pid 3 -> 1 (ok)
[dplay] received 14 data bytes from pid 4
[dplay] Send 33 bytes pid 1 -> 2 (ok)
[moveloop] iter=1000 -> waiting on SEMAPHORE
[moveloop] iter=1000 -> got semaphore, waiting on MUTEX
[dplay] Send 14 bytes pid 3 -> 1 (ok)
[dplay] received 14 data bytes from pid 4
[dplay] Send 33 bytes pid 1 -> 2 (ok)
[dplay] Send 14 bytes pid 3 -> 1 (ok)
[dplay] received 14 data bytes from pid 4
[dplay] Send 33 bytes pid 1 -> 2 (ok)
[dplay] Send 14 bytes pid 3 -> 1 (ok)
[dplay] received 14 data bytes from pid 4
[dplay] Send 33 bytes pid 1 -> 2 (ok)
[dplay] Send 14 bytes pid 3 -> 1 (ok)
[dplay] received 14 data bytes from pid 4
[dplay] Send 33 bytes pid 1 -> 2 (ok)
[dplay] Send 14 bytes pid 3 -> 1 (ok)
[dplay] received 14 data bytes from pid 4
[dplay] Send 33 bytes pid 1 -> 2 (ok)
[dplay] Send 14 bytes pid 3 -> 1 (ok)
[dplay] received 14 data bytes from pid 4
[dplay] Send 33 bytes pid 1 -> 2 (ok)
[dplay] Send 14 bytes pid 3 -> 1 (ok)
[dplay] received 14 data bytes from pid 4
[dplay] Send 33 bytes pid 1 -> 2 (ok)
[dplay] Send 14 bytes pid 3 -> 1 (ok)
[dplay] received 14 data bytes from pid 4
[dplay] Send 33 bytes pid 1 -> 2 (ok)
[dplay] Send 14 bytes pid 3 -> 1 (ok)
[dplay] received 14 data bytes from pid 4
[dplay] Send 33 bytes pid 1 -> 2 (ok)
[dplay] Send 14 bytes pid 3 -> 1 (ok)
[agg] StaticTimeProc 49/s  impl=1 host=1 running=1 resync=0 served=0  -> AggregatorGetPackets 49/s
[dplay] received 14 data bytes from pid 4
[agg] drained/s:  aggregator from=4 to=1 len=14 x12  aggregator from=3 to=1 len=14 x12  WINMOVE.CPP:4941 from=1 to=2 len=33 x12
[agg] aggregator received 24 msg/s  right-size 24  mapped-to-slot 24  from: 4 3  (H2H dpids: [0]=3 [1]=4)  sizeof(ACPACKET)=14
[agg] loopback 25/s  from=1 to=2 (local player or group)
[dplay] Send 33 bytes pid 1 -> 2 (ok)
[agg] SendEx aggpacket 12/s  from=1 to=2(playergroup) players=2 size=33 res=0x0
[mfctimer] fire #8500 wnd=0x9f1d456 id=2378
[timeproc] tick=9500 instances=1 currinst=0xb0d3610
[dplay] Send 14 bytes pid 3 -> 1 (ok)
[agg] sent-to-agg/s dummy=0 init=0 other=13 (last other IDCode=207)  Count=40 FrameCount=41 synched=1 csync=1 res=0
[dplay] received 14 data bytes from pid 4
[dplay] Send 33 bytes pid 1 -> 2 (ok)
[dplay] Send 14 bytes pid 3 -> 1 (ok)
[dplay] received 14 data bytes from pid 4
[dplay] Send 33 bytes pid 1 -> 2 (ok)
[moveloop] iter=1050 -> waiting on SEMAPHORE
[moveloop] iter=1050 -> got semaphore, waiting on MUTEX
[dplay] Send 14 bytes pid 3 -> 1 (ok)
[dplay] received 14 data bytes from pid 4
[dplay] Send 33 bytes pid 1 -> 2 (ok)
[dplay] Send 14 bytes pid 3 -> 1 (ok)
[dplay] received 14 data bytes from pid 4
[dplay] Send 33 bytes pid 1 -> 2 (ok)
[dplay] Send 14 bytes pid 3 -> 1 (ok)
[dplay] received 14 data bytes from pid 4
[dplay] Send 33 bytes pid 1 -> 2 (ok)
[dplay] Send 14 bytes pid 3 -> 1 (ok)
[dplay] received 14 data bytes from pid 4
[dplay] Send 33 bytes pid 1 -> 2 (ok)
[dplay] Send 14 bytes pid 3 -> 1 (ok)
[dplay] received 14 data bytes from pid 4
[dplay] Send 33 bytes pid 1 -> 2 (ok)
[dplay] Send 14 bytes pid 3 -> 1 (ok)
[dplay] received 14 data bytes from pid 4
[dplay] Send 33 bytes pid 1 -> 2 (ok)
[dplay] Send 14 bytes pid 3 -> 1 (ok)
[dplay] pump #10000 (host=1) -- discovery is answered only from here
[dplay] received 14 data bytes from pid 4
[dplay] Send 33 bytes pid 1 -> 2 (ok)
[dplay] Send 14 bytes pid 3 -> 1 (ok)
[dplay] received 14 data bytes from pid 4
[dplay] Send 33 bytes pid 1 -> 2 (ok)
[dplay] Send 14 bytes pid 3 -> 1 (ok)
[dplay] received 14 data bytes from pid 4
[dplay] Send 33 bytes pid 1 -> 2 (ok)
[dplay] Send 14 bytes pid 3 -> 1 (ok)
[dplay] received 14 data bytes from pid 4
[dplay] Send 33 bytes pid 1 -> 2 (ok)
[agg] StaticTimeProc 49/s  impl=1 host=1 running=1 resync=0 served=0  -> AggregatorGetPackets 49/s
[agg] drained/s:  aggregator from=4 to=1 len=14 x13  aggregator from=3 to=1 len=14 x12  WINMOVE.CPP:4941 from=1 to=2 len=33 x13
[agg] loopback 25/s  from=3 to=1 (local player or group)
[dplay] Send 14 bytes pid 3 -> 1 (ok)
[agg] sent-to-agg/s dummy=0 init=0 other=12 (last other IDCode=207)  Count=52 FrameCount=53 synched=1 csync=1 res=0
[dplay] received 14 data bytes from pid 4
[agg] aggregator received 26 msg/s  right-size 26  mapped-to-slot 26  from: 4 3  (H2H dpids: [0]=3 [1]=4)  sizeof(ACPACKET)=14
[dplay] Send 33 bytes pid 1 -> 2 (ok)
[agg] SendEx aggpacket 13/s  from=1 to=2(playergroup) players=2 size=33 res=0x0
[dplay] Send 14 bytes pid 3 -> 1 (ok)
[dplay] received 14 data bytes from pid 4
[dplay] Send 33 bytes pid 1 -> 2 (ok)
[dplay] Send 14 bytes pid 3 -> 1 (ok)
[dplay] received 14 data bytes from pid 4
[dplay] Send 33 bytes pid 1 -> 2 (ok)
[moveloop] iter=1100 -> waiting on SEMAPHORE
[moveloop] iter=1100 -> got semaphore, waiting on MUTEX
[dplay] Send 14 bytes pid 3 -> 1 (ok)
[dplay] received 14 data bytes from pid 4
[dplay] Send 33 bytes pid 1 -> 2 (ok)
[dplay] Send 14 bytes pid 3 -> 1 (ok)
[dplay] received 14 data bytes from pid 4
[dplay] Send 33 bytes pid 1 -> 2 (ok)
[dplay] Send 14 bytes pid 3 -> 1 (ok)
[dplay] received 14 data bytes from pid 4
[dplay] Send 33 bytes pid 1 -> 2 (ok)
[dplay] Send 14 bytes pid 3 -> 1 (ok)
[dplay] received 14 data bytes from pid 4
[dplay] Send 33 bytes pid 1 -> 2 (ok)
[mfctimer] fire #9000 wnd=0x9f1d456 id=2378
[dplay] Send 14 bytes pid 3 -> 1 (ok)
[dplay] received 14 data bytes from pid 4
[dplay] Send 33 bytes pid 1 -> 2 (ok)
[dplay] Send 14 bytes pid 3 -> 1 (ok)
[dplay] received 14 data bytes from pid 4
[dplay] Send 33 bytes pid 1 -> 2 (ok)
[dplay] Send 14 bytes pid 3 -> 1 (ok)
[dplay] received 14 data bytes from pid 4
[dplay] Send 33 bytes pid 1 -> 2 (ok)
[dplay] Send 14 bytes pid 3 -> 1 (ok)
[dplay] received 14 data bytes from pid 4
[dplay] Send 33 bytes pid 1 -> 2 (ok)
[dplay] Send 14 bytes pid 3 -> 1 (ok)
[dplay] received 14 data bytes from pid 4
[dplay] Send 33 bytes pid 1 -> 2 (ok)
[dplay] Send 14 bytes pid 3 -> 1 (ok)
[agg] StaticTimeProc 49/s  impl=1 host=1 running=1 resync=0 served=0  -> AggregatorGetPackets 49/s
[dplay] received 14 data bytes from pid 4
[agg] drained/s:  aggregator from=4 to=1 len=14 x12  aggregator from=3 to=1 len=14 x13  WINMOVE.CPP:4941 from=1 to=2 len=33 x12
[agg] aggregator received 24 msg/s  right-size 24  mapped-to-slot 24  from: 4 3  (H2H dpids: [0]=3 [1]=4)  sizeof(ACPACKET)=14
[agg] loopback 25/s  from=1 to=2 (local player or group)
[dplay] Send 33 bytes pid 1 -> 2 (ok)
[agg] SendEx aggpacket 12/s  from=1 to=2(playergroup) players=2 size=33 res=0x0
[dplay] Send 14 bytes pid 3 -> 1 (ok)
[agg] sent-to-agg/s dummy=0 init=0 other=13 (last other IDCode=207)  Count=65 FrameCount=66 synched=1 csync=1 res=0
[dplay] received 14 data bytes from pid 4
[dplay] Send 33 bytes pid 1 -> 2 (ok)
[dplay] received 14 data bytes from pid 4
[dplay] Send 14 bytes pid 3 -> 1 (ok)
[dplay] Send 33 bytes pid 1 -> 2 (ok)
[moveloop] iter=1150 -> waiting on SEMAPHORE
[moveloop] iter=1150 -> got semaphore, waiting on MUTEX
[dplay] Send 14 bytes pid 3 -> 1 (ok)
[dplay] received 14 data bytes from pid 4
[dplay] Send 33 bytes pid 1 -> 2 (ok)
[dplay] Send 14 bytes pid 3 -> 1 (ok)
[dplay] received 14 data bytes from pid 4
[dplay] Send 33 bytes pid 1 -> 2 (ok)
[dplay] Send 14 bytes pid 3 -> 1 (ok)
[dplay] received 14 data bytes from pid 4
[dplay] Send 33 bytes pid 1 -> 2 (ok)
[dplay] Send 14 bytes pid 3 -> 1 (ok)
[dplay] received 14 data bytes from pid 4
[dplay] Send 33 bytes pid 1 -> 2 (ok)
[dplay] Send 14 bytes pid 3 -> 1 (ok)
[dplay] received 14 data bytes from pid 4
[dplay] Send 33 bytes pid 1 -> 2 (ok)
[dplay] Send 14 bytes pid 3 -> 1 (ok)
[dplay] received 14 data bytes from pid 4
[dplay] Send 33 bytes pid 1 -> 2 (ok)
[dplay] Send 14 bytes pid 3 -> 1 (ok)
[dplay] received 14 data bytes from pid 4
[dplay] Send 33 bytes pid 1 -> 2 (ok)
[movegate] cycle=250 timeout=0 accelcountdown=1 accel=0
[movestep] cycle=250 paused=0 num=1
[dplay] Send 14 bytes pid 3 -> 1 (ok)
[dplay] received 14 data bytes from pid 4
[dplay] Send 33 bytes pid 1 -> 2 (ok)
[dplay] Send 14 bytes pid 3 -> 1 (ok)
[dplay] received 14 data bytes from pid 4
[dplay] Send 33 bytes pid 1 -> 2 (ok)
[dplay] received 14 data bytes from pid 4
[dplay] Send 14 bytes pid 3 -> 1 (ok)
[dplay] Send 33 bytes pid 1 -> 2 (ok)
[agg] StaticTimeProc 49/s  impl=1 host=1 running=1 resync=0 served=0  -> AggregatorGetPackets 49/s
[agg] loopback 25/s  from=3 to=1 (local player or group)
[dplay] Send 14 bytes pid 3 -> 1 (ok)
[agg] sent-to-agg/s dummy=0 init=0 other=12 (last other IDCode=207)  Count=77 FrameCount=78 synched=1 csync=1 res=0
[dplay] received 14 data bytes from pid 4
[agg] drained/s:  aggregator from=4 to=1 len=14 x13  aggregator from=3 to=1 len=14 x13  WINMOVE.CPP:4941 from=1 to=2 len=33 x13
[agg] aggregator received 26 msg/s  right-size 26  mapped-to-slot 26  from: 4 3  (H2H dpids: [0]=3 [1]=4)  sizeof(ACPACKET)=14
[dplay] Send 33 bytes pid 1 -> 2 (ok)
[agg] SendEx aggpacket 13/s  from=1 to=2(playergroup) players=2 size=33 res=0x0
[mfctimer] fire #9500 wnd=0x9f1d456 id=2378
[dplay] Send 14 bytes pid 3 -> 1 (ok)
[dplay] received 14 data bytes from pid 4
[dplay] Send 33 bytes pid 1 -> 2 (ok)
[dplay] Send 14 bytes pid 3 -> 1 (ok)
[dplay] received 14 data bytes from pid 4
[dplay] Send 33 bytes pid 1 -> 2 (ok)
[moveloop] iter=1200 -> waiting on SEMAPHORE
[moveloop] iter=1200 -> got semaphore, waiting on MUTEX
[dplay] Send 14 bytes pid 3 -> 1 (ok)
[dplay] received 14 data bytes from pid 4
[dplay] Send 33 bytes pid 1 -> 2 (ok)
[dplay] Send 14 bytes pid 3 -> 1 (ok)
[dplay] received 14 data bytes from pid 4
[dplay] Send 33 bytes pid 1 -> 2 (ok)
[dplay] Send 14 bytes pid 3 -> 1 (ok)
[dplay] received 14 data bytes from pid 4
[dplay] Send 33 bytes pid 1 -> 2 (ok)
[dplay] Send 14 bytes pid 3 -> 1 (ok)
[dplay] received 14 data bytes from pid 4
[dplay] Send 33 bytes pid 1 -> 2 (ok)
[dplay] Send 14 bytes pid 3 -> 1 (ok)
[dplay] received 14 data bytes from pid 4
[dplay] Send 33 bytes pid 1 -> 2 (ok)
[dplay] Send 14 bytes pid 3 -> 1 (ok)
[dplay] received 14 data bytes from pid 4
[dplay] Send 33 bytes pid 1 -> 2 (ok)
[dplay] Send 14 bytes pid 3 -> 1 (ok)
[dplay] received 14 data bytes from pid 4
[dplay] Send 33 bytes pid 1 -> 2 (ok)
[dplay] Send 14 bytes pid 3 -> 1 (ok)
[dplay] received 14 data bytes from pid 4
[dplay] Send 33 bytes pid 1 -> 2 (ok)
[dplay] Send 14 bytes pid 3 -> 1 (ok)
[dplay] received 14 data bytes from pid 4
[dplay] Send 33 bytes pid 1 -> 2 (ok)
[dplay] Send 14 bytes pid 3 -> 1 (ok)
[agg] StaticTimeProc 50/s  impl=1 host=1 running=1 resync=0 served=0  -> AggregatorGetPackets 50/s
[dplay] received 14 data bytes from pid 4
[agg] drained/s:  aggregator from=4 to=1 len=14 x12  aggregator from=3 to=1 len=14 x12  WINMOVE.CPP:4941 from=1 to=2 len=33 x12
[agg] aggregator received 24 msg/s  right-size 24  mapped-to-slot 24  from: 4 3  (H2H dpids: [0]=3 [1]=4)  sizeof(ACPACKET)=14
[agg] loopback 25/s  from=1 to=2 (local player or group)
[dplay] Send 33 bytes pid 1 -> 2 (ok)
[agg] SendEx aggpacket 12/s  from=1 to=2(playergroup) players=2 size=33 res=0x0
[dplay] Send 14 bytes pid 3 -> 1 (ok)
[agg] sent-to-agg/s dummy=0 init=0 other=13 (last other IDCode=207)  Count=90 FrameCount=91 synched=1 csync=1 res=0
[dplay] received 14 data bytes from pid 4
[dplay] Send 33 bytes pid 1 -> 2 (ok)
[dplay] Send 14 bytes pid 3 -> 1 (ok)
[dplay] received 14 data bytes from pid 4
[dplay] Send 33 bytes pid 1 -> 2 (ok)
[moveloop] iter=1250 -> waiting on SEMAPHORE
[moveloop] iter=1250 -> got semaphore, waiting on MUTEX
[dplay] Send 14 bytes pid 3 -> 1 (ok)
[dplay] received 14 data bytes from pid 4
[dplay] Send 33 bytes pid 1 -> 2 (ok)
[dplay] Send 14 bytes pid 3 -> 1 (ok)
[dplay] received 14 data bytes from pid 4
[dplay] Send 33 bytes pid 1 -> 2 (ok)
[dplay] pump #10500 (host=1) -- discovery is answered only from here
[dplay] Send 14 bytes pid 3 -> 1 (ok)
[dplay] received 14 data bytes from pid 4
[dplay] Send 33 bytes pid 1 -> 2 (ok)
[dplay] Send 14 bytes pid 3 -> 1 (ok)
[dplay] received 14 data bytes from pid 4
[dplay] Send 33 bytes pid 1 -> 2 (ok)
[dplay] Send 14 bytes pid 3 -> 1 (ok)
[dplay] received 14 data bytes from pid 4
[dplay] Send 33 bytes pid 1 -> 2 (ok)
[dplay] Send 14 bytes pid 3 -> 1 (ok)
[dplay] received 14 data bytes from pid 4
[dplay] Send 33 bytes pid 1 -> 2 (ok)
[mfctimer] fire #10000 wnd=0x9f1d456 id=2378
[dplay] Send 14 bytes pid 3 -> 1 (ok)
[dplay] received 14 data bytes from pid 4
[dplay] Send 33 bytes pid 1 -> 2 (ok)
[dplay] Send 14 bytes pid 3 -> 1 (ok)
[dplay] received 14 data bytes from pid 4
[dplay] Send 33 bytes pid 1 -> 2 (ok)
[dplay] Send 14 bytes pid 3 -> 1 (ok)
[dplay] received 14 data bytes from pid 4
[dplay] Send 33 bytes pid 1 -> 2 (ok)
[dplay] Send 14 bytes pid 3 -> 1 (ok)
[dplay] received 14 data bytes from pid 4
[dplay] Send 33 bytes pid 1 -> 2 (ok)
[agg] StaticTimeProc 49/s  impl=1 host=1 running=1 resync=0 served=0  -> AggregatorGetPackets 49/s
[agg] loopback 25/s  from=3 to=1 (local player or group)
[dplay] Send 14 bytes pid 3 -> 1 (ok)
[agg] sent-to-agg/s dummy=0 init=0 other=12 (last other IDCode=207)  Count=102 FrameCount=103 synched=1 csync=1 res=0
[dplay] received 14 data bytes from pid 4
[agg] drained/s:  aggregator from=4 to=1 len=14 x13  aggregator from=3 to=1 len=14 x13  WINMOVE.CPP:4941 from=1 to=2 len=33 x13
[agg] aggregator received 26 msg/s  right-size 26  mapped-to-slot 26  from: 4 3  (H2H dpids: [0]=3 [1]=4)  sizeof(ACPACKET)=14
[dplay] Send 33 bytes pid 1 -> 2 (ok)
[agg] SendEx aggpacket 13/s  from=1 to=2(playergroup) players=2 size=33 res=0x0
[timeproc] tick=9750 instances=1 currinst=0xb0d3610
[dplay] Send 14 bytes pid 3 -> 1 (ok)
[dplay] received 14 data bytes from pid 4
[dplay] Send 33 bytes pid 1 -> 2 (ok)
[dplay] Send 14 bytes pid 3 -> 1 (ok)
[dplay] received 14 data bytes from pid 4
[dplay] Send 33 bytes pid 1 -> 2 (ok)
[moveloop] iter=1300 -> waiting on SEMAPHORE
[moveloop] iter=1300 -> got semaphore, waiting on MUTEX
[dplay] Send 14 bytes pid 3 -> 1 (ok)
[dplay] Send 19 bytes pid 1 -> 2 (ok)
[dplay] Send 14 bytes pid 3 -> 1 (ok)
[dplay] Send 19 bytes pid 1 -> 2 (ok)
[dplay] Send 14 bytes pid 3 -> 1 (ok)
[dplay] received 14 data bytes from pid 4
[dplay] Send 33 bytes pid 1 -> 2 (ok)
[dplay] Send 14 bytes pid 3 -> 1 (ok)
[dplay] received 14 data bytes from pid 4
[dplay] Send 33 bytes pid 1 -> 2 (ok)
[dplay] Send 14 bytes pid 3 -> 1 (ok)
[dplay] received 14 data bytes from pid 4
[dplay] Send 33 bytes pid 1 -> 2 (ok)
[dplay] Send 14 bytes pid 3 -> 1 (ok)
[dplay] received 14 data bytes from pid 4
[dplay] Send 33 bytes pid 1 -> 2 (ok)
[dplay] Send 14 bytes pid 3 -> 1 (ok)
[dplay] received 14 data bytes from pid 4
[dplay] Send 33 bytes pid 1 -> 2 (ok)
[dplay] Send 14 bytes pid 3 -> 1 (ok)
[dplay] received 14 data bytes from pid 4
[dplay] Send 33 bytes pid 1 -> 2 (ok)
[dplay] Send 14 bytes pid 3 -> 1 (ok)
[dplay] received 14 data bytes from pid 4
[dplay] Send 33 bytes pid 1 -> 2 (ok)
[dplay] Send 14 bytes pid 3 -> 1 (ok)
[agg] StaticTimeProc 50/s  impl=1 host=1 running=1 resync=0 served=0  -> AggregatorGetPackets 50/s
[dplay] received 14 data bytes from pid 4
[agg] drained/s:  aggregator from=4 to=1 len=14 x11  aggregator from=3 to=1 len=14 x12  WINMOVE.CPP:4941 from=1 to=2 len=33 x11  WINMOVE.CPP:4941 from=1 to=2 len=19 x2
[agg] aggregator received 23 msg/s  right-size 23  mapped-to-slot 23  from: 4 3  (H2H dpids: [0]=3 [1]=4)  sizeof(ACPACKET)=14
[agg] loopback 25/s  from=1 to=2 (local player or group)
[dplay] Send 33 bytes pid 1 -> 2 (ok)
[agg] SendEx aggpacket 12/s  from=1 to=2(playergroup) players=2 size=33 res=0x0
[dplay] Send 14 bytes pid 3 -> 1 (ok)
[agg] sent-to-agg/s dummy=0 init=0 other=13 (last other IDCode=207)  Count=115 FrameCount=116 synched=1 csync=1 res=0
[dplay] received 14 data bytes from pid 4
[dplay] Send 33 bytes pid 1 -> 2 (ok)
[dplay] Send 14 bytes pid 3 -> 1 (ok)
[mfctimer] fire #10500 wnd=0x9f1d456 id=2378
[dplay] received 14 data bytes from pid 4
[dplay] Send 33 bytes pid 1 -> 2 (ok)
[moveloop] iter=1350 -> waiting on SEMAPHORE
[moveloop] iter=1350 -> got semaphore, waiting on MUTEX
[dplay] Send 14 bytes pid 3 -> 1 (ok)
[dplay] received 14 data bytes from pid 4
[dplay] Send 33 bytes pid 1 -> 2 (ok)
[dplay] Send 14 bytes pid 3 -> 1 (ok)
[dplay] received 14 data bytes from pid 4
[dplay] Send 33 bytes pid 1 -> 2 (ok)
[dplay] Send 14 bytes pid 3 -> 1 (ok)
[dplay] received 14 data bytes from pid 4
[dplay] Send 33 bytes pid 1 -> 2 (ok)
[dplay] Send 14 bytes pid 3 -> 1 (ok)
[dplay] received 14 data bytes from pid 4
[dplay] Send 33 bytes pid 1 -> 2 (ok)
[dplay] Send 14 bytes pid 3 -> 1 (ok)
[dplay] received 14 data bytes from pid 4
[dplay] Send 33 bytes pid 1 -> 2 (ok)
[dplay] Send 14 bytes pid 3 -> 1 (ok)
[dplay] received 14 data bytes from pid 4
[dplay] Send 33 bytes pid 1 -> 2 (ok)
[dplay] Send 14 bytes pid 3 -> 1 (ok)
[dplay] received 14 data bytes from pid 4
[dplay] Send 33 bytes pid 1 -> 2 (ok)
[dplay] Send 14 bytes pid 3 -> 1 (ok)
[dplay] received 14 data bytes from pid 4
[dplay] Send 33 bytes pid 1 -> 2 (ok)
[dplay] Send 14 bytes pid 3 -> 1 (ok)
[dplay] received 14 data bytes from pid 4
[dplay] Send 33 bytes pid 1 -> 2 (ok)
[dplay] Send 14 bytes pid 3 -> 1 (ok)
[dplay] received 14 data bytes from pid 4
[dplay] Send 33 bytes pid 1 -> 2 (ok)
[agg] StaticTimeProc 49/s  impl=1 host=1 running=1 resync=0 served=0  -> AggregatorGetPackets 49/s
[agg] loopback 25/s  from=3 to=1 (local player or group)
[dplay] Send 14 bytes pid 3 -> 1 (ok)
[agg] sent-to-agg/s dummy=0 init=0 other=12 (last other IDCode=207)  Count=127 FrameCount=128 synched=1 csync=1 res=0
[agg] drained/s:  aggregator from=4 to=1 len=14 x12  aggregator from=3 to=1 len=14 x13  WINMOVE.CPP:4941 from=1 to=2 len=33 x13
[agg] aggregator received 25 msg/s  right-size 25  mapped-to-slot 25  from: 3 4  (H2H dpids: [0]=3 [1]=4)  sizeof(ACPACKET)=14
[dplay] received 14 data bytes from pid 4
[dplay] Send 33 bytes pid 1 -> 2 (ok)
[agg] SendEx aggpacket 13/s  from=1 to=2(playergroup) players=2 size=33 res=0x0
[dplay] Send 14 bytes pid 3 -> 1 (ok)
[dplay] received 14 data bytes from pid 4
[dplay] Send 33 bytes pid 1 -> 2 (ok)
[dplay] Send 14 bytes pid 3 -> 1 (ok)
[dplay] Send 19 bytes pid 1 -> 2 (ok)
[moveloop] iter=1400 -> waiting on SEMAPHORE
[moveloop] iter=1400 -> got semaphore, waiting on MUTEX
[dplay] received 14 data bytes from pid 4
[dplay] Send 14 bytes pid 3 -> 1 (ok)
[dplay] Send 33 bytes pid 1 -> 2 (ok)
[dplay] received 14 data bytes from pid 4
[dplay] Send 14 bytes pid 3 -> 1 (ok)
[dplay] Send 33 bytes pid 1 -> 2 (ok)
[dplay] received 14 data bytes from pid 4
[dplay] Send 14 bytes pid 3 -> 1 (ok)
[dplay] Send 33 bytes pid 1 -> 2 (ok)
[dplay] received 14 data bytes from pid 4
[dplay] Send 14 bytes pid 3 -> 1 (ok)
[dplay] Send 33 bytes pid 1 -> 2 (ok)
[dplay] received 14 data bytes from pid 4
[dplay] Send 14 bytes pid 3 -> 1 (ok)
[dplay] Send 33 bytes pid 1 -> 2 (ok)
[dplay] received 14 data bytes from pid 4
[dplay] Send 14 bytes pid 3 -> 1 (ok)
[dplay] Send 33 bytes pid 1 -> 2 (ok)
[dplay] received 14 data bytes from pid 4
[mfctimer] fire #11000 wnd=0x9f1d456 id=2378
[dplay] Send 14 bytes pid 3 -> 1 (ok)
[dplay] Send 33 bytes pid 1 -> 2 (ok)
[movegate] cycle=500 timeout=0 accelcountdown=1 accel=0
[movestep] cycle=500 paused=0 num=1
[dplay] received 14 data bytes from pid 4
[hatbtn] dwData=0xffffffff base=292 pressing=8 -> raw -1
[dplay] Send 14 bytes pid 3 -> 1 (ok)
[dplay] Send 33 bytes pid 1 -> 2 (ok)
[dplay] received 14 data bytes from pid 4
[dplay] Send 14 bytes pid 3 -> 1 (ok)
[dplay] Send 33 bytes pid 1 -> 2 (ok)
[dplay] received 14 data bytes from pid 4
[dplay] Send 14 bytes pid 3 -> 1 (ok)
[agg] StaticTimeProc 49/s  impl=1 host=1 running=1 resync=0 served=0  -> AggregatorGetPackets 49/s
[agg] drained/s:  aggregator from=4 to=1 len=14 x12  aggregator from=3 to=1 len=14 x12  WINMOVE.CPP:4941 from=1 to=2 len=33 x12  WINMOVE.CPP:4941 from=1 to=2 len=19 x1
[agg] aggregator received 24 msg/s  right-size 24  mapped-to-slot 24  from: 4 3  (H2H dpids: [0]=3 [1]=4)  sizeof(ACPACKET)=14
[agg] loopback 25/s  from=1 to=2 (local player or group)
[dplay] Send 33 bytes pid 1 -> 2 (ok)
[agg] SendEx aggpacket 12/s  from=1 to=2(playergroup) players=2 size=33 res=0x0
[dplay] pump #11000 (host=1) -- discovery is answered only from here
[dplay] received 14 data bytes from pid 4
[dplay] Send 14 bytes pid 3 -> 1 (ok)
[agg] sent-to-agg/s dummy=0 init=0 other=13 (last other IDCode=207)  Count=140 FrameCount=141 synched=1 csync=1 res=0
[dplay] Send 33 bytes pid 1 -> 2 (ok)
[dplay] received 14 data bytes from pid 4
[dplay] Send 14 bytes pid 3 -> 1 (ok)
[dplay] Send 33 bytes pid 1 -> 2 (ok)
[dplay] received 14 data bytes from pid 4
[moveloop] iter=1450 -> waiting on SEMAPHORE
[moveloop] iter=1450 -> got semaphore, waiting on MUTEX
[dplay] Send 14 bytes pid 3 -> 1 (ok)
[dplay] Send 33 bytes pid 1 -> 2 (ok)
[dplay] received 14 data bytes from pid 4
[dplay] Send 14 bytes pid 3 -> 1 (ok)
[dplay] Send 33 bytes pid 1 -> 2 (ok)
[dplay] received 14 data bytes from pid 4
[dplay] Send 14 bytes pid 3 -> 1 (ok)
[dplay] Send 33 bytes pid 1 -> 2 (ok)
[dplay] received 14 data bytes from pid 4
[dplay] Send 14 bytes pid 3 -> 1 (ok)
[dplay] Send 33 bytes pid 1 -> 2 (ok)
[dplay] received 14 data bytes from pid 4
[dplay] Send 14 bytes pid 3 -> 1 (ok)
[dplay] Send 33 bytes pid 1 -> 2 (ok)
[dplay] received 14 data bytes from pid 4
[dplay] Send 14 bytes pid 3 -> 1 (ok)
[dplay] Send 33 bytes pid 1 -> 2 (ok)
[dplay] received 14 data bytes from pid 4
[dplay] Send 14 bytes pid 3 -> 1 (ok)
[dplay] Send 33 bytes pid 1 -> 2 (ok)
[dplay] received 14 data bytes from pid 4
[dplay] Send 14 bytes pid 3 -> 1 (ok)
[dplay] Send 33 bytes pid 1 -> 2 (ok)
[dplay] received 14 data bytes from pid 4
[dplay] Send 14 bytes pid 3 -> 1 (ok)
[dplay] Send 33 bytes pid 1 -> 2 (ok)
[dplay] received 14 data bytes from pid 4
[dplay] Send 14 bytes pid 3 -> 1 (ok)
[dplay] Send 33 bytes pid 1 -> 2 (ok)
[dplay] received 14 data bytes from pid 4
[agg] StaticTimeProc 49/s  impl=1 host=1 running=1 resync=0 served=0  -> AggregatorGetPackets 49/s
[agg] drained/s:  aggregator from=4 to=1 len=14 x13  aggregator from=3 to=1 len=14 x12  WINMOVE.CPP:4941 from=1 to=2 len=33 x13
[agg] aggregator received 25 msg/s  right-size 25  mapped-to-slot 25  from: 4 3  (H2H dpids: [0]=3 [1]=4)  sizeof(ACPACKET)=14
[agg] loopback 25/s  from=3 to=1 (local player or group)
[dplay] Send 14 bytes pid 3 -> 1 (ok)
[agg] sent-to-agg/s dummy=0 init=0 other=12 (last other IDCode=207)  Count=152 FrameCount=153 synched=1 csync=1 res=0
[dplay] Send 33 bytes pid 1 -> 2 (ok)
[agg] SendEx aggpacket 13/s  from=1 to=2(playergroup) players=2 size=33 res=0x0
[dplay] received 14 data bytes from pid 4
[dplay] Send 14 bytes pid 3 -> 1 (ok)
[dplay] Send 33 bytes pid 1 -> 2 (ok)
[dplay] received 14 data bytes from pid 4
[dplay] Send 14 bytes pid 3 -> 1 (ok)
[dplay] Send 33 bytes pid 1 -> 2 (ok)
[moveloop] iter=1500 -> waiting on SEMAPHORE
[moveloop] iter=1500 -> got semaphore, waiting on MUTEX
[dplay] received 14 data bytes from pid 4
[dplay] Send 14 bytes pid 3 -> 1 (ok)
[mfctimer] fire #11500 wnd=0x9f1d456 id=2378
[dplay] Send 33 bytes pid 1 -> 2 (ok)
[dplay] received 14 data bytes from pid 4
[dplay] Send 14 bytes pid 3 -> 1 (ok)
[dplay] Send 33 bytes pid 1 -> 2 (ok)
[dplay] received 14 data bytes from pid 4
[dplay] Send 14 bytes pid 3 -> 1 (ok)
[dplay] Send 33 bytes pid 1 -> 2 (ok)
[dplay] received 14 data bytes from pid 4
[dplay] Send 14 bytes pid 3 -> 1 (ok)
[dplay] Send 33 bytes pid 1 -> 2 (ok)
[dplay] received 14 data bytes from pid 4
[dplay] Send 19 bytes pid 1 -> 2 (ok)
[dplay] Send 14 bytes pid 3 -> 1 (ok)
[dplay] received 14 data bytes from pid 4
[dplay] Send 33 bytes pid 1 -> 2 (ok)
[dplay] Send 14 bytes pid 3 -> 1 (ok)
[dplay] received 14 data bytes from pid 4
[dplay] Send 33 bytes pid 1 -> 2 (ok)
[dplay] Send 14 bytes pid 3 -> 1 (ok)
[accnt] aircraft in this world: now=8 MAX=8 visible=2 dead=6 (frame sample #1)
[dplay] received 14 data bytes from pid 4
[dplay] Send 33 bytes pid 1 -> 2 (ok)
[dplay] Send 14 bytes pid 3 -> 1 (ok)
[dplay] received 14 data bytes from pid 4
[dplay] Send 33 bytes pid 1 -> 2 (ok)
[dplay] Send 14 bytes pid 3 -> 1 (ok)
[dplay] received 14 data bytes from pid 4
[dplay] Send 33 bytes pid 1 -> 2 (ok)
[dplay] Send 14 bytes pid 3 -> 1 (ok)
[agg] StaticTimeProc 50/s  impl=1 host=1 running=1 resync=0 served=0  -> AggregatorGetPackets 50/s
[agg] drained/s:  aggregator from=4 to=1 len=14 x12  aggregator from=3 to=1 len=14 x13  WINMOVE.CPP:4941 from=1 to=2 len=33 x13  WINMOVE.CPP:4941 from=1 to=2 len=19 x1
[agg] aggregator received 25 msg/s  right-size 25  mapped-to-slot 25  from: 3 4  (H2H dpids: [0]=3 [1]=4)  sizeof(ACPACKET)=14
[dplay] received 14 data bytes from pid 4
[agg] loopback 26/s  from=1 to=2 (local player or group)
[dplay] Send 33 bytes pid 1 -> 2 (ok)
[agg] SendEx aggpacket 13/s  from=1 to=2(playergroup) players=2 size=33 res=0x0
[dplay] Send 14 bytes pid 3 -> 1 (ok)
[agg] sent-to-agg/s dummy=0 init=0 other=13 (last other IDCode=207)  Count=165 FrameCount=166 synched=1 csync=1 res=0
[dplay] received 14 data bytes from pid 4
[dplay] Send 33 bytes pid 1 -> 2 (ok)
[dplay] Send 14 bytes pid 3 -> 1 (ok)
[timeproc] tick=10000 instances=1 currinst=0xb0d3610
[dplay] received 14 data bytes from pid 4
[dplay] Send 33 bytes pid 1 -> 2 (ok)
[moveloop] iter=1550 -> waiting on SEMAPHORE
[moveloop] iter=1550 -> got semaphore, waiting on MUTEX
[dplay] Send 14 bytes pid 3 -> 1 (ok)
[dplay] received 14 data bytes from pid 4
[dplay] Send 33 bytes pid 1 -> 2 (ok)
[dplay] Send 14 bytes pid 3 -> 1 (ok)
[dplay] received 14 data bytes from pid 4
[dplay] Send 33 bytes pid 1 -> 2 (ok)
[dplay] Send 14 bytes pid 3 -> 1 (ok)
[dplay] received 14 data bytes from pid 4
[dplay] Send 33 bytes pid 1 -> 2 (ok)
[dplay] Send 14 bytes pid 3 -> 1 (ok)
[dplay] received 14 data bytes from pid 4
[dplay] Send 33 bytes pid 1 -> 2 (ok)
[dplay] Send 14 bytes pid 3 -> 1 (ok)
[dplay] received 14 data bytes from pid 4
[dplay] Send 33 bytes pid 1 -> 2 (ok)
[dplay] Send 14 bytes pid 3 -> 1 (ok)
[dplay] received 14 data bytes from pid 4
[dplay] Send 33 bytes pid 1 -> 2 (ok)
[dplay] Send 14 bytes pid 3 -> 1 (ok)
[dplay] received 14 data bytes from pid 4
[dplay] Send 33 bytes pid 1 -> 2 (ok)
[dplay] Send 14 bytes pid 3 -> 1 (ok)
[mfctimer] fire #12000 wnd=0x9f1d456 id=2378
[dplay] received 14 data bytes from pid 4
[dplay] Send 33 bytes pid 1 -> 2 (ok)
[dplay] Send 14 bytes pid 3 -> 1 (ok)
[dplay] received 14 data bytes from pid 4
[dplay] Send 33 bytes pid 1 -> 2 (ok)
[dplay] Send 14 bytes pid 3 -> 1 (ok)
[dplay] received 14 data bytes from pid 4
[agg] StaticTimeProc 49/s  impl=1 host=1 running=1 resync=0 served=0  -> AggregatorGetPackets 49/s
[agg] drained/s:  aggregator from=4 to=1 len=14 x13  aggregator from=3 to=1 len=14 x12  WINMOVE.CPP:4941 from=1 to=2 len=33 x12
[agg] aggregator received 25 msg/s  right-size 25  mapped-to-slot 25  from: 4 3  (H2H dpids: [0]=3 [1]=4)  sizeof(ACPACKET)=14
[agg] loopback 24/s  from=1 to=2 (local player or group)
[dplay] Send 33 bytes pid 1 -> 2 (ok)
[agg] SendEx aggpacket 12/s  from=1 to=2(playergroup) players=2 size=33 res=0x0
[dplay] Send 14 bytes pid 3 -> 1 (ok)
[agg] sent-to-agg/s dummy=0 init=0 other=12 (last other IDCode=207)  Count=177 FrameCount=178 synched=1 csync=1 res=0
[dplay] received 14 data bytes from pid 4
[dplay] Send 33 bytes pid 1 -> 2 (ok)
[dplay] Send 14 bytes pid 3 -> 1 (ok)
[dplay] received 14 data bytes from pid 4
[dplay] Send 33 bytes pid 1 -> 2 (ok)
[dplay] Send 14 bytes pid 3 -> 1 (ok)
[moveloop] iter=1600 -> waiting on SEMAPHORE
[moveloop] iter=1600 -> got semaphore, waiting on MUTEX
[dplay] received 14 data bytes from pid 4
[dplay] Send 33 bytes pid 1 -> 2 (ok)
[dplay] Send 14 bytes pid 3 -> 1 (ok)
[dplay] received 14 data bytes from pid 4
[dplay] Send 33 bytes pid 1 -> 2 (ok)
[dplay] Send 14 bytes pid 3 -> 1 (ok)
[dplay] received 14 data bytes from pid 4
[dplay] Send 33 bytes pid 1 -> 2 (ok)
[dplay] Send 14 bytes pid 3 -> 1 (ok)
[dplay] received 14 data bytes from pid 4
[dplay] Send 33 bytes pid 1 -> 2 (ok)
[dplay] Send 14 bytes pid 3 -> 1 (ok)
[dplay] received 14 data bytes from pid 4
[dplay] Send 33 bytes pid 1 -> 2 (ok)
[dplay] Send 14 bytes pid 3 -> 1 (ok)
[dplay] received 14 data bytes from pid 4
[dplay] Send 33 bytes pid 1 -> 2 (ok)
[dplay] pump #11500 (host=1) -- discovery is answered only from here
[dplay] Send 14 bytes pid 3 -> 1 (ok)
[dplay] received 14 data bytes from pid 4
[dplay] Send 33 bytes pid 1 -> 2 (ok)
[dplay] Send 14 bytes pid 3 -> 1 (ok)
[dplay] received 14 data bytes from pid 4
[dplay] Send 33 bytes pid 1 -> 2 (ok)
[dplay] Send 14 bytes pid 3 -> 1 (ok)
[dplay] received 14 data bytes from pid 4
[dplay] Send 33 bytes pid 1 -> 2 (ok)
[dplay] Send 14 bytes pid 3 -> 1 (ok)
[dplay] received 14 data bytes from pid 4
[dplay] Send 33 bytes pid 1 -> 2 (ok)
[dplay] Send 14 bytes pid 3 -> 1 (ok)
[agg] StaticTimeProc 49/s  impl=1 host=1 running=1 resync=0 served=0  -> AggregatorGetPackets 49/s
[agg] drained/s:  aggregator from=4 to=1 len=14 x12  aggregator from=3 to=1 len=14 x13  WINMOVE.CPP:4941 from=1 to=2 len=33 x13
[agg] aggregator received 25 msg/s  right-size 25  mapped-to-slot 25  from: 3 4  (H2H dpids: [0]=3 [1]=4)  sizeof(ACPACKET)=14
[dplay] received 14 data bytes from pid 4
[agg] loopback 26/s  from=1 to=2 (local player or group)
[dplay] Send 33 bytes pid 1 -> 2 (ok)
[agg] SendEx aggpacket 13/s  from=1 to=2(playergroup) players=2 size=33 res=0x0
[dplay] Send 14 bytes pid 3 -> 1 (ok)
[agg] sent-to-agg/s dummy=0 init=0 other=13 (last other IDCode=207)  Count=190 FrameCount=191 synched=1 csync=1 res=0
[dplay] received 14 data bytes from pid 4
[dplay] Send 33 bytes pid 1 -> 2 (ok)
[dplay] Send 14 bytes pid 3 -> 1 (ok)
[dplay] received 14 data bytes from pid 4
[dplay] Send 33 bytes pid 1 -> 2 (ok)
[moveloop] iter=1650 -> waiting on SEMAPHORE
[moveloop] iter=1650 -> got semaphore, waiting on MUTEX
[dplay] Send 14 bytes pid 3 -> 1 (ok)
[dplay] received 14 data bytes from pid 4
[dplay] Send 33 bytes pid 1 -> 2 (ok)
[dplay] Send 14 bytes pid 3 -> 1 (ok)
[mfctimer] fire #12500 wnd=0x9f1d456 id=2378
[dplay] received 14 data bytes from pid 4
[dplay] Send 33 bytes pid 1 -> 2 (ok)
[dplay] Send 14 bytes pid 3 -> 1 (ok)
[dplay] received 14 data bytes from pid 4
[dplay] Send 33 bytes pid 1 -> 2 (ok)
[dplay] Send 14 bytes pid 3 -> 1 (ok)
[dplay] received 14 data bytes from pid 4
[dplay] Send 33 bytes pid 1 -> 2 (ok)
[dplay] Send 14 bytes pid 3 -> 1 (ok)
[dplay] received 14 data bytes from pid 4
[dplay] Send 33 bytes pid 1 -> 2 (ok)
[dplay] Send 14 bytes pid 3 -> 1 (ok)
[dplay] received 14 data bytes from pid 4
[dplay] Send 33 bytes pid 1 -> 2 (ok)
[dplay] Send 14 bytes pid 3 -> 1 (ok)
[dplay] received 14 data bytes from pid 4
[dplay] Send 33 bytes pid 1 -> 2 (ok)
[movegate] cycle=750 timeout=0 accelcountdown=1 accel=0
[movestep] cycle=750 paused=0 num=1
[dplay] Send 14 bytes pid 3 -> 1 (ok)
[dplay] received 14 data bytes from pid 4
[dplay] Send 33 bytes pid 1 -> 2 (ok)
[dplay] Send 14 bytes pid 3 -> 1 (ok)
[dplay] received 14 data bytes from pid 4
[dplay] Send 33 bytes pid 1 -> 2 (ok)
[dplay] Send 14 bytes pid 3 -> 1 (ok)
[dplay] received 14 data bytes from pid 4
[dplay] Send 33 bytes pid 1 -> 2 (ok)
[agg] StaticTimeProc 50/s  impl=1 host=1 running=1 resync=0 served=0  -> AggregatorGetPackets 50/s
[agg] loopback 25/s  from=3 to=1 (local player or group)
[dplay] Send 14 bytes pid 3 -> 1 (ok)
[agg] sent-to-agg/s dummy=0 init=0 other=12 (last other IDCode=207)  Count=202 FrameCount=203 synched=1 csync=1 res=0
[agg] drained/s:  aggregator from=4 to=1 len=14 x13  aggregator from=3 to=1 len=14 x13  WINMOVE.CPP:4941 from=1 to=2 len=33 x13
[agg] aggregator received 26 msg/s  right-size 26  mapped-to-slot 26  from: 4 3  (H2H dpids: [0]=3 [1]=4)  sizeof(ACPACKET)=14
[dplay] received 14 data bytes from pid 4
[dplay] Send 33 bytes pid 1 -> 2 (ok)
[agg] SendEx aggpacket 13/s  from=1 to=2(playergroup) players=2 size=33 res=0x0
[dplay] Send 14 bytes pid 3 -> 1 (ok)
[dplay] Send 19 bytes pid 1 -> 2 (ok)
[dplay] received 14 data bytes from pid 4
[dplay] Send 14 bytes pid 3 -> 1 (ok)
[dplay] Send 33 bytes pid 1 -> 2 (ok)
[moveloop] iter=1700 -> waiting on SEMAPHORE
[moveloop] iter=1700 -> got semaphore, waiting on MUTEX
[dplay] received 14 data bytes from pid 4
[dplay] Send 14 bytes pid 3 -> 1 (ok)
[dplay] Send 33 bytes pid 1 -> 2 (ok)
[dplay] received 14 data bytes from pid 4
[dplay] Send 14 bytes pid 3 -> 1 (ok)
[dplay] Send 33 bytes pid 1 -> 2 (ok)
[dplay] received 14 data bytes from pid 4
[dplay] Send 14 bytes pid 3 -> 1 (ok)
[dplay] Send 33 bytes pid 1 -> 2 (ok)
[dplay] received 14 data bytes from pid 4
[dplay] Send 14 bytes pid 3 -> 1 (ok)
[dplay] Send 33 bytes pid 1 -> 2 (ok)
[dplay] received 14 data bytes from pid 4
[dplay] Send 14 bytes pid 3 -> 1 (ok)
[dplay] Send 33 bytes pid 1 -> 2 (ok)
[dplay] received 14 data bytes from pid 4
[dplay] Send 14 bytes pid 3 -> 1 (ok)
[dplay] Send 33 bytes pid 1 -> 2 (ok)
[dplay] received 14 data bytes from pid 4
[dplay] Send 14 bytes pid 3 -> 1 (ok)
[dplay] Send 33 bytes pid 1 -> 2 (ok)
[dplay] received 14 data bytes from pid 4
[dplay] Send 14 bytes pid 3 -> 1 (ok)
[dplay] Send 33 bytes pid 1 -> 2 (ok)
[dplay] received 14 data bytes from pid 4
[mfctimer] fire #13000 wnd=0x9f1d456 id=2378
[dplay] Send 14 bytes pid 3 -> 1 (ok)
[dplay] Send 33 bytes pid 1 -> 2 (ok)
[dplay] received 14 data bytes from pid 4
[dplay] Send 14 bytes pid 3 -> 1 (ok)
[agg] StaticTimeProc 49/s  impl=1 host=1 running=1 resync=0 served=0  -> AggregatorGetPackets 49/s
[agg] drained/s:  aggregator from=4 to=1 len=14 x12  aggregator from=3 to=1 len=14 x12  WINMOVE.CPP:4941 from=1 to=2 len=33 x12  WINMOVE.CPP:4941 from=1 to=2 len=19 x1
[agg] aggregator received 24 msg/s  right-size 24  mapped-to-slot 24  from: 4 3  (H2H dpids: [0]=3 [1]=4)  sizeof(ACPACKET)=14
[agg] loopback 25/s  from=1 to=2 (local player or group)
[dplay] Send 33 bytes pid 1 -> 2 (ok)
[agg] SendEx aggpacket 12/s  from=1 to=2(playergroup) players=2 size=33 res=0x0
[dplay] received 14 data bytes from pid 4
[dplay] Send 14 bytes pid 3 -> 1 (ok)
[agg] sent-to-agg/s dummy=0 init=0 other=13 (last other IDCode=207)  Count=215 FrameCount=216 synched=1 csync=1 res=0
[dplay] Send 33 bytes pid 1 -> 2 (ok)
[dplay] received 14 data bytes from pid 4
[dplay] Send 14 bytes pid 3 -> 1 (ok)
[dplay] Send 33 bytes pid 1 -> 2 (ok)
[dplay] received 14 data bytes from pid 4
[moveloop] iter=1750 -> waiting on SEMAPHORE
[moveloop] iter=1750 -> got semaphore, waiting on MUTEX
[dplay] Send 14 bytes pid 3 -> 1 (ok)
[dplay] Send 33 bytes pid 1 -> 2 (ok)
[dplay] received 14 data bytes from pid 4
[dplay] Send 14 bytes pid 3 -> 1 (ok)
[dplay] Send 33 bytes pid 1 -> 2 (ok)
[dplay] received 14 data bytes from pid 4
[dplay] Send 14 bytes pid 3 -> 1 (ok)
[dplay] Send 33 bytes pid 1 -> 2 (ok)
[dplay] received 14 data bytes from pid 4
[dplay] Send 14 bytes pid 3 -> 1 (ok)
[dplay] Send 33 bytes pid 1 -> 2 (ok)
[dplay] received 14 data bytes from pid 4
[dplay] Send 14 bytes pid 3 -> 1 (ok)
[dplay] Send 33 bytes pid 1 -> 2 (ok)
[dplay] received 14 data bytes from pid 4
[dplay] Send 14 bytes pid 3 -> 1 (ok)
[dplay] Send 33 bytes pid 1 -> 2 (ok)
[dplay] received 14 data bytes from pid 4
[dplay] Send 14 bytes pid 3 -> 1 (ok)
[dplay] Send 33 bytes pid 1 -> 2 (ok)
[dplay] received 14 data bytes from pid 4
[dplay] Send 14 bytes pid 3 -> 1 (ok)
[dplay] Send 33 bytes pid 1 -> 2 (ok)
[dplay] received 14 data bytes from pid 4
[dplay] Send 14 bytes pid 3 -> 1 (ok)
[dplay] Send 33 bytes pid 1 -> 2 (ok)
[dplay] received 14 data bytes from pid 4
[dplay] Send 14 bytes pid 3 -> 1 (ok)
[dplay] Send 33 bytes pid 1 -> 2 (ok)
[dplay] received 14 data bytes from pid 4
[agg] StaticTimeProc 49/s  impl=1 host=1 running=1 resync=0 served=0  -> AggregatorGetPackets 49/s
[agg] drained/s:  aggregator from=4 to=1 len=14 x13  aggregator from=3 to=1 len=14 x12  WINMOVE.CPP:4941 from=1 to=2 len=33 x13
[agg] aggregator received 25 msg/s  right-size 25  mapped-to-slot 25  from: 4 3  (H2H dpids: [0]=3 [1]=4)  sizeof(ACPACKET)=14
[agg] loopback 25/s  from=3 to=1 (local player or group)
[dplay] Send 14 bytes pid 3 -> 1 (ok)
[agg] sent-to-agg/s dummy=0 init=0 other=12 (last other IDCode=207)  Count=227 FrameCount=228 synched=1 csync=1 res=0
[dplay] Send 33 bytes pid 1 -> 2 (ok)
[agg] SendEx aggpacket 13/s  from=1 to=2(playergroup) players=2 size=33 res=0x0
[dplay] received 14 data bytes from pid 4
[dplay] Send 14 bytes pid 3 -> 1 (ok)
[dplay] Send 33 bytes pid 1 -> 2 (ok)
[dplay] received 14 data bytes from pid 4
[dplay] Send 14 bytes pid 3 -> 1 (ok)
[dplay] Send 33 bytes pid 1 -> 2 (ok)
[moveloop] iter=1800 -> waiting on SEMAPHORE
[moveloop] iter=1800 -> got semaphore, waiting on MUTEX
[dplay] received 14 data bytes from pid 4
[timeproc] tick=10250 instances=1 currinst=0xb0d3610
[dplay] Send 14 bytes pid 3 -> 1 (ok)
[dplay] Send 33 bytes pid 1 -> 2 (ok)
[dplay] pump #12000 (host=1) -- discovery is answered only from here
[dplay] received 14 data bytes from pid 4
[dplay] Send 14 bytes pid 3 -> 1 (ok)
[dplay] Send 33 bytes pid 1 -> 2 (ok)
[dplay] received 14 data bytes from pid 4
[dplay] Send 14 bytes pid 3 -> 1 (ok)
[mfctimer] fire #13500 wnd=0x9f1d456 id=2378
[dplay] Send 33 bytes pid 1 -> 2 (ok)
[dplay] received 14 data bytes from pid 4
[dplay] Send 14 bytes pid 3 -> 1 (ok)
[dplay] Send 33 bytes pid 1 -> 2 (ok)
[dplay] received 14 data bytes from pid 4
[dplay] Send 19 bytes pid 1 -> 2 (ok)
[dplay] Send 14 bytes pid 3 -> 1 (ok)
[dplay] received 14 data bytes from pid 4
[dplay] Send 33 bytes pid 1 -> 2 (ok)
[dplay] Send 14 bytes pid 3 -> 1 (ok)
[dplay] received 14 data bytes from pid 4
[dplay] Send 33 bytes pid 1 -> 2 (ok)
[dplay] Send 14 bytes pid 3 -> 1 (ok)
[dplay] received 14 data bytes from pid 4
[dplay] Send 33 bytes pid 1 -> 2 (ok)
[dplay] Send 14 bytes pid 3 -> 1 (ok)
[dplay] received 14 data bytes from pid 4
[dplay] Send 33 bytes pid 1 -> 2 (ok)
[dplay] Send 14 bytes pid 3 -> 1 (ok)
[dplay] received 14 data bytes from pid 4
[dplay] Send 33 bytes pid 1 -> 2 (ok)
[dplay] Send 14 bytes pid 3 -> 1 (ok)
[agg] StaticTimeProc 50/s  impl=1 host=1 running=1 resync=0 served=0  -> AggregatorGetPackets 50/s
[agg] drained/s:  aggregator from=4 to=1 len=14 x12  aggregator from=3 to=1 len=14 x13  WINMOVE.CPP:4941 from=1 to=2 len=33 x13  WINMOVE.CPP:4941 from=1 to=2 len=19 x1
[agg] aggregator received 25 msg/s  right-size 25  mapped-to-slot 25  from: 3 4  (H2H dpids: [0]=3 [1]=4)  sizeof(ACPACKET)=14
[dplay] received 14 data bytes from pid 4
[agg] loopback 26/s  from=1 to=2 (local player or group)
[dplay] Send 33 bytes pid 1 -> 2 (ok)
[agg] SendEx aggpacket 13/s  from=1 to=2(playergroup) players=2 size=33 res=0x0
[dplay] Send 14 bytes pid 3 -> 1 (ok)
[agg] sent-to-agg/s dummy=0 init=0 other=13 (last other IDCode=207)  Count=240 FrameCount=241 synched=1 csync=1 res=0
[dplay] received 14 data bytes from pid 4
[dplay] Send 33 bytes pid 1 -> 2 (ok)
[dplay] Send 14 bytes pid 3 -> 1 (ok)
[dplay] received 14 data bytes from pid 4
[dplay] Send 33 bytes pid 1 -> 2 (ok)
[moveloop] iter=1850 -> waiting on SEMAPHORE
[moveloop] iter=1850 -> got semaphore, waiting on MUTEX
[dplay] Send 14 bytes pid 3 -> 1 (ok)
[dplay] received 14 data bytes from pid 4
[dplay] Send 33 bytes pid 1 -> 2 (ok)
[dplay] Send 14 bytes pid 3 -> 1 (ok)
[dplay] received 14 data bytes from pid 4
[dplay] Send 33 bytes pid 1 -> 2 (ok)
[dplay] Send 14 bytes pid 3 -> 1 (ok)
[dplay] received 14 data bytes from pid 4
[dplay] Send 33 bytes pid 1 -> 2 (ok)
[dplay] Send 14 bytes pid 3 -> 1 (ok)
[dplay] received 14 data bytes from pid 4
[dplay] Send 33 bytes pid 1 -> 2 (ok)
[dplay] Send 14 bytes pid 3 -> 1 (ok)
[dplay] received 14 data bytes from pid 4
[dplay] Send 33 bytes pid 1 -> 2 (ok)
[dplay] Send 14 bytes pid 3 -> 1 (ok)
[dplay] received 14 data bytes from pid 4
[dplay] Send 33 bytes pid 1 -> 2 (ok)
[dplay] Send 14 bytes pid 3 -> 1 (ok)
[dplay] received 14 data bytes from pid 4
[dplay] Send 33 bytes pid 1 -> 2 (ok)
[dplay] Send 14 bytes pid 3 -> 1 (ok)
[dplay] received 14 data bytes from pid 4
[dplay] Send 33 bytes pid 1 -> 2 (ok)
[dplay] Send 14 bytes pid 3 -> 1 (ok)
[dplay] received 14 data bytes from pid 4
[dplay] Send 33 bytes pid 1 -> 2 (ok)
[dplay] Send 14 bytes pid 3 -> 1 (ok)
[mfctimer] fire #14000 wnd=0x9f1d456 id=2378
[dplay] received 14 data bytes from pid 4
[agg] StaticTimeProc 49/s  impl=1 host=1 running=1 resync=0 served=0  -> AggregatorGetPackets 49/s
[agg] drained/s:  aggregator from=4 to=1 len=14 x13  aggregator from=3 to=1 len=14 x12  WINMOVE.CPP:4941 from=1 to=2 len=33 x12
[agg] aggregator received 25 msg/s  right-size 25  mapped-to-slot 25  from: 4 3  (H2H dpids: [0]=3 [1]=4)  sizeof(ACPACKET)=14
[agg] loopback 24/s  from=1 to=2 (local player or group)
[dplay] Send 33 bytes pid 1 -> 2 (ok)
[agg] SendEx aggpacket 12/s  from=1 to=2(playergroup) players=2 size=33 res=0x0
[dplay] Send 14 bytes pid 3 -> 1 (ok)
[agg] sent-to-agg/s dummy=0 init=0 other=12 (last other IDCode=207)  Count=252 FrameCount=253 synched=1 csync=1 res=0
[dplay] received 14 data bytes from pid 4
[dplay] Send 33 bytes pid 1 -> 2 (ok)
[dplay] Send 14 bytes pid 3 -> 1 (ok)
[dplay] received 14 data bytes from pid 4
[dplay] Send 33 bytes pid 1 -> 2 (ok)
[dplay] Send 14 bytes pid 3 -> 1 (ok)
[moveloop] iter=1900 -> waiting on SEMAPHORE
[moveloop] iter=1900 -> got semaphore, waiting on MUTEX
[dplay] received 14 data bytes from pid 4
[dplay] Send 33 bytes pid 1 -> 2 (ok)
[dplay] Send 14 bytes pid 3 -> 1 (ok)
[dplay] received 14 data bytes from pid 4
[dplay] Send 33 bytes pid 1 -> 2 (ok)
[dplay] Send 14 bytes pid 3 -> 1 (ok)
[dplay] received 14 data bytes from pid 4
[dplay] Send 33 bytes pid 1 -> 2 (ok)
[dplay] Send 14 bytes pid 3 -> 1 (ok)
[dplay] received 14 data bytes from pid 4
[dplay] Send 33 bytes pid 1 -> 2 (ok)
[dplay] Send 14 bytes pid 3 -> 1 (ok)
[dplay] received 14 data bytes from pid 4
[dplay] Send 33 bytes pid 1 -> 2 (ok)
[dplay] Send 14 bytes pid 3 -> 1 (ok)
[dplay] received 14 data bytes from pid 4
[dplay] Send 33 bytes pid 1 -> 2 (ok)
[dplay] Send 14 bytes pid 3 -> 1 (ok)
[dplay] received 14 data bytes from pid 4
[dplay] Send 33 bytes pid 1 -> 2 (ok)
[dplay] Send 14 bytes pid 3 -> 1 (ok)
[movegate] cycle=1000 timeout=0 accelcountdown=1 accel=0
[movestep] cycle=1000 paused=0 num=1
[dplay] received 14 data bytes from pid 4
[hatbtn] dwData=0xffffffff base=292 pressing=8 -> raw -1
[dplay] Send 33 bytes pid 1 -> 2 (ok)
[dplay] Send 14 bytes pid 3 -> 1 (ok)
[dplay] received 14 data bytes from pid 4
[dplay] Send 33 bytes pid 1 -> 2 (ok)
[dplay] Send 14 bytes pid 3 -> 1 (ok)
[dplay] received 14 data bytes from pid 4
[dplay] Send 33 bytes pid 1 -> 2 (ok)
[dplay] Send 14 bytes pid 3 -> 1 (ok)
[agg] StaticTimeProc 49/s  impl=1 host=1 running=1 resync=0 served=0  -> AggregatorGetPackets 49/s
[agg] drained/s:  aggregator from=4 to=1 len=14 x12  aggregator from=3 to=1 len=14 x13  WINMOVE.CPP:4941 from=1 to=2 len=33 x13
[agg] aggregator received 25 msg/s  right-size 25  mapped-to-slot 25  from: 3 4  (H2H dpids: [0]=3 [1]=4)  sizeof(ACPACKET)=14
[dplay] received 14 data bytes from pid 4
[agg] loopback 26/s  from=1 to=2 (local player or group)
[dplay] Send 33 bytes pid 1 -> 2 (ok)
[agg] SendEx aggpacket 13/s  from=1 to=2(playergroup) players=2 size=33 res=0x0
[dplay] Send 14 bytes pid 3 -> 1 (ok)
[agg] sent-to-agg/s dummy=0 init=0 other=13 (last other IDCode=207)  Count=9 FrameCount=10 synched=1 csync=1 res=0
[dplay] received 14 data bytes from pid 4
[dplay] Send 33 bytes pid 1 -> 2 (ok)
[dplay] Send 14 bytes pid 3 -> 1 (ok)
[dplay] received 14 data bytes from pid 4
[dplay] Send 33 bytes pid 1 -> 2 (ok)
[moveloop] iter=1950 -> waiting on SEMAPHORE
[moveloop] iter=1950 -> got semaphore, waiting on MUTEX
[dplay] Send 14 bytes pid 3 -> 1 (ok)
[dplay] received 14 data bytes from pid 4
[dplay] Send 33 bytes pid 1 -> 2 (ok)
[dplay] Send 14 bytes pid 3 -> 1 (ok)
[dplay] received 14 data bytes from pid 4
[dplay] Send 33 bytes pid 1 -> 2 (ok)
[dplay] Send 14 bytes pid 3 -> 1 (ok)
[dplay] received 14 data bytes from pid 4
[dplay] Send 33 bytes pid 1 -> 2 (ok)
[dplay] Send 14 bytes pid 3 -> 1 (ok)
[mfctimer] fire #14500 wnd=0x9f1d456 id=2378
[dplay] received 14 data bytes from pid 4
[dplay] Send 33 bytes pid 1 -> 2 (ok)
[dplay] Send 14 bytes pid 3 -> 1 (ok)
[dplay] received 14 data bytes from pid 4
[dplay] Send 33 bytes pid 1 -> 2 (ok)
[dplay] Send 14 bytes pid 3 -> 1 (ok)
[dplay] received 14 data bytes from pid 4
[dplay] Send 33 bytes pid 1 -> 2 (ok)
[dplay] Send 14 bytes pid 3 -> 1 (ok)
[dplay] received 14 data bytes from pid 4
[dplay] Send 33 bytes pid 1 -> 2 (ok)
[dplay] Send 14 bytes pid 3 -> 1 (ok)
[dplay] received 14 data bytes from pid 4
[dplay] Send 33 bytes pid 1 -> 2 (ok)
[dplay] Send 14 bytes pid 3 -> 1 (ok)
[dplay] received 14 data bytes from pid 4
[dplay] Send 33 bytes pid 1 -> 2 (ok)
[dplay] pump #12500 (host=1) -- discovery is answered only from here
[dplay] Send 14 bytes pid 3 -> 1 (ok)
[dplay] received 14 data bytes from pid 4
[dplay] Send 33 bytes pid 1 -> 2 (ok)
[agg] StaticTimeProc 50/s  impl=1 host=1 running=1 resync=0 served=0  -> AggregatorGetPackets 50/s
[agg] loopback 25/s  from=3 to=1 (local player or group)
[dplay] Send 14 bytes pid 3 -> 1 (ok)
[agg] sent-to-agg/s dummy=0 init=0 other=12 (last other IDCode=207)  Count=21 FrameCount=22 synched=1 csync=1 res=0
[agg] drained/s:  aggregator from=4 to=1 len=14 x13  aggregator from=3 to=1 len=14 x13  WINMOVE.CPP:4941 from=1 to=2 len=33 x13
[agg] aggregator received 26 msg/s  right-size 26  mapped-to-slot 26  from: 4 3  (H2H dpids: [0]=3 [1]=4)  sizeof(ACPACKET)=14
[dplay] received 14 data bytes from pid 4
[dplay] Send 33 bytes pid 1 -> 2 (ok)
[agg] SendEx aggpacket 13/s  from=1 to=2(playergroup) players=2 size=33 res=0x0
[dplay] Send 14 bytes pid 3 -> 1 (ok)
[dplay] received 14 data bytes from pid 4
[dplay] Send 33 bytes pid 1 -> 2 (ok)
[dplay] Send 14 bytes pid 3 -> 1 (ok)
[moveloop] iter=2000 -> waiting on SEMAPHORE
[moveloop] iter=2000 -> got semaphore, waiting on MUTEX
[dplay] received 14 data bytes from pid 4
[dplay] Send 33 bytes pid 1 -> 2 (ok)
[dplay] Send 14 bytes pid 3 -> 1 (ok)
[dplay] Send 19 bytes pid 1 -> 2 (ok)
[dplay] received 14 data bytes from pid 4
[dplay] Send 14 bytes pid 3 -> 1 (ok)
[dplay] Send 33 bytes pid 1 -> 2 (ok)
[dplay] received 14 data bytes from pid 4
[dplay] Send 14 bytes pid 3 -> 1 (ok)
[dplay] Send 33 bytes pid 1 -> 2 (ok)
[dplay] received 14 data bytes from pid 4
[dplay] Send 14 bytes pid 3 -> 1 (ok)
[dplay] Send 33 bytes pid 1 -> 2 (ok)
[dplay] received 14 data bytes from pid 4
[dplay] Send 14 bytes pid 3 -> 1 (ok)
[dplay] Send 33 bytes pid 1 -> 2 (ok)
[dplay] received 14 data bytes from pid 4
[dplay] Send 14 bytes pid 3 -> 1 (ok)
[dplay] Send 33 bytes pid 1 -> 2 (ok)
[dplay] received 14 data bytes from pid 4
[dplay] Send 14 bytes pid 3 -> 1 (ok)
[dplay] Send 33 bytes pid 1 -> 2 (ok)
[dplay] received 14 data bytes from pid 4
[dplay] Send 14 bytes pid 3 -> 1 (ok)
[dplay] Send 33 bytes pid 1 -> 2 (ok)
[dplay] received 14 data bytes from pid 4
[dplay] Send 14 bytes pid 3 -> 1 (ok)
[dplay] Send 33 bytes pid 1 -> 2 (ok)
[dplay] received 14 data bytes from pid 4
[dplay] Send 14 bytes pid 3 -> 1 (ok)
[agg] StaticTimeProc 49/s  impl=1 host=1 running=1 resync=0 served=0  -> AggregatorGetPackets 49/s
[agg] drained/s:  aggregator from=4 to=1 len=14 x12  aggregator from=3 to=1 len=14 x12  WINMOVE.CPP:4941 from=1 to=2 len=33 x12  WINMOVE.CPP:4941 from=1 to=2 len=19 x1
[agg] aggregator received 24 msg/s  right-size 24  mapped-to-slot 24  from: 4 3  (H2H dpids: [0]=3 [1]=4)  sizeof(ACPACKET)=14
[agg] loopback 25/s  from=1 to=2 (local player or group)
[dplay] Send 33 bytes pid 1 -> 2 (ok)
[agg] SendEx aggpacket 12/s  from=1 to=2(playergroup) players=2 size=33 res=0x0
[dplay] received 14 data bytes from pid 4
[mfctimer] fire #15000 wnd=0x9f1d456 id=2378
[dplay] Send 14 bytes pid 3 -> 1 (ok)
[agg] sent-to-agg/s dummy=0 init=0 other=13 (last other IDCode=207)  Count=34 FrameCount=35 synched=1 csync=1 res=0
[dplay] Send 33 bytes pid 1 -> 2 (ok)
[dplay] received 14 data bytes from pid 4
[dplay] Send 14 bytes pid 3 -> 1 (ok)
[dplay] Send 33 bytes pid 1 -> 2 (ok)
[dplay] received 14 data bytes from pid 4
[moveloop] iter=2050 -> waiting on SEMAPHORE
[moveloop] iter=2050 -> got semaphore, waiting on MUTEX
[dplay] Send 14 bytes pid 3 -> 1 (ok)
[dplay] Send 33 bytes pid 1 -> 2 (ok)
[dplay] received 14 data bytes from pid 4
[timeproc] tick=10500 instances=1 currinst=0xb0d3610
[dplay] Send 14 bytes pid 3 -> 1 (ok)
[dplay] Send 33 bytes pid 1 -> 2 (ok)
[dplay] received 14 data bytes from pid 4
[dplay] Send 14 bytes pid 3 -> 1 (ok)
[dplay] Send 33 bytes pid 1 -> 2 (ok)
[dplay] received 14 data bytes from pid 4
[dplay] Send 14 bytes pid 3 -> 1 (ok)
[dplay] Send 33 bytes pid 1 -> 2 (ok)
[dplay] received 14 data bytes from pid 4
[dplay] Send 14 bytes pid 3 -> 1 (ok)
[dplay] Send 33 bytes pid 1 -> 2 (ok)
[dplay] received 14 data bytes from pid 4
[dplay] Send 14 bytes pid 3 -> 1 (ok)
[dplay] Send 33 bytes pid 1 -> 2 (ok)
[dplay] received 14 data bytes from pid 4
[dplay] Send 14 bytes pid 3 -> 1 (ok)
[dplay] Send 33 bytes pid 1 -> 2 (ok)
[dplay] received 14 data bytes from pid 4
[dplay] Send 14 bytes pid 3 -> 1 (ok)
[dplay] Send 33 bytes pid 1 -> 2 (ok)
[dplay] received 14 data bytes from pid 4
[dplay] Send 14 bytes pid 3 -> 1 (ok)
[dplay] Send 33 bytes pid 1 -> 2 (ok)
[dplay] received 14 data bytes from pid 4
[dplay] Send 14 bytes pid 3 -> 1 (ok)
[dplay] Send 33 bytes pid 1 -> 2 (ok)
[dplay] received 14 data bytes from pid 4
[agg] StaticTimeProc 50/s  impl=1 host=1 running=1 resync=0 served=0  -> AggregatorGetPackets 50/s
[agg] loopback 25/s  from=3 to=1 (local player or group)
[dplay] Send 14 bytes pid 3 -> 1 (ok)
[agg] sent-to-agg/s dummy=0 init=0 other=12 (last other IDCode=207)  Count=46 FrameCount=47 synched=1 csync=1 res=0
[agg] drained/s:  aggregator from=4 to=1 len=14 x13  aggregator from=3 to=1 len=14 x13  WINMOVE.CPP:4941 from=1 to=2 len=33 x13
[agg] aggregator received 26 msg/s  right-size 26  mapped-to-slot 26  from: 4 3  (H2H dpids: [0]=3 [1]=4)  sizeof(ACPACKET)=14
[dplay] Send 33 bytes pid 1 -> 2 (ok)
[agg] SendEx aggpacket 13/s  from=1 to=2(playergroup) players=2 size=33 res=0x0
[dplay] received 14 data bytes from pid 4
[dplay] Send 14 bytes pid 3 -> 1 (ok)
[dplay] Send 33 bytes pid 1 -> 2 (ok)
[dplay] received 14 data bytes from pid 4
[dplay] Send 19 bytes pid 1 -> 2 (ok)
[dplay] received 14 data bytes from pid 4
[dplay] Send 19 bytes pid 1 -> 2 (ok)
[dplay] received 14 data bytes from pid 4
[dplay] Send 19 bytes pid 1 -> 2 (ok)
[dplay] received 14 data bytes from pid 4
[dplay] Send 14 bytes pid 3 -> 1 (ok)
[dplay] Send 33 bytes pid 1 -> 2 (ok)
[moveloop] iter=2100 -> waiting on SEMAPHORE
[moveloop] iter=2100 -> got semaphore, waiting on MUTEX
[dplay] received 14 data bytes from pid 4
[dplay] Send 14 bytes pid 3 -> 1 (ok)
[dplay] Send 33 bytes pid 1 -> 2 (ok)
[dplay] received 14 data bytes from pid 4
[dplay] Send 14 bytes pid 3 -> 1 (ok)
[mfctimer] fire #15500 wnd=0x9f1d456 id=2378
[dplay] Send 33 bytes pid 1 -> 2 (ok)
[dplay] received 14 data bytes from pid 4
[dplay] Send 14 bytes pid 3 -> 1 (ok)
[dplay] Send 33 bytes pid 1 -> 2 (ok)
[dplay] received 14 data bytes from pid 4
[dplay] Send 19 bytes pid 1 -> 2 (ok)
[dplay] Send 14 bytes pid 3 -> 1 (ok)
[dplay] received 14 data bytes from pid 4
[dplay] Send 33 bytes pid 1 -> 2 (ok)
[dplay] Send 14 bytes pid 3 -> 1 (ok)
[dplay] received 14 data bytes from pid 4
[dplay] Send 33 bytes pid 1 -> 2 (ok)
[dplay] Send 14 bytes pid 3 -> 1 (ok)
[dplay] received 14 data bytes from pid 4
[dplay] Send 33 bytes pid 1 -> 2 (ok)
[dplay] Send 14 bytes pid 3 -> 1 (ok)
[agg] StaticTimeProc 49/s  impl=1 host=1 running=1 resync=0 served=0  -> AggregatorGetPackets 49/s
[agg] drained/s:  aggregator from=4 to=1 len=14 x12  aggregator from=3 to=1 len=14 x9  WINMOVE.CPP:4941 from=1 to=2 len=33 x11  WINMOVE.CPP:4941 from=1 to=2 len=19 x4
[agg] aggregator received 21 msg/s  right-size 21  mapped-to-slot 21  from: 4 3  (H2H dpids: [0]=3 [1]=4)  sizeof(ACPACKET)=14
[accnt] aircraft in this world: now=8 MAX=8 visible=2 dead=6 (frame sample #2)
[dplay] received 14 data bytes from pid 4
[agg] loopback 23/s  from=1 to=2 (local player or group)
[dplay] Send 33 bytes pid 1 -> 2 (ok)
[agg] SendEx aggpacket 13/s  from=1 to=2(playergroup) players=2 size=33 res=0x0
[dplay] Send 14 bytes pid 3 -> 1 (ok)
[agg] sent-to-agg/s dummy=0 init=0 other=10 (last other IDCode=207)  Count=56 FrameCount=57 synched=1 csync=1 res=0
[dplay] received 14 data bytes from pid 4
[dplay] Send 33 bytes pid 1 -> 2 (ok)
[dplay] Send 14 bytes pid 3 -> 1 (ok)
[dplay] received 14 data bytes from pid 4
[dplay] Send 33 bytes pid 1 -> 2 (ok)
[dplay] Send 14 bytes pid 3 -> 1 (ok)
[dplay] received 14 data bytes from pid 4
[dplay] Send 33 bytes pid 1 -> 2 (ok)
[dplay] Send 14 bytes pid 3 -> 1 (ok)
[dplay] received 14 data bytes from pid 4
[dplay] Send 33 bytes pid 1 -> 2 (ok)
[dplay] Send 14 bytes pid 3 -> 1 (ok)
[dplay] received 14 data bytes from pid 4
[dplay] Send 33 bytes pid 1 -> 2 (ok)
[moveloop] iter=2150 -> waiting on SEMAPHORE
[moveloop] iter=2150 -> got semaphore, waiting on MUTEX
[dplay] Send 14 bytes pid 3 -> 1 (ok)
[dplay] received 14 data bytes from pid 4
[dplay] Send 33 bytes pid 1 -> 2 (ok)
[dplay] Send 14 bytes pid 3 -> 1 (ok)
[dplay] received 14 data bytes from pid 4
[dplay] Send 33 bytes pid 1 -> 2 (ok)
[dplay] Send 14 bytes pid 3 -> 1 (ok)
[dplay] received 14 data bytes from pid 4
[dplay] Send 33 bytes pid 1 -> 2 (ok)
[dplay] pump #13000 (host=1) -- discovery is answered only from here
[dplay] Send 14 bytes pid 3 -> 1 (ok)
[dplay] received 14 data bytes from pid 4
[dplay] Send 33 bytes pid 1 -> 2 (ok)
[dplay] Send 14 bytes pid 3 -> 1 (ok)
[dplay] received 14 data bytes from pid 4
[dplay] Send 33 bytes pid 1 -> 2 (ok)
[dplay] Send 14 bytes pid 3 -> 1 (ok)
[dplay] received 14 data bytes from pid 4
[dplay] Send 33 bytes pid 1 -> 2 (ok)
[dplay] Send 14 bytes pid 3 -> 1 (ok)
[dplay] received 14 data bytes from pid 4
[agg] StaticTimeProc 49/s  impl=1 host=1 running=1 resync=0 served=0  -> AggregatorGetPackets 49/s
[agg] drained/s:  aggregator from=4 to=1 len=14 x13  aggregator from=3 to=1 len=14 x12  WINMOVE.CPP:4941 from=1 to=2 len=33 x12
[agg] aggregator received 25 msg/s  right-size 25  mapped-to-slot 25  from: 4 3  (H2H dpids: [0]=3 [1]=4)  sizeof(ACPACKET)=14
[agg] loopback 24/s  from=1 to=2 (local player or group)
[dplay] Send 33 bytes pid 1 -> 2 (ok)
[agg] SendEx aggpacket 12/s  from=1 to=2(playergroup) players=2 size=33 res=0x0
[movegate] cycle=1250 timeout=0 accelcountdown=1 accel=0
[movestep] cycle=1250 paused=0 num=1
[dplay] Send 14 bytes pid 3 -> 1 (ok)
[agg] sent-to-agg/s dummy=0 init=0 other=12 (last other IDCode=207)  Count=68 FrameCount=69 synched=1 csync=1 res=0
[dplay] received 14 data bytes from pid 4
[dplay] Send 33 bytes pid 1 -> 2 (ok)
[dplay] Send 14 bytes pid 3 -> 1 (ok)
[mfctimer] fire #16000 wnd=0x9f1d456 id=2378
[dplay] received 14 data bytes from pid 4
[dplay] Send 33 bytes pid 1 -> 2 (ok)
[dplay] Send 14 bytes pid 3 -> 1 (ok)
[dplay] received 14 data bytes from pid 4
[dplay] Send 33 bytes pid 1 -> 2 (ok)
[dplay] Send 14 bytes pid 3 -> 1 (ok)
[dplay] received 14 data bytes from pid 4
[dplay] Send 33 bytes pid 1 -> 2 (ok)
[dplay] Send 14 bytes pid 3 -> 1 (ok)
[dplay] received 14 data bytes from pid 4
[dplay] Send 33 bytes pid 1 -> 2 (ok)
[dplay] Send 14 bytes pid 3 -> 1 (ok)
[moveloop] iter=2200 -> waiting on SEMAPHORE
[moveloop] iter=2200 -> got semaphore, waiting on MUTEX
[dplay] received 14 data bytes from pid 4
[dplay] Send 33 bytes pid 1 -> 2 (ok)
[dplay] Send 14 bytes pid 3 -> 1 (ok)
[dplay] received 14 data bytes from pid 4
[dplay] Send 33 bytes pid 1 -> 2 (ok)
[dplay] Send 14 bytes pid 3 -> 1 (ok)
[dplay] received 14 data bytes from pid 4
[dplay] Send 33 bytes pid 1 -> 2 (ok)
[dplay] Send 14 bytes pid 3 -> 1 (ok)
[dplay] received 14 data bytes from pid 4
[dplay] Send 33 bytes pid 1 -> 2 (ok)
[dplay] Send 14 bytes pid 3 -> 1 (ok)
[dplay] received 14 data bytes from pid 4
[dplay] Send 33 bytes pid 1 -> 2 (ok)
[dplay] Send 14 bytes pid 3 -> 1 (ok)
[dplay] received 14 data bytes from pid 4
[dplay] Send 33 bytes pid 1 -> 2 (ok)
[dplay] Send 14 bytes pid 3 -> 1 (ok)
[dplay] received 14 data bytes from pid 4
[dplay] Send 33 bytes pid 1 -> 2 (ok)
[dplay] Send 14 bytes pid 3 -> 1 (ok)
[agg] StaticTimeProc 49/s  impl=1 host=1 running=1 resync=0 served=0  -> AggregatorGetPackets 49/s
[agg] drained/s:  aggregator from=4 to=1 len=14 x12  aggregator from=3 to=1 len=14 x13  WINMOVE.CPP:4941 from=1 to=2 len=33 x13
[agg] aggregator received 25 msg/s  right-size 25  mapped-to-slot 25  from: 3 4  (H2H dpids: [0]=3 [1]=4)  sizeof(ACPACKET)=14
[dplay] received 14 data bytes from pid 4
[agg] loopback 26/s  from=1 to=2 (local player or group)
[dplay] Send 33 bytes pid 1 -> 2 (ok)
[agg] SendEx aggpacket 13/s  from=1 to=2(playergroup) players=2 size=33 res=0x0
[dplay] Send 14 bytes pid 3 -> 1 (ok)
[agg] sent-to-agg/s dummy=0 init=0 other=13 (last other IDCode=207)  Count=81 FrameCount=82 synched=1 csync=1 res=0
[dplay] received 14 data bytes from pid 4
[dplay] Send 33 bytes pid 1 -> 2 (ok)
[dplay] Send 14 bytes pid 3 -> 1 (ok)
[dplay] received 14 data bytes from pid 4
[dplay] Send 33 bytes pid 1 -> 2 (ok)
[dplay] Send 14 bytes pid 3 -> 1 (ok)
[dplay] received 14 data bytes from pid 4
[dplay] Send 33 bytes pid 1 -> 2 (ok)
[dplay] Send 14 bytes pid 3 -> 1 (ok)
[dplay] received 14 data bytes from pid 4
[dplay] Send 33 bytes pid 1 -> 2 (ok)
[dplay] Send 14 bytes pid 3 -> 1 (ok)
[dplay] received 14 data bytes from pid 4
[dplay] Send 33 bytes pid 1 -> 2 (ok)
[moveloop] iter=2250 -> waiting on SEMAPHORE
[moveloop] iter=2250 -> got semaphore, waiting on MUTEX
[dplay] Send 14 bytes pid 3 -> 1 (ok)
[dplay] received 14 data bytes from pid 4
[dplay] Send 33 bytes pid 1 -> 2 (ok)
[dplay] Send 14 bytes pid 3 -> 1 (ok)
[dplay] received 14 data bytes from pid 4
[dplay] Send 33 bytes pid 1 -> 2 (ok)
[dplay] Send 14 bytes pid 3 -> 1 (ok)
[dplay] received 14 data bytes from pid 4
[dplay] Send 33 bytes pid 1 -> 2 (ok)
[mfctimer] fire #16500 wnd=0x9f1d456 id=2378
[dplay] Send 14 bytes pid 3 -> 1 (ok)
[dplay] received 14 data bytes from pid 4
[dplay] Send 33 bytes pid 1 -> 2 (ok)
[dplay] Send 14 bytes pid 3 -> 1 (ok)
[dplay] received 14 data bytes from pid 4
[dplay] Send 33 bytes pid 1 -> 2 (ok)
[dplay] Send 14 bytes pid 3 -> 1 (ok)
[dplay] received 14 data bytes from pid 4
[dplay] Send 33 bytes pid 1 -> 2 (ok)
[dplay] Send 14 bytes pid 3 -> 1 (ok)
[dplay] received 14 data bytes from pid 4
[dplay] Send 33 bytes pid 1 -> 2 (ok)
[agg] StaticTimeProc 50/s  impl=1 host=1 running=1 resync=0 served=0  -> AggregatorGetPackets 50/s
[agg] loopback 25/s  from=3 to=1 (local player or group)
[dplay] Send 14 bytes pid 3 -> 1 (ok)
[agg] sent-to-agg/s dummy=0 init=0 other=12 (last other IDCode=207)  Count=93 FrameCount=94 synched=1 csync=1 res=0
[agg] drained/s:  aggregator from=4 to=1 len=14 x13  aggregator from=3 to=1 len=14 x13  WINMOVE.CPP:4941 from=1 to=2 len=33 x13
[agg] aggregator received 26 msg/s  right-size 26  mapped-to-slot 26  from: 4 3  (H2H dpids: [0]=3 [1]=4)  sizeof(ACPACKET)=14
[dplay] received 14 data bytes from pid 4
[dplay] Send 33 bytes pid 1 -> 2 (ok)
[agg] SendEx aggpacket 13/s  from=1 to=2(playergroup) players=2 size=33 res=0x0
[dplay] Send 14 bytes pid 3 -> 1 (ok)
[dplay] Send 19 bytes pid 1 -> 2 (ok)
[dplay] received 14 data bytes from pid 4
[dplay] Send 14 bytes pid 3 -> 1 (ok)
[dplay] Send 33 bytes pid 1 -> 2 (ok)
[dplay] Send 14 bytes pid 3 -> 1 (ok)
[dplay] received 14 data bytes from pid 4
[dplay] received 14 data bytes from pid 4
[dplay] Send 33 bytes pid 1 -> 2 (ok)
[dplay] Send 14 bytes pid 3 -> 1 (ok)
[dplay] Send 33 bytes pid 1 -> 2 (ok)
[dplay] received 14 data bytes from pid 4
[dplay] Send 14 bytes pid 3 -> 1 (ok)
[dplay] Send 33 bytes pid 1 -> 2 (ok)
[moveloop] iter=2300 -> waiting on SEMAPHORE
[moveloop] iter=2300 -> got semaphore, waiting on MUTEX
[dplay] received 14 data bytes from pid 4
[timeproc] tick=10750 instances=1 currinst=0xb0d3610
[dplay] Send 14 bytes pid 3 -> 1 (ok)
[dplay] Send 33 bytes pid 1 -> 2 (ok)
[dplay] received 14 data bytes from pid 4
[dplay] Send 14 bytes pid 3 -> 1 (ok)
[dplay] Send 33 bytes pid 1 -> 2 (ok)
[dplay] received 14 data bytes from pid 4
[dplay] Send 14 bytes pid 3 -> 1 (ok)
[dplay] Send 33 bytes pid 1 -> 2 (ok)
[dplay] received 14 data bytes from pid 4
[dplay] Send 14 bytes pid 3 -> 1 (ok)
[dplay] Send 33 bytes pid 1 -> 2 (ok)
[dplay] received 14 data bytes from pid 4
[dplay] Send 14 bytes pid 3 -> 1 (ok)
[dplay] Send 33 bytes pid 1 -> 2 (ok)
[dplay] received 14 data bytes from pid 4
[dplay] Send 14 bytes pid 3 -> 1 (ok)
[dplay] Send 33 bytes pid 1 -> 2 (ok)
[dplay] received 14 data bytes from pid 4
[dplay] Send 14 bytes pid 3 -> 1 (ok)
[agg] StaticTimeProc 44/s  impl=1 host=1 running=1 resync=0 served=0  -> AggregatorGetPackets 44/s
[agg] drained/s:  aggregator from=4 to=1 len=14 x10  aggregator from=3 to=1 len=14 x12  WINMOVE.CPP:4941 from=1 to=2 len=33 x12  WINMOVE.CPP:4941 from=1 to=2 len=19 x1  WINMOVE.CPP:4941 from=4 to=1 len=14 x2
[agg] aggregator received 24 msg/s  right-size 24  mapped-to-slot 24  from: 4 3  (H2H dpids: [0]=3 [1]=4)  sizeof(ACPACKET)=14
[agg] loopback 25/s  from=1 to=2 (local player or group)
[dplay] Send 33 bytes pid 1 -> 2 (ok)
[agg] SendEx aggpacket 12/s  from=1 to=2(playergroup) players=2 size=33 res=0x0
[dplay] received 14 data bytes from pid 4
[dplay] Send 14 bytes pid 3 -> 1 (ok)
[agg] sent-to-agg/s dummy=0 init=0 other=13 (last other IDCode=207)  Count=106 FrameCount=107 synched=1 csync=1 res=0
[dplay] Send 33 bytes pid 1 -> 2 (ok)
[dplay] received 14 data bytes from pid 4
[dplay] Send 14 bytes pid 3 -> 1 (ok)
[dplay] Send 33 bytes pid 1 -> 2 (ok)
[dplay] received 14 data bytes from pid 4
[mfctimer] fire #17000 wnd=0x9f1d456 id=2378
[dplay] Send 14 bytes pid 3 -> 1 (ok)
[dplay] Send 33 bytes pid 1 -> 2 (ok)
[dplay] received 14 data bytes from pid 4
[dplay] Send 14 bytes pid 3 -> 1 (ok)
[dplay] Send 33 bytes pid 1 -> 2 (ok)
[dplay] received 14 data bytes from pid 4
[dplay] pump #13500 (host=1) -- discovery is answered only from here
[dplay] Send 14 bytes pid 3 -> 1 (ok)
[dplay] Send 33 bytes pid 1 -> 2 (ok)
[dplay] received 14 data bytes from pid 4
[moveloop] iter=2350 -> waiting on SEMAPHORE
[moveloop] iter=2350 -> got semaphore, waiting on MUTEX
[dplay] Send 14 bytes pid 3 -> 1 (ok)
[dplay] Send 33 bytes pid 1 -> 2 (ok)
[dplay] received 14 data bytes from pid 4
[dplay] Send 14 bytes pid 3 -> 1 (ok)
[dplay] Send 33 bytes pid 1 -> 2 (ok)
[dplay] received 14 data bytes from pid 4
[dplay] Send 14 bytes pid 3 -> 1 (ok)
[dplay] Send 33 bytes pid 1 -> 2 (ok)
[dplay] received 14 data bytes from pid 4
[dplay] Send 14 bytes pid 3 -> 1 (ok)
[dplay] Send 33 bytes pid 1 -> 2 (ok)
[dplay] received 14 data bytes from pid 4
[dplay] Send 19 bytes pid 1 -> 2 (ok)
[dplay] Send 14 bytes pid 3 -> 1 (ok)
[dplay] received 14 data bytes from pid 4
[dplay] Send 33 bytes pid 1 -> 2 (ok)
[dplay] Send 14 bytes pid 3 -> 1 (ok)
[dplay] received 14 data bytes from pid 4
[dplay] Send 33 bytes pid 1 -> 2 (ok)
[dplay] Send 14 bytes pid 3 -> 1 (ok)
[dplay] received 14 data bytes from pid 4
[dplay] Send 33 bytes pid 1 -> 2 (ok)
[agg] StaticTimeProc 50/s  impl=1 host=1 running=1 resync=0 served=0  -> AggregatorGetPackets 50/s
[agg] loopback 26/s  from=3 to=1 (local player or group)
[dplay] Send 14 bytes pid 3 -> 1 (ok)
[agg] sent-to-agg/s dummy=0 init=0 other=12 (last other IDCode=207)  Count=118 FrameCount=119 synched=1 csync=1 res=0
[agg] drained/s:  aggregator from=4 to=1 len=14 x13  aggregator from=3 to=1 len=14 x13  WINMOVE.CPP:4941 from=1 to=2 len=33 x14  WINMOVE.CPP:4941 from=1 to=2 len=19 x1
[agg] aggregator received 26 msg/s  right-size 26  mapped-to-slot 26  from: 4 3  (H2H dpids: [0]=3 [1]=4)  sizeof(ACPACKET)=14
[dplay] received 14 data bytes from pid 4
[dplay] Send 33 bytes pid 1 -> 2 (ok)
[agg] SendEx aggpacket 14/s  from=1 to=2(playergroup) players=2 size=33 res=0x0
[dplay] Send 14 bytes pid 3 -> 1 (ok)
[dplay] received 14 data bytes from pid 4
[dplay] Send 33 bytes pid 1 -> 2 (ok)
[dplay] Send 14 bytes pid 3 -> 1 (ok)
[dplay] received 14 data bytes from pid 4
[dplay] Send 33 bytes pid 1 -> 2 (ok)
[dplay] Send 14 bytes pid 3 -> 1 (ok)
[dplay] received 14 data bytes from pid 4
[dplay] Send 33 bytes pid 1 -> 2 (ok)
[dplay] Send 14 bytes pid 3 -> 1 (ok)
[dplay] received 14 data bytes from pid 4
[dplay] Send 33 bytes pid 1 -> 2 (ok)
[dplay] Send 14 bytes pid 3 -> 1 (ok)
[moveloop] iter=2400 -> waiting on SEMAPHORE
[moveloop] iter=2400 -> got semaphore, waiting on MUTEX
[dplay] received 14 data bytes from pid 4
[dplay] Send 33 bytes pid 1 -> 2 (ok)
[dplay] Send 14 bytes pid 3 -> 1 (ok)
[dplay] received 14 data bytes from pid 4
[dplay] Send 33 bytes pid 1 -> 2 (ok)
[dplay] Send 14 bytes pid 3 -> 1 (ok)
[dplay] received 14 data bytes from pid 4
[dplay] Send 33 bytes pid 1 -> 2 (ok)
[dplay] Send 14 bytes pid 3 -> 1 (ok)
[dplay] received 14 data bytes from pid 4
[dplay] Send 33 bytes pid 1 -> 2 (ok)
[dplay] Send 14 bytes pid 3 -> 1 (ok)
[mfctimer] fire #17500 wnd=0x9f1d456 id=2378
[dplay] received 14 data bytes from pid 4
[dplay] Send 33 bytes pid 1 -> 2 (ok)
[dplay] Send 14 bytes pid 3 -> 1 (ok)
[dplay] received 14 data bytes from pid 4
[dplay] Send 33 bytes pid 1 -> 2 (ok)
[dplay] Send 14 bytes pid 3 -> 1 (ok)
[dplay] received 14 data bytes from pid 4
[dplay] Send 33 bytes pid 1 -> 2 (ok)
[dplay] Send 14 bytes pid 3 -> 1 (ok)
[agg] StaticTimeProc 49/s  impl=1 host=1 running=1 resync=0 served=0  -> AggregatorGetPackets 49/s
[agg] drained/s:  aggregator from=4 to=1 len=14 x12  aggregator from=3 to=1 len=14 x12  WINMOVE.CPP:4941 from=1 to=2 len=33 x12
[agg] aggregator received 24 msg/s  right-size 24  mapped-to-slot 24  from: 4 3  (H2H dpids: [0]=3 [1]=4)  sizeof(ACPACKET)=14
[movegate] cycle=1500 timeout=0 accelcountdown=1 accel=0
[movestep] cycle=1500 paused=0 num=1
[dplay] received 14 data bytes from pid 4
[hatbtn] dwData=0xffffffff base=292 pressing=8 -> raw -1
[agg] loopback 25/s  from=1 to=2 (local player or group)
[dplay] Send 33 bytes pid 1 -> 2 (ok)
[agg] SendEx aggpacket 12/s  from=1 to=2(playergroup) players=2 size=33 res=0x0
[dplay] Send 14 bytes pid 3 -> 1 (ok)
[agg] sent-to-agg/s dummy=0 init=0 other=13 (last other IDCode=207)  Count=131 FrameCount=132 synched=1 csync=1 res=0
[dplay] received 14 data bytes from pid 4
[dplay] Send 33 bytes pid 1 -> 2 (ok)
[dplay] Send 14 bytes pid 3 -> 1 (ok)
[dplay] received 14 data bytes from pid 4
[dplay] Send 33 bytes pid 1 -> 2 (ok)
[dplay] Send 14 bytes pid 3 -> 1 (ok)
[dplay] received 14 data bytes from pid 4
[dplay] Send 33 bytes pid 1 -> 2 (ok)
[dplay] Send 14 bytes pid 3 -> 1 (ok)
[dplay] received 14 data bytes from pid 4
[dplay] Send 33 bytes pid 1 -> 2 (ok)
[dplay] Send 14 bytes pid 3 -> 1 (ok)
[dplay] received 14 data bytes from pid 4
[dplay] Send 33 bytes pid 1 -> 2 (ok)
[moveloop] iter=2450 -> waiting on SEMAPHORE
[moveloop] iter=2450 -> got semaphore, waiting on MUTEX
[dplay] Send 14 bytes pid 3 -> 1 (ok)
[dplay] received 14 data bytes from pid 4
[dplay] Send 33 bytes pid 1 -> 2 (ok)
[dplay] Send 14 bytes pid 3 -> 1 (ok)
[dplay] received 14 data bytes from pid 4
[dplay] Send 33 bytes pid 1 -> 2 (ok)
[dplay] Send 14 bytes pid 3 -> 1 (ok)
[dplay] received 14 data bytes from pid 4
[dplay] Send 33 bytes pid 1 -> 2 (ok)
[dplay] Send 14 bytes pid 3 -> 1 (ok)
[dplay] received 14 data bytes from pid 4
[dplay] Send 33 bytes pid 1 -> 2 (ok)
[dplay] Send 14 bytes pid 3 -> 1 (ok)
[dplay] received 14 data bytes from pid 4
[dplay] Send 33 bytes pid 1 -> 2 (ok)
[dplay] Send 14 bytes pid 3 -> 1 (ok)
[dplay] received 14 data bytes from pid 4
[dplay] Send 33 bytes pid 1 -> 2 (ok)
[dplay] Send 14 bytes pid 3 -> 1 (ok)
[dplay] received 14 data bytes from pid 4
[dplay] Send 33 bytes pid 1 -> 2 (ok)
[agg] drained/s:  aggregator from=4 to=1 len=14 x13  aggregator from=3 to=1 len=14 x12  WINMOVE.CPP:4941 from=1 to=2 len=33 x13
[agg] StaticTimeProc 50/s  impl=1 host=1 running=1 resync=0 served=0  -> AggregatorGetPackets 50/s
[agg] loopback 25/s  from=3 to=1 (local player or group)
[dplay] Send 14 bytes pid 3 -> 1 (ok)
[agg] sent-to-agg/s dummy=0 init=0 other=12 (last other IDCode=207)  Count=143 FrameCount=144 synched=1 csync=1 res=0
[agg] aggregator received 26 msg/s  right-size 26  mapped-to-slot 26  from: 4 3  (H2H dpids: [0]=3 [1]=4)  sizeof(ACPACKET)=14
[dplay] received 14 data bytes from pid 4
[dplay] Send 33 bytes pid 1 -> 2 (ok)
[agg] SendEx aggpacket 13/s  from=1 to=2(playergroup) players=2 size=33 res=0x0
[dplay] Send 14 bytes pid 3 -> 1 (ok)
[dplay] received 14 data bytes from pid 4
[dplay] Send 33 bytes pid 1 -> 2 (ok)
[dplay] Send 14 bytes pid 3 -> 1 (ok)
[dplay] received 14 data bytes from pid 4
[dplay] Send 33 bytes pid 1 -> 2 (ok)
[dplay] Send 14 bytes pid 3 -> 1 (ok)
[dplay] received 14 data bytes from pid 4
[mfctimer] fire #18000 wnd=0x9f1d456 id=2378
[dplay] Send 33 bytes pid 1 -> 2 (ok)
[dplay] Send 14 bytes pid 3 -> 1 (ok)
[dplay] received 14 data bytes from pid 4
[dplay] Send 33 bytes pid 1 -> 2 (ok)
[dplay] Send 14 bytes pid 3 -> 1 (ok)
[moveloop] iter=2500 -> waiting on SEMAPHORE
[moveloop] iter=2500 -> got semaphore, waiting on MUTEX
[dplay] received 14 data bytes from pid 4
[dplay] Send 33 bytes pid 1 -> 2 (ok)
[dplay] Send 14 bytes pid 3 -> 1 (ok)
[dplay] received 14 data bytes from pid 4
[dplay] Send 33 bytes pid 1 -> 2 (ok)
[dplay] Send 14 bytes pid 3 -> 1 (ok)
[dplay] received 14 data bytes from pid 4
[dplay] Send 33 bytes pid 1 -> 2 (ok)
[dplay] Send 14 bytes pid 3 -> 1 (ok)
[dplay] received 14 data bytes from pid 4
[dplay] Send 33 bytes pid 1 -> 2 (ok)
[dplay] Send 14 bytes pid 3 -> 1 (ok)
[dplay] received 14 data bytes from pid 4
[dplay] Send 33 bytes pid 1 -> 2 (ok)
[dplay] Send 14 bytes pid 3 -> 1 (ok)
[dplay] received 14 data bytes from pid 4
[dplay] Send 33 bytes pid 1 -> 2 (ok)
[dplay] Send 14 bytes pid 3 -> 1 (ok)
[dplay] received 14 data bytes from pid 4
[dplay] Send 33 bytes pid 1 -> 2 (ok)
[dplay] Send 14 bytes pid 3 -> 1 (ok)
[agg] StaticTimeProc 49/s  impl=1 host=1 running=1 resync=0 served=0  -> AggregatorGetPackets 49/s
[agg] drained/s:  aggregator from=4 to=1 len=14 x12  aggregator from=3 to=1 len=14 x13  WINMOVE.CPP:4941 from=1 to=2 len=33 x12
[agg] aggregator received 24 msg/s  right-size 24  mapped-to-slot 24  from: 4 3  (H2H dpids: [0]=3 [1]=4)  sizeof(ACPACKET)=14
[dplay] pump #14000 (host=1) -- discovery is answered only from here
[dplay] received 14 data bytes from pid 4
[agg] loopback 25/s  from=1 to=2 (local player or group)
[dplay] Send 33 bytes pid 1 -> 2 (ok)
[agg] SendEx aggpacket 12/s  from=1 to=2(playergroup) players=2 size=33 res=0x0
[dplay] Send 14 bytes pid 3 -> 1 (ok)
[agg] sent-to-agg/s dummy=0 init=0 other=13 (last other IDCode=207)  Count=156 FrameCount=157 synched=1 csync=1 res=0
[dplay] received 14 data bytes from pid 4
[dplay] Send 33 bytes pid 1 -> 2 (ok)
[dplay] Send 14 bytes pid 3 -> 1 (ok)
[dplay] received 14 data bytes from pid 4
[dplay] Send 33 bytes pid 1 -> 2 (ok)
[dplay] Send 14 bytes pid 3 -> 1 (ok)
[dplay] Send 19 bytes pid 1 -> 2 (ok)
[dplay] Send 14 bytes pid 3 -> 1 (ok)
[dplay] received 14 data bytes from pid 4
[dplay] received 14 data bytes from pid 4
[dplay] Send 33 bytes pid 1 -> 2 (ok)
[dplay] Send 14 bytes pid 3 -> 1 (ok)
[dplay] Send 33 bytes pid 1 -> 2 (ok)
[dplay] received 14 data bytes from pid 4
[moveloop] iter=2550 -> waiting on SEMAPHORE
[moveloop] iter=2550 -> got semaphore, waiting on MUTEX
[dplay] Send 14 bytes pid 3 -> 1 (ok)
[dplay] Send 33 bytes pid 1 -> 2 (ok)
[dplay] received 14 data bytes from pid 4
[dplay] Send 14 bytes pid 3 -> 1 (ok)
[dplay] Send 33 bytes pid 1 -> 2 (ok)
[timeproc] tick=11000 instances=1 currinst=0xb0d3610
[dplay] received 14 data bytes from pid 4
[dplay] Send 14 bytes pid 3 -> 1 (ok)
[dplay] Send 33 bytes pid 1 -> 2 (ok)
[dplay] received 14 data bytes from pid 4
[dplay] Send 19 bytes pid 1 -> 2 (ok)
[dplay] Send 14 bytes pid 3 -> 1 (ok)
[dplay] received 14 data bytes from pid 4
[dplay] Send 33 bytes pid 1 -> 2 (ok)
[dplay] Send 14 bytes pid 3 -> 1 (ok)
[dplay] received 14 data bytes from pid 4
[dplay] Send 33 bytes pid 1 -> 2 (ok)
[mfctimer] fire #18500 wnd=0x9f1d456 id=2378
[dplay] Send 14 bytes pid 3 -> 1 (ok)
[dplay] received 14 data bytes from pid 4
[dplay] Send 33 bytes pid 1 -> 2 (ok)
[dplay] Send 14 bytes pid 3 -> 1 (ok)
[dplay] received 14 data bytes from pid 4
[dplay] Send 33 bytes pid 1 -> 2 (ok)
[agg] StaticTimeProc 48/s  impl=1 host=1 running=1 resync=0 served=0  -> AggregatorGetPackets 48/s
[agg] loopback 26/s  from=3 to=1 (local player or group)
[dplay] Send 14 bytes pid 3 -> 1 (ok)
[agg] sent-to-agg/s dummy=0 init=0 other=12 (last other IDCode=207)  Count=168 FrameCount=169 synched=1 csync=1 res=0
[agg] drained/s:  aggregator from=4 to=1 len=14 x13  aggregator from=3 to=1 len=14 x13  WINMOVE.CPP:4941 from=1 to=2 len=33 x14  WINMOVE.CPP:4941 from=1 to=2 len=19 x2
[agg] aggregator received 26 msg/s  right-size 26  mapped-to-slot 26  from: 4 3  (H2H dpids: [0]=3 [1]=4)  sizeof(ACPACKET)=14
[dplay] received 14 data bytes from pid 4
[dplay] Send 33 bytes pid 1 -> 2 (ok)
[agg] SendEx aggpacket 14/s  from=1 to=2(playergroup) players=2 size=33 res=0x0
[dplay] Send 14 bytes pid 3 -> 1 (ok)
[dplay] received 14 data bytes from pid 4
[dplay] Send 33 bytes pid 1 -> 2 (ok)
[dplay] Send 14 bytes pid 3 -> 1 (ok)
[dplay] received 14 data bytes from pid 4
[dplay] Send 33 bytes pid 1 -> 2 (ok)
[dplay] Send 14 bytes pid 3 -> 1 (ok)
[dplay] received 14 data bytes from pid 4
[dplay] Send 33 bytes pid 1 -> 2 (ok)
[dplay] Send 14 bytes pid 3 -> 1 (ok)
[dplay] received 14 data bytes from pid 4
[dplay] Send 33 bytes pid 1 -> 2 (ok)
[dplay] Send 14 bytes pid 3 -> 1 (ok)
[moveloop] iter=2600 -> waiting on SEMAPHORE
[moveloop] iter=2600 -> got semaphore, waiting on MUTEX
[dplay] received 14 data bytes from pid 4
[dplay] Send 33 bytes pid 1 -> 2 (ok)
[dplay] Send 14 bytes pid 3 -> 1 (ok)
[dplay] received 14 data bytes from pid 4
[dplay] Send 33 bytes pid 1 -> 2 (ok)
[dplay] Send 14 bytes pid 3 -> 1 (ok)
[dplay] Send 19 bytes pid 1 -> 2 (ok)
[dplay] Send 14 bytes pid 3 -> 1 (ok)
[dplay] Send 19 bytes pid 1 -> 2 (ok)
[dplay] Send 14 bytes pid 3 -> 1 (ok)
[dplay] Send 19 bytes pid 1 -> 2 (ok)
[dplay] Send 14 bytes pid 3 -> 1 (ok)
[dplay] Send 19 bytes pid 1 -> 2 (ok)
[dplay] Send 14 bytes pid 3 -> 1 (ok)
[dplay] Send 19 bytes pid 1 -> 2 (ok)
[dplay] Send 14 bytes pid 3 -> 1 (ok)
[agg] StaticTimeProc 49/s  impl=1 host=1 running=1 resync=0 served=0  -> AggregatorGetPackets 49/s
[agg] drained/s:  aggregator from=4 to=1 len=14 x7  aggregator from=3 to=1 len=14 x12  WINMOVE.CPP:4941 from=1 to=2 len=33 x7  WINMOVE.CPP:4941 from=1 to=2 len=19 x5
[agg] aggregator received 19 msg/s  right-size 19  mapped-to-slot 19  from: 4 3  (H2H dpids: [0]=3 [1]=4)  sizeof(ACPACKET)=14
[agg] loopback 25/s  from=1 to=2 (local player or group)
[dplay] Send 19 bytes pid 1 -> 2 (ok)
[agg] SendEx aggpacket 12/s  from=1 to=2(playergroup) players=1 size=19 res=0x0
[dplay] Send 14 bytes pid 3 -> 1 (ok)
[agg] sent-to-agg/s dummy=0 init=0 other=13 (last other IDCode=128)  Count=181 FrameCount=182 synched=1 csync=1 res=0
[self] uid=3584 visible=0 dead=1
[accnt] CHANGE at call 1704: aircraft=8 MAX=8 visible=1 dead=7
[dplay] Send 19 bytes pid 1 -> 2 (ok)
[dplay] Send 14 bytes pid 3 -> 1 (ok)
[dplay] received 14 data bytes from pid 4
[dplay] Send 33 bytes pid 1 -> 2 (ok)
[peer] uid=3585 found=1 visible=1 dead=1 range=1822m
[accnt] CHANGE at call 1710: aircraft=8 MAX=8 visible=1 dead=8
[dplay] Send 14 bytes pid 3 -> 1 (ok)
[dplay] Send 19 bytes pid 1 -> 2 (ok)
[mfctimer] fire #19000 wnd=0x9f1d456 id=2378
[dplay] Send 14 bytes pid 3 -> 1 (ok)
[dplay] Send 19 bytes pid 1 -> 2 (ok)
[dplay] Send 14 bytes pid 3 -> 1 (ok)
[dplay] Send 19 bytes pid 1 -> 2 (ok)
[moveloop] iter=2650 -> waiting on SEMAPHORE
[moveloop] iter=2650 -> got semaphore, waiting on MUTEX
[dplay] Send 14 bytes pid 3 -> 1 (ok)
[dplay] Send 19 bytes pid 1 -> 2 (ok)
[dplay] received 14 data bytes from pid 4
[dplay] Send 14 bytes pid 3 -> 1 (ok)
[dplay] Send 33 bytes pid 1 -> 2 (ok)
[dplay] received 14 data bytes from pid 4
[dplay] Send 14 bytes pid 3 -> 1 (ok)
[dplay] Send 33 bytes pid 1 -> 2 (ok)
[dplay] Send 14 bytes pid 3 -> 1 (ok)
[agg] StaticTimeProc 49/s  impl=1 host=1 running=1 resync=0 served=0  -> AggregatorGetPackets 49/s
[dplay] received 14 data bytes from pid 4
[agg] drained/s:  aggregator from=4 to=1 len=14 x3  aggregator from=3 to=1 len=14 x9  WINMOVE.CPP:4941 from=1 to=2 len=33 x5  WINMOVE.CPP:4941 from=1 to=2 len=19 x6
[agg] aggregator received 12 msg/s  right-size 12  mapped-to-slot 12  from: 3 4  (H2H dpids: [0]=3 [1]=4)  sizeof(ACPACKET)=14
[agg] loopback 18/s  from=1 to=2 (local player or group)
[dplay] Send 33 bytes pid 1 -> 2 (ok)
[agg] SendEx aggpacket 9/s  from=1 to=2(playergroup) players=2 size=33 res=0x0
[dplay] Send 14 bytes pid 3 -> 1 (ok)
[agg] sent-to-agg/s dummy=0 init=0 other=9 (last other IDCode=207)  Count=190 FrameCount=191 synched=1 csync=1 res=0
[dplay] received 14 data bytes from pid 4
[dplay] Send 33 bytes pid 1 -> 2 (ok)
[dplay] Send 14 bytes pid 3 -> 1 (ok)
[dplay] received 14 data bytes from pid 4
[dplay] Send 33 bytes pid 1 -> 2 (ok)
[dplay] Send 14 bytes pid 3 -> 1 (ok)
[dplay] received 14 data bytes from pid 4
[dplay] Send 33 bytes pid 1 -> 2 (ok)
[peer] uid=3585 found=1 visible=0 dead=1 range=1818m
[accnt] CHANGE at call 1749: aircraft=8 MAX=8 visible=0 dead=8
[movegate] cycle=1750 timeout=0 accelcountdown=1 accel=0
[movestep] cycle=1750 paused=0 num=1
[dplay] Send 14 bytes pid 3 -> 1 (ok)
[dplay] received 14 data bytes from pid 4
[dplay] Send 33 bytes pid 1 -> 2 (ok)
[peer] uid=3585 found=1 visible=1 dead=1 range=1818m
[accnt] CHANGE at call 1753: aircraft=8 MAX=8 visible=1 dead=8
[dplay] Send 14 bytes pid 3 -> 1 (ok)
[dplay] received 14 data bytes from pid 4
[dplay] Send 33 bytes pid 1 -> 2 (ok)
[dplay] Send 14 bytes pid 3 -> 1 (ok)
[dplay] received 14 data bytes from pid 4
[dplay] Send 33 bytes pid 1 -> 2 (ok)
[dplay] Send 14 bytes pid 3 -> 1 (ok)
[dplay] received 14 data bytes from pid 4
[dplay] Send 33 bytes pid 1 -> 2 (ok)
[dplay] Send 14 bytes pid 3 -> 1 (ok)
[dplay] received 14 data bytes from pid 4
[dplay] Send 33 bytes pid 1 -> 2 (ok)
[dplay] Send 14 bytes pid 3 -> 1 (ok)
[moveloop] iter=2700 -> waiting on SEMAPHORE
[moveloop] iter=2700 -> got semaphore, waiting on MUTEX
[dplay] received 14 data bytes from pid 4
[dplay] Send 33 bytes pid 1 -> 2 (ok)
[self] uid=3584 visible=1 dead=1
[accnt] CHANGE at call 1773: aircraft=8 MAX=8 visible=2 dead=8
[dplay] Send 14 bytes pid 3 -> 1 (ok)
[dplay] received 14 data bytes from pid 4
[dplay] Send 33 bytes pid 1 -> 2 (ok)
[dplay] Send 14 bytes pid 3 -> 1 (ok)
[dplay] pump #14500 (host=1) -- discovery is answered only from here
[dplay] received 14 data bytes from pid 4
[dplay] Send 33 bytes pid 1 -> 2 (ok)
[dplay] Send 14 bytes pid 3 -> 1 (ok)
[mfctimer] fire #19500 wnd=0x9f1d456 id=2378
[dplay] received 14 data bytes from pid 4
[dplay] Send 33 bytes pid 1 -> 2 (ok)
[agg] StaticTimeProc 50/s  impl=1 host=1 running=1 resync=0 served=0  -> AggregatorGetPackets 50/s
[agg] loopback 25/s  from=3 to=1 (local player or group)
[dplay] Send 14 bytes pid 3 -> 1 (ok)
[agg] sent-to-agg/s dummy=0 init=0 other=12 (last other IDCode=207)  Count=202 FrameCount=203 synched=1 csync=1 res=0
[agg] drained/s:  aggregator from=4 to=1 len=14 x13  aggregator from=3 to=1 len=14 x13  WINMOVE.CPP:4941 from=1 to=2 len=33 x13
[agg] aggregator received 26 msg/s  right-size 26  mapped-to-slot 26  from: 4 3  (H2H dpids: [0]=3 [1]=4)  sizeof(ACPACKET)=14
[dplay] received 14 data bytes from pid 4
[dplay] Send 33 bytes pid 1 -> 2 (ok)
[agg] SendEx aggpacket 13/s  from=1 to=2(playergroup) players=2 size=33 res=0x0
[dplay] Send 14 bytes pid 3 -> 1 (ok)
[dplay] received 14 data bytes from pid 4
[dplay] Send 33 bytes pid 1 -> 2 (ok)
[dplay] Send 14 bytes pid 3 -> 1 (ok)
[dplay] received 14 data bytes from pid 4
[dplay] Send 33 bytes pid 1 -> 2 (ok)
[dplay] Send 14 bytes pid 3 -> 1 (ok)
[accnt] aircraft in this world: now=8 MAX=8 visible=2 dead=8 (frame sample #3)
[dplay] received 14 data bytes from pid 4
[dplay] Send 33 bytes pid 1 -> 2 (ok)
[dplay] Send 14 bytes pid 3 -> 1 (ok)
[dplay] received 14 data bytes from pid 4
[dplay] Send 33 bytes pid 1 -> 2 (ok)
[dplay] Send 14 bytes pid 3 -> 1 (ok)
[dplay] received 14 data bytes from pid 4
[dplay] Send 33 bytes pid 1 -> 2 (ok)
[dplay] Send 14 bytes pid 3 -> 1 (ok)
[dplay] received 14 data bytes from pid 4
[dplay] Send 33 bytes pid 1 -> 2 (ok)
[dplay] Send 14 bytes pid 3 -> 1 (ok)
[dplay] received 14 data bytes from pid 4
[dplay] Send 33 bytes pid 1 -> 2 (ok)
[dplay] Send 14 bytes pid 3 -> 1 (ok)
[dplay] received 14 data bytes from pid 4
[dplay] Send 33 bytes pid 1 -> 2 (ok)
[moveloop] iter=2750 -> waiting on SEMAPHORE
[moveloop] iter=2750 -> got semaphore, waiting on MUTEX
[dplay] Send 14 bytes pid 3 -> 1 (ok)
[dplay] received 14 data bytes from pid 4
[dplay] Send 33 bytes pid 1 -> 2 (ok)
[dplay] Send 14 bytes pid 3 -> 1 (ok)
[dplay] received 14 data bytes from pid 4
[dplay] Send 33 bytes pid 1 -> 2 (ok)
[dplay] Send 14 bytes pid 3 -> 1 (ok)
[dplay] received 14 data bytes from pid 4
[dplay] Send 33 bytes pid 1 -> 2 (ok)
[dplay] Send 14 bytes pid 3 -> 1 (ok)
[agg] StaticTimeProc 49/s  impl=1 host=1 running=1 resync=0 served=0  -> AggregatorGetPackets 49/s
[dplay] received 14 data bytes from pid 4
[agg] drained/s:  aggregator from=4 to=1 len=14 x13  aggregator from=3 to=1 len=14 x12  WINMOVE.CPP:4941 from=1 to=2 len=33 x11  aggregator from=1 to=2 len=33 x1
[agg] aggregator received 25 msg/s  right-size 25  mapped-to-slot 25  from: 4 3  (H2H dpids: [0]=3 [1]=4)  sizeof(ACPACKET)=14
[agg] loopback 25/s  from=1 to=2 (local player or group)
[dplay] Send 33 bytes pid 1 -> 2 (ok)
[agg] SendEx aggpacket 12/s  from=1 to=2(playergroup) players=2 size=33 res=0x0
[dplay] Send 14 bytes pid 3 -> 1 (ok)
[agg] sent-to-agg/s dummy=0 init=0 other=13 (last other IDCode=207)  Count=215 FrameCount=216 synched=1 csync=1 res=0
[dplay] received 14 data bytes from pid 4
[dplay] Send 33 bytes pid 1 -> 2 (ok)
[dplay] Send 14 bytes pid 3 -> 1 (ok)
[dplay] received 14 data bytes from pid 4
[dplay] Send 33 bytes pid 1 -> 2 (ok)
[dplay] Send 14 bytes pid 3 -> 1 (ok)
[dplay] received 14 data bytes from pid 4
[dplay] Send 33 bytes pid 1 -> 2 (ok)
[dplay] Send 14 bytes pid 3 -> 1 (ok)
[dplay] Send 19 bytes pid 1 -> 2 (ok)
[dplay] received 14 data bytes from pid 4
[dplay] Send 19 bytes pid 1 -> 2 (ok)
[dplay] received 14 data bytes from pid 4
[dplay] Send 19 bytes pid 1 -> 2 (ok)
[dplay] received 14 data bytes from pid 4
[mfctimer] fire #20000 wnd=0x9f1d456 id=2378
[dplay] Send 19 bytes pid 1 -> 2 (ok)
[dplay] received 14 data bytes from pid 4
[dplay] Send 14 bytes pid 3 -> 1 (ok)
[dplay] Send 33 bytes pid 1 -> 2 (ok)
[dplay] received 14 data bytes from pid 4
[dplay] Send 14 bytes pid 3 -> 1 (ok)
[dplay] Send 33 bytes pid 1 -> 2 (ok)
[timeproc] tick=11250 instances=1 currinst=0xb0d3610
[dplay] received 14 data bytes from pid 4
[dplay] Send 14 bytes pid 3 -> 1 (ok)
[dplay] Send 33 bytes pid 1 -> 2 (ok)
[dplay] received 14 data bytes from pid 4
[dplay] Send 14 bytes pid 3 -> 1 (ok)
[dplay] Send 33 bytes pid 1 -> 2 (ok)
[dplay] received 14 data bytes from pid 4
[dplay] Send 14 bytes pid 3 -> 1 (ok)
[dplay] Send 33 bytes pid 1 -> 2 (ok)
[moveloop] iter=2800 -> waiting on SEMAPHORE
[moveloop] iter=2800 -> got semaphore, waiting on MUTEX
[dplay] received 14 data bytes from pid 4
[dplay] Send 19 bytes pid 1 -> 2 (ok)
[dplay] Send 14 bytes pid 3 -> 1 (ok)
[agg] StaticTimeProc 49/s  impl=1 host=1 running=1 resync=0 served=0  -> AggregatorGetPackets 49/s
[dplay] received 14 data bytes from pid 4
[agg] drained/s:  aggregator from=4 to=1 len=14 x12  aggregator from=3 to=1 len=14 x10  WINMOVE.CPP:4941 from=1 to=2 len=33 x10  WINMOVE.CPP:4941 from=1 to=2 len=19 x5  WINMOVE.CPP:4941 from=4 to=1 len=14 x1
[agg] aggregator received 23 msg/s  right-size 23  mapped-to-slot 23  from: 3 4  (H2H dpids: [0]=3 [1]=4)  sizeof(ACPACKET)=14
[agg] loopback 24/s  from=1 to=2 (local player or group)
[dplay] Send 33 bytes pid 1 -> 2 (ok)
[agg] SendEx aggpacket 14/s  from=1 to=2(playergroup) players=2 size=33 res=0x0
[dplay] Send 14 bytes pid 3 -> 1 (ok)
[agg] sent-to-agg/s dummy=0 init=0 other=10 (last other IDCode=207)  Count=225 FrameCount=226 synched=1 csync=1 res=0
[dplay] received 14 data bytes from pid 4
[dplay] Send 33 bytes pid 1 -> 2 (ok)
[dplay] Send 14 bytes pid 3 -> 1 (ok)
[dplay] received 14 data bytes from pid 4
[dplay] Send 33 bytes pid 1 -> 2 (ok)
[dplay] Send 14 bytes pid 3 -> 1 (ok)
[dplay] received 14 data bytes from pid 4
[dplay] Send 14 bytes pid 3 -> 1 (ok)
[dplay] Send 33 bytes pid 1 -> 2 (ok)
[dplay] received 14 data bytes from pid 4
[dplay] Send 14 bytes pid 3 -> 1 (ok)
[dplay] Send 33 bytes pid 1 -> 2 (ok)
[dplay] received 14 data bytes from pid 4
[dplay] Send 14 bytes pid 3 -> 1 (ok)
[dplay] Send 33 bytes pid 1 -> 2 (ok)
[dplay] received 14 data bytes from pid 4
[dplay] Send 14 bytes pid 3 -> 1 (ok)
[dplay] Send 33 bytes pid 1 -> 2 (ok)
[dplay] received 14 data bytes from pid 4
[dplay] Send 14 bytes pid 3 -> 1 (ok)
[dplay] Send 33 bytes pid 1 -> 2 (ok)
[dplay] received 14 data bytes from pid 4
[dplay] Send 14 bytes pid 3 -> 1 (ok)
[dplay] Send 33 bytes pid 1 -> 2 (ok)
[dplay] received 14 data bytes from pid 4
[dplay] Send 14 bytes pid 3 -> 1 (ok)
[dplay] Send 33 bytes pid 1 -> 2 (ok)
[dplay] received 14 data bytes from pid 4
[dplay] Send 14 bytes pid 3 -> 1 (ok)
[dplay] Send 33 bytes pid 1 -> 2 (ok)
[moveloop] iter=2850 -> waiting on SEMAPHORE
[moveloop] iter=2850 -> got semaphore, waiting on MUTEX
[dplay] received 14 data bytes from pid 4
[dplay] Send 14 bytes pid 3 -> 1 (ok)
[dplay] Send 33 bytes pid 1 -> 2 (ok)
[dplay] received 14 data bytes from pid 4
[agg] loopback 24/s  from=3 to=1 (local player or group)
[dplay] Send 14 bytes pid 3 -> 1 (ok)
[agg] sent-to-agg/s dummy=0 init=0 other=12 (last other IDCode=207)  Count=237 FrameCount=238 synched=1 csync=1 res=0
[agg] StaticTimeProc 49/s  impl=1 host=1 running=1 resync=0 served=0  -> AggregatorGetPackets 49/s
[agg] drained/s:  aggregator from=4 to=1 len=14 x12  aggregator from=3 to=1 len=14 x12  WINMOVE.CPP:4941 from=1 to=2 len=33 x13
[agg] aggregator received 24 msg/s  right-size 24  mapped-to-slot 24  from: 3 4  (H2H dpids: [0]=3 [1]=4)  sizeof(ACPACKET)=14
[dplay] Send 33 bytes pid 1 -> 2 (ok)
[agg] SendEx aggpacket 12/s  from=1 to=2(playergroup) players=2 size=33 res=0x0
[mfctimer] fire #20500 wnd=0x9f1d456 id=2378
[dplay] received 14 data bytes from pid 4
[dplay] Send 14 bytes pid 3 -> 1 (ok)
[dplay] Send 33 bytes pid 1 -> 2 (ok)
[dplay] received 14 data bytes from pid 4
[dplay] Send 14 bytes pid 3 -> 1 (ok)
[dplay] Send 33 bytes pid 1 -> 2 (ok)
[dplay] received 14 data bytes from pid 4
[dplay] Send 14 bytes pid 3 -> 1 (ok)
[dplay] Send 33 bytes pid 1 -> 2 (ok)
[self] uid=3584 visible=1 dead=0
[accnt] CHANGE at call 1940: aircraft=8 MAX=8 visible=2 dead=7
[dplay] received 14 data bytes from pid 4
[dplay] Send 14 bytes pid 3 -> 1 (ok)
[dplay] Send 33 bytes pid 1 -> 2 (ok)
[dplay] received 14 data bytes from pid 4
[dplay] Send 14 bytes pid 3 -> 1 (ok)
[dplay] Send 33 bytes pid 1 -> 2 (ok)
[dplay] received 14 data bytes from pid 4
[dplay] Send 33 bytes pid 1 -> 2 (ok)
[dplay] Send 14 bytes pid 3 -> 1 (ok)
[dplay] Send 19 bytes pid 1 -> 2 (ok)
[dplay] received 14 data bytes from pid 4
[dplay] Send 14 bytes pid 3 -> 1 (ok)
[dplay] Send 33 bytes pid 1 -> 2 (ok)
[dplay] pump #15000 (host=1) -- discovery is answered only from here
[dplay] received 14 data bytes from pid 4
[dplay] Send 14 bytes pid 3 -> 1 (ok)
[dplay] Send 33 bytes pid 1 -> 2 (ok)
[dplay] received 14 data bytes from pid 4
[dplay] Send 14 bytes pid 3 -> 1 (ok)
[dplay] Send 33 bytes pid 1 -> 2 (ok)
[dplay] received 14 data bytes from pid 4
[dplay] Send 14 bytes pid 3 -> 1 (ok)
[dplay] Send 33 bytes pid 1 -> 2 (ok)
[dplay] received 14 data bytes from pid 4
[dplay] Send 14 bytes pid 3 -> 1 (ok)
[dplay] Send 33 bytes pid 1 -> 2 (ok)
[moveloop] iter=2900 -> waiting on SEMAPHORE
[moveloop] iter=2900 -> got semaphore, waiting on MUTEX
[dplay] received 14 data bytes from pid 4
[dplay] Send 14 bytes pid 3 -> 1 (ok)
[dplay] Send 33 bytes pid 1 -> 2 (ok)
[agg] StaticTimeProc 49/s  impl=1 host=1 running=1 resync=0 served=0  -> AggregatorGetPackets 49/s
[dplay] received 14 data bytes from pid 4
[agg] loopback 27/s  from=3 to=1 (local player or group)
[dplay] Send 14 bytes pid 3 -> 1 (ok)
[agg] sent-to-agg/s dummy=0 init=0 other=13 (last other IDCode=201)  Count=250 FrameCount=251 synched=1 csync=1 res=0
[agg] drained/s:  aggregator from=4 to=1 len=14 x13  aggregator from=3 to=1 len=14 x13  WINMOVE.CPP:4941 from=1 to=2 len=33 x14  WINMOVE.CPP:4941 from=1 to=2 len=19 x1
[agg] aggregator received 26 msg/s  right-size 26  mapped-to-slot 26  from: 3 4  (H2H dpids: [0]=3 [1]=4)  sizeof(ACPACKET)=14
[dplay] Send 33 bytes pid 1 -> 2 (ok)
[agg] SendEx aggpacket 14/s  from=1 to=2(playergroup) players=2 size=33 res=0x0
[dplay] received 14 data bytes from pid 4
[dplay] Send 14 bytes pid 3 -> 1 (ok)
[dplay] Send 33 bytes pid 1 -> 2 (ok)
[dplay] received 14 data bytes from pid 4
[dplay] Send 14 bytes pid 3 -> 1 (ok)
[dplay] Send 33 bytes pid 1 -> 2 (ok)
[dplay] received 14 data bytes from pid 4
[dplay] Send 14 bytes pid 3 -> 1 (ok)
[dplay] Send 33 bytes pid 1 -> 2 (ok)
[dplay] received 14 data bytes from pid 4
[dplay] Send 14 bytes pid 3 -> 1 (ok)
[dplay] Send 33 bytes pid 1 -> 2 (ok)
[dplay] received 14 data bytes from pid 4
[dplay] Send 14 bytes pid 3 -> 1 (ok)
[dplay] Send 33 bytes pid 1 -> 2 (ok)
[movegate] cycle=2000 timeout=0 accelcountdown=1 accel=0
[movestep] cycle=2000 paused=0 num=1
[dplay] received 14 data bytes from pid 4
[dplay] Send 14 bytes pid 3 -> 1 (ok)
[dplay] Send 33 bytes pid 1 -> 2 (ok)
[mfctimer] fire #21000 wnd=0x9f1d456 id=2378
[dplay] received 14 data bytes from pid 4
[dplay] Send 14 bytes pid 3 -> 1 (ok)
[dplay] Send 33 bytes pid 1 -> 2 (ok)
[dplay] received 14 data bytes from pid 4
[dplay] Send 14 bytes pid 3 -> 1 (ok)
[dplay] Send 33 bytes pid 1 -> 2 (ok)
[dplay] received 14 data bytes from pid 4
[dplay] Send 14 bytes pid 3 -> 1 (ok)
[dplay] Send 33 bytes pid 1 -> 2 (ok)
[dplay] received 14 data bytes from pid 4
[dplay] Send 14 bytes pid 3 -> 1 (ok)
[dplay] Send 33 bytes pid 1 -> 2 (ok)
[moveloop] iter=2950 -> waiting on SEMAPHORE
[moveloop] iter=2950 -> got semaphore, waiting on MUTEX
[dplay] received 14 data bytes from pid 4
[dplay] Send 14 bytes pid 3 -> 1 (ok)
[dplay] Send 33 bytes pid 1 -> 2 (ok)
[agg] StaticTimeProc 49/s  impl=1 host=1 running=1 resync=0 served=0  -> AggregatorGetPackets 49/s
[dplay] received 14 data bytes from pid 4
[agg] drained/s:  aggregator from=4 to=1 len=14 x12  aggregator from=3 to=1 len=14 x12  WINMOVE.CPP:4941 from=1 to=2 len=33 x12
[agg] aggregator received 24 msg/s  right-size 24  mapped-to-slot 24  from: 3 4  (H2H dpids: [0]=3 [1]=4)  sizeof(ACPACKET)=14
[agg] loopback 24/s  from=3 to=1 (local player or group)
[dplay] Send 14 bytes pid 3 -> 1 (ok)
[agg] sent-to-agg/s dummy=0 init=0 other=12 (last other IDCode=201)  Count=6 FrameCount=7 synched=1 csync=1 res=0
[dplay] Send 33 bytes pid 1 -> 2 (ok)
[agg] SendEx aggpacket 12/s  from=1 to=2(playergroup) players=2 size=33 res=0x0
[dplay] received 14 data bytes from pid 4
[dplay] Send 14 bytes pid 3 -> 1 (ok)
[dplay] Send 33 bytes pid 1 -> 2 (ok)
[dplay] received 14 data bytes from pid 4
[dplay] Send 14 bytes pid 3 -> 1 (ok)
[dplay] Send 33 bytes pid 1 -> 2 (ok)
[dplay] received 14 data bytes from pid 4
[dplay] Send 14 bytes pid 3 -> 1 (ok)
[dplay] Send 33 bytes pid 1 -> 2 (ok)
[dplay] received 14 data bytes from pid 4
[dplay] Send 14 bytes pid 3 -> 1 (ok)
[dplay] Send 33 bytes pid 1 -> 2 (ok)
[dplay] received 14 data bytes from pid 4
[dplay] Send 14 bytes pid 3 -> 1 (ok)
[dplay] Send 33 bytes pid 1 -> 2 (ok)
[dplay] received 14 data bytes from pid 4
[dplay] Send 14 bytes pid 3 -> 1 (ok)
[dplay] Send 33 bytes pid 1 -> 2 (ok)
[dplay] received 14 data bytes from pid 4
[dplay] Send 14 bytes pid 3 -> 1 (ok)
[dplay] Send 33 bytes pid 1 -> 2 (ok)
[dplay] received 14 data bytes from pid 4
[dplay] Send 14 bytes pid 3 -> 1 (ok)
[dplay] Send 33 bytes pid 1 -> 2 (ok)
[dplay] received 14 data bytes from pid 4
[dplay] Send 14 bytes pid 3 -> 1 (ok)
[dplay] Send 33 bytes pid 1 -> 2 (ok)
[dplay] received 14 data bytes from pid 4
[dplay] Send 14 bytes pid 3 -> 1 (ok)
[dplay] Send 33 bytes pid 1 -> 2 (ok)
[dplay] received 14 data bytes from pid 4
[dplay] Send 14 bytes pid 3 -> 1 (ok)
[dplay] Send 33 bytes pid 1 -> 2 (ok)
[moveloop] iter=3000 -> waiting on SEMAPHORE
[moveloop] iter=3000 -> got semaphore, waiting on MUTEX
[dplay] received 14 data bytes from pid 4
[dplay] Send 14 bytes pid 3 -> 1 (ok)
[dplay] Send 33 bytes pid 1 -> 2 (ok)
[agg] StaticTimeProc 50/s  impl=1 host=1 running=1 resync=0 served=0  -> AggregatorGetPackets 50/s
[dplay] received 14 data bytes from pid 4
[agg] loopback 26/s  from=3 to=1 (local player or group)
[dplay] Send 14 bytes pid 3 -> 1 (ok)
[agg] sent-to-agg/s dummy=0 init=0 other=13 (last other IDCode=201)  Count=19 FrameCount=20 synched=1 csync=1 res=0
[agg] drained/s:  aggregator from=4 to=1 len=14 x13  aggregator from=3 to=1 len=14 x13  WINMOVE.CPP:4941 from=1 to=2 len=33 x13
[agg] aggregator received 26 msg/s  right-size 26  mapped-to-slot 26  from: 3 4  (H2H dpids: [0]=3 [1]=4)  sizeof(ACPACKET)=14
[dplay] Send 33 bytes pid 1 -> 2 (ok)
[agg] SendEx aggpacket 13/s  from=1 to=2(playergroup) players=2 size=33 res=0x0
[dplay] received 14 data bytes from pid 4
[dplay] Send 14 bytes pid 3 -> 1 (ok)
[mfctimer] fire #21500 wnd=0x9f1d456 id=2378
[dplay] Send 33 bytes pid 1 -> 2 (ok)
[dplay] received 14 data bytes from pid 4
[dplay] Send 14 bytes pid 3 -> 1 (ok)
[dplay] Send 33 bytes pid 1 -> 2 (ok)
[dplay] received 14 data bytes from pid 4
[dplay] Send 14 bytes pid 3 -> 1 (ok)
[dplay] Send 33 bytes pid 1 -> 2 (ok)
[dplay] received 14 data bytes from pid 4
[dplay] Send 14 bytes pid 3 -> 1 (ok)
[dplay] Send 33 bytes pid 1 -> 2 (ok)
[dplay] received 14 data bytes from pid 4
[dplay] Send 14 bytes pid 3 -> 1 (ok)
[dplay] Send 33 bytes pid 1 -> 2 (ok)
[dplay] received 14 data bytes from pid 4
[dplay] Send 14 bytes pid 3 -> 1 (ok)
[dplay] Send 33 bytes pid 1 -> 2 (ok)
[dplay] received 14 data bytes from pid 4
[dplay] Send 14 bytes pid 3 -> 1 (ok)
[dplay] Send 33 bytes pid 1 -> 2 (ok)
[dplay] received 14 data bytes from pid 4
[dplay] Send 14 bytes pid 3 -> 1 (ok)
[dplay] Send 33 bytes pid 1 -> 2 (ok)
[dplay] received 14 data bytes from pid 4
[timeproc] tick=11500 instances=1 currinst=0xb0d3610
[dplay] Send 14 bytes pid 3 -> 1 (ok)
[dplay] Send 33 bytes pid 1 -> 2 (ok)
[dplay] received 14 data bytes from pid 4
[dplay] Send 14 bytes pid 3 -> 1 (ok)
[dplay] Send 33 bytes pid 1 -> 2 (ok)
[agg] StaticTimeProc 42/s  impl=1 host=1 running=1 resync=0 served=0  -> AggregatorGetPackets 42/s
[moveloop] iter=3050 -> waiting on SEMAPHORE
[moveloop] iter=3050 -> got semaphore, waiting on MUTEX
[dplay] received 14 data bytes from pid 4
[agg] drained/s:  aggregator from=4 to=1 len=14 x10  aggregator from=3 to=1 len=14 x11  WINMOVE.CPP:4941 from=1 to=2 len=33 x11  WINMOVE.CPP:4941 from=4 to=1 len=14 x1
[agg] aggregator received 22 msg/s  right-size 22  mapped-to-slot 22  from: 3 4  (H2H dpids: [0]=3 [1]=4)  sizeof(ACPACKET)=14
[agg] loopback 22/s  from=3 to=1 (local player or group)
[dplay] Send 14 bytes pid 3 -> 1 (ok)
[agg] sent-to-agg/s dummy=0 init=0 other=11 (last other IDCode=201)  Count=30 FrameCount=31 synched=1 csync=1 res=0
[dplay] Send 33 bytes pid 1 -> 2 (ok)
[agg] SendEx aggpacket 11/s  from=1 to=2(playergroup) players=2 size=33 res=0x0
[dplay] received 14 data bytes from pid 4
[dplay] Send 14 bytes pid 3 -> 1 (ok)
[dplay] Send 33 bytes pid 1 -> 2 (ok)
[dplay] received 14 data bytes from pid 4
[dplay] Send 14 bytes pid 3 -> 1 (ok)
[dplay] Send 33 bytes pid 1 -> 2 (ok)
[dplay] received 14 data bytes from pid 4
[dplay] Send 14 bytes pid 3 -> 1 (ok)
[dplay] Send 33 bytes pid 1 -> 2 (ok)
[dplay] received 14 data bytes from pid 4
[dplay] Send 14 bytes pid 3 -> 1 (ok)
[dplay] pump #15500 (host=1) -- discovery is answered only from here
[dplay] Send 33 bytes pid 1 -> 2 (ok)
[dplay] received 14 data bytes from pid 4
[dplay] Send 14 bytes pid 3 -> 1 (ok)
[dplay] Send 33 bytes pid 1 -> 2 (ok)
[dplay] received 14 data bytes from pid 4
[dplay] Send 14 bytes pid 3 -> 1 (ok)
[dplay] Send 33 bytes pid 1 -> 2 (ok)
[dplay] received 14 data bytes from pid 4
[dplay] Send 14 bytes pid 3 -> 1 (ok)
[dplay] Send 33 bytes pid 1 -> 2 (ok)
[mfctimer] fire #22000 wnd=0x9f1d456 id=2378
[dplay] received 14 data bytes from pid 4
[dplay] Send 14 bytes pid 3 -> 1 (ok)
[dplay] Send 33 bytes pid 1 -> 2 (ok)
[dplay] received 14 data bytes from pid 4
[dplay] Send 14 bytes pid 3 -> 1 (ok)
[dplay] Send 33 bytes pid 1 -> 2 (ok)
[dplay] received 14 data bytes from pid 4
[dplay] Send 14 bytes pid 3 -> 1 (ok)
[dplay] Send 33 bytes pid 1 -> 2 (ok)
[dplay] received 14 data bytes from pid 4
[dplay] Send 14 bytes pid 3 -> 1 (ok)
[dplay] Send 33 bytes pid 1 -> 2 (ok)
[dplay] received 14 data bytes from pid 4
[dplay] Send 14 bytes pid 3 -> 1 (ok)
[agg] StaticTimeProc 49/s  impl=1 host=1 running=1 resync=0 served=0  -> AggregatorGetPackets 49/s
[agg] drained/s:  aggregator from=4 to=1 len=14 x12  aggregator from=3 to=1 len=14 x13  WINMOVE.CPP:4941 from=1 to=2 len=33 x12
[agg] aggregator received 25 msg/s  right-size 25  mapped-to-slot 25  from: 3 4  (H2H dpids: [0]=3 [1]=4)  sizeof(ACPACKET)=14
[agg] loopback 25/s  from=1 to=2 (local player or group)
[dplay] Send 33 bytes pid 1 -> 2 (ok)
[agg] SendEx aggpacket 12/s  from=1 to=2(playergroup) players=2 size=33 res=0x0
[moveloop] iter=3100 -> waiting on SEMAPHORE
[moveloop] iter=3100 -> got semaphore, waiting on MUTEX
[dplay] received 14 data bytes from pid 4
[dplay] Send 14 bytes pid 3 -> 1 (ok)
[agg] sent-to-agg/s dummy=0 init=0 other=13 (last other IDCode=201)  Count=43 FrameCount=44 synched=1 csync=1 res=0
[dplay] Send 33 bytes pid 1 -> 2 (ok)
[dplay] received 14 data bytes from pid 4
[dplay] Send 14 bytes pid 3 -> 1 (ok)
[dplay] Send 33 bytes pid 1 -> 2 (ok)
[dplay] received 14 data bytes from pid 4
[dplay] Send 14 bytes pid 3 -> 1 (ok)
[dplay] Send 33 bytes pid 1 -> 2 (ok)
[dplay] received 14 data bytes from pid 4
[dplay] Send 14 bytes pid 3 -> 1 (ok)
[dplay] Send 33 bytes pid 1 -> 2 (ok)
[dplay] received 14 data bytes from pid 4
[dplay] Send 14 bytes pid 3 -> 1 (ok)
[dplay] Send 33 bytes pid 1 -> 2 (ok)
[dplay] received 14 data bytes from pid 4
[dplay] Send 14 bytes pid 3 -> 1 (ok)
[dplay] Send 33 bytes pid 1 -> 2 (ok)
[dplay] received 14 data bytes from pid 4
[dplay] Send 14 bytes pid 3 -> 1 (ok)
[dplay] Send 33 bytes pid 1 -> 2 (ok)
[dplay] received 14 data bytes from pid 4
[dplay] Send 14 bytes pid 3 -> 1 (ok)
[dplay] Send 33 bytes pid 1 -> 2 (ok)
[dplay] received 14 data bytes from pid 4
[dplay] Send 14 bytes pid 3 -> 1 (ok)
[dplay] Send 33 bytes pid 1 -> 2 (ok)
[dplay] received 14 data bytes from pid 4
[dplay] Send 14 bytes pid 3 -> 1 (ok)
[dplay] Send 33 bytes pid 1 -> 2 (ok)
[dplay] received 14 data bytes from pid 4
[dplay] Send 14 bytes pid 3 -> 1 (ok)
[dplay] Send 33 bytes pid 1 -> 2 (ok)
[dplay] received 14 data bytes from pid 4
[dplay] Send 14 bytes pid 3 -> 1 (ok)
[dplay] Send 33 bytes pid 1 -> 2 (ok)
[agg] StaticTimeProc 49/s  impl=1 host=1 running=1 resync=0 served=0  -> AggregatorGetPackets 49/s
[moveloop] iter=3150 -> waiting on SEMAPHORE
[moveloop] iter=3150 -> got semaphore, waiting on MUTEX
[dplay] received 14 data bytes from pid 4
[agg] drained/s:  aggregator from=4 to=1 len=14 x13  aggregator from=3 to=1 len=14 x12  WINMOVE.CPP:4941 from=1 to=2 len=33 x13
[agg] aggregator received 25 msg/s  right-size 25  mapped-to-slot 25  from: 4 3  (H2H dpids: [0]=3 [1]=4)  sizeof(ACPACKET)=14
[agg] loopback 25/s  from=3 to=1 (local player or group)
[dplay] Send 14 bytes pid 3 -> 1 (ok)
[agg] sent-to-agg/s dummy=0 init=0 other=12 (last other IDCode=201)  Count=55 FrameCount=56 synched=1 csync=1 res=0
[dplay] Send 33 bytes pid 1 -> 2 (ok)
[agg] SendEx aggpacket 13/s  from=1 to=2(playergroup) players=2 size=33 res=0x0
[dplay] received 14 data bytes from pid 4
[dplay] Send 14 bytes pid 3 -> 1 (ok)
[dplay] Send 33 bytes pid 1 -> 2 (ok)
[dplay] received 14 data bytes from pid 4
[dplay] Send 14 bytes pid 3 -> 1 (ok)
[dplay] Send 33 bytes pid 1 -> 2 (ok)
[mfctimer] fire #22500 wnd=0x9f1d456 id=2378
[dplay] received 14 data bytes from pid 4
[dplay] Send 14 bytes pid 3 -> 1 (ok)
[dplay] Send 33 bytes pid 1 -> 2 (ok)
[dplay] received 14 data bytes from pid 4
[dplay] Send 14 bytes pid 3 -> 1 (ok)
[dplay] Send 33 bytes pid 1 -> 2 (ok)
[dplay] received 14 data bytes from pid 4
[dplay] Send 14 bytes pid 3 -> 1 (ok)
[dplay] Send 33 bytes pid 1 -> 2 (ok)
[dplay] received 14 data bytes from pid 4
[dplay] Send 14 bytes pid 3 -> 1 (ok)
[dplay] Send 33 bytes pid 1 -> 2 (ok)
[movegate] cycle=2250 timeout=0 accelcountdown=1 accel=0
[movestep] cycle=2250 paused=0 num=1
[dplay] received 14 data bytes from pid 4
[dplay] Send 14 bytes pid 3 -> 1 (ok)
[dplay] Send 33 bytes pid 1 -> 2 (ok)
[dplay] received 14 data bytes from pid 4
[dplay] Send 14 bytes pid 3 -> 1 (ok)
[dplay] Send 33 bytes pid 1 -> 2 (ok)
[dplay] received 14 data bytes from pid 4
[dplay] Send 14 bytes pid 3 -> 1 (ok)
[dplay] Send 33 bytes pid 1 -> 2 (ok)
[dplay] received 14 data bytes from pid 4
[dplay] Send 14 bytes pid 3 -> 1 (ok)
[dplay] Send 33 bytes pid 1 -> 2 (ok)
[dplay] received 14 data bytes from pid 4
[dplay] Send 14 bytes pid 3 -> 1 (ok)
[dplay] Send 33 bytes pid 1 -> 2 (ok)
[dplay] received 14 data bytes from pid 4
[dplay] Send 14 bytes pid 3 -> 1 (ok)
[agg] StaticTimeProc 50/s  impl=1 host=1 running=1 resync=0 served=0  -> AggregatorGetPackets 50/s
[agg] drained/s:  aggregator from=4 to=1 len=14 x12  aggregator from=3 to=1 len=14 x13  WINMOVE.CPP:4941 from=1 to=2 len=33 x12
[agg] aggregator received 25 msg/s  right-size 25  mapped-to-slot 25  from: 3 4  (H2H dpids: [0]=3 [1]=4)  sizeof(ACPACKET)=14
[agg] loopback 25/s  from=1 to=2 (local player or group)
[dplay] Send 33 bytes pid 1 -> 2 (ok)
[agg] SendEx aggpacket 12/s  from=1 to=2(playergroup) players=2 size=33 res=0x0
[moveloop] iter=3200 -> waiting on SEMAPHORE
[moveloop] iter=3200 -> got semaphore, waiting on MUTEX
[dplay] received 14 data bytes from pid 4
[dplay] Send 14 bytes pid 3 -> 1 (ok)
[agg] sent-to-agg/s dummy=0 init=0 other=13 (last other IDCode=201)  Count=68 FrameCount=69 synched=1 csync=1 res=0
[dplay] Send 33 bytes pid 1 -> 2 (ok)
[dplay] received 14 data bytes from pid 4
[dplay] Send 14 bytes pid 3 -> 1 (ok)
[dplay] Send 33 bytes pid 1 -> 2 (ok)
[dplay] received 14 data bytes from pid 4
[dplay] Send 14 bytes pid 3 -> 1 (ok)
[dplay] Send 33 bytes pid 1 -> 2 (ok)
[dplay] received 14 data bytes from pid 4
[dplay] Send 14 bytes pid 3 -> 1 (ok)
[dplay] Send 33 bytes pid 1 -> 2 (ok)
[dplay] received 14 data bytes from pid 4
[dplay] Send 14 bytes pid 3 -> 1 (ok)
[dplay] Send 33 bytes pid 1 -> 2 (ok)
[dplay] received 14 data bytes from pid 4
[dplay] Send 19 bytes pid 1 -> 2 (ok)
[dplay] Send 14 bytes pid 3 -> 1 (ok)
[dplay] received 14 data bytes from pid 4
[dplay] Send 33 bytes pid 1 -> 2 (ok)
[dplay] Send 14 bytes pid 3 -> 1 (ok)
[dplay] received 14 data bytes from pid 4
[dplay] Send 33 bytes pid 1 -> 2 (ok)
[dplay] Send 14 bytes pid 3 -> 1 (ok)
[dplay] received 14 data bytes from pid 4
[dplay] Send 33 bytes pid 1 -> 2 (ok)
[dplay] Send 14 bytes pid 3 -> 1 (ok)
[mfctimer] fire #23000 wnd=0x9f1d456 id=2378
[dplay] received 14 data bytes from pid 4
[dplay] Send 33 bytes pid 1 -> 2 (ok)
[dplay] Send 14 bytes pid 3 -> 1 (ok)
[dplay] received 14 data bytes from pid 4
[dplay] Send 33 bytes pid 1 -> 2 (ok)
[dplay] Send 14 bytes pid 3 -> 1 (ok)
[dplay] received 14 data bytes from pid 4
[dplay] Send 33 bytes pid 1 -> 2 (ok)
[dplay] Send 14 bytes pid 3 -> 1 (ok)
[agg] StaticTimeProc 49/s  impl=1 host=1 running=1 resync=0 served=0  -> AggregatorGetPackets 49/s
[moveloop] iter=3250 -> waiting on SEMAPHORE
[moveloop] iter=3250 -> got semaphore, waiting on MUTEX
[dplay] pump #16000 (host=1) -- discovery is answered only from here
[dplay] received 14 data bytes from pid 4
[agg] drained/s:  aggregator from=4 to=1 len=14 x13  aggregator from=3 to=1 len=14 x12  WINMOVE.CPP:4941 from=1 to=2 len=33 x13  WINMOVE.CPP:4941 from=1 to=2 len=19 x1
[agg] aggregator received 25 msg/s  right-size 25  mapped-to-slot 25  from: 4 3  (H2H dpids: [0]=3 [1]=4)  sizeof(ACPACKET)=14
[agg] loopback 25/s  from=1 to=2 (local player or group)
[dplay] Send 33 bytes pid 1 -> 2 (ok)
[agg] SendEx aggpacket 13/s  from=1 to=2(playergroup) players=2 size=33 res=0x0
[dplay] Send 14 bytes pid 3 -> 1 (ok)
[agg] sent-to-agg/s dummy=0 init=0 other=12 (last other IDCode=201)  Count=80 FrameCount=81 synched=1 csync=1 res=0
[dplay] received 14 data bytes from pid 4
[dplay] Send 33 bytes pid 1 -> 2 (ok)
[dplay] Send 14 bytes pid 3 -> 1 (ok)
[dplay] received 14 data bytes from pid 4
[dplay] Send 33 bytes pid 1 -> 2 (ok)
[dplay] Send 14 bytes pid 3 -> 1 (ok)
[dplay] received 14 data bytes from pid 4
[dplay] Send 33 bytes pid 1 -> 2 (ok)
[dplay] Send 14 bytes pid 3 -> 1 (ok)
[dplay] received 14 data bytes from pid 4
[dplay] Send 14 bytes pid 3 -> 1 (ok)
[dplay] Send 33 bytes pid 1 -> 2 (ok)
[dplay] received 14 data bytes from pid 4
[dplay] Send 33 bytes pid 1 -> 2 (ok)
[dplay] Send 14 bytes pid 3 -> 1 (ok)
[dplay] Send 19 bytes pid 1 -> 2 (ok)
[dplay] received 14 data bytes from pid 4
[dplay] Send 14 bytes pid 3 -> 1 (ok)
[dplay] Send 33 bytes pid 1 -> 2 (ok)
[dplay] received 14 data bytes from pid 4
[dplay] Send 14 bytes pid 3 -> 1 (ok)
[dplay] Send 33 bytes pid 1 -> 2 (ok)
[dplay] received 14 data bytes from pid 4
[dplay] Send 14 bytes pid 3 -> 1 (ok)
[dplay] Send 33 bytes pid 1 -> 2 (ok)
[dplay] received 14 data bytes from pid 4
[dplay] Send 14 bytes pid 3 -> 1 (ok)
[dplay] Send 33 bytes pid 1 -> 2 (ok)
[dplay] received 14 data bytes from pid 4
[dplay] Send 14 bytes pid 3 -> 1 (ok)
[dplay] Send 33 bytes pid 1 -> 2 (ok)
[dplay] received 14 data bytes from pid 4
[dplay] Send 14 bytes pid 3 -> 1 (ok)
[dplay] Send 33 bytes pid 1 -> 2 (ok)
[dplay] received 14 data bytes from pid 4
[timeproc] tick=11750 instances=1 currinst=0xb0d3610
[dplay] Send 14 bytes pid 3 -> 1 (ok)
[agg] StaticTimeProc 47/s  impl=1 host=1 running=1 resync=0 served=0  -> AggregatorGetPackets 47/s
[agg] drained/s:  aggregator from=4 to=1 len=14 x11  aggregator from=3 to=1 len=14 x13  WINMOVE.CPP:4941 from=1 to=2 len=33 x13  WINMOVE.CPP:4941 from=1 to=2 len=19 x1  WINMOVE.CPP:4941 from=4 to=1 len=14 x1
[agg] aggregator received 25 msg/s  right-size 25  mapped-to-slot 25  from: 3 4  (H2H dpids: [0]=3 [1]=4)  sizeof(ACPACKET)=14
[agg] loopback 26/s  from=1 to=2 (local player or group)
[dplay] Send 33 bytes pid 1 -> 2 (ok)
[agg] SendEx aggpacket 13/s  from=1 to=2(playergroup) players=2 size=33 res=0x0
[moveloop] iter=3300 -> waiting on SEMAPHORE
[moveloop] iter=3300 -> got semaphore, waiting on MUTEX
[dplay] received 14 data bytes from pid 4
[dplay] Send 14 bytes pid 3 -> 1 (ok)
[agg] sent-to-agg/s dummy=0 init=0 other=13 (last other IDCode=201)  Count=93 FrameCount=94 synched=1 csync=1 res=0
[dplay] Send 33 bytes pid 1 -> 2 (ok)
[dplay] received 14 data bytes from pid 4
[dplay] Send 14 bytes pid 3 -> 1 (ok)
[dplay] Send 33 bytes pid 1 -> 2 (ok)
[dplay] received 14 data bytes from pid 4
[dplay] Send 14 bytes pid 3 -> 1 (ok)
[dplay] Send 33 bytes pid 1 -> 2 (ok)
[mfctimer] fire #23500 wnd=0x9f1d456 id=2378
[dplay] received 14 data bytes from pid 4
[dplay] Send 14 bytes pid 3 -> 1 (ok)
[dplay] Send 33 bytes pid 1 -> 2 (ok)
[dplay] received 14 data bytes from pid 4
[dplay] Send 14 bytes pid 3 -> 1 (ok)
[dplay] Send 33 bytes pid 1 -> 2 (ok)
[dplay] received 14 data bytes from pid 4
[dplay] Send 14 bytes pid 3 -> 1 (ok)
[dplay] Send 33 bytes pid 1 -> 2 (ok)
[dplay] received 14 data bytes from pid 4
[dplay] Send 14 bytes pid 3 -> 1 (ok)
[dplay] Send 33 bytes pid 1 -> 2 (ok)
[accnt] aircraft in this world: now=8 MAX=8 visible=2 dead=7 (frame sample #4)
[dplay] received 14 data bytes from pid 4
[dplay] Send 14 bytes pid 3 -> 1 (ok)
[dplay] Send 33 bytes pid 1 -> 2 (ok)
[dplay] received 14 data bytes from pid 4
[dplay] Send 14 bytes pid 3 -> 1 (ok)
[dplay] Send 33 bytes pid 1 -> 2 (ok)
[dplay] received 14 data bytes from pid 4
[dplay] Send 14 bytes pid 3 -> 1 (ok)
[dplay] Send 33 bytes pid 1 -> 2 (ok)
[dplay] received 14 data bytes from pid 4
[dplay] Send 14 bytes pid 3 -> 1 (ok)
[dplay] Send 33 bytes pid 1 -> 2 (ok)
[dplay] received 14 data bytes from pid 4
[dplay] Send 14 bytes pid 3 -> 1 (ok)
[dplay] Send 33 bytes pid 1 -> 2 (ok)
[agg] StaticTimeProc 50/s  impl=1 host=1 running=1 resync=0 served=0  -> AggregatorGetPackets 50/s
[moveloop] iter=3350 -> waiting on SEMAPHORE
[moveloop] iter=3350 -> got semaphore, waiting on MUTEX
[dplay] received 14 data bytes from pid 4
[agg] drained/s:  aggregator from=4 to=1 len=14 x13  aggregator from=3 to=1 len=14 x12  WINMOVE.CPP:4941 from=1 to=2 len=33 x13
[agg] aggregator received 25 msg/s  right-size 25  mapped-to-slot 25  from: 4 3  (H2H dpids: [0]=3 [1]=4)  sizeof(ACPACKET)=14
[agg] loopback 25/s  from=3 to=1 (local player or group)
[dplay] Send 14 bytes pid 3 -> 1 (ok)
[agg] sent-to-agg/s dummy=0 init=0 other=12 (last other IDCode=201)  Count=105 FrameCount=106 synched=1 csync=1 res=0
[dplay] Send 33 bytes pid 1 -> 2 (ok)
[agg] SendEx aggpacket 13/s  from=1 to=2(playergroup) players=2 size=33 res=0x0
[dplay] received 14 data bytes from pid 4
[dplay] Send 14 bytes pid 3 -> 1 (ok)
[dplay] Send 33 bytes pid 1 -> 2 (ok)
[dplay] received 14 data bytes from pid 4
[dplay] Send 19 bytes pid 1 -> 2 (ok)
[dplay] Send 14 bytes pid 3 -> 1 (ok)
[dplay] received 14 data bytes from pid 4
[dplay] Send 33 bytes pid 1 -> 2 (ok)
[dplay] Send 14 bytes pid 3 -> 1 (ok)
[dplay] received 14 data bytes from pid 4
[dplay] Send 33 bytes pid 1 -> 2 (ok)
[dplay] Send 14 bytes pid 3 -> 1 (ok)
[dplay] received 14 data bytes from pid 4
[dplay] Send 33 bytes pid 1 -> 2 (ok)
[dplay] Send 14 bytes pid 3 -> 1 (ok)
[dplay] received 14 data bytes from pid 4
[dplay] Send 33 bytes pid 1 -> 2 (ok)
[dplay] Send 14 bytes pid 3 -> 1 (ok)
[dplay] received 14 data bytes from pid 4
[dplay] Send 33 bytes pid 1 -> 2 (ok)
[dplay] Send 14 bytes pid 3 -> 1 (ok)
[dplay] received 14 data bytes from pid 4
[dplay] Send 33 bytes pid 1 -> 2 (ok)
[dplay] Send 14 bytes pid 3 -> 1 (ok)
[dplay] received 14 data bytes from pid 4
[dplay] Send 33 bytes pid 1 -> 2 (ok)
[dplay] Send 14 bytes pid 3 -> 1 (ok)
[dplay] received 14 data bytes from pid 4
[dplay] Send 33 bytes pid 1 -> 2 (ok)
[dplay] Send 14 bytes pid 3 -> 1 (ok)
[mfctimer] fire #24000 wnd=0x9f1d456 id=2378
[dplay] received 14 data bytes from pid 4
[dplay] Send 33 bytes pid 1 -> 2 (ok)
[dplay] Send 14 bytes pid 3 -> 1 (ok)
[dplay] received 14 data bytes from pid 4
[dplay] Send 33 bytes pid 1 -> 2 (ok)
[dplay] Send 14 bytes pid 3 -> 1 (ok)
[agg] StaticTimeProc 49/s  impl=1 host=1 running=1 resync=0 served=0  -> AggregatorGetPackets 49/s
[agg] drained/s:  aggregator from=4 to=1 len=14 x12  aggregator from=3 to=1 len=14 x13  WINMOVE.CPP:4941 from=1 to=2 len=33 x13  WINMOVE.CPP:4941 from=1 to=2 len=19 x1
[agg] aggregator received 25 msg/s  right-size 25  mapped-to-slot 25  from: 3 4  (H2H dpids: [0]=3 [1]=4)  sizeof(ACPACKET)=14
[moveloop] iter=3400 -> waiting on SEMAPHORE
[moveloop] iter=3400 -> got semaphore, waiting on MUTEX
[dplay] received 14 data bytes from pid 4
[agg] loopback 26/s  from=1 to=2 (local player or group)
[dplay] Send 33 bytes pid 1 -> 2 (ok)
[agg] SendEx aggpacket 13/s  from=1 to=2(playergroup) players=2 size=33 res=0x0
[dplay] Send 14 bytes pid 3 -> 1 (ok)
[agg] sent-to-agg/s dummy=0 init=0 other=13 (last other IDCode=201)  Count=118 FrameCount=119 synched=1 csync=1 res=0
[dplay] received 14 data bytes from pid 4
[dplay] Send 33 bytes pid 1 -> 2 (ok)
[dplay] Send 14 bytes pid 3 -> 1 (ok)
[dplay] received 14 data bytes from pid 4
[dplay] Send 33 bytes pid 1 -> 2 (ok)
[dplay] Send 14 bytes pid 3 -> 1 (ok)
[dplay] received 14 data bytes from pid 4
[dplay] Send 33 bytes pid 1 -> 2 (ok)
[dplay] Send 14 bytes pid 3 -> 1 (ok)
[dplay] received 14 data bytes from pid 4
[dplay] Send 33 bytes pid 1 -> 2 (ok)
[dplay] Send 14 bytes pid 3 -> 1 (ok)
[dplay] received 14 data bytes from pid 4
[dplay] Send 33 bytes pid 1 -> 2 (ok)
[dplay] Send 14 bytes pid 3 -> 1 (ok)
[dplay] received 14 data bytes from pid 4
[dplay] Send 14 bytes pid 3 -> 1 (ok)
[dplay] Send 33 bytes pid 1 -> 2 (ok)
[movegate] cycle=2500 timeout=0 accelcountdown=1 accel=0
[movestep] cycle=2500 paused=0 num=1
[dplay] received 14 data bytes from pid 4
[dplay] Send 14 bytes pid 3 -> 1 (ok)
[dplay] Send 33 bytes pid 1 -> 2 (ok)
[dplay] pump #16500 (host=1) -- discovery is answered only from here
[dplay] received 14 data bytes from pid 4
[dplay] Send 33 bytes pid 1 -> 2 (ok)
[dplay] Send 14 bytes pid 3 -> 1 (ok)
[dplay] Send 19 bytes pid 1 -> 2 (ok)
[dplay] received 14 data bytes from pid 4
[dplay] Send 14 bytes pid 3 -> 1 (ok)
[dplay] Send 33 bytes pid 1 -> 2 (ok)
[dplay] received 14 data bytes from pid 4
[dplay] Send 14 bytes pid 3 -> 1 (ok)
[dplay] Send 33 bytes pid 1 -> 2 (ok)
[dplay] received 14 data bytes from pid 4
[dplay] Send 14 bytes pid 3 -> 1 (ok)
[dplay] Send 33 bytes pid 1 -> 2 (ok)
[agg] StaticTimeProc 49/s  impl=1 host=1 running=1 resync=0 served=0  -> AggregatorGetPackets 49/s
[moveloop] iter=3450 -> waiting on SEMAPHORE
[moveloop] iter=3450 -> got semaphore, waiting on MUTEX
[dplay] received 14 data bytes from pid 4
[agg] drained/s:  aggregator from=4 to=1 len=14 x13  aggregator from=3 to=1 len=14 x12  WINMOVE.CPP:4941 from=1 to=2 len=33 x13  WINMOVE.CPP:4941 from=1 to=2 len=19 x1
[agg] aggregator received 25 msg/s  right-size 25  mapped-to-slot 25  from: 4 3  (H2H dpids: [0]=3 [1]=4)  sizeof(ACPACKET)=14
[agg] loopback 25/s  from=3 to=1 (local player or group)
[dplay] Send 14 bytes pid 3 -> 1 (ok)
[agg] sent-to-agg/s dummy=0 init=0 other=12 (last other IDCode=201)  Count=130 FrameCount=131 synched=1 csync=1 res=0
[dplay] Send 33 bytes pid 1 -> 2 (ok)
[agg] SendEx aggpacket 13/s  from=1 to=2(playergroup) players=2 size=33 res=0x0
[dplay] received 14 data bytes from pid 4
[dplay] Send 14 bytes pid 3 -> 1 (ok)
[dplay] Send 33 bytes pid 1 -> 2 (ok)
[dplay] received 14 data bytes from pid 4
[dplay] Send 14 bytes pid 3 -> 1 (ok)
[dplay] Send 33 bytes pid 1 -> 2 (ok)
[dplay] received 14 data bytes from pid 4
[dplay] Send 14 bytes pid 3 -> 1 (ok)
[dplay] Send 33 bytes pid 1 -> 2 (ok)
[dplay] received 14 data bytes from pid 4
[dplay] Send 14 bytes pid 3 -> 1 (ok)
[dplay] Send 33 bytes pid 1 -> 2 (ok)
[mfctimer] fire #24500 wnd=0x9f1d456 id=2378
[dplay] received 14 data bytes from pid 4
[dplay] Send 14 bytes pid 3 -> 1 (ok)
[dplay] Send 33 bytes pid 1 -> 2 (ok)
[dplay] received 14 data bytes from pid 4
[dplay] Send 14 bytes pid 3 -> 1 (ok)
[dplay] Send 33 bytes pid 1 -> 2 (ok)
[dplay] received 14 data bytes from pid 4
[dplay] Send 14 bytes pid 3 -> 1 (ok)
[dplay] Send 33 bytes pid 1 -> 2 (ok)
[dplay] received 14 data bytes from pid 4
[dplay] Send 14 bytes pid 3 -> 1 (ok)
[dplay] Send 33 bytes pid 1 -> 2 (ok)
[dplay] received 14 data bytes from pid 4
[dplay] Send 14 bytes pid 3 -> 1 (ok)
[dplay] Send 33 bytes pid 1 -> 2 (ok)
[dplay] received 14 data bytes from pid 4
[dplay] Send 14 bytes pid 3 -> 1 (ok)
[dplay] Send 33 bytes pid 1 -> 2 (ok)
[dplay] received 14 data bytes from pid 4
[dplay] Send 14 bytes pid 3 -> 1 (ok)
[dplay] Send 33 bytes pid 1 -> 2 (ok)
[dplay] received 14 data bytes from pid 4
[dplay] Send 14 bytes pid 3 -> 1 (ok)
[dplay] Send 33 bytes pid 1 -> 2 (ok)
[moveloop] iter=3500 -> waiting on SEMAPHORE
[moveloop] iter=3500 -> got semaphore, waiting on MUTEX
[agg] drained/s:  aggregator from=4 to=1 len=14 x12  aggregator from=3 to=1 len=14 x13  WINMOVE.CPP:4941 from=1 to=2 len=33 x13
[agg] StaticTimeProc 50/s  impl=1 host=1 running=1 resync=0 served=0  -> AggregatorGetPackets 50/s
[dplay] received 14 data bytes from pid 4
[agg] aggregator received 26 msg/s  right-size 26  mapped-to-slot 26  from: 3 4  (H2H dpids: [0]=3 [1]=4)  sizeof(ACPACKET)=14
[agg] loopback 26/s  from=3 to=1 (local player or group)
[dplay] Send 14 bytes pid 3 -> 1 (ok)
[agg] sent-to-agg/s dummy=0 init=0 other=13 (last other IDCode=201)  Count=143 FrameCount=144 synched=1 csync=1 res=0
[dplay] Send 33 bytes pid 1 -> 2 (ok)
[agg] SendEx aggpacket 13/s  from=1 to=2(playergroup) players=2 size=33 res=0x0
[dplay] received 14 data bytes from pid 4
[dplay] Send 14 bytes pid 3 -> 1 (ok)
[dplay] Send 33 bytes pid 1 -> 2 (ok)
[dplay] received 14 data bytes from pid 4
[dplay] Send 14 bytes pid 3 -> 1 (ok)
[dplay] Send 33 bytes pid 1 -> 2 (ok)
[dplay] received 14 data bytes from pid 4
[dplay] Send 14 bytes pid 3 -> 1 (ok)
[dplay] Send 33 bytes pid 1 -> 2 (ok)
[dplay] received 14 data bytes from pid 4
[dplay] Send 33 bytes pid 1 -> 2 (ok)
[dplay] Send 14 bytes pid 3 -> 1 (ok)
[dplay] received 14 data bytes from pid 4
[dplay] Send 14 bytes pid 3 -> 1 (ok)
[dplay] Send 33 bytes pid 1 -> 2 (ok)
[dplay] received 14 data bytes from pid 4
[dplay] Send 14 bytes pid 3 -> 1 (ok)
[dplay] Send 33 bytes pid 1 -> 2 (ok)
[dplay] received 14 data bytes from pid 4
[dplay] Send 14 bytes pid 3 -> 1 (ok)
[dplay] Send 33 bytes pid 1 -> 2 (ok)
[dplay] received 14 data bytes from pid 4
[dplay] Send 14 bytes pid 3 -> 1 (ok)
[dplay] Send 33 bytes pid 1 -> 2 (ok)
[dplay] received 14 data bytes from pid 4
[dplay] Send 14 bytes pid 3 -> 1 (ok)
[dplay] Send 33 bytes pid 1 -> 2 (ok)
[dplay] received 14 data bytes from pid 4
[dplay] Send 14 bytes pid 3 -> 1 (ok)
[dplay] Send 33 bytes pid 1 -> 2 (ok)
[mfctimer] fire #25000 wnd=0x9f1d456 id=2378
[dplay] received 14 data bytes from pid 4
[dplay] Send 14 bytes pid 3 -> 1 (ok)
[dplay] Send 33 bytes pid 1 -> 2 (ok)
[agg] StaticTimeProc 45/s  impl=1 host=1 running=1 resync=0 served=0  -> AggregatorGetPackets 45/s
[moveloop] iter=3550 -> waiting on SEMAPHORE
[moveloop] iter=3550 -> got semaphore, waiting on MUTEX
[dplay] received 14 data bytes from pid 4
[agg] drained/s:  aggregator from=4 to=1 len=14 x12  aggregator from=3 to=1 len=14 x12  WINMOVE.CPP:4941 from=1 to=2 len=33 x12  WINMOVE.CPP:4941 from=4 to=1 len=14 x1
[agg] aggregator received 24 msg/s  right-size 24  mapped-to-slot 24  from: 3 4  (H2H dpids: [0]=3 [1]=4)  sizeof(ACPACKET)=14
[agg] loopback 24/s  from=3 to=1 (local player or group)
[dplay] Send 14 bytes pid 3 -> 1 (ok)
[agg] sent-to-agg/s dummy=0 init=0 other=12 (last other IDCode=201)  Count=155 FrameCount=156 synched=1 csync=1 res=0
[dplay] Send 33 bytes pid 1 -> 2 (ok)
[agg] SendEx aggpacket 12/s  from=1 to=2(playergroup) players=2 size=33 res=0x0
[dplay] received 14 data bytes from pid 4
[dplay] Send 14 bytes pid 3 -> 1 (ok)
[dplay] Send 33 bytes pid 1 -> 2 (ok)
[timeproc] tick=12000 instances=1 currinst=0xb0d3610
[dplay] received 14 data bytes from pid 4
[dplay] Send 14 bytes pid 3 -> 1 (ok)
[dplay] Send 33 bytes pid 1 -> 2 (ok)
[dplay] received 14 data bytes from pid 4
[dplay] Send 14 bytes pid 3 -> 1 (ok)
[dplay] Send 33 bytes pid 1 -> 2 (ok)
[dplay] received 14 data bytes from pid 4
[dplay] Send 14 bytes pid 3 -> 1 (ok)
[dplay] Send 33 bytes pid 1 -> 2 (ok)
[dplay] received 14 data bytes from pid 4
[dplay] Send 14 bytes pid 3 -> 1 (ok)
[dplay] Send 33 bytes pid 1 -> 2 (ok)
[dplay] received 14 data bytes from pid 4
[dplay] Send 14 bytes pid 3 -> 1 (ok)
[dplay] Send 33 bytes pid 1 -> 2 (ok)
[dplay] received 14 data bytes from pid 4
[dplay] Send 14 bytes pid 3 -> 1 (ok)
[dplay] Send 33 bytes pid 1 -> 2 (ok)
[dplay] received 14 data bytes from pid 4
[dplay] Send 14 bytes pid 3 -> 1 (ok)
[dplay] Send 33 bytes pid 1 -> 2 (ok)
[dplay] received 14 data bytes from pid 4
[dplay] Send 14 bytes pid 3 -> 1 (ok)
[dplay] Send 33 bytes pid 1 -> 2 (ok)
[dplay] received 14 data bytes from pid 4
[dplay] Send 14 bytes pid 3 -> 1 (ok)
[dplay] Send 33 bytes pid 1 -> 2 (ok)
[dplay] received 14 data bytes from pid 4
[dplay] Send 14 bytes pid 3 -> 1 (ok)
[dplay] Send 33 bytes pid 1 -> 2 (ok)
[dplay] received 14 data bytes from pid 4
[dplay] Send 14 bytes pid 3 -> 1 (ok)
[agg] StaticTimeProc 49/s  impl=1 host=1 running=1 resync=0 served=0  -> AggregatorGetPackets 49/s
[agg] drained/s:  aggregator from=4 to=1 len=14 x12  aggregator from=3 to=1 len=14 x13  WINMOVE.CPP:4941 from=1 to=2 len=33 x12
[agg] aggregator received 25 msg/s  right-size 25  mapped-to-slot 25  from: 3 4  (H2H dpids: [0]=3 [1]=4)  sizeof(ACPACKET)=14
[agg] loopback 25/s  from=1 to=2 (local player or group)
[dplay] Send 33 bytes pid 1 -> 2 (ok)
[agg] SendEx aggpacket 12/s  from=1 to=2(playergroup) players=2 size=33 res=0x0
[moveloop] iter=3600 -> waiting on SEMAPHORE
[moveloop] iter=3600 -> got semaphore, waiting on MUTEX
[dplay] received 14 data bytes from pid 4
[dplay] Send 14 bytes pid 3 -> 1 (ok)
[agg] sent-to-agg/s dummy=0 init=0 other=13 (last other IDCode=201)  Count=168 FrameCount=169 synched=1 csync=1 res=0
[dplay] Send 33 bytes pid 1 -> 2 (ok)
[dplay] received 14 data bytes from pid 4
[dplay] Send 14 bytes pid 3 -> 1 (ok)
[dplay] Send 33 bytes pid 1 -> 2 (ok)
[dplay] received 14 data bytes from pid 4
[dplay] Send 14 bytes pid 3 -> 1 (ok)
[dplay] Send 33 bytes pid 1 -> 2 (ok)
[dplay] received 14 data bytes from pid 4
[dplay] Send 14 bytes pid 3 -> 1 (ok)
[dplay] Send 33 bytes pid 1 -> 2 (ok)
[dplay] pump #17000 (host=1) -- discovery is answered only from here
[dplay] received 14 data bytes from pid 4
[dplay] Send 14 bytes pid 3 -> 1 (ok)
[dplay] Send 33 bytes pid 1 -> 2 (ok)
[dplay] received 14 data bytes from pid 4
[dplay] Send 14 bytes pid 3 -> 1 (ok)
[dplay] Send 33 bytes pid 1 -> 2 (ok)
[mfctimer] fire #25500 wnd=0x9f1d456 id=2378
[dplay] received 14 data bytes from pid 4
[dplay] Send 19 bytes pid 1 -> 2 (ok)
[dplay] Send 14 bytes pid 3 -> 1 (ok)
[dplay] received 14 data bytes from pid 4
[dplay] Send 33 bytes pid 1 -> 2 (ok)
[dplay] Send 14 bytes pid 3 -> 1 (ok)
[dplay] received 14 data bytes from pid 4
[dplay] Send 33 bytes pid 1 -> 2 (ok)
[dplay] Send 14 bytes pid 3 -> 1 (ok)
[dplay] received 14 data bytes from pid 4
[dplay] Send 33 bytes pid 1 -> 2 (ok)
[dplay] Send 14 bytes pid 3 -> 1 (ok)
[dplay] received 14 data bytes from pid 4
[dplay] Send 33 bytes pid 1 -> 2 (ok)
[dplay] Send 14 bytes pid 3 -> 1 (ok)
[dplay] received 14 data bytes from pid 4
[dplay] Send 33 bytes pid 1 -> 2 (ok)
[dplay] Send 14 bytes pid 3 -> 1 (ok)
[agg] StaticTimeProc 49/s  impl=1 host=1 running=1 resync=0 served=0  -> AggregatorGetPackets 49/s
[moveloop] iter=3650 -> waiting on SEMAPHORE
[moveloop] iter=3650 -> got semaphore, waiting on MUTEX
[dplay] received 14 data bytes from pid 4
[agg] drained/s:  aggregator from=4 to=1 len=14 x13  aggregator from=3 to=1 len=14 x12  WINMOVE.CPP:4941 from=1 to=2 len=33 x13  WINMOVE.CPP:4941 from=1 to=2 len=19 x1
[agg] aggregator received 25 msg/s  right-size 25  mapped-to-slot 25  from: 4 3  (H2H dpids: [0]=3 [1]=4)  sizeof(ACPACKET)=14
[agg] loopback 25/s  from=1 to=2 (local player or group)
[dplay] Send 33 bytes pid 1 -> 2 (ok)
[agg] SendEx aggpacket 13/s  from=1 to=2(playergroup) players=2 size=33 res=0x0
[dplay] Send 14 bytes pid 3 -> 1 (ok)
[agg] sent-to-agg/s dummy=0 init=0 other=12 (last other IDCode=201)  Count=180 FrameCount=181 synched=1 csync=1 res=0
[dplay] received 14 data bytes from pid 4
[dplay] Send 33 bytes pid 1 -> 2 (ok)
[dplay] Send 14 bytes pid 3 -> 1 (ok)
[dplay] received 14 data bytes from pid 4
[dplay] Send 33 bytes pid 1 -> 2 (ok)
[dplay] Send 14 bytes pid 3 -> 1 (ok)
[dplay] received 14 data bytes from pid 4
[dplay] Send 33 bytes pid 1 -> 2 (ok)
[dplay] Send 14 bytes pid 3 -> 1 (ok)
[dplay] received 14 data bytes from pid 4
[dplay] Send 33 bytes pid 1 -> 2 (ok)
[dplay] Send 14 bytes pid 3 -> 1 (ok)
[dplay] received 14 data bytes from pid 4
[dplay] Send 33 bytes pid 1 -> 2 (ok)
[dplay] Send 14 bytes pid 3 -> 1 (ok)
[dplay] received 14 data bytes from pid 4
[dplay] Send 33 bytes pid 1 -> 2 (ok)
[dplay] Send 14 bytes pid 3 -> 1 (ok)
[movegate] cycle=2750 timeout=0 accelcountdown=1 accel=0
[movestep] cycle=2750 paused=0 num=1
[dplay] received 14 data bytes from pid 4
[dplay] Send 33 bytes pid 1 -> 2 (ok)
[dplay] Send 14 bytes pid 3 -> 1 (ok)
[dplay] received 14 data bytes from pid 4
[dplay] Send 33 bytes pid 1 -> 2 (ok)
[dplay] Send 14 bytes pid 3 -> 1 (ok)
[dplay] received 14 data bytes from pid 4
[dplay] Send 33 bytes pid 1 -> 2 (ok)
[dplay] Send 14 bytes pid 3 -> 1 (ok)
[dplay] received 14 data bytes from pid 4
[dplay] Send 33 bytes pid 1 -> 2 (ok)
[dplay] Send 14 bytes pid 3 -> 1 (ok)
[dplay] received 14 data bytes from pid 4
[dplay] Send 33 bytes pid 1 -> 2 (ok)
[dplay] Send 14 bytes pid 3 -> 1 (ok)
[dplay] received 14 data bytes from pid 4
[dplay] Send 33 bytes pid 1 -> 2 (ok)
[dplay] Send 14 bytes pid 3 -> 1 (ok)
[mfctimer] fire #26000 wnd=0x9f1d456 id=2378
[agg] StaticTimeProc 50/s  impl=1 host=1 running=1 resync=0 served=0  -> AggregatorGetPackets 50/s
[agg] drained/s:  aggregator from=4 to=1 len=14 x12  aggregator from=3 to=1 len=14 x13  WINMOVE.CPP:4941 from=1 to=2 len=33 x13
[agg] aggregator received 25 msg/s  right-size 25  mapped-to-slot 25  from: 3 4  (H2H dpids: [0]=3 [1]=4)  sizeof(ACPACKET)=14
[moveloop] iter=3700 -> waiting on SEMAPHORE
[moveloop] iter=3700 -> got semaphore, waiting on MUTEX
[dplay] received 14 data bytes from pid 4
[agg] loopback 26/s  from=1 to=2 (local player or group)
[dplay] Send 33 bytes pid 1 -> 2 (ok)
[agg] SendEx aggpacket 13/s  from=1 to=2(playergroup) players=2 size=33 res=0x0
[dplay] Send 14 bytes pid 3 -> 1 (ok)
[agg] sent-to-agg/s dummy=0 init=0 other=13 (last other IDCode=201)  Count=193 FrameCount=194 synched=1 csync=1 res=0
[dplay] received 14 data bytes from pid 4
[dplay] Send 33 bytes pid 1 -> 2 (ok)
[dplay] Send 14 bytes pid 3 -> 1 (ok)
[dplay] Send 19 bytes pid 1 -> 2 (ok)
[dplay] received 14 data bytes from pid 4
[dplay] Send 14 bytes pid 3 -> 1 (ok)
[dplay] Send 33 bytes pid 1 -> 2 (ok)
[dplay] received 14 data bytes from pid 4
[dplay] Send 14 bytes pid 3 -> 1 (ok)
[dplay] Send 33 bytes pid 1 -> 2 (ok)
[dplay] received 14 data bytes from pid 4
[dplay] Send 14 bytes pid 3 -> 1 (ok)
[dplay] Send 33 bytes pid 1 -> 2 (ok)
[dplay] received 14 data bytes from pid 4
[dplay] Send 14 bytes pid 3 -> 1 (ok)
[dplay] Send 33 bytes pid 1 -> 2 (ok)
[dplay] received 14 data bytes from pid 4
[dplay] Send 14 bytes pid 3 -> 1 (ok)
[dplay] Send 33 bytes pid 1 -> 2 (ok)
[dplay] received 14 data bytes from pid 4
[dplay] Send 14 bytes pid 3 -> 1 (ok)
[dplay] Send 33 bytes pid 1 -> 2 (ok)
[dplay] received 14 data bytes from pid 4
[dplay] Send 14 bytes pid 3 -> 1 (ok)
[dplay] Send 33 bytes pid 1 -> 2 (ok)
[dplay] received 14 data bytes from pid 4
[dplay] Send 14 bytes pid 3 -> 1 (ok)
[dplay] Send 33 bytes pid 1 -> 2 (ok)
[dplay] received 14 data bytes from pid 4
[dplay] Send 14 bytes pid 3 -> 1 (ok)
[dplay] Send 33 bytes pid 1 -> 2 (ok)
[dplay] received 14 data bytes from pid 4
[dplay] Send 14 bytes pid 3 -> 1 (ok)
[dplay] Send 33 bytes pid 1 -> 2 (ok)
[agg] StaticTimeProc 49/s  impl=1 host=1 running=1 resync=0 served=0  -> AggregatorGetPackets 49/s
[moveloop] iter=3750 -> waiting on SEMAPHORE
[moveloop] iter=3750 -> got semaphore, waiting on MUTEX
[dplay] received 14 data bytes from pid 4
[agg] drained/s:  aggregator from=4 to=1 len=14 x13  aggregator from=3 to=1 len=14 x12  WINMOVE.CPP:4941 from=1 to=2 len=33 x13  WINMOVE.CPP:4941 from=1 to=2 len=19 x1
[agg] aggregator received 25 msg/s  right-size 25  mapped-to-slot 25  from: 4 3  (H2H dpids: [0]=3 [1]=4)  sizeof(ACPACKET)=14
[agg] loopback 25/s  from=3 to=1 (local player or group)
[dplay] Send 14 bytes pid 3 -> 1 (ok)
[agg] sent-to-agg/s dummy=0 init=0 other=12 (last other IDCode=201)  Count=205 FrameCount=206 synched=1 csync=1 res=0
[dplay] Send 33 bytes pid 1 -> 2 (ok)
[agg] SendEx aggpacket 13/s  from=1 to=2(playergroup) players=2 size=33 res=0x0
[dplay] received 14 data bytes from pid 4
[dplay] Send 14 bytes pid 3 -> 1 (ok)
[dplay] Send 33 bytes pid 1 -> 2 (ok)
[dplay] received 14 data bytes from pid 4
[dplay] Send 14 bytes pid 3 -> 1 (ok)
[dplay] Send 33 bytes pid 1 -> 2 (ok)
[dplay] received 14 data bytes from pid 4
[dplay] Send 14 bytes pid 3 -> 1 (ok)
[dplay] Send 33 bytes pid 1 -> 2 (ok)
[dplay] received 14 data bytes from pid 4
[dplay] Send 14 bytes pid 3 -> 1 (ok)
[dplay] Send 33 bytes pid 1 -> 2 (ok)
[dplay] received 14 data bytes from pid 4
[dplay] Send 14 bytes pid 3 -> 1 (ok)
[dplay] Send 33 bytes pid 1 -> 2 (ok)
[dplay] received 14 data bytes from pid 4
[dplay] Send 14 bytes pid 3 -> 1 (ok)
[dplay] Send 33 bytes pid 1 -> 2 (ok)
[mfctimer] fire #26500 wnd=0x9f1d456 id=2378
[dplay] received 14 data bytes from pid 4
[dplay] Send 14 bytes pid 3 -> 1 (ok)
[dplay] Send 33 bytes pid 1 -> 2 (ok)
[dplay] received 14 data bytes from pid 4
[dplay] Send 14 bytes pid 3 -> 1 (ok)
[dplay] Send 33 bytes pid 1 -> 2 (ok)
[dplay] received 14 data bytes from pid 4
[dplay] Send 14 bytes pid 3 -> 1 (ok)
[dplay] Send 33 bytes pid 1 -> 2 (ok)
[dplay] received 14 data bytes from pid 4
[dplay] Send 14 bytes pid 3 -> 1 (ok)
[dplay] Send 33 bytes pid 1 -> 2 (ok)
[dplay] received 14 data bytes from pid 4
[dplay] Send 14 bytes pid 3 -> 1 (ok)
[dplay] Send 33 bytes pid 1 -> 2 (ok)
[dplay] pump #17500 (host=1) -- discovery is answered only from here
[dplay] received 14 data bytes from pid 4
[dplay] Send 14 bytes pid 3 -> 1 (ok)
[agg] StaticTimeProc 49/s  impl=1 host=1 running=1 resync=0 served=0  -> AggregatorGetPackets 49/s
[agg] drained/s:  aggregator from=4 to=1 len=14 x12  aggregator from=3 to=1 len=14 x13  WINMOVE.CPP:4941 from=1 to=2 len=33 x12
[agg] aggregator received 25 msg/s  right-size 25  mapped-to-slot 25  from: 3 4  (H2H dpids: [0]=3 [1]=4)  sizeof(ACPACKET)=14
[agg] loopback 25/s  from=1 to=2 (local player or group)
[dplay] Send 33 bytes pid 1 -> 2 (ok)
[agg] SendEx aggpacket 12/s  from=1 to=2(playergroup) players=2 size=33 res=0x0
[moveloop] iter=3800 -> waiting on SEMAPHORE
[moveloop] iter=3800 -> got semaphore, waiting on MUTEX
[dplay] received 14 data bytes from pid 4
[dplay] Send 14 bytes pid 3 -> 1 (ok)
[agg] sent-to-agg/s dummy=0 init=0 other=13 (last other IDCode=201)  Count=218 FrameCount=219 synched=1 csync=1 res=0
[dplay] Send 33 bytes pid 1 -> 2 (ok)
[dplay] received 14 data bytes from pid 4
[dplay] Send 14 bytes pid 3 -> 1 (ok)
[dplay] Send 33 bytes pid 1 -> 2 (ok)
[timeproc] tick=12250 instances=1 currinst=0xb0d3610
[dplay] received 14 data bytes from pid 4
[dplay] Send 14 bytes pid 3 -> 1 (ok)
[dplay] Send 33 bytes pid 1 -> 2 (ok)
[dplay] received 14 data bytes from pid 4
[dplay] Send 14 bytes pid 3 -> 1 (ok)
[dplay] Send 33 bytes pid 1 -> 2 (ok)
[dplay] received 14 data bytes from pid 4
[dplay] Send 14 bytes pid 3 -> 1 (ok)
[dplay] Send 33 bytes pid 1 -> 2 (ok)
[dplay] received 14 data bytes from pid 4
[dplay] Send 14 bytes pid 3 -> 1 (ok)
[dplay] Send 33 bytes pid 1 -> 2 (ok)
[dplay] received 14 data bytes from pid 4
[dplay] Send 14 bytes pid 3 -> 1 (ok)
[dplay] Send 33 bytes pid 1 -> 2 (ok)
[dplay] received 14 data bytes from pid 4
[dplay] Send 14 bytes pid 3 -> 1 (ok)
[dplay] Send 33 bytes pid 1 -> 2 (ok)
[dplay] received 14 data bytes from pid 4
[dplay] Send 14 bytes pid 3 -> 1 (ok)
[dplay] Send 33 bytes pid 1 -> 2 (ok)
[dplay] received 14 data bytes from pid 4
[dplay] Send 14 bytes pid 3 -> 1 (ok)
[dplay] Send 33 bytes pid 1 -> 2 (ok)
[dplay] received 14 data bytes from pid 4
[dplay] Send 14 bytes pid 3 -> 1 (ok)
[dplay] Send 33 bytes pid 1 -> 2 (ok)
[dplay] received 14 data bytes from pid 4
[dplay] Send 14 bytes pid 3 -> 1 (ok)
[dplay] Send 33 bytes pid 1 -> 2 (ok)
[agg] StaticTimeProc 50/s  impl=1 host=1 running=1 resync=0 served=0  -> AggregatorGetPackets 50/s
[moveloop] iter=3850 -> waiting on SEMAPHORE
[moveloop] iter=3850 -> got semaphore, waiting on MUTEX
[dplay] received 14 data bytes from pid 4
[agg] drained/s:  aggregator from=4 to=1 len=14 x13  aggregator from=3 to=1 len=14 x12  WINMOVE.CPP:4941 from=1 to=2 len=33 x13
[agg] aggregator received 25 msg/s  right-size 25  mapped-to-slot 25  from: 4 3  (H2H dpids: [0]=3 [1]=4)  sizeof(ACPACKET)=14
[agg] loopback 25/s  from=3 to=1 (local player or group)
[dplay] Send 14 bytes pid 3 -> 1 (ok)
[agg] sent-to-agg/s dummy=0 init=0 other=12 (last other IDCode=201)  Count=230 FrameCount=231 synched=1 csync=1 res=0
[dplay] Send 33 bytes pid 1 -> 2 (ok)
[agg] SendEx aggpacket 13/s  from=1 to=2(playergroup) players=2 size=33 res=0x0
[mfctimer] fire #27000 wnd=0x9f1d456 id=2378
[dplay] received 14 data bytes from pid 4
[dplay] Send 14 bytes pid 3 -> 1 (ok)
[dplay] Send 33 bytes pid 1 -> 2 (ok)
[dplay] received 14 data bytes from pid 4
[dplay] Send 14 bytes pid 3 -> 1 (ok)
[dplay] Send 33 bytes pid 1 -> 2 (ok)
[dplay] received 14 data bytes from pid 4
[dplay] Send 14 bytes pid 3 -> 1 (ok)
[dplay] Send 33 bytes pid 1 -> 2 (ok)
[dplay] received 14 data bytes from pid 4
[dplay] Send 14 bytes pid 3 -> 1 (ok)
[dplay] Send 33 bytes pid 1 -> 2 (ok)
[dplay] received 14 data bytes from pid 4
[dplay] Send 14 bytes pid 3 -> 1 (ok)
[dplay] Send 33 bytes pid 1 -> 2 (ok)
[dplay] received 14 data bytes from pid 4
[dplay] Send 14 bytes pid 3 -> 1 (ok)
[dplay] Send 33 bytes pid 1 -> 2 (ok)
[dplay] received 14 data bytes from pid 4
[dplay] Send 14 bytes pid 3 -> 1 (ok)
[dplay] Send 33 bytes pid 1 -> 2 (ok)
[dplay] received 14 data bytes from pid 4
[dplay] Send 14 bytes pid 3 -> 1 (ok)
[dplay] Send 33 bytes pid 1 -> 2 (ok)
[dplay] received 14 data bytes from pid 4
[dplay] Send 14 bytes pid 3 -> 1 (ok)
[dplay] Send 33 bytes pid 1 -> 2 (ok)
[dplay] received 14 data bytes from pid 4
[dplay] Send 14 bytes pid 3 -> 1 (ok)
[dplay] Send 33 bytes pid 1 -> 2 (ok)
[dplay] received 14 data bytes from pid 4
[dplay] Send 14 bytes pid 3 -> 1 (ok)
[dplay] Send 33 bytes pid 1 -> 2 (ok)
[dplay] received 14 data bytes from pid 4
[dplay] Send 14 bytes pid 3 -> 1 (ok)
[agg] StaticTimeProc 49/s  impl=1 host=1 running=1 resync=0 served=0  -> AggregatorGetPackets 49/s
[agg] drained/s:  aggregator from=4 to=1 len=14 x12  aggregator from=3 to=1 len=14 x13  WINMOVE.CPP:4941 from=1 to=2 len=33 x12
[agg] aggregator received 25 msg/s  right-size 25  mapped-to-slot 25  from: 3 4  (H2H dpids: [0]=3 [1]=4)  sizeof(ACPACKET)=14
[agg] loopback 25/s  from=1 to=2 (local player or group)
[dplay] Send 33 bytes pid 1 -> 2 (ok)
[agg] SendEx aggpacket 12/s  from=1 to=2(playergroup) players=2 size=33 res=0x0
[moveloop] iter=3900 -> waiting on SEMAPHORE
[moveloop] iter=3900 -> got semaphore, waiting on MUTEX
[dplay] received 14 data bytes from pid 4
[dplay] Send 14 bytes pid 3 -> 1 (ok)
[agg] sent-to-agg/s dummy=0 init=0 other=13 (last other IDCode=201)  Count=243 FrameCount=244 synched=1 csync=1 res=0
[dplay] Send 33 bytes pid 1 -> 2 (ok)
[dplay] received 14 data bytes from pid 4
[dplay] Send 14 bytes pid 3 -> 1 (ok)
[dplay] Send 33 bytes pid 1 -> 2 (ok)
[dplay] received 14 data bytes from pid 4
[dplay] Send 14 bytes pid 3 -> 1 (ok)
[dplay] Send 33 bytes pid 1 -> 2 (ok)
[dplay] received 14 data bytes from pid 4
[dplay] Send 14 bytes pid 3 -> 1 (ok)
[dplay] Send 33 bytes pid 1 -> 2 (ok)
[dplay] received 14 data bytes from pid 4
[dplay] Send 14 bytes pid 3 -> 1 (ok)
[dplay] Send 33 bytes pid 1 -> 2 (ok)
[dplay] received 14 data bytes from pid 4
[dplay] Send 14 bytes pid 3 -> 1 (ok)
[dplay] Send 33 bytes pid 1 -> 2 (ok)
[dplay] received 14 data bytes from pid 4
[dplay] Send 19 bytes pid 1 -> 2 (ok)
[dplay] Send 14 bytes pid 3 -> 1 (ok)
[movegate] cycle=3000 timeout=0 accelcountdown=1 accel=0
[movestep] cycle=3000 paused=0 num=1
[accnt] aircraft in this world: now=8 MAX=8 visible=2 dead=7 (frame sample #5)
[dplay] received 14 data bytes from pid 4
[dplay] Send 33 bytes pid 1 -> 2 (ok)
[dplay] Send 14 bytes pid 3 -> 1 (ok)
[mfctimer] fire #27500 wnd=0x9f1d456 id=2378
[dplay] received 14 data bytes from pid 4
[dplay] Send 33 bytes pid 1 -> 2 (ok)
[dplay] Send 14 bytes pid 3 -> 1 (ok)
[dplay] received 14 data bytes from pid 4
[dplay] Send 33 bytes pid 1 -> 2 (ok)
[dplay] Send 14 bytes pid 3 -> 1 (ok)
[dplay] received 14 data bytes from pid 4
[dplay] Send 33 bytes pid 1 -> 2 (ok)
[dplay] Send 14 bytes pid 3 -> 1 (ok)
[dplay] received 14 data bytes from pid 4
[dplay] Send 33 bytes pid 1 -> 2 (ok)
[dplay] Send 14 bytes pid 3 -> 1 (ok)
[agg] StaticTimeProc 49/s  impl=1 host=1 running=1 resync=0 served=0  -> AggregatorGetPackets 49/s
[moveloop] iter=3950 -> waiting on SEMAPHORE
[moveloop] iter=3950 -> got semaphore, waiting on MUTEX
[dplay] received 14 data bytes from pid 4
[agg] drained/s:  aggregator from=4 to=1 len=14 x13  aggregator from=3 to=1 len=14 x12  WINMOVE.CPP:4941 from=1 to=2 len=33 x13  WINMOVE.CPP:4941 from=1 to=2 len=19 x1
[agg] aggregator received 25 msg/s  right-size 25  mapped-to-slot 25  from: 4 3  (H2H dpids: [0]=3 [1]=4)  sizeof(ACPACKET)=14
[agg] loopback 25/s  from=1 to=2 (local player or group)
[dplay] Send 33 bytes pid 1 -> 2 (ok)
[agg] SendEx aggpacket 13/s  from=1 to=2(playergroup) players=2 size=33 res=0x0
[dplay] Send 14 bytes pid 3 -> 1 (ok)
[agg] sent-to-agg/s dummy=0 init=0 other=12 (last other IDCode=201)  Count=255 FrameCount=0 synched=1 csync=1 res=0
[dplay] received 14 data bytes from pid 4
[dplay] Send 33 bytes pid 1 -> 2 (ok)
[dplay] Send 14 bytes pid 3 -> 1 (ok)
[dplay] received 14 data bytes from pid 4
[dplay] Send 33 bytes pid 1 -> 2 (ok)
[dplay] Send 14 bytes pid 3 -> 1 (ok)
[dplay] received 14 data bytes from pid 4
[dplay] Send 33 bytes pid 1 -> 2 (ok)
[dplay] Send 14 bytes pid 3 -> 1 (ok)
[dplay] received 14 data bytes from pid 4
[dplay] Send 33 bytes pid 1 -> 2 (ok)
[dplay] Send 14 bytes pid 3 -> 1 (ok)
[dplay] received 14 data bytes from pid 4
[dplay] Send 33 bytes pid 1 -> 2 (ok)
[dplay] Send 14 bytes pid 3 -> 1 (ok)
[dplay] received 14 data bytes from pid 4
[dplay] Send 33 bytes pid 1 -> 2 (ok)
[dplay] Send 14 bytes pid 3 -> 1 (ok)
[dplay] received 14 data bytes from pid 4
[dplay] Send 33 bytes pid 1 -> 2 (ok)
[dplay] Send 14 bytes pid 3 -> 1 (ok)
[dplay] pump #18000 (host=1) -- discovery is answered only from here
[dplay] received 14 data bytes from pid 4
[dplay] Send 33 bytes pid 1 -> 2 (ok)
[dplay] Send 14 bytes pid 3 -> 1 (ok)
[dplay] received 14 data bytes from pid 4
[dplay] Send 33 bytes pid 1 -> 2 (ok)
[dplay] Send 14 bytes pid 3 -> 1 (ok)
[dplay] received 14 data bytes from pid 4
[dplay] Send 33 bytes pid 1 -> 2 (ok)
[dplay] Send 14 bytes pid 3 -> 1 (ok)
[dplay] received 14 data bytes from pid 4
[dplay] Send 33 bytes pid 1 -> 2 (ok)
[dplay] Send 14 bytes pid 3 -> 1 (ok)
[dplay] received 14 data bytes from pid 4
[dplay] Send 33 bytes pid 1 -> 2 (ok)
[dplay] Send 14 bytes pid 3 -> 1 (ok)
[agg] StaticTimeProc 50/s  impl=1 host=1 running=1 resync=0 served=0  -> AggregatorGetPackets 50/s
[agg] drained/s:  aggregator from=4 to=1 len=14 x12  aggregator from=3 to=1 len=14 x13  WINMOVE.CPP:4941 from=1 to=2 len=33 x13
[agg] aggregator received 25 msg/s  right-size 25  mapped-to-slot 25  from: 3 4  (H2H dpids: [0]=3 [1]=4)  sizeof(ACPACKET)=14
[moveloop] iter=4000 -> waiting on SEMAPHORE
[moveloop] iter=4000 -> got semaphore, waiting on MUTEX
[dplay] received 14 data bytes from pid 4
[agg] loopback 26/s  from=1 to=2 (local player or group)
[dplay] Send 33 bytes pid 1 -> 2 (ok)
[agg] SendEx aggpacket 13/s  from=1 to=2(playergroup) players=2 size=33 res=0x0
[dplay] Send 14 bytes pid 3 -> 1 (ok)
[agg] sent-to-agg/s dummy=0 init=0 other=13 (last other IDCode=201)  Count=12 FrameCount=13 synched=1 csync=1 res=0
[dplay] received 14 data bytes from pid 4
[dplay] Send 14 bytes pid 3 -> 1 (ok)
[dplay] Send 33 bytes pid 1 -> 2 (ok)
[mfctimer] fire #28000 wnd=0x9f1d456 id=2378
[dplay] received 14 data bytes from pid 4
[dplay] Send 33 bytes pid 1 -> 2 (ok)
[dplay] Send 14 bytes pid 3 -> 1 (ok)
[dplay] Send 19 bytes pid 1 -> 2 (ok)
[dplay] received 14 data bytes from pid 4
[dplay] Send 14 bytes pid 3 -> 1 (ok)
[dplay] Send 33 bytes pid 1 -> 2 (ok)
[dplay] received 14 data bytes from pid 4
[dplay] Send 14 bytes pid 3 -> 1 (ok)
[dplay] Send 33 bytes pid 1 -> 2 (ok)
[dplay] received 14 data bytes from pid 4
[dplay] Send 33 bytes pid 1 -> 2 (ok)
[dplay] Send 14 bytes pid 3 -> 1 (ok)
[dplay] Send 14 bytes pid 3 -> 1 (ok)
[dplay] received 14 data bytes from pid 4
[dplay] Send 33 bytes pid 1 -> 2 (ok)
[dplay] received 14 data bytes from pid 4
[dplay] Send 14 bytes pid 3 -> 1 (ok)
[dplay] Send 33 bytes pid 1 -> 2 (ok)
[dplay] received 14 data bytes from pid 4
[dplay] Send 14 bytes pid 3 -> 1 (ok)
[dplay] Send 33 bytes pid 1 -> 2 (ok)
[dplay] received 14 data bytes from pid 4
[dplay] Send 14 bytes pid 3 -> 1 (ok)
[dplay] Send 33 bytes pid 1 -> 2 (ok)
[dplay] received 14 data bytes from pid 4
[dplay] Send 14 bytes pid 3 -> 1 (ok)
[dplay] Send 33 bytes pid 1 -> 2 (ok)
[dplay] received 14 data bytes from pid 4
[dplay] Send 14 bytes pid 3 -> 1 (ok)
[dplay] Send 33 bytes pid 1 -> 2 (ok)
[agg] StaticTimeProc 44/s  impl=1 host=1 running=1 resync=0 served=0  -> AggregatorGetPackets 44/s
[moveloop] iter=4050 -> waiting on SEMAPHORE
[moveloop] iter=4050 -> got semaphore, waiting on MUTEX
[dplay] received 14 data bytes from pid 4
[agg] drained/s:  aggregator from=4 to=1 len=14 x12  aggregator from=3 to=1 len=14 x12  WINMOVE.CPP:4941 from=1 to=2 len=33 x13  WINMOVE.CPP:4941 from=1 to=2 len=19 x1  WINMOVE.CPP:4941 from=4 to=1 len=14 x1
[agg] aggregator received 25 msg/s  right-size 25  mapped-to-slot 25  from: 4 3  (H2H dpids: [0]=3 [1]=4)  sizeof(ACPACKET)=14
[agg] loopback 25/s  from=3 to=1 (local player or group)
[dplay] Send 14 bytes pid 3 -> 1 (ok)
[agg] sent-to-agg/s dummy=0 init=0 other=12 (last other IDCode=201)  Count=24 FrameCount=25 synched=1 csync=1 res=0
[dplay] Send 33 bytes pid 1 -> 2 (ok)
[agg] SendEx aggpacket 13/s  from=1 to=2(playergroup) players=2 size=33 res=0x0
[dplay] received 14 data bytes from pid 4
[dplay] Send 14 bytes pid 3 -> 1 (ok)
[dplay] Send 33 bytes pid 1 -> 2 (ok)
[dplay] received 14 data bytes from pid 4
[dplay] Send 14 bytes pid 3 -> 1 (ok)
[dplay] Send 33 bytes pid 1 -> 2 (ok)
[dplay] received 14 data bytes from pid 4
[dplay] Send 14 bytes pid 3 -> 1 (ok)
[dplay] Send 33 bytes pid 1 -> 2 (ok)
[dplay] received 14 data bytes from pid 4
[dplay] Send 14 bytes pid 3 -> 1 (ok)
[dplay] Send 33 bytes pid 1 -> 2 (ok)
[timeproc] tick=12500 instances=1 currinst=0xb0d3610
[dplay] received 14 data bytes from pid 4
[dplay] Send 14 bytes pid 3 -> 1 (ok)
[dplay] Send 33 bytes pid 1 -> 2 (ok)
[dplay] received 14 data bytes from pid 4
[dplay] Send 14 bytes pid 3 -> 1 (ok)
[dplay] Send 33 bytes pid 1 -> 2 (ok)
[dplay] received 14 data bytes from pid 4
[dplay] Send 14 bytes pid 3 -> 1 (ok)
[dplay] Send 33 bytes pid 1 -> 2 (ok)
[dplay] received 14 data bytes from pid 4
[dplay] Send 14 bytes pid 3 -> 1 (ok)
[dplay] Send 33 bytes pid 1 -> 2 (ok)
[mfctimer] fire #28500 wnd=0x9f1d456 id=2378
[dplay] received 14 data bytes from pid 4
[dplay] Send 14 bytes pid 3 -> 1 (ok)
[dplay] Send 33 bytes pid 1 -> 2 (ok)
[dplay] received 14 data bytes from pid 4
[dplay] Send 14 bytes pid 3 -> 1 (ok)
[dplay] Send 33 bytes pid 1 -> 2 (ok)
[dplay] received 14 data bytes from pid 4
[dplay] Send 14 bytes pid 3 -> 1 (ok)
[dplay] Send 33 bytes pid 1 -> 2 (ok)
[dplay] received 14 data bytes from pid 4
[dplay] Send 14 bytes pid 3 -> 1 (ok)
[agg] StaticTimeProc 49/s  impl=1 host=1 running=1 resync=0 served=0  -> AggregatorGetPackets 49/s
[agg] drained/s:  aggregator from=4 to=1 len=14 x12  aggregator from=3 to=1 len=14 x13  WINMOVE.CPP:4941 from=1 to=2 len=33 x12
[agg] aggregator received 25 msg/s  right-size 25  mapped-to-slot 25  from: 3 4  (H2H dpids: [0]=3 [1]=4)  sizeof(ACPACKET)=14
[agg] loopback 25/s  from=1 to=2 (local player or group)
[dplay] Send 33 bytes pid 1 -> 2 (ok)
[agg] SendEx aggpacket 12/s  from=1 to=2(playergroup) players=2 size=33 res=0x0
[moveloop] iter=4100 -> waiting on SEMAPHORE
[moveloop] iter=4100 -> got semaphore, waiting on MUTEX
[dplay] received 14 data bytes from pid 4
[dplay] Send 14 bytes pid 3 -> 1 (ok)
[agg] sent-to-agg/s dummy=0 init=0 other=13 (last other IDCode=201)  Count=37 FrameCount=38 synched=1 csync=1 res=0
[dplay] Send 33 bytes pid 1 -> 2 (ok)
[dplay] received 14 data bytes from pid 4
[dplay] Send 14 bytes pid 3 -> 1 (ok)
[dplay] Send 33 bytes pid 1 -> 2 (ok)
[dplay] received 14 data bytes from pid 4
[dplay] Send 14 bytes pid 3 -> 1 (ok)
[dplay] Send 33 bytes pid 1 -> 2 (ok)
[dplay] received 14 data bytes from pid 4
[dplay] Send 14 bytes pid 3 -> 1 (ok)
[dplay] Send 33 bytes pid 1 -> 2 (ok)
[dplay] received 14 data bytes from pid 4
[dplay] Send 14 bytes pid 3 -> 1 (ok)
[dplay] Send 33 bytes pid 1 -> 2 (ok)
[dplay] received 14 data bytes from pid 4
[dplay] Send 14 bytes pid 3 -> 1 (ok)
[dplay] Send 33 bytes pid 1 -> 2 (ok)
[dplay] received 14 data bytes from pid 4
[dplay] Send 14 bytes pid 3 -> 1 (ok)
[dplay] Send 33 bytes pid 1 -> 2 (ok)
[dplay] received 14 data bytes from pid 4
[dplay] Send 14 bytes pid 3 -> 1 (ok)
[dplay] Send 33 bytes pid 1 -> 2 (ok)
[dplay] received 14 data bytes from pid 4
[dplay] Send 14 bytes pid 3 -> 1 (ok)
[dplay] Send 33 bytes pid 1 -> 2 (ok)
[dplay] received 14 data bytes from pid 4
[dplay] Send 14 bytes pid 3 -> 1 (ok)
[dplay] Send 33 bytes pid 1 -> 2 (ok)
[dplay] received 14 data bytes from pid 4
[dplay] Send 14 bytes pid 3 -> 1 (ok)
[dplay] Send 33 bytes pid 1 -> 2 (ok)
[dplay] received 14 data bytes from pid 4
[dplay] Send 19 bytes pid 1 -> 2 (ok)
[dplay] Send 14 bytes pid 3 -> 1 (ok)
[moveloop] iter=4150 -> waiting on SEMAPHORE
[moveloop] iter=4150 -> got semaphore, waiting on MUTEX
[agg] StaticTimeProc 50/s  impl=1 host=1 running=1 resync=0 served=0  -> AggregatorGetPackets 50/s
[dplay] received 14 data bytes from pid 4
[agg] drained/s:  aggregator from=4 to=1 len=14 x13  aggregator from=3 to=1 len=14 x12  WINMOVE.CPP:4941 from=1 to=2 len=33 x12  WINMOVE.CPP:4941 from=1 to=2 len=19 x1
[agg] aggregator received 25 msg/s  right-size 25  mapped-to-slot 25  from: 4 3  (H2H dpids: [0]=3 [1]=4)  sizeof(ACPACKET)=14
[agg] loopback 25/s  from=1 to=2 (local player or group)
[dplay] Send 33 bytes pid 1 -> 2 (ok)
[agg] SendEx aggpacket 13/s  from=1 to=2(playergroup) players=2 size=33 res=0x0
[dplay] Send 14 bytes pid 3 -> 1 (ok)
[agg] sent-to-agg/s dummy=0 init=0 other=12 (last other IDCode=201)  Count=49 FrameCount=50 synched=1 csync=1 res=0
[dplay] received 14 data bytes from pid 4
[dplay] Send 33 bytes pid 1 -> 2 (ok)
[dplay] Send 14 bytes pid 3 -> 1 (ok)
[dplay] received 14 data bytes from pid 4
[dplay] Send 33 bytes pid 1 -> 2 (ok)
[dplay] Send 14 bytes pid 3 -> 1 (ok)
[dplay] received 14 data bytes from pid 4
[dplay] Send 33 bytes pid 1 -> 2 (ok)
[mfctimer] fire #29000 wnd=0x9f1d456 id=2378
[dplay] Send 14 bytes pid 3 -> 1 (ok)
[dplay] pump #18500 (host=1) -- discovery is answered only from here
[dplay] received 14 data bytes from pid 4
[dplay] Send 33 bytes pid 1 -> 2 (ok)
[dplay] Send 14 bytes pid 3 -> 1 (ok)
[dplay] received 14 data bytes from pid 4
[dplay] Send 33 bytes pid 1 -> 2 (ok)
[dplay] Send 14 bytes pid 3 -> 1 (ok)
[dplay] received 14 data bytes from pid 4
[dplay] Send 33 bytes pid 1 -> 2 (ok)
[dplay] Send 14 bytes pid 3 -> 1 (ok)
[movegate] cycle=3250 timeout=0 accelcountdown=1 accel=0
[movestep] cycle=3250 paused=0 num=1
[dplay] received 14 data bytes from pid 4
[dplay] Send 33 bytes pid 1 -> 2 (ok)
[dplay] Send 14 bytes pid 3 -> 1 (ok)
[dplay] received 14 data bytes from pid 4
[dplay] Send 33 bytes pid 1 -> 2 (ok)
[dplay] Send 14 bytes pid 3 -> 1 (ok)
[dplay] received 14 data bytes from pid 4
[dplay] Send 33 bytes pid 1 -> 2 (ok)
[dplay] Send 14 bytes pid 3 -> 1 (ok)
[dplay] received 14 data bytes from pid 4
[dplay] Send 33 bytes pid 1 -> 2 (ok)
[dplay] Send 14 bytes pid 3 -> 1 (ok)
[dplay] received 14 data bytes from pid 4
[dplay] Send 33 bytes pid 1 -> 2 (ok)
[dplay] Send 14 bytes pid 3 -> 1 (ok)
[dplay] received 14 data bytes from pid 4
[dplay] Send 33 bytes pid 1 -> 2 (ok)
[dplay] Send 14 bytes pid 3 -> 1 (ok)
[agg] StaticTimeProc 49/s  impl=1 host=1 running=1 resync=0 served=0  -> AggregatorGetPackets 49/s
[agg] drained/s:  aggregator from=4 to=1 len=14 x12  aggregator from=3 to=1 len=14 x13  WINMOVE.CPP:4941 from=1 to=2 len=33 x14
[agg] aggregator received 25 msg/s  right-size 25  mapped-to-slot 25  from: 3 4  (H2H dpids: [0]=3 [1]=4)  sizeof(ACPACKET)=14
[moveloop] iter=4200 -> waiting on SEMAPHORE
[moveloop] iter=4200 -> got semaphore, waiting on MUTEX
[dplay] received 14 data bytes from pid 4
[agg] loopback 26/s  from=1 to=2 (local player or group)
[dplay] Send 33 bytes pid 1 -> 2 (ok)
[agg] SendEx aggpacket 13/s  from=1 to=2(playergroup) players=2 size=33 res=0x0
[dplay] Send 14 bytes pid 3 -> 1 (ok)
[agg] sent-to-agg/s dummy=0 init=0 other=13 (last other IDCode=201)  Count=62 FrameCount=63 synched=1 csync=1 res=0
[dplay] received 14 data bytes from pid 4
[dplay] Send 33 bytes pid 1 -> 2 (ok)
[dplay] Send 14 bytes pid 3 -> 1 (ok)
[dplay] received 14 data bytes from pid 4
[dplay] Send 33 bytes pid 1 -> 2 (ok)
[dplay] Send 14 bytes pid 3 -> 1 (ok)
[dplay] received 14 data bytes from pid 4
[dplay] Send 33 bytes pid 1 -> 2 (ok)
[dplay] Send 14 bytes pid 3 -> 1 (ok)
[dplay] received 14 data bytes from pid 4
[dplay] Send 33 bytes pid 1 -> 2 (ok)
[dplay] Send 14 bytes pid 3 -> 1 (ok)
[dplay] received 14 data bytes from pid 4
[dplay] Send 14 bytes pid 3 -> 1 (ok)
[dplay] Send 33 bytes pid 1 -> 2 (ok)
[dplay] received 14 data bytes from pid 4
[dplay] Send 33 bytes pid 1 -> 2 (ok)
[dplay] Send 14 bytes pid 3 -> 1 (ok)
[dplay] Send 19 bytes pid 1 -> 2 (ok)
[dplay] received 14 data bytes from pid 4
[dplay] Send 14 bytes pid 3 -> 1 (ok)
[dplay] Send 33 bytes pid 1 -> 2 (ok)
[dplay] received 14 data bytes from pid 4
[dplay] Send 14 bytes pid 3 -> 1 (ok)
[dplay] Send 33 bytes pid 1 -> 2 (ok)
[dplay] received 14 data bytes from pid 4
[dplay] Send 14 bytes pid 3 -> 1 (ok)
[dplay] Send 33 bytes pid 1 -> 2 (ok)
[mfctimer] fire #29500 wnd=0x9f1d456 id=2378
[dplay] received 14 data bytes from pid 4
[dplay] Send 14 bytes pid 3 -> 1 (ok)
[dplay] Send 33 bytes pid 1 -> 2 (ok)
[dplay] received 14 data bytes from pid 4
[dplay] Send 14 bytes pid 3 -> 1 (ok)
[dplay] Send 33 bytes pid 1 -> 2 (ok)
[agg] StaticTimeProc 49/s  impl=1 host=1 running=1 resync=0 served=0  -> AggregatorGetPackets 49/s
[moveloop] iter=4250 -> waiting on SEMAPHORE
[moveloop] iter=4250 -> got semaphore, waiting on MUTEX
[dplay] received 14 data bytes from pid 4
[agg] drained/s:  aggregator from=4 to=1 len=14 x13  aggregator from=3 to=1 len=14 x12  WINMOVE.CPP:4941 from=1 to=2 len=33 x13  WINMOVE.CPP:4941 from=1 to=2 len=19 x1
[agg] aggregator received 25 msg/s  right-size 25  mapped-to-slot 25  from: 4 3  (H2H dpids: [0]=3 [1]=4)  sizeof(ACPACKET)=14
[agg] loopback 25/s  from=3 to=1 (local player or group)
[dplay] Send 14 bytes pid 3 -> 1 (ok)
[agg] sent-to-agg/s dummy=0 init=0 other=12 (last other IDCode=201)  Count=74 FrameCount=75 synched=1 csync=1 res=0
[dplay] Send 33 bytes pid 1 -> 2 (ok)
[agg] SendEx aggpacket 13/s  from=1 to=2(playergroup) players=2 size=33 res=0x0
[dplay] received 14 data bytes from pid 4
[dplay] Send 14 bytes pid 3 -> 1 (ok)
[dplay] Send 33 bytes pid 1 -> 2 (ok)
[dplay] received 14 data bytes from pid 4
[dplay] Send 14 bytes pid 3 -> 1 (ok)
[dplay] Send 33 bytes pid 1 -> 2 (ok)
[dplay] received 14 data bytes from pid 4
[dplay] Send 14 bytes pid 3 -> 1 (ok)
[dplay] Send 33 bytes pid 1 -> 2 (ok)
[dplay] received 14 data bytes from pid 4
[dplay] Send 14 bytes pid 3 -> 1 (ok)
[dplay] Send 33 bytes pid 1 -> 2 (ok)
[dplay] received 14 data bytes from pid 4
[dplay] Send 14 bytes pid 3 -> 1 (ok)
[dplay] Send 33 bytes pid 1 -> 2 (ok)
[dplay] received 14 data bytes from pid 4
[dplay] Send 33 bytes pid 1 -> 2 (ok)
[dplay] Send 14 bytes pid 3 -> 1 (ok)
[dplay] received 14 data bytes from pid 4
[dplay] Send 14 bytes pid 3 -> 1 (ok)
[dplay] Send 33 bytes pid 1 -> 2 (ok)
[dplay] received 14 data bytes from pid 4
[dplay] Send 14 bytes pid 3 -> 1 (ok)
[dplay] Send 33 bytes pid 1 -> 2 (ok)
[dplay] received 14 data bytes from pid 4
[dplay] Send 14 bytes pid 3 -> 1 (ok)
[dplay] Send 33 bytes pid 1 -> 2 (ok)
[dplay] received 14 data bytes from pid 4
[dplay] Send 14 bytes pid 3 -> 1 (ok)
[dplay] Send 33 bytes pid 1 -> 2 (ok)
[dplay] received 14 data bytes from pid 4
[dplay] Send 14 bytes pid 3 -> 1 (ok)
[dplay] Send 33 bytes pid 1 -> 2 (ok)
[dplay] received 14 data bytes from pid 4
[dplay] Send 14 bytes pid 3 -> 1 (ok)
[agg] StaticTimeProc 46/s  impl=1 host=1 running=1 resync=0 served=0  -> AggregatorGetPackets 46/s
[agg] drained/s:  aggregator from=4 to=1 len=14 x11  aggregator from=3 to=1 len=14 x13  WINMOVE.CPP:4941 from=1 to=2 len=33 x12  WINMOVE.CPP:4941 from=4 to=1 len=14 x1
[agg] aggregator received 25 msg/s  right-size 25  mapped-to-slot 25  from: 3 4  (H2H dpids: [0]=3 [1]=4)  sizeof(ACPACKET)=14
[agg] loopback 25/s  from=1 to=2 (local player or group)
[dplay] Send 33 bytes pid 1 -> 2 (ok)
[agg] SendEx aggpacket 12/s  from=1 to=2(playergroup) players=2 size=33 res=0x0
[moveloop] iter=4300 -> waiting on SEMAPHORE
[moveloop] iter=4300 -> got semaphore, waiting on MUTEX
[dplay] received 14 data bytes from pid 4
[dplay] Send 14 bytes pid 3 -> 1 (ok)
[agg] sent-to-agg/s dummy=0 init=0 other=13 (last other IDCode=201)  Count=87 FrameCount=88 synched=1 csync=1 res=0
[dplay] Send 33 bytes pid 1 -> 2 (ok)
[dplay] received 14 data bytes from pid 4
[dplay] Send 14 bytes pid 3 -> 1 (ok)
[dplay] Send 33 bytes pid 1 -> 2 (ok)
[dplay] received 14 data bytes from pid 4
[dplay] Send 14 bytes pid 3 -> 1 (ok)
[dplay] Send 33 bytes pid 1 -> 2 (ok)
[dplay] received 14 data bytes from pid 4
[dplay] Send 14 bytes pid 3 -> 1 (ok)
[dplay] Send 33 bytes pid 1 -> 2 (ok)
[mfctimer] fire #30000 wnd=0x9f1d456 id=2378
[dplay] received 14 data bytes from pid 4
[dplay] Send 14 bytes pid 3 -> 1 (ok)
[dplay] Send 33 bytes pid 1 -> 2 (ok)
[dplay] received 14 data bytes from pid 4
[dplay] Send 14 bytes pid 3 -> 1 (ok)
[dplay] Send 33 bytes pid 1 -> 2 (ok)
[timeproc] tick=12750 instances=1 currinst=0xb0d3610
[dplay] received 14 data bytes from pid 4
[dplay] Send 14 bytes pid 3 -> 1 (ok)
[dplay] Send 33 bytes pid 1 -> 2 (ok)
[dplay] received 14 data bytes from pid 4
[dplay] Send 14 bytes pid 3 -> 1 (ok)
[dplay] Send 33 bytes pid 1 -> 2 (ok)
[dplay] received 14 data bytes from pid 4
[dplay] Send 14 bytes pid 3 -> 1 (ok)
[dplay] Send 33 bytes pid 1 -> 2 (ok)
[dplay] received 14 data bytes from pid 4
[dplay] Send 14 bytes pid 3 -> 1 (ok)
[dplay] Send 33 bytes pid 1 -> 2 (ok)
[dplay] received 14 data bytes from pid 4
[dplay] Send 14 bytes pid 3 -> 1 (ok)
[dplay] Send 33 bytes pid 1 -> 2 (ok)
[dplay] received 14 data bytes from pid 4
[dplay] pump #19000 (host=1) -- discovery is answered only from here
[dplay] Send 14 bytes pid 3 -> 1 (ok)
[dplay] Send 33 bytes pid 1 -> 2 (ok)
[agg] StaticTimeProc 49/s  impl=1 host=1 running=1 resync=0 served=0  -> AggregatorGetPackets 49/s
[moveloop] iter=4350 -> waiting on SEMAPHORE
[moveloop] iter=4350 -> got semaphore, waiting on MUTEX
[dplay] received 14 data bytes from pid 4
[agg] drained/s:  aggregator from=4 to=1 len=14 x13  aggregator from=3 to=1 len=14 x12  WINMOVE.CPP:4941 from=1 to=2 len=33 x13
[agg] aggregator received 25 msg/s  right-size 25  mapped-to-slot 25  from: 4 3  (H2H dpids: [0]=3 [1]=4)  sizeof(ACPACKET)=14
[agg] loopback 25/s  from=3 to=1 (local player or group)
[dplay] Send 14 bytes pid 3 -> 1 (ok)
[agg] sent-to-agg/s dummy=0 init=0 other=12 (last other IDCode=201)  Count=99 FrameCount=100 synched=1 csync=1 res=0
[dplay] Send 33 bytes pid 1 -> 2 (ok)
[agg] SendEx aggpacket 13/s  from=1 to=2(playergroup) players=2 size=33 res=0x0
[dplay] received 14 data bytes from pid 4
[dplay] Send 14 bytes pid 3 -> 1 (ok)
[dplay] Send 33 bytes pid 1 -> 2 (ok)
[dplay] received 14 data bytes from pid 4
[dplay] Send 14 bytes pid 3 -> 1 (ok)
[dplay] Send 33 bytes pid 1 -> 2 (ok)
[dplay] received 14 data bytes from pid 4
[dplay] Send 14 bytes pid 3 -> 1 (ok)
[dplay] Send 33 bytes pid 1 -> 2 (ok)
[dplay] received 14 data bytes from pid 4
[dplay] Send 14 bytes pid 3 -> 1 (ok)
[dplay] Send 33 bytes pid 1 -> 2 (ok)
[dplay] received 14 data bytes from pid 4
[dplay] Send 14 bytes pid 3 -> 1 (ok)
[dplay] Send 33 bytes pid 1 -> 2 (ok)
[dplay] received 14 data bytes from pid 4
[dplay] Send 14 bytes pid 3 -> 1 (ok)
[dplay] Send 33 bytes pid 1 -> 2 (ok)
[dplay] received 14 data bytes from pid 4
[dplay] Send 14 bytes pid 3 -> 1 (ok)
[dplay] Send 33 bytes pid 1 -> 2 (ok)
[dplay] received 14 data bytes from pid 4
[dplay] Send 14 bytes pid 3 -> 1 (ok)
[dplay] Send 33 bytes pid 1 -> 2 (ok)
[dplay] received 14 data bytes from pid 4
[dplay] Send 14 bytes pid 3 -> 1 (ok)
[dplay] Send 33 bytes pid 1 -> 2 (ok)
[dplay] received 14 data bytes from pid 4
[dplay] Send 14 bytes pid 3 -> 1 (ok)
[dplay] Send 33 bytes pid 1 -> 2 (ok)
[dplay] received 14 data bytes from pid 4
[mfctimer] fire #30500 wnd=0x9f1d456 id=2378
[dplay] Send 14 bytes pid 3 -> 1 (ok)
[dplay] Send 33 bytes pid 1 -> 2 (ok)
[dplay] received 14 data bytes from pid 4
[dplay] Send 14 bytes pid 3 -> 1 (ok)
[agg] StaticTimeProc 49/s  impl=1 host=1 running=1 resync=0 served=0  -> AggregatorGetPackets 49/s
[agg] drained/s:  aggregator from=4 to=1 len=14 x12  aggregator from=3 to=1 len=14 x13  WINMOVE.CPP:4941 from=1 to=2 len=33 x12
[agg] aggregator received 25 msg/s  right-size 25  mapped-to-slot 25  from: 3 4  (H2H dpids: [0]=3 [1]=4)  sizeof(ACPACKET)=14
[agg] loopback 25/s  from=1 to=2 (local player or group)
[dplay] Send 33 bytes pid 1 -> 2 (ok)
[agg] SendEx aggpacket 12/s  from=1 to=2(playergroup) players=2 size=33 res=0x0
[moveloop] iter=4400 -> waiting on SEMAPHORE
[moveloop] iter=4400 -> got semaphore, waiting on MUTEX
[dplay] received 14 data bytes from pid 4
[dplay] Send 14 bytes pid 3 -> 1 (ok)
[agg] sent-to-agg/s dummy=0 init=0 other=13 (last other IDCode=201)  Count=112 FrameCount=113 synched=1 csync=1 res=0
[dplay] Send 33 bytes pid 1 -> 2 (ok)
[dplay] received 14 data bytes from pid 4
[dplay] Send 14 bytes pid 3 -> 1 (ok)
[dplay] Send 33 bytes pid 1 -> 2 (ok)
[dplay] received 14 data bytes from pid 4
[dplay] Send 14 bytes pid 3 -> 1 (ok)
[dplay] Send 33 bytes pid 1 -> 2 (ok)
[dplay] received 14 data bytes from pid 4
[dplay] Send 14 bytes pid 3 -> 1 (ok)
[dplay] Send 33 bytes pid 1 -> 2 (ok)
[dplay] received 14 data bytes from pid 4
[dplay] Send 14 bytes pid 3 -> 1 (ok)
[dplay] Send 33 bytes pid 1 -> 2 (ok)
[dplay] received 14 data bytes from pid 4
[dplay] Send 14 bytes pid 3 -> 1 (ok)
[dplay] Send 33 bytes pid 1 -> 2 (ok)
[dplay] received 14 data bytes from pid 4
[dplay] Send 14 bytes pid 3 -> 1 (ok)
[dplay] Send 33 bytes pid 1 -> 2 (ok)
[movegate] cycle=3500 timeout=0 accelcountdown=1 accel=0
[movestep] cycle=3500 paused=0 num=1
[dplay] received 14 data bytes from pid 4
[dplay] Send 14 bytes pid 3 -> 1 (ok)
[dplay] Send 33 bytes pid 1 -> 2 (ok)
[dplay] received 14 data bytes from pid 4
[dplay] Send 14 bytes pid 3 -> 1 (ok)
[dplay] Send 33 bytes pid 1 -> 2 (ok)
[dplay] received 14 data bytes from pid 4
[dplay] Send 14 bytes pid 3 -> 1 (ok)
[dplay] Send 33 bytes pid 1 -> 2 (ok)
[dplay] received 14 data bytes from pid 4
[dplay] Send 14 bytes pid 3 -> 1 (ok)
[dplay] Send 33 bytes pid 1 -> 2 (ok)
[dplay] received 14 data bytes from pid 4
[dplay] Send 19 bytes pid 1 -> 2 (ok)
[dplay] Send 14 bytes pid 3 -> 1 (ok)
[agg] StaticTimeProc 49/s  impl=1 host=1 running=1 resync=0 served=0  -> AggregatorGetPackets 49/s
[moveloop] iter=4450 -> waiting on SEMAPHORE
[moveloop] iter=4450 -> got semaphore, waiting on MUTEX
[dplay] received 14 data bytes from pid 4
[agg] drained/s:  aggregator from=4 to=1 len=14 x13  aggregator from=3 to=1 len=14 x12  WINMOVE.CPP:4941 from=1 to=2 len=33 x12  WINMOVE.CPP:4941 from=1 to=2 len=19 x1
[agg] aggregator received 25 msg/s  right-size 25  mapped-to-slot 25  from: 4 3  (H2H dpids: [0]=3 [1]=4)  sizeof(ACPACKET)=14
[agg] loopback 25/s  from=1 to=2 (local player or group)
[dplay] Send 33 bytes pid 1 -> 2 (ok)
[agg] SendEx aggpacket 13/s  from=1 to=2(playergroup) players=2 size=33 res=0x0
[dplay] Send 14 bytes pid 3 -> 1 (ok)
[agg] sent-to-agg/s dummy=0 init=0 other=12 (last other IDCode=201)  Count=124 FrameCount=125 synched=1 csync=1 res=0
[dplay] received 14 data bytes from pid 4
[dplay] Send 33 bytes pid 1 -> 2 (ok)
[dplay] Send 14 bytes pid 3 -> 1 (ok)
[dplay] received 14 data bytes from pid 4
[dplay] Send 33 bytes pid 1 -> 2 (ok)
[dplay] Send 14 bytes pid 3 -> 1 (ok)
[dplay] received 14 data bytes from pid 4
[dplay] Send 33 bytes pid 1 -> 2 (ok)
[dplay] Send 14 bytes pid 3 -> 1 (ok)
[dplay] received 14 data bytes from pid 4
[dplay] Send 33 bytes pid 1 -> 2 (ok)
[dplay] Send 14 bytes pid 3 -> 1 (ok)
[dplay] received 14 data bytes from pid 4
[dplay] Send 33 bytes pid 1 -> 2 (ok)
[dplay] Send 14 bytes pid 3 -> 1 (ok)
[mfctimer] fire #31000 wnd=0x9f1d456 id=2378
[dplay] received 14 data bytes from pid 4
[dplay] Send 33 bytes pid 1 -> 2 (ok)
[dplay] Send 14 bytes pid 3 -> 1 (ok)
[dplay] received 14 data bytes from pid 4
[dplay] Send 33 bytes pid 1 -> 2 (ok)
[dplay] Send 14 bytes pid 3 -> 1 (ok)
[dplay] received 14 data bytes from pid 4
[dplay] Send 33 bytes pid 1 -> 2 (ok)
[dplay] Send 14 bytes pid 3 -> 1 (ok)
[dplay] received 14 data bytes from pid 4
[dplay] Send 33 bytes pid 1 -> 2 (ok)
[dplay] Send 14 bytes pid 3 -> 1 (ok)
[dplay] received 14 data bytes from pid 4
[dplay] Send 33 bytes pid 1 -> 2 (ok)
[dplay] Send 14 bytes pid 3 -> 1 (ok)
[dplay] received 14 data bytes from pid 4
[dplay] Send 33 bytes pid 1 -> 2 (ok)
[dplay] Send 14 bytes pid 3 -> 1 (ok)
[dplay] received 14 data bytes from pid 4
[dplay] Send 33 bytes pid 1 -> 2 (ok)
[dplay] Send 14 bytes pid 3 -> 1 (ok)
[agg] StaticTimeProc 50/s  impl=1 host=1 running=1 resync=0 served=0  -> AggregatorGetPackets 50/s
[agg] drained/s:  aggregator from=4 to=1 len=14 x12  aggregator from=3 to=1 len=14 x13  WINMOVE.CPP:4941 from=1 to=2 len=33 x14
[agg] aggregator received 25 msg/s  right-size 25  mapped-to-slot 25  from: 3 4  (H2H dpids: [0]=3 [1]=4)  sizeof(ACPACKET)=14
[moveloop] iter=4500 -> waiting on SEMAPHORE
[moveloop] iter=4500 -> got semaphore, waiting on MUTEX
[dplay] received 14 data bytes from pid 4
[agg] loopback 26/s  from=1 to=2 (local player or group)
[dplay] Send 33 bytes pid 1 -> 2 (ok)
[agg] SendEx aggpacket 13/s  from=1 to=2(playergroup) players=2 size=33 res=0x0
[dplay] Send 14 bytes pid 3 -> 1 (ok)
[agg] sent-to-agg/s dummy=0 init=0 other=13 (last other IDCode=201)  Count=137 FrameCount=138 synched=1 csync=1 res=0
[dplay] received 14 data bytes from pid 4
[dplay] Send 33 bytes pid 1 -> 2 (ok)
[dplay] Send 14 bytes pid 3 -> 1 (ok)
[dplay] received 14 data bytes from pid 4
[dplay] Send 14 bytes pid 3 -> 1 (ok)
[dplay] Send 33 bytes pid 1 -> 2 (ok)
[dplay] received 14 data bytes from pid 4
[dplay] Send 33 bytes pid 1 -> 2 (ok)
[dplay] Send 14 bytes pid 3 -> 1 (ok)
[dplay] Send 19 bytes pid 1 -> 2 (ok)
[dplay] received 14 data bytes from pid 4
[dplay] Send 14 bytes pid 3 -> 1 (ok)
[dplay] Send 33 bytes pid 1 -> 2 (ok)
[dplay] received 14 data bytes from pid 4
[dplay] Send 14 bytes pid 3 -> 1 (ok)
[dplay] Send 33 bytes pid 1 -> 2 (ok)
[dplay] received 14 data bytes from pid 4
[dplay] Send 14 bytes pid 3 -> 1 (ok)
[dplay] Send 33 bytes pid 1 -> 2 (ok)
[accnt] aircraft in this world: now=8 MAX=8 visible=2 dead=7 (frame sample #6)
[dplay] pump #19500 (host=1) -- discovery is answered only from here
[dplay] received 14 data bytes from pid 4
[dplay] Send 14 bytes pid 3 -> 1 (ok)
[dplay] Send 33 bytes pid 1 -> 2 (ok)
[dplay] received 14 data bytes from pid 4
[dplay] Send 14 bytes pid 3 -> 1 (ok)
[dplay] Send 33 bytes pid 1 -> 2 (ok)
[dplay] received 14 data bytes from pid 4
[dplay] Send 14 bytes pid 3 -> 1 (ok)
[dplay] Send 33 bytes pid 1 -> 2 (ok)
[dplay] received 14 data bytes from pid 4
[dplay] Send 14 bytes pid 3 -> 1 (ok)
[dplay] Send 33 bytes pid 1 -> 2 (ok)
[dplay] received 14 data bytes from pid 4
[dplay] Send 14 bytes pid 3 -> 1 (ok)
[dplay] Send 33 bytes pid 1 -> 2 (ok)
[mfctimer] fire #31500 wnd=0x9f1d456 id=2378
[agg] StaticTimeProc 49/s  impl=1 host=1 running=1 resync=0 served=0  -> AggregatorGetPackets 49/s
[moveloop] iter=4550 -> waiting on SEMAPHORE
[moveloop] iter=4550 -> got semaphore, waiting on MUTEX
[dplay] received 14 data bytes from pid 4
[agg] drained/s:  aggregator from=4 to=1 len=14 x13  aggregator from=3 to=1 len=14 x12  WINMOVE.CPP:4941 from=1 to=2 len=33 x13  WINMOVE.CPP:4941 from=1 to=2 len=19 x1
[agg] aggregator received 25 msg/s  right-size 25  mapped-to-slot 25  from: 4 3  (H2H dpids: [0]=3 [1]=4)  sizeof(ACPACKET)=14
[agg] loopback 25/s  from=3 to=1 (local player or group)
[dplay] Send 14 bytes pid 3 -> 1 (ok)
[agg] sent-to-agg/s dummy=0 init=0 other=12 (last other IDCode=201)  Count=149 FrameCount=150 synched=1 csync=1 res=0
[dplay] Send 33 bytes pid 1 -> 2 (ok)
[agg] SendEx aggpacket 13/s  from=1 to=2(playergroup) players=2 size=33 res=0x0
[dplay] received 14 data bytes from pid 4
[dplay] Send 14 bytes pid 3 -> 1 (ok)
[dplay] Send 33 bytes pid 1 -> 2 (ok)
[dplay] received 14 data bytes from pid 4
[dplay] Send 14 bytes pid 3 -> 1 (ok)
[dplay] Send 33 bytes pid 1 -> 2 (ok)
[dplay] received 14 data bytes from pid 4
[dplay] Send 14 bytes pid 3 -> 1 (ok)
[dplay] Send 33 bytes pid 1 -> 2 (ok)
[dplay] received 14 data bytes from pid 4
[dplay] Send 14 bytes pid 3 -> 1 (ok)
[dplay] Send 33 bytes pid 1 -> 2 (ok)
[dplay] received 14 data bytes from pid 4
[dplay] Send 14 bytes pid 3 -> 1 (ok)
[dplay] Send 33 bytes pid 1 -> 2 (ok)
[dplay] received 14 data bytes from pid 4
[dplay] Send 14 bytes pid 3 -> 1 (ok)
[dplay] Send 33 bytes pid 1 -> 2 (ok)
[dplay] received 14 data bytes from pid 4
[timeproc] tick=13000 instances=1 currinst=0xb0d3610
[dplay] Send 14 bytes pid 3 -> 1 (ok)
[dplay] Send 33 bytes pid 1 -> 2 (ok)
[dplay] received 14 data bytes from pid 4
[dplay] Send 14 bytes pid 3 -> 1 (ok)
[dplay] Send 33 bytes pid 1 -> 2 (ok)
[dplay] received 14 data bytes from pid 4
[dplay] Send 14 bytes pid 3 -> 1 (ok)
[dplay] Send 33 bytes pid 1 -> 2 (ok)
[dplay] received 14 data bytes from pid 4
[dplay] Send 14 bytes pid 3 -> 1 (ok)
[dplay] Send 33 bytes pid 1 -> 2 (ok)
[dplay] received 14 data bytes from pid 4
[dplay] Send 14 bytes pid 3 -> 1 (ok)
[dplay] Send 33 bytes pid 1 -> 2 (ok)
[dplay] received 14 data bytes from pid 4
[dplay] Send 14 bytes pid 3 -> 1 (ok)
[agg] StaticTimeProc 49/s  impl=1 host=1 running=1 resync=0 served=0  -> AggregatorGetPackets 49/s
[agg] drained/s:  aggregator from=4 to=1 len=14 x12  aggregator from=3 to=1 len=14 x13  WINMOVE.CPP:4941 from=1 to=2 len=33 x12
[agg] aggregator received 25 msg/s  right-size 25  mapped-to-slot 25  from: 3 4  (H2H dpids: [0]=3 [1]=4)  sizeof(ACPACKET)=14
[agg] loopback 25/s  from=1 to=2 (local player or group)
[dplay] Send 33 bytes pid 1 -> 2 (ok)
[agg] SendEx aggpacket 12/s  from=1 to=2(playergroup) players=2 size=33 res=0x0
[moveloop] iter=4600 -> waiting on SEMAPHORE
[moveloop] iter=4600 -> got semaphore, waiting on MUTEX
[dplay] received 14 data bytes from pid 4
[dplay] Send 14 bytes pid 3 -> 1 (ok)
[agg] sent-to-agg/s dummy=0 init=0 other=13 (last other IDCode=201)  Count=162 FrameCount=163 synched=1 csync=1 res=0
[dplay] Send 33 bytes pid 1 -> 2 (ok)
[dplay] received 14 data bytes from pid 4
[dplay] Send 14 bytes pid 3 -> 1 (ok)
[dplay] Send 33 bytes pid 1 -> 2 (ok)
[dplay] received 14 data bytes from pid 4
[dplay] Send 14 bytes pid 3 -> 1 (ok)
[dplay] Send 33 bytes pid 1 -> 2 (ok)
[dplay] received 14 data bytes from pid 4
[dplay] Send 14 bytes pid 3 -> 1 (ok)
[dplay] Send 33 bytes pid 1 -> 2 (ok)
[dplay] received 14 data bytes from pid 4
[dplay] Send 14 bytes pid 3 -> 1 (ok)
[dplay] Send 33 bytes pid 1 -> 2 (ok)
[dplay] received 14 data bytes from pid 4
[dplay] Send 14 bytes pid 3 -> 1 (ok)
[dplay] Send 33 bytes pid 1 -> 2 (ok)
[mfctimer] fire #32000 wnd=0x9f1d456 id=2378
[dplay] received 14 data bytes from pid 4
[dplay] Send 14 bytes pid 3 -> 1 (ok)
[dplay] Send 33 bytes pid 1 -> 2 (ok)
[dplay] received 14 data bytes from pid 4
[dplay] Send 14 bytes pid 3 -> 1 (ok)
[dplay] Send 33 bytes pid 1 -> 2 (ok)
[dplay] received 14 data bytes from pid 4
[dplay] Send 14 bytes pid 3 -> 1 (ok)
[dplay] Send 33 bytes pid 1 -> 2 (ok)
[dplay] received 14 data bytes from pid 4
[dplay] Send 14 bytes pid 3 -> 1 (ok)
[dplay] Send 33 bytes pid 1 -> 2 (ok)
[dplay] received 14 data bytes from pid 4
[dplay] Send 14 bytes pid 3 -> 1 (ok)
[dplay] Send 33 bytes pid 1 -> 2 (ok)
[dplay] received 14 data bytes from pid 4
[dplay] Send 14 bytes pid 3 -> 1 (ok)
[dplay] Send 33 bytes pid 1 -> 2 (ok)
[agg] StaticTimeProc 49/s  impl=1 host=1 running=1 resync=0 served=0  -> AggregatorGetPackets 49/s
[moveloop] iter=4650 -> waiting on SEMAPHORE
[moveloop] iter=4650 -> got semaphore, waiting on MUTEX
[dplay] received 14 data bytes from pid 4
[agg] drained/s:  aggregator from=4 to=1 len=14 x13  aggregator from=3 to=1 len=14 x12  WINMOVE.CPP:4941 from=1 to=2 len=33 x13
[agg] aggregator received 25 msg/s  right-size 25  mapped-to-slot 25  from: 4 3  (H2H dpids: [0]=3 [1]=4)  sizeof(ACPACKET)=14
[agg] loopback 25/s  from=3 to=1 (local player or group)
[dplay] Send 14 bytes pid 3 -> 1 (ok)
[agg] sent-to-agg/s dummy=0 init=0 other=12 (last other IDCode=201)  Count=174 FrameCount=175 synched=1 csync=1 res=0
[dplay] Send 33 bytes pid 1 -> 2 (ok)
[agg] SendEx aggpacket 13/s  from=1 to=2(playergroup) players=2 size=33 res=0x0
[dplay] received 14 data bytes from pid 4
[dplay] Send 14 bytes pid 3 -> 1 (ok)
[dplay] Send 33 bytes pid 1 -> 2 (ok)
[dplay] received 14 data bytes from pid 4
[dplay] Send 14 bytes pid 3 -> 1 (ok)
[dplay] Send 33 bytes pid 1 -> 2 (ok)
[dplay] received 14 data bytes from pid 4
[hatbtn] dwData=0xffffffff base=292 pressing=8 -> raw -1
[dplay] Send 14 bytes pid 3 -> 1 (ok)
[dplay] Send 33 bytes pid 1 -> 2 (ok)
[dplay] received 14 data bytes from pid 4
[dplay] Send 14 bytes pid 3 -> 1 (ok)
[dplay] Send 33 bytes pid 1 -> 2 (ok)
[dplay] received 14 data bytes from pid 4
[dplay] Send 14 bytes pid 3 -> 1 (ok)
[dplay] Send 33 bytes pid 1 -> 2 (ok)
[dplay] received 14 data bytes from pid 4
[dplay] Send 14 bytes pid 3 -> 1 (ok)
[dplay] Send 33 bytes pid 1 -> 2 (ok)
[movegate] cycle=3750 timeout=0 accelcountdown=1 accel=0
[movestep] cycle=3750 paused=0 num=1
[dplay] received 14 data bytes from pid 4
[dplay] Send 14 bytes pid 3 -> 1 (ok)
[dplay] Send 33 bytes pid 1 -> 2 (ok)
[dplay] received 14 data bytes from pid 4
[dplay] Send 14 bytes pid 3 -> 1 (ok)
[dplay] Send 33 bytes pid 1 -> 2 (ok)
[dplay] received 14 data bytes from pid 4
[dplay] Send 14 bytes pid 3 -> 1 (ok)
[dplay] Send 33 bytes pid 1 -> 2 (ok)
[dplay] received 14 data bytes from pid 4
[dplay] Send 14 bytes pid 3 -> 1 (ok)
[dplay] Send 33 bytes pid 1 -> 2 (ok)
[dplay] received 14 data bytes from pid 4
[dplay] Send 14 bytes pid 3 -> 1 (ok)
[dplay] Send 33 bytes pid 1 -> 2 (ok)
[dplay] received 14 data bytes from pid 4
[dplay] Send 14 bytes pid 3 -> 1 (ok)
[moveloop] iter=4700 -> waiting on SEMAPHORE
[moveloop] iter=4700 -> got semaphore, waiting on MUTEX
[agg] StaticTimeProc 50/s  impl=1 host=1 running=1 resync=0 served=0  -> AggregatorGetPackets 50/s
[agg] drained/s:  aggregator from=4 to=1 len=14 x12  aggregator from=3 to=1 len=14 x13  WINMOVE.CPP:4941 from=1 to=2 len=33 x12
[agg] aggregator received 25 msg/s  right-size 25  mapped-to-slot 25  from: 3 4  (H2H dpids: [0]=3 [1]=4)  sizeof(ACPACKET)=14
[agg] loopback 25/s  from=1 to=2 (local player or group)
[dplay] Send 33 bytes pid 1 -> 2 (ok)
[agg] SendEx aggpacket 12/s  from=1 to=2(playergroup) players=2 size=33 res=0x0
[dplay] received 14 data bytes from pid 4
[dplay] Send 19 bytes pid 1 -> 2 (ok)
[dplay] Send 14 bytes pid 3 -> 1 (ok)
[agg] sent-to-agg/s dummy=0 init=0 other=13 (last other IDCode=201)  Count=187 FrameCount=188 synched=1 csync=1 res=0
[mfctimer] fire #32500 wnd=0x9f1d456 id=2378
[dplay] received 14 data bytes from pid 4
[dplay] Send 33 bytes pid 1 -> 2 (ok)
[dplay] Send 14 bytes pid 3 -> 1 (ok)
[dplay] received 14 data bytes from pid 4
[dplay] Send 33 bytes pid 1 -> 2 (ok)
[dplay] pump #20000 (host=1) -- discovery is answered only from here
[dplay] Send 14 bytes pid 3 -> 1 (ok)
[dplay] received 14 data bytes from pid 4
[dplay] Send 33 bytes pid 1 -> 2 (ok)
[dplay] Send 14 bytes pid 3 -> 1 (ok)
[dplay] received 14 data bytes from pid 4
[dplay] Send 33 bytes pid 1 -> 2 (ok)
[dplay] Send 14 bytes pid 3 -> 1 (ok)
[dplay] received 14 data bytes from pid 4
[dplay] Send 33 bytes pid 1 -> 2 (ok)
[dplay] Send 14 bytes pid 3 -> 1 (ok)
[dplay] received 14 data bytes from pid 4
[dplay] Send 33 bytes pid 1 -> 2 (ok)
[dplay] Send 14 bytes pid 3 -> 1 (ok)
[dplay] received 14 data bytes from pid 4
[dplay] Send 33 bytes pid 1 -> 2 (ok)
[dplay] Send 14 bytes pid 3 -> 1 (ok)
[dplay] received 14 data bytes from pid 4
[dplay] Send 33 bytes pid 1 -> 2 (ok)
[dplay] Send 14 bytes pid 3 -> 1 (ok)
[dplay] received 14 data bytes from pid 4
[dplay] Send 33 bytes pid 1 -> 2 (ok)
[dplay] Send 14 bytes pid 3 -> 1 (ok)
[dplay] received 14 data bytes from pid 4
[dplay] Send 33 bytes pid 1 -> 2 (ok)
[dplay] Send 14 bytes pid 3 -> 1 (ok)
[dplay] received 14 data bytes from pid 4
[dplay] Send 33 bytes pid 1 -> 2 (ok)
[dplay] Send 14 bytes pid 3 -> 1 (ok)
[agg] StaticTimeProc 49/s  impl=1 host=1 running=1 resync=0 served=0  -> AggregatorGetPackets 49/s
[moveloop] iter=4750 -> waiting on SEMAPHORE
[moveloop] iter=4750 -> got semaphore, waiting on MUTEX
[dplay] received 14 data bytes from pid 4
[agg] drained/s:  aggregator from=4 to=1 len=14 x13  aggregator from=3 to=1 len=14 x12  WINMOVE.CPP:4941 from=1 to=2 len=33 x13  WINMOVE.CPP:4941 from=1 to=2 len=19 x1
[agg] aggregator received 25 msg/s  right-size 25  mapped-to-slot 25  from: 4 3  (H2H dpids: [0]=3 [1]=4)  sizeof(ACPACKET)=14
[agg] loopback 25/s  from=1 to=2 (local player or group)
[dplay] Send 33 bytes pid 1 -> 2 (ok)
[agg] SendEx aggpacket 13/s  from=1 to=2(playergroup) players=2 size=33 res=0x0
[dplay] Send 14 bytes pid 3 -> 1 (ok)
[agg] sent-to-agg/s dummy=0 init=0 other=12 (last other IDCode=201)  Count=199 FrameCount=200 synched=1 csync=1 res=0
[dplay] received 14 data bytes from pid 4
[dplay] Send 33 bytes pid 1 -> 2 (ok)
[dplay] Send 14 bytes pid 3 -> 1 (ok)
[dplay] received 14 data bytes from pid 4
[dplay] Send 33 bytes pid 1 -> 2 (ok)
[dplay] Send 14 bytes pid 3 -> 1 (ok)
[dplay] received 14 data bytes from pid 4
[dplay] Send 33 bytes pid 1 -> 2 (ok)
[dplay] Send 14 bytes pid 3 -> 1 (ok)
[dplay] received 14 data bytes from pid 4
[dplay] Send 33 bytes pid 1 -> 2 (ok)
[dplay] Send 14 bytes pid 3 -> 1 (ok)
[dplay] received 14 data bytes from pid 4
[dplay] Send 33 bytes pid 1 -> 2 (ok)
[dplay] Send 14 bytes pid 3 -> 1 (ok)
[dplay] received 14 data bytes from pid 4
[dplay] Send 33 bytes pid 1 -> 2 (ok)
[dplay] Send 14 bytes pid 3 -> 1 (ok)
[dplay] received 14 data bytes from pid 4
[dplay] Send 33 bytes pid 1 -> 2 (ok)
[mfctimer] fire #33000 wnd=0x9f1d456 id=2378
[dplay] Send 14 bytes pid 3 -> 1 (ok)
[dplay] received 14 data bytes from pid 4
[dplay] Send 14 bytes pid 3 -> 1 (ok)
[dplay] Send 33 bytes pid 1 -> 2 (ok)
[dplay] received 14 data bytes from pid 4
[dplay] Send 33 bytes pid 1 -> 2 (ok)
[dplay] Send 14 bytes pid 3 -> 1 (ok)
[dplay] Send 19 bytes pid 1 -> 2 (ok)
[dplay] received 14 data bytes from pid 4
[dplay] Send 14 bytes pid 3 -> 1 (ok)
[dplay] Send 33 bytes pid 1 -> 2 (ok)
[dplay] received 14 data bytes from pid 4
[dplay] Send 14 bytes pid 3 -> 1 (ok)
[dplay] Send 33 bytes pid 1 -> 2 (ok)
[dplay] received 14 data bytes from pid 4
[dplay] Send 14 bytes pid 3 -> 1 (ok)
[agg] StaticTimeProc 45/s  impl=1 host=1 running=1 resync=0 served=0  -> AggregatorGetPackets 45/s
[agg] drained/s:  aggregator from=4 to=1 len=14 x12  aggregator from=3 to=1 len=14 x13  WINMOVE.CPP:4941 from=1 to=2 len=33 x12  WINMOVE.CPP:4941 from=1 to=2 len=19 x1  aggregator from=1 to=2 len=33 x1
[agg] aggregator received 25 msg/s  right-size 25  mapped-to-slot 25  from: 3 4  (H2H dpids: [0]=3 [1]=4)  sizeof(ACPACKET)=14
[agg] loopback 26/s  from=1 to=2 (local player or group)
[dplay] Send 33 bytes pid 1 -> 2 (ok)
[agg] SendEx aggpacket 13/s  from=1 to=2(playergroup) players=2 size=33 res=0x0
[moveloop] iter=4800 -> waiting on SEMAPHORE
[moveloop] iter=4800 -> got semaphore, waiting on MUTEX
[dplay] received 14 data bytes from pid 4
[dplay] Send 14 bytes pid 3 -> 1 (ok)
[agg] sent-to-agg/s dummy=0 init=0 other=13 (last other IDCode=201)  Count=212 FrameCount=213 synched=1 csync=1 res=0
[dplay] Send 33 bytes pid 1 -> 2 (ok)
[dplay] received 14 data bytes from pid 4
[dplay] Send 14 bytes pid 3 -> 1 (ok)
[dplay] Send 33 bytes pid 1 -> 2 (ok)
[dplay] received 14 data bytes from pid 4
[dplay] Send 14 bytes pid 3 -> 1 (ok)
[dplay] Send 33 bytes pid 1 -> 2 (ok)
[dplay] received 14 data bytes from pid 4
[dplay] Send 14 bytes pid 3 -> 1 (ok)
[dplay] Send 33 bytes pid 1 -> 2 (ok)
[dplay] received 14 data bytes from pid 4
[dplay] Send 14 bytes pid 3 -> 1 (ok)
[dplay] Send 33 bytes pid 1 -> 2 (ok)
[dplay] received 14 data bytes from pid 4
[dplay] Send 14 bytes pid 3 -> 1 (ok)
[dplay] Send 33 bytes pid 1 -> 2 (ok)
[dplay] received 14 data bytes from pid 4
[dplay] Send 14 bytes pid 3 -> 1 (ok)
[dplay] Send 33 bytes pid 1 -> 2 (ok)
[dplay] received 14 data bytes from pid 4
[dplay] Send 14 bytes pid 3 -> 1 (ok)
[dplay] Send 33 bytes pid 1 -> 2 (ok)
[dplay] received 14 data bytes from pid 4
[dplay] Send 14 bytes pid 3 -> 1 (ok)
[dplay] Send 33 bytes pid 1 -> 2 (ok)
[timeproc] tick=13250 instances=1 currinst=0xb0d3610
[dplay] received 14 data bytes from pid 4
[dplay] Send 14 bytes pid 3 -> 1 (ok)
[dplay] Send 33 bytes pid 1 -> 2 (ok)
[dplay] received 14 data bytes from pid 4
[dplay] Send 14 bytes pid 3 -> 1 (ok)
[dplay] Send 33 bytes pid 1 -> 2 (ok)
[dplay] received 14 data bytes from pid 4
[dplay] Send 14 bytes pid 3 -> 1 (ok)
[dplay] Send 33 bytes pid 1 -> 2 (ok)
[agg] StaticTimeProc 49/s  impl=1 host=1 running=1 resync=0 served=0  -> AggregatorGetPackets 49/s
[moveloop] iter=4850 -> waiting on SEMAPHORE
[moveloop] iter=4850 -> got semaphore, waiting on MUTEX
[dplay] received 14 data bytes from pid 4
[agg] drained/s:  aggregator from=4 to=1 len=14 x13  aggregator from=3 to=1 len=14 x12  WINMOVE.CPP:4941 from=1 to=2 len=33 x13
[agg] aggregator received 25 msg/s  right-size 25  mapped-to-slot 25  from: 4 3  (H2H dpids: [0]=3 [1]=4)  sizeof(ACPACKET)=14
[agg] loopback 25/s  from=3 to=1 (local player or group)
[dplay] Send 14 bytes pid 3 -> 1 (ok)
[agg] sent-to-agg/s dummy=0 init=0 other=12 (last other IDCode=201)  Count=224 FrameCount=225 synched=1 csync=1 res=0
[dplay] Send 33 bytes pid 1 -> 2 (ok)
[agg] SendEx aggpacket 13/s  from=1 to=2(playergroup) players=2 size=33 res=0x0
[dplay] received 14 data bytes from pid 4
[dplay] Send 14 bytes pid 3 -> 1 (ok)
[dplay] Send 33 bytes pid 1 -> 2 (ok)
[dplay] received 14 data bytes from pid 4
[dplay] Send 14 bytes pid 3 -> 1 (ok)
[dplay] Send 33 bytes pid 1 -> 2 (ok)
[mfctimer] fire #33500 wnd=0x9f1d456 id=2378
[dplay] received 14 data bytes from pid 4
[dplay] Send 14 bytes pid 3 -> 1 (ok)
[dplay] Send 33 bytes pid 1 -> 2 (ok)
[dplay] received 14 data bytes from pid 4
[dplay] Send 14 bytes pid 3 -> 1 (ok)
[dplay] Send 33 bytes pid 1 -> 2 (ok)
[dplay] received 14 data bytes from pid 4
[dplay] Send 14 bytes pid 3 -> 1 (ok)
[dplay] Send 33 bytes pid 1 -> 2 (ok)
[dplay] received 14 data bytes from pid 4
[dplay] Send 14 bytes pid 3 -> 1 (ok)
[dplay] Send 33 bytes pid 1 -> 2 (ok)
[dplay] received 14 data bytes from pid 4
[dplay] Send 14 bytes pid 3 -> 1 (ok)
[dplay] Send 33 bytes pid 1 -> 2 (ok)
[peer] uid=3585 found=1 visible=1 dead=0 range=1815m
[accnt] CHANGE at call 3952: aircraft=8 MAX=8 visible=2 dead=6
[dplay] received 14 data bytes from pid 4
[dplay] Send 14 bytes pid 3 -> 1 (ok)
[dplay] Send 33 bytes pid 1 -> 2 (ok)
[dplay] received 14 data bytes from pid 4
[dplay] Send 14 bytes pid 3 -> 1 (ok)
[dplay] Send 33 bytes pid 1 -> 2 (ok)
[dplay] received 14 data bytes from pid 4
[dplay] Send 14 bytes pid 3 -> 1 (ok)
[dplay] Send 33 bytes pid 1 -> 2 (ok)
[dplay] received 14 data bytes from pid 4
[dplay] pump #20500 (host=1) -- discovery is answered only from here
[dplay] Send 14 bytes pid 3 -> 1 (ok)
[dplay] Send 33 bytes pid 1 -> 2 (ok)
[dplay] received 14 data bytes from pid 4
[dplay] Send 14 bytes pid 3 -> 1 (ok)
[agg] StaticTimeProc 49/s  impl=1 host=1 running=1 resync=0 served=0  -> AggregatorGetPackets 49/s
[agg] drained/s:  aggregator from=4 to=1 len=14 x12  aggregator from=3 to=1 len=14 x13  WINMOVE.CPP:4941 from=1 to=2 len=33 x12
[agg] aggregator received 25 msg/s  right-size 25  mapped-to-slot 25  from: 3 4  (H2H dpids: [0]=3 [1]=4)  sizeof(ACPACKET)=14
[agg] loopback 25/s  from=1 to=2 (local player or group)
[dplay] Send 33 bytes pid 1 -> 2 (ok)
[agg] SendEx aggpacket 12/s  from=1 to=2(playergroup) players=2 size=33 res=0x0
[moveloop] iter=4900 -> waiting on SEMAPHORE
[moveloop] iter=4900 -> got semaphore, waiting on MUTEX
[dplay] received 14 data bytes from pid 4
[dplay] Send 14 bytes pid 3 -> 1 (ok)
[agg] sent-to-agg/s dummy=0 init=0 other=13 (last other IDCode=207)  Count=237 FrameCount=238 synched=1 csync=1 res=0
[dplay] Send 33 bytes pid 1 -> 2 (ok)
[dplay] received 14 data bytes from pid 4
[dplay] Send 14 bytes pid 3 -> 1 (ok)
[dplay] Send 33 bytes pid 1 -> 2 (ok)
[dplay] received 14 data bytes from pid 4
[dplay] Send 14 bytes pid 3 -> 1 (ok)
[dplay] Send 33 bytes pid 1 -> 2 (ok)
[dplay] received 14 data bytes from pid 4
[dplay] Send 19 bytes pid 1 -> 2 (ok)
[dplay] Send 14 bytes pid 3 -> 1 (ok)
[dplay] received 14 data bytes from pid 4
[dplay] Send 33 bytes pid 1 -> 2 (ok)
[dplay] Send 14 bytes pid 3 -> 1 (ok)
[dplay] received 14 data bytes from pid 4
[dplay] Send 33 bytes pid 1 -> 2 (ok)
[dplay] Send 14 bytes pid 3 -> 1 (ok)
[dplay] received 14 data bytes from pid 4
[dplay] Send 33 bytes pid 1 -> 2 (ok)
[dplay] Send 14 bytes pid 3 -> 1 (ok)
[movegate] cycle=4000 timeout=0 accelcountdown=1 accel=0
[movestep] cycle=4000 paused=0 num=1
[dplay] received 14 data bytes from pid 4
[dplay] Send 33 bytes pid 1 -> 2 (ok)
[dplay] Send 14 bytes pid 3 -> 1 (ok)
[dplay] received 14 data bytes from pid 4
[dplay] Send 33 bytes pid 1 -> 2 (ok)
[dplay] Send 14 bytes pid 3 -> 1 (ok)
[dplay] received 14 data bytes from pid 4
[dplay] Send 33 bytes pid 1 -> 2 (ok)
[mfctimer] fire #34000 wnd=0x9f1d456 id=2378
[dplay] Send 14 bytes pid 3 -> 1 (ok)
[dplay] received 14 data bytes from pid 4
[dplay] Send 33 bytes pid 1 -> 2 (ok)
[dplay] Send 14 bytes pid 3 -> 1 (ok)
[dplay] received 14 data bytes from pid 4
[dplay] Send 33 bytes pid 1 -> 2 (ok)
[dplay] Send 14 bytes pid 3 -> 1 (ok)
[agg] StaticTimeProc 49/s  impl=1 host=1 running=1 resync=0 served=0  -> AggregatorGetPackets 49/s
[moveloop] iter=4950 -> waiting on SEMAPHORE
[moveloop] iter=4950 -> got semaphore, waiting on MUTEX
[dplay] received 14 data bytes from pid 4
[agg] drained/s:  aggregator from=4 to=1 len=14 x13  aggregator from=3 to=1 len=14 x12  WINMOVE.CPP:4941 from=1 to=2 len=33 x13  WINMOVE.CPP:4941 from=1 to=2 len=19 x1
[agg] aggregator received 25 msg/s  right-size 25  mapped-to-slot 25  from: 4 3  (H2H dpids: [0]=3 [1]=4)  sizeof(ACPACKET)=14
[agg] loopback 25/s  from=1 to=2 (local player or group)
[dplay] Send 33 bytes pid 1 -> 2 (ok)
[agg] SendEx aggpacket 13/s  from=1 to=2(playergroup) players=2 size=33 res=0x0
[dplay] Send 14 bytes pid 3 -> 1 (ok)
[agg] sent-to-agg/s dummy=0 init=0 other=12 (last other IDCode=207)  Count=249 FrameCount=250 synched=1 csync=1 res=0
[dplay] received 14 data bytes from pid 4
[dplay] Send 33 bytes pid 1 -> 2 (ok)
[dplay] Send 14 bytes pid 3 -> 1 (ok)
[dplay] received 14 data bytes from pid 4
[dplay] Send 33 bytes pid 1 -> 2 (ok)
[dplay] Send 14 bytes pid 3 -> 1 (ok)
[dplay] received 14 data bytes from pid 4
[dplay] Send 33 bytes pid 1 -> 2 (ok)
[dplay] Send 14 bytes pid 3 -> 1 (ok)
[dplay] received 14 data bytes from pid 4
[dplay] Send 33 bytes pid 1 -> 2 (ok)
[dplay] Send 14 bytes pid 3 -> 1 (ok)
[dplay] received 14 data bytes from pid 4
[dplay] Send 33 bytes pid 1 -> 2 (ok)
[dplay] Send 14 bytes pid 3 -> 1 (ok)
[dplay] received 14 data bytes from pid 4
[dplay] Send 33 bytes pid 1 -> 2 (ok)
[dplay] Send 14 bytes pid 3 -> 1 (ok)
[dplay] received 14 data bytes from pid 4
[dplay] Send 33 bytes pid 1 -> 2 (ok)
[dplay] Send 14 bytes pid 3 -> 1 (ok)
[dplay] received 14 data bytes from pid 4
[dplay] Send 33 bytes pid 1 -> 2 (ok)
[dplay] Send 14 bytes pid 3 -> 1 (ok)
[dplay] Send 19 bytes pid 1 -> 2 (ok)
[dplay] received 14 data bytes from pid 4
[dplay] Send 14 bytes pid 3 -> 1 (ok)
[dplay] Send 33 bytes pid 1 -> 2 (ok)
[dplay] received 14 data bytes from pid 4
[dplay] Send 14 bytes pid 3 -> 1 (ok)
[dplay] Send 33 bytes pid 1 -> 2 (ok)
[dplay] received 14 data bytes from pid 4
[dplay] Send 14 bytes pid 3 -> 1 (ok)
[dplay] Send 33 bytes pid 1 -> 2 (ok)
[dplay] received 14 data bytes from pid 4
[dplay] Send 14 bytes pid 3 -> 1 (ok)
[agg] StaticTimeProc 49/s  impl=1 host=1 running=1 resync=0 served=0  -> AggregatorGetPackets 49/s
[agg] drained/s:  aggregator from=4 to=1 len=14 x12  aggregator from=3 to=1 len=14 x13  WINMOVE.CPP:4941 from=1 to=2 len=33 x13  WINMOVE.CPP:4941 from=1 to=2 len=19 x1
[agg] aggregator received 25 msg/s  right-size 25  mapped-to-slot 25  from: 3 4  (H2H dpids: [0]=3 [1]=4)  sizeof(ACPACKET)=14
[agg] loopback 26/s  from=1 to=2 (local player or group)
[dplay] Send 33 bytes pid 1 -> 2 (ok)
[agg] SendEx aggpacket 13/s  from=1 to=2(playergroup) players=2 size=33 res=0x0
[moveloop] iter=5000 -> waiting on SEMAPHORE
[moveloop] iter=5000 -> got semaphore, waiting on MUTEX
[dplay] received 14 data bytes from pid 4
[dplay] Send 14 bytes pid 3 -> 1 (ok)
[agg] sent-to-agg/s dummy=0 init=0 other=13 (last other IDCode=207)  Count=6 FrameCount=7 synched=1 csync=1 res=0
[dplay] Send 33 bytes pid 1 -> 2 (ok)
[dplay] received 14 data bytes from pid 4
[dplay] Send 14 bytes pid 3 -> 1 (ok)
[dplay] Send 33 bytes pid 1 -> 2 (ok)
[dplay] received 14 data bytes from pid 4
[dplay] Send 14 bytes pid 3 -> 1 (ok)
[dplay] Send 33 bytes pid 1 -> 2 (ok)
[dplay] received 14 data bytes from pid 4
[dplay] Send 14 bytes pid 3 -> 1 (ok)
[dplay] Send 33 bytes pid 1 -> 2 (ok)
[mfctimer] fire #34500 wnd=0x9f1d456 id=2378
[dplay] received 14 data bytes from pid 4
[dplay] Send 14 bytes pid 3 -> 1 (ok)
[dplay] Send 33 bytes pid 1 -> 2 (ok)
[dplay] received 14 data bytes from pid 4
[dplay] Send 14 bytes pid 3 -> 1 (ok)
[dplay] Send 33 bytes pid 1 -> 2 (ok)
[dplay] received 14 data bytes from pid 4
[dplay] Send 14 bytes pid 3 -> 1 (ok)
[dplay] Send 33 bytes pid 1 -> 2 (ok)
[dplay] received 14 data bytes from pid 4
[dplay] Send 33 bytes pid 1 -> 2 (ok)
[dplay] Send 14 bytes pid 3 -> 1 (ok)
[dplay] received 14 data bytes from pid 4
[dplay] Send 14 bytes pid 3 -> 1 (ok)
[dplay] Send 33 bytes pid 1 -> 2 (ok)
[dplay] received 14 data bytes from pid 4
[dplay] Send 14 bytes pid 3 -> 1 (ok)
[dplay] Send 33 bytes pid 1 -> 2 (ok)
[dplay] received 14 data bytes from pid 4
[agg] loopback 21/s  from=3 to=1 (local player or group)
[dplay] Send 14 bytes pid 3 -> 1 (ok)
[agg] sent-to-agg/s dummy=0 init=0 other=10 (last other IDCode=207)  Count=16 FrameCount=17 synched=1 csync=1 res=0
[agg] StaticTimeProc 42/s  impl=1 host=1 running=1 resync=0 served=0  -> AggregatorGetPackets 42/s
[agg] drained/s:  aggregator from=4 to=1 len=14 x10  aggregator from=3 to=1 len=14 x11  WINMOVE.CPP:4941 from=1 to=2 len=33 x11  WINMOVE.CPP:4941 from=4 to=1 len=14 x1
[agg] aggregator received 22 msg/s  right-size 22  mapped-to-slot 22  from: 4 3  (H2H dpids: [0]=3 [1]=4)  sizeof(ACPACKET)=14
[dplay] Send 33 bytes pid 1 -> 2 (ok)
[agg] SendEx aggpacket 11/s  from=1 to=2(playergroup) players=2 size=33 res=0x0
[dplay] received 14 data bytes from pid 4
[dplay] Send 14 bytes pid 3 -> 1 (ok)
[dplay] Send 33 bytes pid 1 -> 2 (ok)
[moveloop] iter=5050 -> waiting on SEMAPHORE
[moveloop] iter=5050 -> got semaphore, waiting on MUTEX
[dplay] received 14 data bytes from pid 4
[dplay] Send 14 bytes pid 3 -> 1 (ok)
[dplay] Send 33 bytes pid 1 -> 2 (ok)
[dplay] received 14 data bytes from pid 4
[dplay] Send 14 bytes pid 3 -> 1 (ok)
[dplay] Send 33 bytes pid 1 -> 2 (ok)
[dplay] received 14 data bytes from pid 4
[dplay] Send 14 bytes pid 3 -> 1 (ok)
[dplay] Send 33 bytes pid 1 -> 2 (ok)
[dplay] received 14 data bytes from pid 4
[dplay] Send 14 bytes pid 3 -> 1 (ok)
[dplay] Send 33 bytes pid 1 -> 2 (ok)
[dplay] received 14 data bytes from pid 4
[dplay] Send 14 bytes pid 3 -> 1 (ok)
[dplay] Send 33 bytes pid 1 -> 2 (ok)
[dplay] received 14 data bytes from pid 4
[dplay] Send 14 bytes pid 3 -> 1 (ok)
[dplay] Send 33 bytes pid 1 -> 2 (ok)
[dplay] received 14 data bytes from pid 4
[dplay] Send 14 bytes pid 3 -> 1 (ok)
[dplay] Send 33 bytes pid 1 -> 2 (ok)
[dplay] pump #21000 (host=1) -- discovery is answered only from here
[dplay] received 14 data bytes from pid 4
[dplay] Send 14 bytes pid 3 -> 1 (ok)
[dplay] Send 33 bytes pid 1 -> 2 (ok)
[dplay] received 14 data bytes from pid 4
[dplay] Send 14 bytes pid 3 -> 1 (ok)
[dplay] Send 33 bytes pid 1 -> 2 (ok)
[dplay] received 14 data bytes from pid 4
[mfctimer] fire #35000 wnd=0x9f1d456 id=2378
[dplay] Send 14 bytes pid 3 -> 1 (ok)
[dplay] Send 33 bytes pid 1 -> 2 (ok)
[dplay] received 14 data bytes from pid 4
[dplay] Send 14 bytes pid 3 -> 1 (ok)
[dplay] Send 33 bytes pid 1 -> 2 (ok)
[timeproc] tick=13500 instances=1 currinst=0xb0d3610
[agg] StaticTimeProc 50/s  impl=1 host=1 running=1 resync=0 served=0  -> AggregatorGetPackets 50/s
[dplay] received 14 data bytes from pid 4
[agg] drained/s:  aggregator from=4 to=1 len=14 x13  aggregator from=3 to=1 len=14 x12  WINMOVE.CPP:4941 from=1 to=2 len=33 x13
[agg] aggregator received 25 msg/s  right-size 25  mapped-to-slot 25  from: 4 3  (H2H dpids: [0]=3 [1]=4)  sizeof(ACPACKET)=14
[agg] loopback 26/s  from=3 to=1 (local player or group)
[dplay] Send 14 bytes pid 3 -> 1 (ok)
[agg] sent-to-agg/s dummy=0 init=0 other=13 (last other IDCode=207)  Count=29 FrameCount=30 synched=1 csync=1 res=0
[dplay] Send 33 bytes pid 1 -> 2 (ok)
[agg] SendEx aggpacket 13/s  from=1 to=2(playergroup) players=2 size=33 res=0x0
[dplay] received 14 data bytes from pid 4
[dplay] Send 14 bytes pid 3 -> 1 (ok)
[dplay] Send 33 bytes pid 1 -> 2 (ok)
[moveloop] iter=5100 -> waiting on SEMAPHORE
[moveloop] iter=5100 -> got semaphore, waiting on MUTEX
[dplay] received 14 data bytes from pid 4
[dplay] Send 14 bytes pid 3 -> 1 (ok)
[dplay] Send 33 bytes pid 1 -> 2 (ok)
[dplay] received 14 data bytes from pid 4
[dplay] Send 19 bytes pid 1 -> 2 (ok)
[dplay] Send 14 bytes pid 3 -> 1 (ok)
[dplay] received 14 data bytes from pid 4
[dplay] Send 33 bytes pid 1 -> 2 (ok)
[dplay] Send 14 bytes pid 3 -> 1 (ok)
[dplay] received 14 data bytes from pid 4
[dplay] Send 33 bytes pid 1 -> 2 (ok)
[dplay] Send 14 bytes pid 3 -> 1 (ok)
[dplay] received 14 data bytes from pid 4
[dplay] Send 33 bytes pid 1 -> 2 (ok)
[dplay] Send 14 bytes pid 3 -> 1 (ok)
[dplay] received 14 data bytes from pid 4
[dplay] Send 33 bytes pid 1 -> 2 (ok)
[dplay] Send 14 bytes pid 3 -> 1 (ok)
[dplay] received 14 data bytes from pid 4
[dplay] Send 33 bytes pid 1 -> 2 (ok)
[dplay] Send 14 bytes pid 3 -> 1 (ok)
[accnt] aircraft in this world: now=8 MAX=8 visible=2 dead=6 (frame sample #7)
[dplay] received 14 data bytes from pid 4
[dplay] Send 33 bytes pid 1 -> 2 (ok)
[dplay] Send 14 bytes pid 3 -> 1 (ok)
[dplay] received 14 data bytes from pid 4
[dplay] Send 33 bytes pid 1 -> 2 (ok)
[dplay] Send 14 bytes pid 3 -> 1 (ok)
[dplay] received 14 data bytes from pid 4
[dplay] Send 33 bytes pid 1 -> 2 (ok)
[dplay] Send 14 bytes pid 3 -> 1 (ok)
[dplay] received 14 data bytes from pid 4
[dplay] Send 33 bytes pid 1 -> 2 (ok)
[agg] drained/s:  aggregator from=4 to=1 len=14 x12  aggregator from=3 to=1 len=14 x12  WINMOVE.CPP:4941 from=1 to=2 len=33 x13  WINMOVE.CPP:4941 from=1 to=2 len=19 x1
[agg] loopback 25/s  from=3 to=1 (local player or group)
[dplay] Send 14 bytes pid 3 -> 1 (ok)
[agg] sent-to-agg/s dummy=0 init=0 other=12 (last other IDCode=207)  Count=41 FrameCount=42 synched=1 csync=1 res=0
[agg] StaticTimeProc 49/s  impl=1 host=1 running=1 resync=0 served=0  -> AggregatorGetPackets 49/s
[agg] aggregator received 25 msg/s  right-size 25  mapped-to-slot 25  from: 3 4  (H2H dpids: [0]=3 [1]=4)  sizeof(ACPACKET)=14
[dplay] received 14 data bytes from pid 4
[dplay] Send 33 bytes pid 1 -> 2 (ok)
[agg] SendEx aggpacket 13/s  from=1 to=2(playergroup) players=2 size=33 res=0x0
[dplay] Send 14 bytes pid 3 -> 1 (ok)
[moveloop] iter=5150 -> waiting on SEMAPHORE
[moveloop] iter=5150 -> got semaphore, waiting on MUTEX
[dplay] received 14 data bytes from pid 4
[dplay] Send 33 bytes pid 1 -> 2 (ok)
[dplay] Send 14 bytes pid 3 -> 1 (ok)
[dplay] received 14 data bytes from pid 4
[dplay] Send 33 bytes pid 1 -> 2 (ok)
[dplay] Send 14 bytes pid 3 -> 1 (ok)
[dplay] received 14 data bytes from pid 4
[dplay] Send 33 bytes pid 1 -> 2 (ok)
[dplay] Send 14 bytes pid 3 -> 1 (ok)
[dplay] received 14 data bytes from pid 4
[dplay] Send 33 bytes pid 1 -> 2 (ok)
[hatbtn] dwData=0xffffffff base=292 pressing=8 -> raw -1
[dplay] Send 14 bytes pid 3 -> 1 (ok)
[mfctimer] fire #35500 wnd=0x9f1d456 id=2378
[dplay] received 14 data bytes from pid 4
[dplay] Send 33 bytes pid 1 -> 2 (ok)
[dplay] Send 14 bytes pid 3 -> 1 (ok)
[dplay] received 14 data bytes from pid 4
[dplay] Send 33 bytes pid 1 -> 2 (ok)
[dplay] Send 14 bytes pid 3 -> 1 (ok)
[dplay] received 14 data bytes from pid 4
[dplay] Send 33 bytes pid 1 -> 2 (ok)
[dplay] Send 14 bytes pid 3 -> 1 (ok)
[dplay] Send 19 bytes pid 1 -> 2 (ok)
[movegate] cycle=4250 timeout=0 accelcountdown=1 accel=0
[movestep] cycle=4250 paused=0 num=1
[dplay] received 14 data bytes from pid 4
[dplay] Send 14 bytes pid 3 -> 1 (ok)
[dplay] Send 33 bytes pid 1 -> 2 (ok)
[dplay] received 14 data bytes from pid 4
[dplay] Send 14 bytes pid 3 -> 1 (ok)
[dplay] Send 33 bytes pid 1 -> 2 (ok)
[dplay] received 14 data bytes from pid 4
[dplay] Send 14 bytes pid 3 -> 1 (ok)
[dplay] Send 33 bytes pid 1 -> 2 (ok)
[dplay] received 14 data bytes from pid 4
[dplay] Send 14 bytes pid 3 -> 1 (ok)
[dplay] Send 33 bytes pid 1 -> 2 (ok)
[agg] StaticTimeProc 49/s  impl=1 host=1 running=1 resync=0 served=0  -> AggregatorGetPackets 49/s
[dplay] received 14 data bytes from pid 4
[agg] drained/s:  aggregator from=4 to=1 len=14 x13  aggregator from=3 to=1 len=14 x13  WINMOVE.CPP:4941 from=1 to=2 len=33 x13  WINMOVE.CPP:4941 from=1 to=2 len=19 x1
[agg] aggregator received 25 msg/s  right-size 25  mapped-to-slot 25  from: 4 3  (H2H dpids: [0]=3 [1]=4)  sizeof(ACPACKET)=14
[agg] loopback 26/s  from=3 to=1 (local player or group)
[dplay] Send 14 bytes pid 3 -> 1 (ok)
[agg] sent-to-agg/s dummy=0 init=0 other=13 (last other IDCode=207)  Count=54 FrameCount=55 synched=1 csync=1 res=0
[dplay] Send 33 bytes pid 1 -> 2 (ok)
[agg] SendEx aggpacket 13/s  from=1 to=2(playergroup) players=2 size=33 res=0x0
[dplay] received 14 data bytes from pid 4
[dplay] Send 14 bytes pid 3 -> 1 (ok)
[dplay] Send 33 bytes pid 1 -> 2 (ok)
[moveloop] iter=5200 -> waiting on SEMAPHORE
[moveloop] iter=5200 -> got semaphore, waiting on MUTEX
[dplay] received 14 data bytes from pid 4
[dplay] Send 14 bytes pid 3 -> 1 (ok)
[dplay] Send 33 bytes pid 1 -> 2 (ok)
[dplay] received 14 data bytes from pid 4
[dplay] Send 14 bytes pid 3 -> 1 (ok)
[dplay] Send 33 bytes pid 1 -> 2 (ok)
[dplay] received 14 data bytes from pid 4
[dplay] Send 14 bytes pid 3 -> 1 (ok)
[dplay] Send 33 bytes pid 1 -> 2 (ok)
[dplay] received 14 data bytes from pid 4
[dplay] Send 14 bytes pid 3 -> 1 (ok)
[dplay] Send 33 bytes pid 1 -> 2 (ok)
[dplay] received 14 data bytes from pid 4
[dplay] Send 14 bytes pid 3 -> 1 (ok)
[dplay] Send 33 bytes pid 1 -> 2 (ok)
[dplay] received 14 data bytes from pid 4
[dplay] Send 14 bytes pid 3 -> 1 (ok)
[dplay] Send 33 bytes pid 1 -> 2 (ok)
[dplay] received 14 data bytes from pid 4
[dplay] Send 14 bytes pid 3 -> 1 (ok)
[dplay] Send 33 bytes pid 1 -> 2 (ok)
[dplay] received 14 data bytes from pid 4
[dplay] Send 14 bytes pid 3 -> 1 (ok)
[dplay] Send 33 bytes pid 1 -> 2 (ok)
[dplay] received 14 data bytes from pid 4
[dplay] Send 14 bytes pid 3 -> 1 (ok)
[dplay] Send 33 bytes pid 1 -> 2 (ok)
[dplay] received 14 data bytes from pid 4
[dplay] Send 14 bytes pid 3 -> 1 (ok)
[dplay] Send 33 bytes pid 1 -> 2 (ok)
[mfctimer] fire #36000 wnd=0x9f1d456 id=2378
[agg] StaticTimeProc 49/s  impl=1 host=1 running=1 resync=0 served=0  -> AggregatorGetPackets 49/s
[dplay] received 14 data bytes from pid 4
[agg] drained/s:  aggregator from=4 to=1 len=14 x12  aggregator from=3 to=1 len=14 x12  WINMOVE.CPP:4941 from=1 to=2 len=33 x12
[agg] aggregator received 24 msg/s  right-size 24  mapped-to-slot 24  from: 3 4  (H2H dpids: [0]=3 [1]=4)  sizeof(ACPACKET)=14
[agg] loopback 24/s  from=3 to=1 (local player or group)
[dplay] Send 14 bytes pid 3 -> 1 (ok)
[agg] sent-to-agg/s dummy=0 init=0 other=12 (last other IDCode=207)  Count=66 FrameCount=67 synched=1 csync=1 res=0
[dplay] Send 33 bytes pid 1 -> 2 (ok)
[agg] SendEx aggpacket 12/s  from=1 to=2(playergroup) players=2 size=33 res=0x0
[dplay] received 14 data bytes from pid 4
[dplay] Send 14 bytes pid 3 -> 1 (ok)
[dplay] Send 33 bytes pid 1 -> 2 (ok)
[moveloop] iter=5250 -> waiting on SEMAPHORE
[moveloop] iter=5250 -> got semaphore, waiting on MUTEX
[dplay] received 14 data bytes from pid 4
[dplay] Send 14 bytes pid 3 -> 1 (ok)
[dplay] Send 33 bytes pid 1 -> 2 (ok)
[dplay] received 14 data bytes from pid 4
[dplay] Send 14 bytes pid 3 -> 1 (ok)
[dplay] Send 33 bytes pid 1 -> 2 (ok)
[dplay] received 14 data bytes from pid 4
[dplay] pump #21500 (host=1) -- discovery is answered only from here
[dplay] Send 14 bytes pid 3 -> 1 (ok)
[dplay] Send 33 bytes pid 1 -> 2 (ok)
[dplay] received 14 data bytes from pid 4
[dplay] Send 14 bytes pid 3 -> 1 (ok)
[dplay] Send 33 bytes pid 1 -> 2 (ok)
[dplay] received 14 data bytes from pid 4
[dplay] Send 14 bytes pid 3 -> 1 (ok)
[dplay] Send 33 bytes pid 1 -> 2 (ok)
[dplay] received 14 data bytes from pid 4
[dplay] Send 14 bytes pid 3 -> 1 (ok)
[dplay] Send 33 bytes pid 1 -> 2 (ok)
[dplay] received 14 data bytes from pid 4
[dplay] Send 14 bytes pid 3 -> 1 (ok)
[dplay] Send 33 bytes pid 1 -> 2 (ok)
[dplay] Send 14 bytes pid 3 -> 1 (ok)
[dplay] received 14 data bytes from pid 4
[dplay] Send 33 bytes pid 1 -> 2 (ok)
[dplay] received 14 data bytes from pid 4
[dplay] Send 14 bytes pid 3 -> 1 (ok)
[dplay] Send 33 bytes pid 1 -> 2 (ok)
[dplay] received 14 data bytes from pid 4
[dplay] Send 14 bytes pid 3 -> 1 (ok)
[dplay] Send 33 bytes pid 1 -> 2 (ok)
[dplay] received 14 data bytes from pid 4
[dplay] Send 14 bytes pid 3 -> 1 (ok)
[dplay] Send 33 bytes pid 1 -> 2 (ok)
[agg] StaticTimeProc 46/s  impl=1 host=1 running=1 resync=0 served=0  -> AggregatorGetPackets 46/s
[dplay] received 14 data bytes from pid 4
[agg] drained/s:  aggregator from=4 to=1 len=14 x13  aggregator from=3 to=1 len=14 x13  WINMOVE.CPP:4941 from=1 to=2 len=33 x13
[agg] aggregator received 26 msg/s  right-size 26  mapped-to-slot 26  from: 3 4  (H2H dpids: [0]=3 [1]=4)  sizeof(ACPACKET)=14
[agg] loopback 26/s  from=3 to=1 (local player or group)
[dplay] Send 14 bytes pid 3 -> 1 (ok)
[agg] sent-to-agg/s dummy=0 init=0 other=13 (last other IDCode=207)  Count=79 FrameCount=80 synched=1 csync=1 res=0
[dplay] Send 33 bytes pid 1 -> 2 (ok)
[agg] SendEx aggpacket 13/s  from=1 to=2(playergroup) players=2 size=33 res=0x0
[dplay] received 14 data bytes from pid 4
[dplay] Send 14 bytes pid 3 -> 1 (ok)
[dplay] Send 33 bytes pid 1 -> 2 (ok)
[moveloop] iter=5300 -> waiting on SEMAPHORE
[moveloop] iter=5300 -> got semaphore, waiting on MUTEX
[dplay] received 14 data bytes from pid 4
[dplay] Send 14 bytes pid 3 -> 1 (ok)
[dplay] Send 33 bytes pid 1 -> 2 (ok)
[dplay] received 14 data bytes from pid 4
[dplay] Send 14 bytes pid 3 -> 1 (ok)
[dplay] Send 33 bytes pid 1 -> 2 (ok)
[dplay] received 14 data bytes from pid 4
[dplay] Send 14 bytes pid 3 -> 1 (ok)
[dplay] Send 33 bytes pid 1 -> 2 (ok)
[dplay] received 14 data bytes from pid 4
[dplay] Send 14 bytes pid 3 -> 1 (ok)
[dplay] Send 33 bytes pid 1 -> 2 (ok)
[dplay] received 14 data bytes from pid 4
[mfctimer] fire #36500 wnd=0x9f1d456 id=2378
[dplay] Send 14 bytes pid 3 -> 1 (ok)
[dplay] Send 33 bytes pid 1 -> 2 (ok)
[dplay] received 14 data bytes from pid 4
[dplay] Send 14 bytes pid 3 -> 1 (ok)
[dplay] Send 33 bytes pid 1 -> 2 (ok)
[dplay] received 14 data bytes from pid 4
[dplay] Send 14 bytes pid 3 -> 1 (ok)
[dplay] Send 33 bytes pid 1 -> 2 (ok)
[dplay] received 14 data bytes from pid 4
[dplay] Send 14 bytes pid 3 -> 1 (ok)
[dplay] Send 33 bytes pid 1 -> 2 (ok)
[dplay] received 14 data bytes from pid 4
[dplay] Send 14 bytes pid 3 -> 1 (ok)
[dplay] Send 33 bytes pid 1 -> 2 (ok)
[dplay] received 14 data bytes from pid 4
[dplay] Send 14 bytes pid 3 -> 1 (ok)
[dplay] Send 33 bytes pid 1 -> 2 (ok)
[vid] window closed -> exit
[agg] loopback 24/s  from=3 to=1 (local player or group)
[dplay] Send 14 bytes pid 3 -> 1 (ok)
[agg] sent-to-agg/s dummy=0 init=0 other=12 (last other IDCode=207)  Count=91 FrameCount=92 synched=1 csync=1 res=0
[agg] StaticTimeProc 49/s  impl=1 host=1 running=1 resync=0 served=0  -> AggregatorGetPackets 49/s
[agg] drained/s:  aggregator from=4 to=1 len=14 x11  aggregator from=3 to=1 len=14 x13  WINMOVE.CPP:4941 from=1 to=2 len=33 x12
[agg] aggregator received 24 msg/s  right-size 24  mapped-to-slot 24  from: 3 4  (H2H dpids: [0]=3 [1]=4)  sizeof(ACPACKET)=14
[dplay] Send 19 bytes pid 1 -> 2 (ok)
[agg] SendEx aggpacket 12/s  from=1 to=2(playergroup) players=1 size=19 res=0x0
[dplay] Send 14 bytes pid 3 -> 1 (ok)
