***  Installation Started 08/21/26 19:11  ***
Title: Mig Alley 1.1 Installation
Source: Z:\home\admin\sgl\TUE\MigAlley\INSTALL\MA_iso\setup.EXE
Made Dir: C:\rowan
Made Dir: C:\rowan\mig
File Copy: C:\rowan\mig\Mplaynow.exe
File Copy: C:\rowan\mig\Mplaynow.ini 
Made Dir: C:\rowan\mig\FRBIGMAP
File Copy: C:\rowan\mig\FRBIGMAP\DIR.DIR
File Copy: C:\rowan\mig\FRBIGMAP\MAP-1_27.bmp
File Copy: C:\rowan\mig\FRBIGMAP\MAP-1_28.bmp
File Copy: C:\rowan\mig\FRBIGMAP\MAP-1_29.bmp
File Copy: C:\rowan\mig\FRBIGMAP\MAP-1_30.bmp
File Copy: C:\rowan\mig\FRBIGMAP\MAP-2_27.bmp
File Copy: C:\rowan\mig\FRBIGMAP\MAP-2_28.bmp
File Copy: C:\rowan\mig\FRBIGMAP\MAP-2_29.bmp
File Copy: C:\rowan\mig\FRBIGMAP\MAP-2_30.bmp
File Copy: C:\rowan\mig\FRBIGMAP\MAP0_27.bmp
File Copy: C:\rowan\mig\FRBIGMAP\MAP0_28.bmp
File Copy: C:\rowan\mig\FRBIGMAP\MAP0_29.bmp
File Copy: C:\rowan\mig\FRBIGMAP\MAP0_30.bmp
File Copy: C:\rowan\mig\FRBIGMAP\MAP10_27.bmp
File Copy: C:\rowan\mig\FRBIGMAP\MAP10_28.bmp
File Copy: C:\rowan\mig\FRBIGMAP\MAP10_29.bmp
File Copy: C:\rowan\mig\FRBIGMAP\MAP10_30.bmp
File Copy: C:\rowan\mig\FRBIGMAP\MAP11_26.bmp
File Copy: C:\rowan\mig\FRBIGMAP\MAP11_27.bmp
File Copy: C:\rowan\mig\FRBIGMAP\MAP11_28.bmp
File Copy: C:\rowan\mig\FRBIGMAP\MAP11_29.bmp
File Copy: C:\rowan\mig\FRBIGMAP\MAP11_30.bmp
File Copy: C:\rowan\mig\FRBIGMAP\MAP12_26.bmp
File Copy: C:\rowan\mig\FRBIGMAP\MAP12_27.bmp
File Copy: C:\rowan\mig\FRBIGMAP\MAP12_28.bmp
File Copy: C:\rowan\mig\FRBIGMAP\MAP12_29.bmp
File Copy: C:\rowan\mig\FRBIGMAP\MAP12_30.bmp
File Copy: C:\rowan\mig\FRBIGMAP\MAP13_26.bmp
File Copy: C:\rowan\mig\FRBIGMAP\MAP13_27.bmp
File Copy: C:\rowan\mig\FRBIGMAP\MAP13_28.bmp
File Copy: C:\rowan\mig\FRBIGMAP\MAP13_29.bmp
File Copy: C:\rowan\mig\FRBIGMAP\MAP13_30.bmp
File Copy: C:\rowan\mig\FRBIGMAP\MAP14_27.bmp
File Copy: C:\rowan\mig\FRBIGMAP\MAP14_28.bmp
File Copy: C:\rowan\mig\FRBIGMAP\MAP14_29.bmp
File Copy: C:\rowan\mig\FRBIGMAP\MAP14_30.bmp
File Copy: C:\rowan\mig\FRBIGMAP\MAP1_27.bmp
File Copy: C:\rowan\mig\FRBIGMAP\MAP1_28.bmp
File Copy: C:\rowan\mig\FRBIGMAP\MAP1_29.bmp
File Copy: C:\rowan\mig\FRBIGMAP\MAP1_30.bmp
File Copy: C:\rowan\mig\FRBIGMAP\MAP2_27.bmp
File Copy: C:\rowan\mig\FRBIGMAP\MAP2_28.bmp
File Copy: C:\rowan\mig\FRBIGMAP\MAP2_29.bmp
File Copy: C:\rowan\mig\FRBIGMAP\MAP2_30.bmp
File Copy: C:\rowan\mig\FRBIGMAP\MAP3_27.bmp
File Copy: C:\rowan\mig\FRBIGMAP\MAP3_28.bmp
File Copy: C:\rowan\mig\FRBIGMAP\MAP3_29.bmp
File Copy: C:\rowan\mig\FRBIGMAP\MAP3_30.bmp
File Copy: C:\rowan\mig\FRBIGMAP\MAP4_27.bmp
File Copy: C:\rowan\mig\FRBIGMAP\MAP4_28.bmp
File Copy: C:\rowan\mig\FRBIGMAP\MAP4_29.bmp
File Copy: C:\rowan\mig\FRBIGMAP\MAP4_30.bmp
File Copy: C:\rowan\mig\FRBIGMAP\MAP5_27.bmp
File Copy: C:\rowan\mig\FRBIGMAP\MAP5_28.bmp
File Copy: C:\rowan\mig\FRBIGMAP\MAP5_29.bmp
File Copy: C:\rowan\mig\FRBIGMAP\MAP5_30.bmp
File Copy: C:\rowan\mig\FRBIGMAP\MAP6_27.bmp
File Copy: C:\rowan\mig\FRBIGMAP\MAP6_28.bmp
File Copy: C:\rowan\mig\FRBIGMAP\MAP6_29.bmp
File Copy: C:\rowan\mig\FRBIGMAP\MAP6_30.bmp
File Copy: C:\rowan\mig\FRBIGMAP\MAP7_27.bmp
File Copy: C:\rowan\mig\FRBIGMAP\MAP7_28.bmp
File Copy: C:\rowan\mig\FRBIGMAP\MAP7_29.bmp
File Copy: C:\rowan\mig\FRBIGMAP\MAP7_30.bmp
File Copy: C:\rowan\mig\FRBIGMAP\MAP8_27.bmp
File Copy: C:\rowan\mig\FRBIGMAP\MAP8_28.bmp
File Copy: C:\rowan\mig\FRBIGMAP\MAP8_29.bmp
File Copy: C:\rowan\mig\FRBIGMAP\MAP8_30.bmp
File Copy: C:\rowan\mig\FRBIGMAP\MAP9_27.bmp
File Copy: C:\rowan\mig\FRBIGMAP\MAP9_28.bmp
File Copy: C:\rowan\mig\FRBIGMAP\MAP9_29.bmp
File Copy: C:\rowan\mig\FRBIGMAP\MAP9_30.bmp
File Copy: C:\rowan\mig\FRBIGMAP\map-1_26.bmp
File Copy: C:\rowan\mig\FRBIGMAP\map-2_26.bmp
File Copy: C:\rowan\mig\FRBIGMAP\map0_26.bmp
File Copy: C:\rowan\mig\FRBIGMAP\map0_31.bmp
File Copy: C:\rowan\mig\FRBIGMAP\map10_26.bmp
File Copy: C:\rowan\mig\FRBIGMAP\map10_31.bmp
File Copy: C:\rowan\mig\FRBIGMAP\map11_31.bmp
File Copy: C:\rowan\mig\FRBIGMAP\map12_31.bmp
File Copy: C:\rowan\mig\FRBIGMAP\map13_31.bmp
File Copy: C:\rowan\mig\FRBIGMAP\map14_31.bmp
File Copy: C:\rowan\mig\FRBIGMAP\map1_26.bmp
File Copy: C:\rowan\mig\FRBIGMAP\map1_31.bmp
File Copy: C:\rowan\mig\FRBIGMAP\map2_26.bmp
File Copy: C:\rowan\mig\FRBIGMAP\map2_31.bmp
File Copy: C:\rowan\mig\FRBIGMAP\map3_26.bmp
File Copy: C:\rowan\mig\FRBIGMAP\map3_31.bmp
File Copy: C:\rowan\mig\FRBIGMAP\map4_26.bmp
File Copy: C:\rowan\mig\FRBIGMAP\map4_31.bmp
File Copy: C:\rowan\mig\FRBIGMAP\map5_26.bmp
File Copy: C:\rowan\mig\FRBIGMAP\map5_31.bmp
File Copy: C:\rowan\mig\FRBIGMAP\map6_26.bmp
File Copy: C:\rowan\mig\FRBIGMAP\map6_31.bmp
File Copy: C:\rowan\mig\FRBIGMAP\map7_26.bmp
File Copy: C:\rowan\mig\FRBIGMAP\map7_31.bmp
File Copy: C:\rowan\mig\FRBIGMAP\map8_26.bmp
File Copy: C:\rowan\mig\FRBIGMAP\map8_31.bmp
File Copy: C:\rowan\mig\FRBIGMAP\map9_26.bmp
File Copy: C:\rowan\mig\FRBIGMAP\map9_31.bmp
File Copy: C:\rowan\mig\FRBIGMAP\smap0_0.bmp
File Copy: C:\rowan\mig\FRBIGMAP\smap0_1.bmp
File Copy: C:\rowan\mig\FRBIGMAP\smap0_2.bmp
File Copy: C:\rowan\mig\FRBIGMAP\smap0_3.bmp
File Copy: C:\rowan\mig\FRBIGMAP\smap0_4.bmp
File Copy: C:\rowan\mig\FRBIGMAP\smap0_5.bmp
File Copy: C:\rowan\mig\FRBIGMAP\smap0_6.bmp
File Copy: C:\rowan\mig\FRBIGMAP\smap0_7.bmp
File Copy: C:\rowan\mig\FRBIGMAP\smap1_0.bmp
File Copy: C:\rowan\mig\FRBIGMAP\smap1_1.bmp
File Copy: C:\rowan\mig\FRBIGMAP\smap1_2.bmp
File Copy: C:\rowan\mig\FRBIGMAP\smap1_3.bmp
File Copy: C:\rowan\mig\FRBIGMAP\smap1_4.bmp
File Copy: C:\rowan\mig\FRBIGMAP\smap1_5.bmp
File Copy: C:\rowan\mig\FRBIGMAP\smap1_6.bmp
File Copy: C:\rowan\mig\FRBIGMAP\smap1_7.bmp
File Copy: C:\rowan\mig\FRBIGMAP\smap2_0.bmp
File Copy: C:\rowan\mig\FRBIGMAP\smap2_1.bmp
File Copy: C:\rowan\mig\FRBIGMAP\smap2_2.bmp
File Copy: C:\rowan\mig\FRBIGMAP\smap2_3.bmp
File Copy: C:\rowan\mig\FRBIGMAP\smap2_4.bmp
File Copy: C:\rowan\mig\FRBIGMAP\smap2_5.bmp
File Copy: C:\rowan\mig\FRBIGMAP\smap2_6.bmp
File Copy: C:\rowan\mig\FRBIGMAP\smap2_7.bmp
File Copy: C:\rowan\mig\FRBIGMAP\smap3_0.bmp
File Copy: C:\rowan\mig\FRBIGMAP\smap3_1.bmp
File Copy: C:\rowan\mig\FRBIGMAP\smap3_2.bmp
File Copy: C:\rowan\mig\FRBIGMAP\smap3_3.bmp
File Copy: C:\rowan\mig\FRBIGMAP\smap3_4.bmp
File Copy: C:\rowan\mig\FRBIGMAP\smap3_5.bmp
File Copy: C:\rowan\mig\FRBIGMAP\smap3_6.bmp
File Copy: C:\rowan\mig\FRBIGMAP\smap3_7.bmp
File Copy: C:\rowan\mig\FRBIGMAP\thumbbot.bmp
File Copy: C:\rowan\mig\FRBIGMAP\thumbtop.bmp
Made Dir: C:\rowan\mig\FRONTMAP
File Copy: C:\rowan\mig\FRONTMAP\DIR.DIR
File Copy: C:\rowan\mig\FRONTMAP\MAP-1_18.bmp
File Copy: C:\rowan\mig\FRONTMAP\MAP-1_19.bmp
File Copy: C:\rowan\mig\FRONTMAP\MAP-1_20.bmp
File Copy: C:\rowan\mig\FRONTMAP\MAP-1_21.bmp
File Copy: C:\rowan\mig\FRONTMAP\MAP-1_22.bmp
File Copy: C:\rowan\mig\FRONTMAP\MAP-1_23.bmp
File Copy: C:\rowan\mig\FRONTMAP\MAP-1_24.bmp
File Copy: C:\rowan\mig\FRONTMAP\MAP-1_25.bmp
File Copy: C:\rowan\mig\FRONTMAP\MAP-1_26.bmp
File Copy: C:\rowan\mig\FRONTMAP\MAP-2_18.bmp
File Copy: C:\rowan\mig\FRONTMAP\MAP-2_19.bmp
File Copy: C:\rowan\mig\FRONTMAP\MAP-2_20.bmp
File Copy: C:\rowan\mig\FRONTMAP\MAP-2_21.bmp
File Copy: C:\rowan\mig\FRONTMAP\MAP-2_22.bmp
File Copy: C:\rowan\mig\FRONTMAP\MAP-2_23.bmp
File Copy: C:\rowan\mig\FRONTMAP\MAP-2_24.bmp
File Copy: C:\rowan\mig\FRONTMAP\MAP-2_25.bmp
File Copy: C:\rowan\mig\FRONTMAP\MAP-2_26.bmp
File Copy: C:\rowan\mig\FRONTMAP\MAP0_20.bmp
File Copy: C:\rowan\mig\FRONTMAP\MAP0_21.bmp
File Copy: C:\rowan\mig\FRONTMAP\MAP0_22.bmp
File Copy: C:\rowan\mig\FRONTMAP\MAP0_23.bmp
File Copy: C:\rowan\mig\FRONTMAP\MAP0_24.bmp
File Copy: C:\rowan\mig\FRONTMAP\MAP0_25.bmp
File Copy: C:\rowan\mig\FRONTMAP\MAP0_26.bmp
File Copy: C:\rowan\mig\FRONTMAP\MAP10_1.bmp
File Copy: C:\rowan\mig\FRONTMAP\MAP10_10.bmp
File Copy: C:\rowan\mig\FRONTMAP\MAP10_11.bmp
File Copy: C:\rowan\mig\FRONTMAP\MAP10_12.bmp
File Copy: C:\rowan\mig\FRONTMAP\MAP10_13.bmp
File Copy: C:\rowan\mig\FRONTMAP\MAP10_14.bmp
File Copy: C:\rowan\mig\FRONTMAP\MAP10_15.bmp
File Copy: C:\rowan\mig\FRONTMAP\MAP10_16.bmp
File Copy: C:\rowan\mig\FRONTMAP\MAP10_17.bmp
File Copy: C:\rowan\mig\FRONTMAP\MAP10_21.bmp
File Copy: C:\rowan\mig\FRONTMAP\MAP10_22.bmp
File Copy: C:\rowan\mig\FRONTMAP\MAP10_23.bmp
File Copy: C:\rowan\mig\FRONTMAP\MAP10_24.bmp
File Copy: C:\rowan\mig\FRONTMAP\MAP10_25.bmp
File Copy: C:\rowan\mig\FRONTMAP\MAP10_26.bmp
File Copy: C:\rowan\mig\FRONTMAP\MAP10_7.bmp
File Copy: C:\rowan\mig\FRONTMAP\MAP10_8.bmp
File Copy: C:\rowan\mig\FRONTMAP\MAP10_9.bmp
File Copy: C:\rowan\mig\FRONTMAP\MAP11_1.bmp
File Copy: C:\rowan\mig\FRONTMAP\MAP11_10.bmp
File Copy: C:\rowan\mig\FRONTMAP\MAP11_11.bmp
File Copy: C:\rowan\mig\FRONTMAP\MAP11_12.bmp
File Copy: C:\rowan\mig\FRONTMAP\MAP11_13.bmp
File Copy: C:\rowan\mig\FRONTMAP\MAP11_14.bmp
File Copy: C:\rowan\mig\FRONTMAP\MAP11_15.bmp
File Copy: C:\rowan\mig\FRONTMAP\MAP11_2.bmp
File Copy: C:\rowan\mig\FRONTMAP\MAP11_22.bmp
File Copy: C:\rowan\mig\FRONTMAP\MAP11_23.bmp
File Copy: C:\rowan\mig\FRONTMAP\MAP11_24.bmp
File Copy: C:\rowan\mig\FRONTMAP\MAP11_25.bmp
File Copy: C:\rowan\mig\FRONTMAP\MAP11_3.bmp
File Copy: C:\rowan\mig\FRONTMAP\MAP11_5.bmp
File Copy: C:\rowan\mig\FRONTMAP\MAP11_6.bmp
File Copy: C:\rowan\mig\FRONTMAP\MAP11_7.bmp
File Copy: C:\rowan\mig\FRONTMAP\MAP11_8.bmp
File Copy: C:\rowan\mig\FRONTMAP\MAP11_9.bmp
File Copy: C:\rowan\mig\FRONTMAP\MAP12_10.bmp
File Copy: C:\rowan\mig\FRONTMAP\MAP12_11.bmp
File Copy: C:\rowan\mig\FRONTMAP\MAP12_12.bmp
File Copy: C:\rowan\mig\FRONTMAP\MAP12_13.bmp
File Copy: C:\rowan\mig\FRONTMAP\MAP12_2.bmp
File Copy: C:\rowan\mig\FRONTMAP\MAP12_23.bmp
File Copy: C:\rowan\mig\FRONTMAP\MAP12_24.bmp
File Copy: C:\rowan\mig\FRONTMAP\MAP12_25.bmp
File Copy: C:\rowan\mig\FRONTMAP\MAP12_3.bmp
File Copy: C:\rowan\mig\FRONTMAP\MAP12_4.bmp
File Copy: C:\rowan\mig\FRONTMAP\MAP12_5.bmp
File Copy: C:\rowan\mig\FRONTMAP\MAP12_6.bmp
File Copy: C:\rowan\mig\FRONTMAP\MAP12_7.bmp
File Copy: C:\rowan\mig\FRONTMAP\MAP12_8.bmp
File Copy: C:\rowan\mig\FRONTMAP\MAP12_9.bmp
File Copy: C:\rowan\mig\FRONTMAP\MAP13_0.bmp
File Copy: C:\rowan\mig\FRONTMAP\MAP13_1.bmp
File Copy: C:\rowan\mig\FRONTMAP\MAP13_2.bmp
File Copy: C:\rowan\mig\FRONTMAP\MAP13_3.bmp
File Copy: C:\rowan\mig\FRONTMAP\MAP13_4.bmp
File Copy: C:\rowan\mig\FRONTMAP\MAP14_0.bmp
File Copy: C:\rowan\mig\FRONTMAP\MAP14_1.bmp
File Copy: C:\rowan\mig\FRONTMAP\MAP14_2.bmp
File Copy: C:\rowan\mig\FRONTMAP\MAP14_3.bmp
File Copy: C:\rowan\mig\FRONTMAP\MAP14_4.bmp
File Copy: C:\rowan\mig\FRONTMAP\MAP14_7.bmp
File Copy: C:\rowan\mig\FRONTMAP\MAP1_20.bmp
File Copy: C:\rowan\mig\FRONTMAP\MAP1_21.bmp
File Copy: C:\rowan\mig\FRONTMAP\MAP1_22.bmp
File Copy: C:\rowan\mig\FRONTMAP\MAP1_23.bmp
File Copy: C:\rowan\mig\FRONTMAP\MAP1_24.bmp
File Copy: C:\rowan\mig\FRONTMAP\MAP1_25.bmp
File Copy: C:\rowan\mig\FRONTMAP\MAP1_26.bmp
File Copy: C:\rowan\mig\FRONTMAP\MAP2_15.bmp
File Copy: C:\rowan\mig\FRONTMAP\MAP2_16.bmp
File Copy: C:\rowan\mig\FRONTMAP\MAP2_17.bmp
File Copy: C:\rowan\mig\FRONTMAP\MAP2_19.bmp
File Copy: C:\rowan\mig\FRONTMAP\MAP2_20.bmp
File Copy: C:\rowan\mig\FRONTMAP\MAP2_21.bmp
File Copy: C:\rowan\mig\FRONTMAP\MAP2_22.bmp
File Copy: C:\rowan\mig\FRONTMAP\MAP2_23.bmp
File Copy: C:\rowan\mig\FRONTMAP\MAP2_24.bmp
File Copy: C:\rowan\mig\FRONTMAP\MAP2_25.bmp
File Copy: C:\rowan\mig\FRONTMAP\MAP2_26.bmp
File Copy: C:\rowan\mig\FRONTMAP\MAP3_14.bmp
File Copy: C:\rowan\mig\FRONTMAP\MAP3_15.bmp
File Copy: C:\rowan\mig\FRONTMAP\MAP3_16.bmp
File Copy: C:\rowan\mig\FRONTMAP\MAP3_17.bmp
File Copy: C:\rowan\mig\FRONTMAP\MAP3_18.bmp
File Copy: C:\rowan\mig\FRONTMAP\MAP3_19.bmp
File Copy: C:\rowan\mig\FRONTMAP\MAP3_20.bmp
File Copy: C:\rowan\mig\FRONTMAP\MAP3_21.bmp
File Copy: C:\rowan\mig\FRONTMAP\MAP3_22.bmp
File Copy: C:\rowan\mig\FRONTMAP\MAP3_23.bmp
File Copy: C:\rowan\mig\FRONTMAP\MAP3_24.bmp
File Copy: C:\rowan\mig\FRONTMAP\MAP3_25.bmp
File Copy: C:\rowan\mig\FRONTMAP\MAP3_26.bmp
File Copy: C:\rowan\mig\FRONTMAP\MAP3_3.bmp
File Copy: C:\rowan\mig\FRONTMAP\MAP4_10.bmp
File Copy: C:\rowan\mig\FRONTMAP\MAP4_11.bmp
File Copy: C:\rowan\mig\FRONTMAP\MAP4_12.bmp
File Copy: C:\rowan\mig\FRONTMAP\MAP4_13.bmp
File Copy: C:\rowan\mig\FRONTMAP\MAP4_14.bmp
File Copy: C:\rowan\mig\FRONTMAP\MAP4_15.bmp
File Copy: C:\rowan\mig\FRONTMAP\MAP4_16.bmp
File Copy: C:\rowan\mig\FRONTMAP\MAP4_17.bmp
File Copy: C:\rowan\mig\FRONTMAP\MAP4_18.bmp
File Copy: C:\rowan\mig\FRONTMAP\MAP4_19.bmp
File Copy: C:\rowan\mig\FRONTMAP\MAP4_20.bmp
File Copy: C:\rowan\mig\FRONTMAP\MAP4_21.bmp
File Copy: C:\rowan\mig\FRONTMAP\MAP4_22.bmp
File Copy: C:\rowan\mig\FRONTMAP\MAP4_23.bmp
File Copy: C:\rowan\mig\FRONTMAP\MAP4_24.bmp
File Copy: C:\rowan\mig\FRONTMAP\MAP4_25.bmp
File Copy: C:\rowan\mig\FRONTMAP\MAP4_26.bmp
File Copy: C:\rowan\mig\FRONTMAP\MAP4_5.bmp
File Copy: C:\rowan\mig\FRONTMAP\MAP4_6.bmp
File Copy: C:\rowan\mig\FRONTMAP\MAP4_7.bmp
File Copy: C:\rowan\mig\FRONTMAP\MAP4_8.bmp
File Copy: C:\rowan\mig\FRONTMAP\MAP5_10.bmp
File Copy: C:\rowan\mig\FRONTMAP\MAP5_11.bmp
File Copy: C:\rowan\mig\FRONTMAP\MAP5_12.bmp
File Copy: C:\rowan\mig\FRONTMAP\MAP5_13.bmp
File Copy: C:\rowan\mig\FRONTMAP\MAP5_14.bmp
File Copy: C:\rowan\mig\FRONTMAP\MAP5_15.bmp
File Copy: C:\rowan\mig\FRONTMAP\MAP5_16.bmp
File Copy: C:\rowan\mig\FRONTMAP\MAP5_17.bmp
File Copy: C:\rowan\mig\FRONTMAP\MAP5_18.bmp
File Copy: C:\rowan\mig\FRONTMAP\MAP5_19.bmp
File Copy: C:\rowan\mig\FRONTMAP\MAP5_20.bmp
File Copy: C:\rowan\mig\FRONTMAP\MAP5_21.bmp
File Copy: C:\rowan\mig\FRONTMAP\MAP5_22.bmp
File Copy: C:\rowan\mig\FRONTMAP\MAP5_23.bmp
File Copy: C:\rowan\mig\FRONTMAP\MAP5_24.bmp
File Copy: C:\rowan\mig\FRONTMAP\MAP5_25.bmp
File Copy: C:\rowan\mig\FRONTMAP\MAP5_26.bmp
File Copy: C:\rowan\mig\FRONTMAP\MAP5_3.bmp
File Copy: C:\rowan\mig\FRONTMAP\MAP5_4.bmp
File Copy: C:\rowan\mig\FRONTMAP\MAP5_5.bmp
File Copy: C:\rowan\mig\FRONTMAP\MAP5_6.bmp
File Copy: C:\rowan\mig\FRONTMAP\MAP5_7.bmp
File Copy: C:\rowan\mig\FRONTMAP\MAP5_8.bmp
File Copy: C:\rowan\mig\FRONTMAP\MAP5_9.bmp
File Copy: C:\rowan\mig\FRONTMAP\MAP6_10.bmp
File Copy: C:\rowan\mig\FRONTMAP\MAP6_11.bmp
File Copy: C:\rowan\mig\FRONTMAP\MAP6_12.bmp
File Copy: C:\rowan\mig\FRONTMAP\MAP6_13.bmp
File Copy: C:\rowan\mig\FRONTMAP\MAP6_14.bmp
File Copy: C:\rowan\mig\FRONTMAP\MAP6_15.bmp
File Copy: C:\rowan\mig\FRONTMAP\MAP6_16.bmp
File Copy: C:\rowan\mig\FRONTMAP\MAP6_17.bmp
File Copy: C:\rowan\mig\FRONTMAP\MAP6_18.bmp
File Copy: C:\rowan\mig\FRONTMAP\MAP6_19.bmp
File Copy: C:\rowan\mig\FRONTMAP\MAP6_20.bmp
File Copy: C:\rowan\mig\FRONTMAP\MAP6_21.bmp
File Copy: C:\rowan\mig\FRONTMAP\MAP6_22.bmp
File Copy: C:\rowan\mig\FRONTMAP\MAP6_23.bmp
File Copy: C:\rowan\mig\FRONTMAP\MAP6_24.bmp
File Copy: C:\rowan\mig\FRONTMAP\MAP6_25.bmp
File Copy: C:\rowan\mig\FRONTMAP\MAP6_26.bmp
File Copy: C:\rowan\mig\FRONTMAP\MAP6_3.bmp
File Copy: C:\rowan\mig\FRONTMAP\MAP6_5.bmp
File Copy: C:\rowan\mig\FRONTMAP\MAP6_6.bmp
File Copy: C:\rowan\mig\FRONTMAP\MAP6_7.bmp
File Copy: C:\rowan\mig\FRONTMAP\MAP6_8.bmp
File Copy: C:\rowan\mig\FRONTMAP\MAP6_9.bmp
File Copy: C:\rowan\mig\FRONTMAP\MAP7_10.bmp
File Copy: C:\rowan\mig\FRONTMAP\MAP7_11.bmp
File Copy: C:\rowan\mig\FRONTMAP\MAP7_12.bmp
File Copy: C:\rowan\mig\FRONTMAP\MAP7_13.bmp
File Copy: C:\rowan\mig\FRONTMAP\MAP7_14.bmp
File Copy: C:\rowan\mig\FRONTMAP\MAP7_15.bmp
File Copy: C:\rowan\mig\FRONTMAP\MAP7_16.bmp
File Copy: C:\rowan\mig\FRONTMAP\MAP7_17.bmp
File Copy: C:\rowan\mig\FRONTMAP\MAP7_18.bmp
File Copy: C:\rowan\mig\FRONTMAP\MAP7_19.bmp
File Copy: C:\rowan\mig\FRONTMAP\MAP7_20.bmp
File Copy: C:\rowan\mig\FRONTMAP\MAP7_21.bmp
File Copy: C:\rowan\mig\FRONTMAP\MAP7_22.bmp
File Copy: C:\rowan\mig\FRONTMAP\MAP7_23.bmp
File Copy: C:\rowan\mig\FRONTMAP\MAP7_24.bmp
File Copy: C:\rowan\mig\FRONTMAP\MAP7_25.bmp
File Copy: C:\rowan\mig\FRONTMAP\MAP7_26.bmp
File Copy: C:\rowan\mig\FRONTMAP\MAP7_3.bmp
File Copy: C:\rowan\mig\FRONTMAP\MAP7_4.bmp
File Copy: C:\rowan\mig\FRONTMAP\MAP7_5.bmp
File Copy: C:\rowan\mig\FRONTMAP\MAP7_6.bmp
File Copy: C:\rowan\mig\FRONTMAP\MAP7_7.bmp
File Copy: C:\rowan\mig\FRONTMAP\MAP7_8.bmp
File Copy: C:\rowan\mig\FRONTMAP\MAP7_9.bmp
File Copy: C:\rowan\mig\FRONTMAP\MAP8_10.bmp
File Copy: C:\rowan\mig\FRONTMAP\MAP8_11.bmp
File Copy: C:\rowan\mig\FRONTMAP\MAP8_12.bmp
File Copy: C:\rowan\mig\FRONTMAP\MAP8_13.bmp
File Copy: C:\rowan\mig\FRONTMAP\MAP8_14.bmp
File Copy: C:\rowan\mig\FRONTMAP\MAP8_15.bmp
File Copy: C:\rowan\mig\FRONTMAP\MAP8_16.bmp
File Copy: C:\rowan\mig\FRONTMAP\MAP8_17.bmp
File Copy: C:\rowan\mig\FRONTMAP\MAP8_18.bmp
File Copy: C:\rowan\mig\FRONTMAP\MAP8_19.bmp
File Copy: C:\rowan\mig\FRONTMAP\MAP8_20.bmp
File Copy: C:\rowan\mig\FRONTMAP\MAP8_21.bmp
File Copy: C:\rowan\mig\FRONTMAP\MAP8_22.bmp
File Copy: C:\rowan\mig\FRONTMAP\MAP8_23.bmp
File Copy: C:\rowan\mig\FRONTMAP\MAP8_24.bmp
File Copy: C:\rowan\mig\FRONTMAP\MAP8_25.bmp
File Copy: C:\rowan\mig\FRONTMAP\MAP8_26.bmp
File Copy: C:\rowan\mig\FRONTMAP\MAP8_5.bmp
File Copy: C:\rowan\mig\FRONTMAP\MAP8_6.bmp
File Copy: C:\rowan\mig\FRONTMAP\MAP8_7.bmp
File Copy: C:\rowan\mig\FRONTMAP\MAP8_8.bmp
File Copy: C:\rowan\mig\FRONTMAP\MAP8_9.bmp
File Copy: C:\rowan\mig\FRONTMAP\MAP9_10.bmp
File Copy: C:\rowan\mig\FRONTMAP\MAP9_11.bmp
File Copy: C:\rowan\mig\FRONTMAP\MAP9_12.bmp
File Copy: C:\rowan\mig\FRONTMAP\MAP9_13.bmp
File Copy: C:\rowan\mig\FRONTMAP\MAP9_14.bmp
File Copy: C:\rowan\mig\FRONTMAP\MAP9_15.bmp
File Copy: C:\rowan\mig\FRONTMAP\MAP9_16.bmp
File Copy: C:\rowan\mig\FRONTMAP\MAP9_17.bmp
File Copy: C:\rowan\mig\FRONTMAP\MAP9_18.bmp
File Copy: C:\rowan\mig\FRONTMAP\MAP9_21.bmp
File Copy: C:\rowan\mig\FRONTMAP\MAP9_22.bmp
File Copy: C:\rowan\mig\FRONTMAP\MAP9_23.bmp
File Copy: C:\rowan\mig\FRONTMAP\MAP9_24.bmp
File Copy: C:\rowan\mig\FRONTMAP\MAP9_25.bmp
File Copy: C:\rowan\mig\FRONTMAP\MAP9_26.bmp
File Copy: C:\rowan\mig\FRONTMAP\MAP9_5.bmp
File Copy: C:\rowan\mig\FRONTMAP\MAP9_6.bmp
File Copy: C:\rowan\mig\FRONTMAP\MAP9_7.bmp
File Copy: C:\rowan\mig\FRONTMAP\MAP9_8.bmp
File Copy: C:\rowan\mig\FRONTMAP\MAP9_9.bmp
File Copy: C:\rowan\mig\FRONTMAP\map-1_14.bmp
File Copy: C:\rowan\mig\FRONTMAP\map-1_15.bmp
File Copy: C:\rowan\mig\FRONTMAP\map-2_12.bmp
File Copy: C:\rowan\mig\FRONTMAP\map-2_13.bmp
File Copy: C:\rowan\mig\FRONTMAP\map-2_14.bmp
File Copy: C:\rowan\mig\FRONTMAP\map-3_0.bmp
File Copy: C:\rowan\mig\FRONTMAP\map-3_1.bmp
File Copy: C:\rowan\mig\FRONTMAP\map-3_10.bmp
File Copy: C:\rowan\mig\FRONTMAP\map-3_11.bmp
File Copy: C:\rowan\mig\FRONTMAP\map-3_12.bmp
File Copy: C:\rowan\mig\FRONTMAP\map-3_13.bmp
File Copy: C:\rowan\mig\FRONTMAP\map-3_14.bmp
File Copy: C:\rowan\mig\FRONTMAP\map-3_15.bmp
File Copy: C:\rowan\mig\FRONTMAP\map-3_16.bmp
File Copy: C:\rowan\mig\FRONTMAP\map-3_17.bmp
File Copy: C:\rowan\mig\FRONTMAP\map-3_18.bmp
File Copy: C:\rowan\mig\FRONTMAP\map-3_19.bmp
File Copy: C:\rowan\mig\FRONTMAP\map-3_2.bmp
File Copy: C:\rowan\mig\FRONTMAP\map-3_21.bmp
File Copy: C:\rowan\mig\FRONTMAP\map-3_22.bmp
File Copy: C:\rowan\mig\FRONTMAP\map-3_23.bmp
File Copy: C:\rowan\mig\FRONTMAP\map-3_24.bmp
File Copy: C:\rowan\mig\FRONTMAP\map-3_25.bmp
File Copy: C:\rowan\mig\FRONTMAP\map-3_26.bmp
File Copy: C:\rowan\mig\FRONTMAP\map-3_27.bmp
File Copy: C:\rowan\mig\FRONTMAP\map-3_28.bmp
File Copy: C:\rowan\mig\FRONTMAP\map-3_29.bmp
File Copy: C:\rowan\mig\FRONTMAP\map-3_3.bmp
File Copy: C:\rowan\mig\FRONTMAP\map-3_30.bmp
File Copy: C:\rowan\mig\FRONTMAP\map-3_31.bmp
File Copy: C:\rowan\mig\FRONTMAP\map-3_4.bmp
File Copy: C:\rowan\mig\FRONTMAP\map-3_5.bmp
File Copy: C:\rowan\mig\FRONTMAP\map-3_6.bmp
File Copy: C:\rowan\mig\FRONTMAP\map-3_7.bmp
File Copy: C:\rowan\mig\FRONTMAP\map-3_8.bmp
File Copy: C:\rowan\mig\FRONTMAP\map-3_9.bmp
File Copy: C:\rowan\mig\FRONTMAP\map-4_0.bmp
File Copy: C:\rowan\mig\FRONTMAP\map-4_1.bmp
File Copy: C:\rowan\mig\FRONTMAP\map-4_10.bmp
File Copy: C:\rowan\mig\FRONTMAP\map-4_11.bmp
File Copy: C:\rowan\mig\FRONTMAP\map-4_12.bmp
File Copy: C:\rowan\mig\FRONTMAP\map-4_13.bmp
File Copy: C:\rowan\mig\FRONTMAP\map-4_14.bmp
File Copy: C:\rowan\mig\FRONTMAP\map-4_15.bmp
File Copy: C:\rowan\mig\FRONTMAP\map-4_16.bmp
File Copy: C:\rowan\mig\FRONTMAP\map-4_17.bmp
File Copy: C:\rowan\mig\FRONTMAP\map-4_18.bmp
File Copy: C:\rowan\mig\FRONTMAP\map-4_19.bmp
File Copy: C:\rowan\mig\FRONTMAP\map-4_2.bmp
File Copy: C:\rowan\mig\FRONTMAP\map-4_20.bmp
File Copy: C:\rowan\mig\FRONTMAP\map-4_21.bmp
File Copy: C:\rowan\mig\FRONTMAP\map-4_22.bmp
File Copy: C:\rowan\mig\FRONTMAP\map-4_23.bmp
File Copy: C:\rowan\mig\FRONTMAP\map-4_24.bmp
File Copy: C:\rowan\mig\FRONTMAP\map-4_25.bmp
File Copy: C:\rowan\mig\FRONTMAP\map-4_26.bmp
File Copy: C:\rowan\mig\FRONTMAP\map-4_27.bmp
File Copy: C:\rowan\mig\FRONTMAP\map-4_28.bmp
File Copy: C:\rowan\mig\FRONTMAP\map-4_29.bmp
File Copy: C:\rowan\mig\FRONTMAP\map-4_3.bmp
File Copy: C:\rowan\mig\FRONTMAP\map-4_30.bmp
File Copy: C:\rowan\mig\FRONTMAP\map-4_31.bmp
File Copy: C:\rowan\mig\FRONTMAP\map-4_4.bmp
File Copy: C:\rowan\mig\FRONTMAP\map-4_5.bmp
File Copy: C:\rowan\mig\FRONTMAP\map-4_6.bmp
File Copy: C:\rowan\mig\FRONTMAP\map-4_7.bmp
File Copy: C:\rowan\mig\FRONTMAP\map-4_8.bmp
File Copy: C:\rowan\mig\FRONTMAP\map-4_9.bmp
File Copy: C:\rowan\mig\FRONTMAP\map10_20.bmp
File Copy: C:\rowan\mig\FRONTMAP\map11_18.bmp
File Copy: C:\rowan\mig\FRONTMAP\map13_22.bmp
File Copy: C:\rowan\mig\FRONTMAP\map15_0.bmp
File Copy: C:\rowan\mig\FRONTMAP\map15_1.bmp
File Copy: C:\rowan\mig\FRONTMAP\map15_10.bmp
File Copy: C:\rowan\mig\FRONTMAP\map15_11.bmp
File Copy: C:\rowan\mig\FRONTMAP\map15_12.bmp
File Copy: C:\rowan\mig\FRONTMAP\map15_13.bmp
File Copy: C:\rowan\mig\FRONTMAP\map15_14.bmp
File Copy: C:\rowan\mig\FRONTMAP\map15_15.bmp
File Copy: C:\rowan\mig\FRONTMAP\map15_2.bmp
File Copy: C:\rowan\mig\FRONTMAP\map15_24.bmp
File Copy: C:\rowan\mig\FRONTMAP\map15_25.bmp
File Copy: C:\rowan\mig\FRONTMAP\map15_26.bmp
File Copy: C:\rowan\mig\FRONTMAP\map15_27.bmp
File Copy: C:\rowan\mig\FRONTMAP\map15_3.bmp
File Copy: C:\rowan\mig\FRONTMAP\map15_30.bmp
File Copy: C:\rowan\mig\FRONTMAP\map15_4.bmp
File Copy: C:\rowan\mig\FRONTMAP\map15_5.bmp
File Copy: C:\rowan\mig\FRONTMAP\map15_6.bmp
File Copy: C:\rowan\mig\FRONTMAP\map15_7.bmp
File Copy: C:\rowan\mig\FRONTMAP\map15_8.bmp
File Copy: C:\rowan\mig\FRONTMAP\map15_9.bmp
File Copy: C:\rowan\mig\FRONTMAP\map3_5.bmp
File Copy: C:\rowan\mig\FRONTMAP\map3_6.bmp
File Copy: C:\rowan\mig\FRONTMAP\map3_7.bmp
File Copy: C:\rowan\mig\FRONTMAP\map6_4.bmp
File Copy: C:\rowan\mig\FRONTMAP\map9_20.bmp
Made Dir: C:\rowan\mig\landscap
File Copy: C:\rowan\mig\landscap\DIR.DIR
File Copy: C:\rowan\mig\landscap\dirtable.bin
File Copy: C:\rowan\mig\landscap\EAST.DAT
File Copy: C:\rowan\mig\landscap\north.ind
File Copy: C:\rowan\mig\landscap\NORTH.DAT
File Copy: C:\rowan\mig\landscap\east.ind
File Copy: C:\rowan\mig\Mig.exe
File Copy: C:\rowan\mig\Controls.cnt
File Copy: C:\rowan\mig\Controls.hlp
File Copy: C:\rowan\mig\Controls.exe
File Copy: C:\rowan\mig\Buttons.bmp
File Copy: C:\rowan\mig\tt2.exe
File Copy: C:\rowan\mig\Dos4GW.exe
File Copy: C:\windows\Fonts\Intel.ttf
Made Dir: C:\rowan\mig\Artwork
File Copy: C:\rowan\mig\Artwork\NOSEAR2.BMP
File Copy: C:\rowan\mig\Artwork\NOSEART.BMP
File Copy: C:\rowan\mig\Artwork\water1
Made Dir: C:\rowan\mig\Artwork\AXART
File Copy: C:\rowan\mig\Artwork\AXART\DIR.DIR
File Copy: C:\rowan\mig\Artwork\AXART\arrow.bmp
File Copy: C:\rowan\mig\Artwork\AXART\b_ac1.bmp
File Copy: C:\rowan\mig\Artwork\AXART\b_ac2.bmp
File Copy: C:\rowan\mig\Artwork\AXART\b_ac3.bmp
File Copy: C:\rowan\mig\Artwork\AXART\b_af1.bmp
File Copy: C:\rowan\mig\Artwork\AXART\b_af2.bmp
File Copy: C:\rowan\mig\Artwork\AXART\b_af3.bmp
File Copy: C:\rowan\mig\Artwork\AXART\b_all1.bmp
File Copy: C:\rowan\mig\Artwork\AXART\b_all2.bmp
File Copy: C:\rowan\mig\Artwork\AXART\b_all3.bmp
File Copy: C:\rowan\mig\Artwork\AXART\b_artie1.bmp
File Copy: C:\rowan\mig\Artwork\AXART\b_artie2.bmp
File Copy: C:\rowan\mig\Artwork\AXART\b_artie3.bmp
File Copy: C:\rowan\mig\Artwork\AXART\b_bridg1.bmp
File Copy: C:\rowan\mig\Artwork\AXART\b_bridg2.bmp
File Copy: C:\rowan\mig\Artwork\AXART\b_bridg3.bmp
File Copy: C:\rowan\mig\Artwork\AXART\b_civil1.bmp
File Copy: C:\rowan\mig\Artwork\AXART\b_civil2.bmp
File Copy: C:\rowan\mig\Artwork\AXART\b_civil3.bmp
File Copy: C:\rowan\mig\Artwork\AXART\b_myrd1.bmp
File Copy: C:\rowan\mig\Artwork\AXART\b_myrd2.bmp
File Copy: C:\rowan\mig\Artwork\AXART\b_myrd3.bmp
File Copy: C:\rowan\mig\Artwork\AXART\b_rail1.bmp
File Copy: C:\rowan\mig\Artwork\AXART\b_rail2.bmp
File Copy: C:\rowan\mig\Artwork\AXART\b_rail3.bmp
File Copy: C:\rowan\mig\Artwork\AXART\b_road1.bmp
File Copy: C:\rowan\mig\Artwork\AXART\b_road2.bmp
File Copy: C:\rowan\mig\Artwork\AXART\b_road3.bmp
File Copy: C:\rowan\mig\Artwork\AXART\b_suply1.bmp
File Copy: C:\rowan\mig\Artwork\AXART\b_suply2.bmp
File Copy: C:\rowan\mig\Artwork\AXART\b_suply3.bmp
File Copy: C:\rowan\mig\Artwork\AXART\b_tank1.bmp
File Copy: C:\rowan\mig\Artwork\AXART\b_tank2.bmp
File Copy: C:\rowan\mig\Artwork\AXART\b_tank3.bmp
File Copy: C:\rowan\mig\Artwork\AXART\b_train1.bmp
File Copy: C:\rowan\mig\Artwork\AXART\b_train2.bmp
File Copy: C:\rowan\mig\Artwork\AXART\b_train3.bmp
File Copy: C:\rowan\mig\Artwork\AXART\b_troop1.bmp
File Copy: C:\rowan\mig\Artwork\AXART\b_troop2.bmp
File Copy: C:\rowan\mig\Artwork\AXART\b_troop3.bmp
File Copy: C:\rowan\mig\Artwork\AXART\b_truck1.bmp
File Copy: C:\rowan\mig\Artwork\AXART\b_truck2.bmp
File Copy: C:\rowan\mig\Artwork\AXART\b_truck3.bmp
File Copy: C:\rowan\mig\Artwork\AXART\blue1.bmp
File Copy: C:\rowan\mig\Artwork\AXART\blue2.bmp
File Copy: C:\rowan\mig\Artwork\AXART\button1.bmp
File Copy: C:\rowan\mig\Artwork\AXART\button2.bmp
File Copy: C:\rowan\mig\Artwork\AXART\bye.bmp
File Copy: C:\rowan\mig\Artwork\AXART\bye2.bmp
File Copy: C:\rowan\mig\Artwork\AXART\ccombo.bmp
File Copy: C:\rowan\mig\Artwork\AXART\combo.bmp
File Copy: C:\rowan\mig\Artwork\AXART\dbutt1.bmp
File Copy: C:\rowan\mig\Artwork\AXART\dbutt2.bmp
File Copy: C:\rowan\mig\Artwork\AXART\elemen1d.bmp
File Copy: C:\rowan\mig\Artwork\AXART\elemen2d.bmp
File Copy: C:\rowan\mig\Artwork\AXART\element1.bmp
File Copy: C:\rowan\mig\Artwork\AXART\element2.bmp
File Copy: C:\rowan\mig\Artwork\AXART\f51_0_3.bmp
File Copy: C:\rowan\mig\Artwork\AXART\f51_1_2.bmp
File Copy: C:\rowan\mig\Artwork\AXART\f51_2_1.bmp
File Copy: C:\rowan\mig\Artwork\AXART\f51_3_0.bmp
File Copy: C:\rowan\mig\Artwork\AXART\f86_0_3.bmp
File Copy: C:\rowan\mig\Artwork\AXART\f86_1_2.bmp
File Copy: C:\rowan\mig\Artwork\AXART\f86_2_1.bmp
File Copy: C:\rowan\mig\Artwork\AXART\f86_3_0.bmp
File Copy: C:\rowan\mig\Artwork\AXART\flight1.bmp
File Copy: C:\rowan\mig\Artwork\AXART\flight1d.bmp
File Copy: C:\rowan\mig\Artwork\AXART\flight2.bmp
File Copy: C:\rowan\mig\Artwork\AXART\flight2d.bmp
File Copy: C:\rowan\mig\Artwork\AXART\flight3.bmp
File Copy: C:\rowan\mig\Artwork\AXART\flight3d.bmp
File Copy: C:\rowan\mig\Artwork\AXART\flight4.bmp
File Copy: C:\rowan\mig\Artwork\AXART\flight4d.bmp
File Copy: C:\rowan\mig\Artwork\AXART\flight5.bmp
File Copy: C:\rowan\mig\Artwork\AXART\flight5d.bmp
File Copy: C:\rowan\mig\Artwork\AXART\flight6.bmp
File Copy: C:\rowan\mig\Artwork\AXART\flight6d.bmp
File Copy: C:\rowan\mig\Artwork\AXART\front.bmp
File Copy: C:\rowan\mig\Artwork\AXART\front2.bmp
File Copy: C:\rowan\mig\Artwork\AXART\front3.bmp
File Copy: C:\rowan\mig\Artwork\AXART\green1.bmp
File Copy: C:\rowan\mig\Artwork\AXART\green2.bmp
File Copy: C:\rowan\mig\Artwork\AXART\grip.bmp
File Copy: C:\rowan\mig\Artwork\AXART\hilite.bmp
File Copy: C:\rowan\mig\Artwork\AXART\i_bases.bmp
File Copy: C:\rowan\mig\Artwork\AXART\i_bases2.bmp
File Copy: C:\rowan\mig\Artwork\AXART\i_close.bmp
File Copy: C:\rowan\mig\Artwork\AXART\i_close2.bmp
File Copy: C:\rowan\mig\Artwork\AXART\i_cloud2.bmp
File Copy: C:\rowan\mig\Artwork\AXART\i_clouds.bmp
File Copy: C:\rowan\mig\Artwork\AXART\i_comms1.bmp
File Copy: C:\rowan\mig\Artwork\AXART\i_comms2.bmp
File Copy: C:\rowan\mig\Artwork\AXART\i_direc2.bmp
File Copy: C:\rowan\mig\Artwork\AXART\i_direct.bmp
File Copy: C:\rowan\mig\Artwork\AXART\i_dis.bmp
File Copy: C:\rowan\mig\Artwork\AXART\i_dis2.bmp
File Copy: C:\rowan\mig\Artwork\AXART\i_files1.bmp
File Copy: C:\rowan\mig\Artwork\AXART\i_files2.bmp
File Copy: C:\rowan\mig\Artwork\AXART\i_frag1.bmp
File Copy: C:\rowan\mig\Artwork\AXART\i_frag2.bmp
File Copy: C:\rowan\mig\Artwork\AXART\i_fulls2.bmp
File Copy: C:\rowan\mig\Artwork\AXART\i_fullsc.bmp
File Copy: C:\rowan\mig\Artwork\AXART\i_gap.bmp
File Copy: C:\rowan\mig\Artwork\AXART\i_intel2.bmp
File Copy: C:\rowan\mig\Artwork\AXART\i_intell.bmp
File Copy: C:\rowan\mig\Artwork\AXART\i_misn.bmp
File Copy: C:\rowan\mig\Artwork\AXART\i_misn2.bmp
File Copy: C:\rowan\mig\Artwork\AXART\i_move1.bmp
File Copy: C:\rowan\mig\Artwork\AXART\i_move2.bmp
File Copy: C:\rowan\mig\Artwork\AXART\i_overv2.bmp
File Copy: C:\rowan\mig\Artwork\AXART\i_overvw.bmp
File Copy: C:\rowan\mig\Artwork\AXART\i_playe2.bmp
File Copy: C:\rowan\mig\Artwork\AXART\i_player.bmp
File Copy: C:\rowan\mig\Artwork\AXART\i_ready1.bmp
File Copy: C:\rowan\mig\Artwork\AXART\i_ready2.bmp
File Copy: C:\rowan\mig\Artwork\AXART\i_reply1.bmp
File Copy: C:\rowan\mig\Artwork\AXART\i_reply2.bmp
File Copy: C:\rowan\mig\Artwork\AXART\i_resul2.bmp
File Copy: C:\rowan\mig\Artwork\AXART\i_result.bmp
File Copy: C:\rowan\mig\Artwork\AXART\i_scree2.bmp
File Copy: C:\rowan\mig\Artwork\AXART\i_screen.bmp
File Copy: C:\rowan\mig\Artwork\AXART\i_squad2.bmp
File Copy: C:\rowan\mig\Artwork\AXART\i_squads.bmp
File Copy: C:\rowan\mig\Artwork\AXART\i_thumb1.bmp
File Copy: C:\rowan\mig\Artwork\AXART\i_thumb2.bmp
File Copy: C:\rowan\mig\Artwork\AXART\i_toolb.bmp
File Copy: C:\rowan\mig\Artwork\AXART\i_toolb2.bmp
File Copy: C:\rowan\mig\Artwork\AXART\i_zm_in1.bmp
File Copy: C:\rowan\mig\Artwork\AXART\i_zm_in2.bmp
File Copy: C:\rowan\mig\Artwork\AXART\i_zm_ot1.bmp
File Copy: C:\rowan\mig\Artwork\AXART\i_zm_ot2.bmp
File Copy: C:\rowan\mig\Artwork\AXART\large1.bmp
File Copy: C:\rowan\mig\Artwork\AXART\large2.bmp
File Copy: C:\rowan\mig\Artwork\AXART\large3.bmp
File Copy: C:\rowan\mig\Artwork\AXART\large4.bmp
File Copy: C:\rowan\mig\Artwork\AXART\mainwp.bmp
File Copy: C:\rowan\mig\Artwork\AXART\mainwp2.bmp
File Copy: C:\rowan\mig\Artwork\AXART\mainwp3.bmp
File Copy: C:\rowan\mig\Artwork\AXART\mainwp4.bmp
File Copy: C:\rowan\mig\Artwork\AXART\mainwp5.bmp
File Copy: C:\rowan\mig\Artwork\AXART\n_wpnav1.bmp
File Copy: C:\rowan\mig\Artwork\AXART\n_wpnav2.bmp
File Copy: C:\rowan\mig\Artwork\AXART\n_wptgt1.bmp
File Copy: C:\rowan\mig\Artwork\AXART\n_wptgt2.bmp
File Copy: C:\rowan\mig\Artwork\AXART\piltbut1.bmp
File Copy: C:\rowan\mig\Artwork\AXART\piltbut2.bmp
File Copy: C:\rowan\mig\Artwork\AXART\piltbut3.bmp
File Copy: C:\rowan\mig\Artwork\AXART\pspbrwse.jbf
File Copy: C:\rowan\mig\Artwork\AXART\puckbot.bmp
File Copy: C:\rowan\mig\Artwork\AXART\puckhorz.bmp
File Copy: C:\rowan\mig\Artwork\AXART\puckleft.bmp
File Copy: C:\rowan\mig\Artwork\AXART\puckrght.bmp
File Copy: C:\rowan\mig\Artwork\AXART\pucktop.bmp
File Copy: C:\rowan\mig\Artwork\AXART\puckvert.bmp
File Copy: C:\rowan\mig\Artwork\AXART\r_ac1.bmp
File Copy: C:\rowan\mig\Artwork\AXART\r_ac2.bmp
File Copy: C:\rowan\mig\Artwork\AXART\r_ac3.bmp
File Copy: C:\rowan\mig\Artwork\AXART\r_af1.bmp
File Copy: C:\rowan\mig\Artwork\AXART\r_af2.bmp
File Copy: C:\rowan\mig\Artwork\AXART\r_af3.bmp
File Copy: C:\rowan\mig\Artwork\AXART\r_all1.bmp
File Copy: C:\rowan\mig\Artwork\AXART\r_all2.bmp
File Copy: C:\rowan\mig\Artwork\AXART\r_all3.bmp
File Copy: C:\rowan\mig\Artwork\AXART\r_artie1.bmp
File Copy: C:\rowan\mig\Artwork\AXART\r_artie2.bmp
File Copy: C:\rowan\mig\Artwork\AXART\r_artie3.bmp
File Copy: C:\rowan\mig\Artwork\AXART\r_bridg1.bmp
File Copy: C:\rowan\mig\Artwork\AXART\r_bridg2.bmp
File Copy: C:\rowan\mig\Artwork\AXART\r_bridg3.bmp
File Copy: C:\rowan\mig\Artwork\AXART\r_civil1.bmp
File Copy: C:\rowan\mig\Artwork\AXART\r_civil2.bmp
File Copy: C:\rowan\mig\Artwork\AXART\r_civil3.bmp
File Copy: C:\rowan\mig\Artwork\AXART\r_myrd1.bmp
File Copy: C:\rowan\mig\Artwork\AXART\r_myrd2.bmp
File Copy: C:\rowan\mig\Artwork\AXART\r_myrd3.bmp
File Copy: C:\rowan\mig\Artwork\AXART\r_rail1.bmp
File Copy: C:\rowan\mig\Artwork\AXART\r_rail2.bmp
File Copy: C:\rowan\mig\Artwork\AXART\r_rail3.bmp
File Copy: C:\rowan\mig\Artwork\AXART\r_road1.bmp
File Copy: C:\rowan\mig\Artwork\AXART\r_road2.bmp
File Copy: C:\rowan\mig\Artwork\AXART\r_road3.bmp
File Copy: C:\rowan\mig\Artwork\AXART\r_suply1.bmp
File Copy: C:\rowan\mig\Artwork\AXART\r_suply2.bmp
File Copy: C:\rowan\mig\Artwork\AXART\r_suply3.bmp
File Copy: C:\rowan\mig\Artwork\AXART\r_tank1.bmp
File Copy: C:\rowan\mig\Artwork\AXART\r_tank2.bmp
File Copy: C:\rowan\mig\Artwork\AXART\r_tank3.bmp
File Copy: C:\rowan\mig\Artwork\AXART\r_train1.bmp
File Copy: C:\rowan\mig\Artwork\AXART\r_train2.bmp
File Copy: C:\rowan\mig\Artwork\AXART\r_train3.bmp
File Copy: C:\rowan\mig\Artwork\AXART\r_troop1.bmp
File Copy: C:\rowan\mig\Artwork\AXART\r_troop2.bmp
File Copy: C:\rowan\mig\Artwork\AXART\r_troop3.bmp
File Copy: C:\rowan\mig\Artwork\AXART\r_truck1.bmp
File Copy: C:\rowan\mig\Artwork\AXART\r_truck2.bmp
File Copy: C:\rowan\mig\Artwork\AXART\r_truck3.bmp
File Copy: C:\rowan\mig\Artwork\AXART\radiodn.bmp
File Copy: C:\rowan\mig\Artwork\AXART\radiodnd.bmp
File Copy: C:\rowan\mig\Artwork\AXART\radioup.bmp
File Copy: C:\rowan\mig\Artwork\AXART\radioupd.bmp
File Copy: C:\rowan\mig\Artwork\AXART\red1.bmp
File Copy: C:\rowan\mig\Artwork\AXART\red2.bmp
File Copy: C:\rowan\mig\Artwork\AXART\redq1.bmp
File Copy: C:\rowan\mig\Artwork\AXART\redq2.bmp
File Copy: C:\rowan\mig\Artwork\AXART\redtbt.bmp
File Copy: C:\rowan\mig\Artwork\AXART\routes.bmp
File Copy: C:\rowan\mig\Artwork\AXART\routes2.bmp
File Copy: C:\rowan\mig\Artwork\AXART\routes3.bmp
File Copy: C:\rowan\mig\Artwork\AXART\scrlbutd.bmp
File Copy: C:\rowan\mig\Artwork\AXART\scrlbutu.bmp
File Copy: C:\rowan\mig\Artwork\AXART\scrlhorz.bmp
File Copy: C:\rowan\mig\Artwork\AXART\scrlvert.bmp
File Copy: C:\rowan\mig\Artwork\AXART\smfront.bmp
File Copy: C:\rowan\mig\Artwork\AXART\smfront2.bmp
File Copy: C:\rowan\mig\Artwork\AXART\smfront3.bmp
File Copy: C:\rowan\mig\Artwork\AXART\spindown.bmp
File Copy: C:\rowan\mig\Artwork\AXART\spinup.bmp
File Copy: C:\rowan\mig\Artwork\AXART\subwp.bmp
File Copy: C:\rowan\mig\Artwork\AXART\subwp2.bmp
File Copy: C:\rowan\mig\Artwork\AXART\subwp3.bmp
File Copy: C:\rowan\mig\Artwork\AXART\subwp4.bmp
File Copy: C:\rowan\mig\Artwork\AXART\subwp5.bmp
File Copy: C:\rowan\mig\Artwork\AXART\tick1.bmp
File Copy: C:\rowan\mig\Artwork\AXART\tick2.bmp
File Copy: C:\rowan\mig\Artwork\AXART\tickbox1.bmp
File Copy: C:\rowan\mig\Artwork\AXART\tickbox2.bmp
File Copy: C:\rowan\mig\Artwork\AXART\tickbox3.bmp
File Copy: C:\rowan\mig\Artwork\AXART\titleb.bmp
File Copy: C:\rowan\mig\Artwork\AXART\toolside.bmp
File Copy: C:\rowan\mig\Artwork\AXART\tooltop.bmp
File Copy: C:\rowan\mig\Artwork\AXART\unhilite.bmp
File Copy: C:\rowan\mig\Artwork\AXART\yellow1.bmp
File Copy: C:\rowan\mig\Artwork\AXART\yellow2.bmp
Made Dir: C:\rowan\mig\Artwork\AXART2
File Copy: C:\rowan\mig\Artwork\AXART2\DIR.DIR
File Copy: C:\rowan\mig\Artwork\AXART2\dead1.bmp
File Copy: C:\rowan\mig\Artwork\AXART2\dead2.bmp
File Copy: C:\rowan\mig\Artwork\AXART2\dead3.bmp
File Copy: C:\rowan\mig\Artwork\AXART2\i_dirdis.bmp
File Copy: C:\rowan\mig\Artwork\AXART2\i_direc2.bmp
File Copy: C:\rowan\mig\Artwork\AXART2\i_direct.bmp
File Copy: C:\rowan\mig\Artwork\AXART2\i_ready1.bmp
File Copy: C:\rowan\mig\Artwork\AXART2\i_ready2.bmp
File Copy: C:\rowan\mig\Artwork\AXART2\i_repdis.bmp
File Copy: C:\rowan\mig\Artwork\AXART2\i_reply1.bmp
File Copy: C:\rowan\mig\Artwork\AXART2\i_reply2.bmp
File Copy: C:\rowan\mig\Artwork\AXART2\pspbrwse.jbf
Made Dir: C:\rowan\mig\Artwork\DIAL1024
File Copy: C:\rowan\mig\Artwork\DIAL1024\DIR.DIR
File Copy: C:\rowan\mig\Artwork\DIAL1024\autopilt.bmp
File Copy: C:\rowan\mig\Artwork\DIAL1024\campaign.bmp
File Copy: C:\rowan\mig\Artwork\DIAL1024\d3disply.bmp
File Copy: C:\rowan\mig\Artwork\DIAL1024\flghtcon.bmp
File Copy: C:\rowan\mig\Artwork\DIAL1024\gamsetup.bmp
File Copy: C:\rowan\mig\Artwork\DIAL1024\loadsave.bmp
File Copy: C:\rowan\mig\Artwork\DIAL1024\locker.bmp
File Copy: C:\rowan\mig\Artwork\DIAL1024\paintshp.bmp
File Copy: C:\rowan\mig\Artwork\DIAL1024\quickmis.bmp
File Copy: C:\rowan\mig\Artwork\DIAL1024\ready.bmp
File Copy: C:\rowan\mig\Artwork\DIAL1024\repscrn.bmp
File Copy: C:\rowan\mig\Artwork\DIAL1024\soundset.bmp
File Copy: C:\rowan\mig\Artwork\DIAL1024\title.bmp
File Copy: C:\rowan\mig\Artwork\DIAL1024\viewer00.bmp
Made Dir: C:\rowan\mig\Artwork\DIAL1280
File Copy: C:\rowan\mig\Artwork\DIAL1280\DIR.DIR
File Copy: C:\rowan\mig\Artwork\DIAL1280\autopilt.bmp
File Copy: C:\rowan\mig\Artwork\DIAL1280\campaign.bmp
File Copy: C:\rowan\mig\Artwork\DIAL1280\d3disply.bmp
File Copy: C:\rowan\mig\Artwork\DIAL1280\flghtcon.bmp
File Copy: C:\rowan\mig\Artwork\DIAL1280\gamsetup.bmp
File Copy: C:\rowan\mig\Artwork\DIAL1280\loadsave.bmp
File Copy: C:\rowan\mig\Artwork\DIAL1280\locker.bmp
File Copy: C:\rowan\mig\Artwork\DIAL1280\paintshp.bmp
File Copy: C:\rowan\mig\Artwork\DIAL1280\pspbrwse.jbf
File Copy: C:\rowan\mig\Artwork\DIAL1280\quickmis.bmp
File Copy: C:\rowan\mig\Artwork\DIAL1280\ready.bmp
File Copy: C:\rowan\mig\Artwork\DIAL1280\repscrn.bmp
File Copy: C:\rowan\mig\Artwork\DIAL1280\soundset.bmp
File Copy: C:\rowan\mig\Artwork\DIAL1280\title.bmp
File Copy: C:\rowan\mig\Artwork\DIAL1280\viewer00.bmp
Made Dir: C:\rowan\mig\Artwork\DIAL640
File Copy: C:\rowan\mig\Artwork\DIAL640\DIR.DIR
Made Dir: C:\rowan\mig\Artwork\DIAL800
File Copy: C:\rowan\mig\Artwork\DIAL800\DIR.DIR
File Copy: C:\rowan\mig\Artwork\DIAL800\autopilt.bmp
File Copy: C:\rowan\mig\Artwork\DIAL800\campaign.bmp
File Copy: C:\rowan\mig\Artwork\DIAL800\d3disply.bmp
File Copy: C:\rowan\mig\Artwork\DIAL800\flghtcon.bmp
File Copy: C:\rowan\mig\Artwork\DIAL800\gamsetup.bmp
File Copy: C:\rowan\mig\Artwork\DIAL800\loadsave.bmp
File Copy: C:\rowan\mig\Artwork\DIAL800\locker.bmp
File Copy: C:\rowan\mig\Artwork\DIAL800\paintshp.bmp
File Copy: C:\rowan\mig\Artwork\DIAL800\quickmis.bmp
File Copy: C:\rowan\mig\Artwork\DIAL800\ready.bmp
File Copy: C:\rowan\mig\Artwork\DIAL800\repscrn.bmp
File Copy: C:\rowan\mig\Artwork\DIAL800\soundset.bmp
File Copy: C:\rowan\mig\Artwork\DIAL800\title.bmp
File Copy: C:\rowan\mig\Artwork\DIAL800\viewer00.bmp
Made Dir: C:\rowan\mig\Artwork\NOSESTD
File Copy: C:\rowan\mig\Artwork\NOSESTD\DIR.DIR
File Copy: C:\rowan\mig\Artwork\NOSESTD\nose1.bmp
File Copy: C:\rowan\mig\Artwork\NOSESTD\nose10.bmp
File Copy: C:\rowan\mig\Artwork\NOSESTD\nose11.bmp
File Copy: C:\rowan\mig\Artwork\NOSESTD\nose12.bmp
File Copy: C:\rowan\mig\Artwork\NOSESTD\nose13.bmp
File Copy: C:\rowan\mig\Artwork\NOSESTD\nose14.bmp
File Copy: C:\rowan\mig\Artwork\NOSESTD\nose15.bmp
File Copy: C:\rowan\mig\Artwork\NOSESTD\nose16.bmp
File Copy: C:\rowan\mig\Artwork\NOSESTD\nose2.bmp
File Copy: C:\rowan\mig\Artwork\NOSESTD\nose3.bmp
File Copy: C:\rowan\mig\Artwork\NOSESTD\nose4.bmp
File Copy: C:\rowan\mig\Artwork\NOSESTD\nose5.bmp
File Copy: C:\rowan\mig\Artwork\NOSESTD\nose6.bmp
File Copy: C:\rowan\mig\Artwork\NOSESTD\nose7.bmp
File Copy: C:\rowan\mig\Artwork\NOSESTD\nose8.bmp
File Copy: C:\rowan\mig\Artwork\NOSESTD\nose9.bmp
Made Dir: C:\rowan\mig\Artwork\NOSEUSER
File Copy: C:\rowan\mig\Artwork\NOSEUSER\DIR.DIR
File Copy: C:\rowan\mig\Artwork\NOSEUSER\nose.pcx
File Copy: C:\rowan\mig\Artwork\NOSEUSER\nose1.bmp
File Copy: C:\rowan\mig\Artwork\NOSEUSER\nose10.bmp
File Copy: C:\rowan\mig\Artwork\NOSEUSER\nose11.bmp
File Copy: C:\rowan\mig\Artwork\NOSEUSER\nose12.bmp
File Copy: C:\rowan\mig\Artwork\NOSEUSER\nose13.bmp
File Copy: C:\rowan\mig\Artwork\NOSEUSER\nose14.bmp
File Copy: C:\rowan\mig\Artwork\NOSEUSER\nose15.bmp
File Copy: C:\rowan\mig\Artwork\NOSEUSER\nose16.bmp
File Copy: C:\rowan\mig\Artwork\NOSEUSER\nose2.bmp
File Copy: C:\rowan\mig\Artwork\NOSEUSER\nose3.bmp
File Copy: C:\rowan\mig\Artwork\NOSEUSER\nose4.bmp
File Copy: C:\rowan\mig\Artwork\NOSEUSER\nose5.bmp
File Copy: C:\rowan\mig\Artwork\NOSEUSER\nose6.bmp
File Copy: C:\rowan\mig\Artwork\NOSEUSER\nose7.bmp
File Copy: C:\rowan\mig\Artwork\NOSEUSER\nose8.bmp
File Copy: C:\rowan\mig\Artwork\NOSEUSER\nose9.bmp
Made Dir: C:\rowan\mig\Artwork\SCRN640
File Copy: C:\rowan\mig\Artwork\SCRN640\DIR.DIR
Made Dir: C:\rowan\mig\Artwork\WATER2
File Copy: C:\rowan\mig\Artwork\WATER2\DIR.DIR
File Copy: C:\rowan\mig\Artwork\WATER2\aaa.bmp
File Copy: C:\rowan\mig\Artwork\WATER2\aimpoint.bmp
File Copy: C:\rowan\mig\Artwork\WATER2\airfield.bmp
File Copy: C:\rowan\mig\Artwork\WATER2\army.bmp
File Copy: C:\rowan\mig\Artwork\WATER2\choke.bmp
File Copy: C:\rowan\mig\Artwork\WATER2\cloud1.bmp
File Copy: C:\rowan\mig\Artwork\WATER2\cloud2.bmp
File Copy: C:\rowan\mig\Artwork\WATER2\cloud3.bmp
File Copy: C:\rowan\mig\Artwork\WATER2\cloud4.bmp
File Copy: C:\rowan\mig\Artwork\WATER2\congrats.bmp
File Copy: C:\rowan\mig\Artwork\WATER2\contr2.bmp
File Copy: C:\rowan\mig\Artwork\WATER2\directs.bmp
File Copy: C:\rowan\mig\Artwork\WATER2\dis.bmp
File Copy: C:\rowan\mig\Artwork\WATER2\f51sqdn.bmp
File Copy: C:\rowan\mig\Artwork\WATER2\f80sqdn.bmp
File Copy: C:\rowan\mig\Artwork\WATER2\f84sqdn.bmp
File Copy: C:\rowan\mig\Artwork\WATER2\f86sqdn.bmp
File Copy: C:\rowan\mig\Artwork\WATER2\library.bmp
File Copy: C:\rowan\mig\Artwork\WATER2\losses.bmp
File Copy: C:\rowan\mig\Artwork\WATER2\mig.bmp
File Copy: C:\rowan\mig\Artwork\WATER2\migcap.bmp
File Copy: C:\rowan\mig\Artwork\WATER2\misnfldr.bmp
File Copy: C:\rowan\mig\Artwork\WATER2\misnrslt.bmp
File Copy: C:\rowan\mig\Artwork\WATER2\overview.bmp
File Copy: C:\rowan\mig\Artwork\WATER2\payload.bmp
File Copy: C:\rowan\mig\Artwork\WATER2\photo.bmp
File Copy: C:\rowan\mig\Artwork\WATER2\pilots.bmp
File Copy: C:\rowan\mig\Artwork\WATER2\player.bmp
File Copy: C:\rowan\mig\Artwork\WATER2\profile.bmp
File Copy: C:\rowan\mig\Artwork\WATER2\requests.bmp
File Copy: C:\rowan\mig\Artwork\WATER2\resource.bmp
File Copy: C:\rowan\mig\Artwork\WATER2\route.bmp
File Copy: C:\rowan\mig\Artwork\WATER2\strike.bmp
File Copy: C:\rowan\mig\Artwork\WATER2\supply.bmp
File Copy: C:\rowan\mig\Artwork\WATER2\tactics.bmp
File Copy: C:\rowan\mig\Artwork\WATER2\traffic.bmp
File Copy: C:\rowan\mig\Artwork\WATER2\warn.bmp
File Copy: C:\rowan\mig\Artwork\WATER2\waypoint.bmp
Made Dir: C:\rowan\mig\Videos
File Copy: C:\rowan\mig\Videos\Dir.dir
Made Dir: C:\rowan\mig\SaveGame
File Copy: C:\rowan\mig\SaveGame\Dir.dir
Made Dir: C:\rowan\mig\Stills
File Copy: C:\rowan\mig\Stills\Dir.dir
Made Dir: C:\rowan\mig\LibCode
File Copy: C:\rowan\mig\LibCode\Dir.dir
File Copy: C:\rowan\mig\Smackw32.dll
File Copy: C:\rowan\mig\Battle.dir
File Copy: C:\rowan\mig\Common.dir
File Copy: C:\rowan\mig\Dir.dir
File Copy: C:\rowan\mig\Mss32.dll
File Copy: C:\rowan\mig\CDR16.Dll
File Copy: C:\rowan\mig\CDR32.Dll
File Copy: C:\rowan\mig\Sounds.dir
File Copy: C:\rowan\mig\Res640.dir
File Copy: C:\rowan\mig\Roots.dir
File Copy: C:\rowan\mig\User.res
File Copy: C:\rowan\mig\Nose Art.pif
Made Dir: C:\rowan\mig\H
File Copy: C:\rowan\mig\H\Dir.dir
Made Dir: C:\rowan\mig\bfields
File Copy: C:\rowan\mig\bfields\DIR.DIR
File Copy: C:\rowan\mig\bfields\mainmig.BF
File Copy: C:\rowan\mig\bfields\main3.BF
Made Dir: C:\rowan\mig\bfields\AIRFIELD
File Copy: C:\rowan\mig\bfields\AIRFIELD\AFANAK.BF
File Copy: C:\rowan\mig\bfields\AIRFIELD\AFANTUNG.BF
File Copy: C:\rowan\mig\bfields\AIRFIELD\AFCHUNCH.BF
File Copy: C:\rowan\mig\bfields\AIRFIELD\AFHWANGJ.BF
File Copy: C:\rowan\mig\bfields\AIRFIELD\AFKANGDO.BF
File Copy: C:\rowan\mig\bfields\AIRFIELD\AFKANGNU.BF
File Copy: C:\rowan\mig\bfields\AIRFIELD\AFNAMSI.BF
File Copy: C:\rowan\mig\bfields\AIRFIELD\AFOSAN.BF
File Copy: C:\rowan\mig\bfields\AIRFIELD\AFPYONGN.BF
File Copy: C:\rowan\mig\bfields\AIRFIELD\AFPYONGT.BF
File Copy: C:\rowan\mig\bfields\AIRFIELD\AFP_DOWN.BF
File Copy: C:\rowan\mig\bfields\AIRFIELD\AFP_EAST.BF
File Copy: C:\rowan\mig\bfields\AIRFIELD\AFSAAMCH.BF
File Copy: C:\rowan\mig\bfields\AIRFIELD\AFSARIWO.BF
File Copy: C:\rowan\mig\bfields\AIRFIELD\AFSINANJ.BF
File Copy: C:\rowan\mig\bfields\AIRFIELD\AFSINMAK.BF
File Copy: C:\rowan\mig\bfields\AIRFIELD\AFSINUIJ.BF
File Copy: C:\rowan\mig\bfields\AIRFIELD\AFSIN_NE.BF
File Copy: C:\rowan\mig\bfields\AIRFIELD\AFSUNAN.BF
File Copy: C:\rowan\mig\bfields\AIRFIELD\AFTAECHO.BF
File Copy: C:\rowan\mig\bfields\AIRFIELD\AFTAEGU.BF
File Copy: C:\rowan\mig\bfields\AIRFIELD\AFTAEJON.BF
File Copy: C:\rowan\mig\bfields\AIRFIELD\AFTATUNG.BF
File Copy: C:\rowan\mig\bfields\AIRFIELD\AFUIJU.BF
File Copy: C:\rowan\mig\bfields\AIRFIELD\AFYONGYU.BF
File Copy: C:\rowan\mig\bfields\AIRFIELD\BLANTUNG.BF
File Copy: C:\rowan\mig\bfields\AIRFIELD\BLKANGDO.BF
File Copy: C:\rowan\mig\bfields\AIRFIELD\BLNAMSI.BF
File Copy: C:\rowan\mig\bfields\AIRFIELD\BLPYONGN.BF
File Copy: C:\rowan\mig\bfields\AIRFIELD\BLP_DOWN.BF
File Copy: C:\rowan\mig\bfields\AIRFIELD\BLP_EAST.BF
File Copy: C:\rowan\mig\bfields\AIRFIELD\BLP_MAIN.BF
File Copy: C:\rowan\mig\bfields\AIRFIELD\BLSAAMCH.BF
File Copy: C:\rowan\mig\bfields\AIRFIELD\BLSINANJ.BF
File Copy: C:\rowan\mig\bfields\AIRFIELD\BLSINUIJ.BF
File Copy: C:\rowan\mig\bfields\AIRFIELD\BLSIN_NE.BF
File Copy: C:\rowan\mig\bfields\AIRFIELD\BLSUNAN.BF
File Copy: C:\rowan\mig\bfields\AIRFIELD\BLTAECHO.BF
File Copy: C:\rowan\mig\bfields\AIRFIELD\BLTATUNG.BF
File Copy: C:\rowan\mig\bfields\AIRFIELD\BLUIJU.BF
File Copy: C:\rowan\mig\bfields\AIRFIELD\BLYONGYU.BF
File Copy: C:\rowan\mig\bfields\AIRFIELD\DIR.DIR
File Copy: C:\rowan\mig\bfields\AIRFIELD\RDANAK.BF
File Copy: C:\rowan\mig\bfields\AIRFIELD\RDCHUNCH.BF
File Copy: C:\rowan\mig\bfields\AIRFIELD\RDHWANGJ.BF
File Copy: C:\rowan\mig\bfields\AIRFIELD\RDKANGDO.BF
File Copy: C:\rowan\mig\bfields\AIRFIELD\RDKIMPO.BF
File Copy: C:\rowan\mig\bfields\AIRFIELD\RDKUNSAN.BF
File Copy: C:\rowan\mig\bfields\AIRFIELD\RDNAMSI.BF
File Copy: C:\rowan\mig\bfields\AIRFIELD\RDPOHANG.BF
File Copy: C:\rowan\mig\bfields\AIRFIELD\RDPYONGN.BF
File Copy: C:\rowan\mig\bfields\AIRFIELD\RDP_EAST.BF
File Copy: C:\rowan\mig\bfields\AIRFIELD\RDP_MAIN.BF
File Copy: C:\rowan\mig\bfields\AIRFIELD\RDSAAMCH.BF
File Copy: C:\rowan\mig\bfields\AIRFIELD\RDSARIWO.BF
File Copy: C:\rowan\mig\bfields\AIRFIELD\RDSEOUL.BF
File Copy: C:\rowan\mig\bfields\AIRFIELD\RDSINANJ.BF
File Copy: C:\rowan\mig\bfields\AIRFIELD\RDSINMAK.BF
File Copy: C:\rowan\mig\bfields\AIRFIELD\RDSINUIJ.BF
File Copy: C:\rowan\mig\bfields\AIRFIELD\RDSIN_NE.BF
File Copy: C:\rowan\mig\bfields\AIRFIELD\RDSUNAN.BF
File Copy: C:\rowan\mig\bfields\AIRFIELD\RDSUWON.BF
File Copy: C:\rowan\mig\bfields\AIRFIELD\RDTAECHO.BF
File Copy: C:\rowan\mig\bfields\AIRFIELD\RDTAEGU.BF
File Copy: C:\rowan\mig\bfields\AIRFIELD\RDTAEGUW.BF
File Copy: C:\rowan\mig\bfields\AIRFIELD\RDTAEJON.BF
File Copy: C:\rowan\mig\bfields\AIRFIELD\RDTATUNG.BF
File Copy: C:\rowan\mig\bfields\AIRFIELD\RDUIJU.BF
File Copy: C:\rowan\mig\bfields\AIRFIELD\RDYONGYU.BF
File Copy: C:\rowan\mig\bfields\AIRFIELD\afkimpo.BF
File Copy: C:\rowan\mig\bfields\AIRFIELD\afkunsan.BF
File Copy: C:\rowan\mig\bfields\AIRFIELD\afp_main.BF
File Copy: C:\rowan\mig\bfields\AIRFIELD\afpohang.BF
File Copy: C:\rowan\mig\bfields\AIRFIELD\afseoul.BF
File Copy: C:\rowan\mig\bfields\AIRFIELD\afsuwon.BF
File Copy: C:\rowan\mig\bfields\AIRFIELD\aftaeguw.BF
File Copy: C:\rowan\mig\bfields\AIRFIELD\blanak.BF
File Copy: C:\rowan\mig\bfields\AIRFIELD\blchunch.BF
File Copy: C:\rowan\mig\bfields\AIRFIELD\blhwangj.BF
File Copy: C:\rowan\mig\bfields\AIRFIELD\blkangnu.BF
File Copy: C:\rowan\mig\bfields\AIRFIELD\blkimpo.BF
File Copy: C:\rowan\mig\bfields\AIRFIELD\blkunsan.BF
File Copy: C:\rowan\mig\bfields\AIRFIELD\blosan.BF
File Copy: C:\rowan\mig\bfields\AIRFIELD\blpohang.BF
File Copy: C:\rowan\mig\bfields\AIRFIELD\blpyongt.BF
File Copy: C:\rowan\mig\bfields\AIRFIELD\blsariwo.BF
File Copy: C:\rowan\mig\bfields\AIRFIELD\blseoul.BF
File Copy: C:\rowan\mig\bfields\AIRFIELD\blsinmak.BF
File Copy: C:\rowan\mig\bfields\AIRFIELD\blsuwon.BF
File Copy: C:\rowan\mig\bfields\AIRFIELD\bltaegu.BF
File Copy: C:\rowan\mig\bfields\AIRFIELD\bltaeguw.BF
File Copy: C:\rowan\mig\bfields\AIRFIELD\bltaejon.BF
File Copy: C:\rowan\mig\bfields\AIRFIELD\rdantung.BF
File Copy: C:\rowan\mig\bfields\AIRFIELD\rdkangnu.BF
File Copy: C:\rowan\mig\bfields\AIRFIELD\rdosan.BF
File Copy: C:\rowan\mig\bfields\AIRFIELD\rdp_down.BF
File Copy: C:\rowan\mig\bfields\AIRFIELD\rdpyongt.BF
File Copy: C:\rowan\mig\bfields\AIRFIELD\AFUIJI.BF
Made Dir: C:\rowan\mig\bfields\BATNODE
File Copy: C:\rowan\mig\bfields\BATNODE\C1_RED.bn
File Copy: C:\rowan\mig\bfields\BATNODE\C1_UN.bn
File Copy: C:\rowan\mig\bfields\BATNODE\C2_RED.bn
File Copy: C:\rowan\mig\bfields\BATNODE\C2_UN.bn
File Copy: C:\rowan\mig\bfields\BATNODE\C3_Red.bn
File Copy: C:\rowan\mig\bfields\BATNODE\C3_UN.bn
File Copy: C:\rowan\mig\bfields\BATNODE\C4_RED.bn
File Copy: C:\rowan\mig\bfields\BATNODE\C4_UN.bn
File Copy: C:\rowan\mig\bfields\BATNODE\C5_RED.bn
File Copy: C:\rowan\mig\bfields\BATNODE\C5_UN.bn
File Copy: C:\rowan\mig\bfields\BATNODE\C6_RED.bn
File Copy: C:\rowan\mig\bfields\BATNODE\C6_UN.bn
File Copy: C:\rowan\mig\bfields\BATNODE\C7_RED.bn
File Copy: C:\rowan\mig\bfields\BATNODE\C7_UN.bn
File Copy: C:\rowan\mig\bfields\BATNODE\DIR.DIR
File Copy: C:\rowan\mig\bfields\BATNODE\W1_Red.bn
File Copy: C:\rowan\mig\bfields\BATNODE\W1_UN.bn
File Copy: C:\rowan\mig\bfields\BATNODE\W2_RED.bn
File Copy: C:\rowan\mig\bfields\BATNODE\W2_UN.bn
File Copy: C:\rowan\mig\bfields\BATNODE\W3_RED.bn
File Copy: C:\rowan\mig\bfields\BATNODE\W3_UN.bn
File Copy: C:\rowan\mig\bfields\BATNODE\W4_RED.bn
File Copy: C:\rowan\mig\bfields\BATNODE\W4_UN.bn
File Copy: C:\rowan\mig\bfields\BATNODE\W5_RED.bn
File Copy: C:\rowan\mig\bfields\BATNODE\W5_UN.bn
File Copy: C:\rowan\mig\bfields\BATNODE\W6_RED.bn
File Copy: C:\rowan\mig\bfields\BATNODE\W6_UN.bn
File Copy: C:\rowan\mig\bfields\BATNODE\W7_RED.bn
File Copy: C:\rowan\mig\bfields\BATNODE\W7_UN.bn
File Copy: C:\rowan\mig\bfields\BATNODE\osan_s.bn
Made Dir: C:\rowan\mig\bfields\BATTLES
File Copy: C:\rowan\mig\bfields\BATTLES\C1_RED.BF
File Copy: C:\rowan\mig\bfields\BATTLES\C1_UN.BF
File Copy: C:\rowan\mig\bfields\BATTLES\C2_RED.BF
File Copy: C:\rowan\mig\bfields\BATTLES\C2_UN.BF
File Copy: C:\rowan\mig\bfields\BATTLES\C3_RED.BF
File Copy: C:\rowan\mig\bfields\BATTLES\C3_UN.BF
File Copy: C:\rowan\mig\bfields\BATTLES\C4_Red.BF
File Copy: C:\rowan\mig\bfields\BATTLES\C4_UN.BF
File Copy: C:\rowan\mig\bfields\BATTLES\C5_RED.BF
File Copy: C:\rowan\mig\bfields\BATTLES\C5_UN.BF
File Copy: C:\rowan\mig\bfields\BATTLES\C6_RED.BF
File Copy: C:\rowan\mig\bfields\BATTLES\C6_UN.BF
File Copy: C:\rowan\mig\bfields\BATTLES\C7_RED.BF
File Copy: C:\rowan\mig\bfields\BATTLES\C7_UN.BF
File Copy: C:\rowan\mig\bfields\BATTLES\DIR.DIR
File Copy: C:\rowan\mig\bfields\BATTLES\W1_RED.BF
File Copy: C:\rowan\mig\bfields\BATTLES\W1_UN.BF
File Copy: C:\rowan\mig\bfields\BATTLES\W2_RED.BF
File Copy: C:\rowan\mig\bfields\BATTLES\W2_UN.BF
File Copy: C:\rowan\mig\bfields\BATTLES\W3_RED.BF
File Copy: C:\rowan\mig\bfields\BATTLES\W3_UN.BF
File Copy: C:\rowan\mig\bfields\BATTLES\W4_Red.BF
File Copy: C:\rowan\mig\bfields\BATTLES\W4_UN.BF
File Copy: C:\rowan\mig\bfields\BATTLES\W5_Red.BF
File Copy: C:\rowan\mig\bfields\BATTLES\W5_UN.BF
File Copy: C:\rowan\mig\bfields\BATTLES\W6_RED.BF
File Copy: C:\rowan\mig\bfields\BATTLES\W6_UN.BF
File Copy: C:\rowan\mig\bfields\BATTLES\W7_RED.BF
File Copy: C:\rowan\mig\bfields\BATTLES\W7_UN.BF
File Copy: C:\rowan\mig\bfields\BATTLES\test.BF
Made Dir: C:\rowan\mig\bfields\CHOKES
File Copy: C:\rowan\mig\bfields\CHOKES\BRIDGE00.BF
File Copy: C:\rowan\mig\bfields\CHOKES\BRIDGE01.BF
File Copy: C:\rowan\mig\bfields\CHOKES\BRIDGE02.BF
File Copy: C:\rowan\mig\bfields\CHOKES\BRIDGE03.BF
File Copy: C:\rowan\mig\bfields\CHOKES\BRIDGE04.BF
File Copy: C:\rowan\mig\bfields\CHOKES\BRIDGE05.BF
File Copy: C:\rowan\mig\bfields\CHOKES\BRIDGE06.BF
File Copy: C:\rowan\mig\bfields\CHOKES\BRIDGE07.BF
File Copy: C:\rowan\mig\bfields\CHOKES\BRIDGE08.BF
File Copy: C:\rowan\mig\bfields\CHOKES\BRIDGE09.BF
File Copy: C:\rowan\mig\bfields\CHOKES\BRIDGE10.BF
File Copy: C:\rowan\mig\bfields\CHOKES\BRIDGE11.BF
File Copy: C:\rowan\mig\bfields\CHOKES\BRIDGE12.BF
File Copy: C:\rowan\mig\bfields\CHOKES\BRIDGE13.BF
File Copy: C:\rowan\mig\bfields\CHOKES\BRIDGE14.BF
File Copy: C:\rowan\mig\bfields\CHOKES\BRIDGE15.BF
File Copy: C:\rowan\mig\bfields\CHOKES\BRIDGE16.BF
File Copy: C:\rowan\mig\bfields\CHOKES\BRIDGE17.BF
File Copy: C:\rowan\mig\bfields\CHOKES\BRIDGE18.BF
File Copy: C:\rowan\mig\bfields\CHOKES\BRIDGE19.BF
File Copy: C:\rowan\mig\bfields\CHOKES\BRIDGE20.BF
File Copy: C:\rowan\mig\bfields\CHOKES\BRIDGE21.BF
File Copy: C:\rowan\mig\bfields\CHOKES\BRIDGE22.BF
File Copy: C:\rowan\mig\bfields\CHOKES\BRIDGE23.BF
File Copy: C:\rowan\mig\bfields\CHOKES\BRIDGE24.BF
File Copy: C:\rowan\mig\bfields\CHOKES\BRIDGE25.BF
File Copy: C:\rowan\mig\bfields\CHOKES\BRIDGE26.BF
File Copy: C:\rowan\mig\bfields\CHOKES\BRIDGE27.BF
File Copy: C:\rowan\mig\bfields\CHOKES\BRIDGE28.BF
File Copy: C:\rowan\mig\bfields\CHOKES\BRIDGE29.BF
File Copy: C:\rowan\mig\bfields\CHOKES\BRIDGE30.BF
File Copy: C:\rowan\mig\bfields\CHOKES\BRIDGE31.BF
File Copy: C:\rowan\mig\bfields\CHOKES\BRIDGE32.BF
File Copy: C:\rowan\mig\bfields\CHOKES\BRIDGE33.BF
File Copy: C:\rowan\mig\bfields\CHOKES\BRIDGE34.BF
File Copy: C:\rowan\mig\bfields\CHOKES\DIR.DIR
Made Dir: C:\rowan\mig\bfields\CONVOYS
File Copy: C:\rowan\mig\bfields\CONVOYS\DIR.DIR
File Copy: C:\rowan\mig\bfields\CONVOYS\RAIL00.BF
File Copy: C:\rowan\mig\bfields\CONVOYS\RAIL01.BF
File Copy: C:\rowan\mig\bfields\CONVOYS\RAIL02.BF
File Copy: C:\rowan\mig\bfields\CONVOYS\RAIL03.BF
File Copy: C:\rowan\mig\bfields\CONVOYS\RAIL04.BF
File Copy: C:\rowan\mig\bfields\CONVOYS\RAIL05.BF
File Copy: C:\rowan\mig\bfields\CONVOYS\RAIL06.BF
File Copy: C:\rowan\mig\bfields\CONVOYS\RAIL07.BF
File Copy: C:\rowan\mig\bfields\CONVOYS\RAIL08.BF
File Copy: C:\rowan\mig\bfields\CONVOYS\RAIL09.BF
File Copy: C:\rowan\mig\bfields\CONVOYS\RAIL10.BF
File Copy: C:\rowan\mig\bfields\CONVOYS\RAIL11.BF
File Copy: C:\rowan\mig\bfields\CONVOYS\RAIL12.BF
File Copy: C:\rowan\mig\bfields\CONVOYS\RAIL14.BF
File Copy: C:\rowan\mig\bfields\CONVOYS\RAIL15.BF
File Copy: C:\rowan\mig\bfields\CONVOYS\RAIL16.BF
File Copy: C:\rowan\mig\bfields\CONVOYS\RAIL17.BF
File Copy: C:\rowan\mig\bfields\CONVOYS\RAIL18.BF
File Copy: C:\rowan\mig\bfields\CONVOYS\RAIL20.BF
File Copy: C:\rowan\mig\bfields\CONVOYS\RAIL21.BF
File Copy: C:\rowan\mig\bfields\CONVOYS\RAIL22.BF
File Copy: C:\rowan\mig\bfields\CONVOYS\RAIL23.BF
File Copy: C:\rowan\mig\bfields\CONVOYS\RAIL24.BF
File Copy: C:\rowan\mig\bfields\CONVOYS\RAIL25.BF
File Copy: C:\rowan\mig\bfields\CONVOYS\ROAD01.BF
File Copy: C:\rowan\mig\bfields\CONVOYS\ROAD06.BF
File Copy: C:\rowan\mig\bfields\CONVOYS\ROAD07.BF
File Copy: C:\rowan\mig\bfields\CONVOYS\ROAD08.BF
File Copy: C:\rowan\mig\bfields\CONVOYS\ROAD09.BF
File Copy: C:\rowan\mig\bfields\CONVOYS\ROAD10.BF
File Copy: C:\rowan\mig\bfields\CONVOYS\ROAD11.BF
File Copy: C:\rowan\mig\bfields\CONVOYS\ROAD14.BF
File Copy: C:\rowan\mig\bfields\CONVOYS\ROAD15.BF
File Copy: C:\rowan\mig\bfields\CONVOYS\ROAD16.BF
File Copy: C:\rowan\mig\bfields\CONVOYS\ROAD17.BF
File Copy: C:\rowan\mig\bfields\CONVOYS\ROAD23.BF
File Copy: C:\rowan\mig\bfields\CONVOYS\ROAD24.BF
File Copy: C:\rowan\mig\bfields\CONVOYS\ROAD25.BF
File Copy: C:\rowan\mig\bfields\CONVOYS\ROAD27.BF
File Copy: C:\rowan\mig\bfields\CONVOYS\ROAD28.BF
File Copy: C:\rowan\mig\bfields\CONVOYS\ROAD29.BF
File Copy: C:\rowan\mig\bfields\CONVOYS\ROAD30.BF
File Copy: C:\rowan\mig\bfields\CONVOYS\ROAD31.BF
File Copy: C:\rowan\mig\bfields\CONVOYS\ROAD32.BF
File Copy: C:\rowan\mig\bfields\CONVOYS\ROAD33.BF
File Copy: C:\rowan\mig\bfields\CONVOYS\ROAD34.BF
File Copy: C:\rowan\mig\bfields\CONVOYS\ROAD35.BF
File Copy: C:\rowan\mig\bfields\CONVOYS\ROAD36.BF
File Copy: C:\rowan\mig\bfields\CONVOYS\ROAD37.BF
File Copy: C:\rowan\mig\bfields\CONVOYS\ROAD38.BF
File Copy: C:\rowan\mig\bfields\CONVOYS\ROAD39.BF
File Copy: C:\rowan\mig\bfields\CONVOYS\Rail13.BF
File Copy: C:\rowan\mig\bfields\CONVOYS\Rail19.BF
File Copy: C:\rowan\mig\bfields\CONVOYS\Road00.BF
File Copy: C:\rowan\mig\bfields\CONVOYS\Road02.BF
File Copy: C:\rowan\mig\bfields\CONVOYS\Road03.BF
File Copy: C:\rowan\mig\bfields\CONVOYS\Road04.BF
File Copy: C:\rowan\mig\bfields\CONVOYS\Road05.BF
File Copy: C:\rowan\mig\bfields\CONVOYS\Road12.BF
File Copy: C:\rowan\mig\bfields\CONVOYS\Road13.BF
File Copy: C:\rowan\mig\bfields\CONVOYS\Road18.BF
File Copy: C:\rowan\mig\bfields\CONVOYS\Road19.BF
File Copy: C:\rowan\mig\bfields\CONVOYS\Road20.BF
File Copy: C:\rowan\mig\bfields\CONVOYS\Road21.BF
File Copy: C:\rowan\mig\bfields\CONVOYS\Road22.BF
File Copy: C:\rowan\mig\bfields\CONVOYS\Road26.BF
File Copy: C:\rowan\mig\bfields\CONVOYS\convoy.BF
Made Dir: C:\rowan\mig\bfields\EVENTS
File Copy: C:\rowan\mig\bfields\EVENTS\DIR.DIR
Made Dir: C:\rowan\mig\bfields\GENGRND
File Copy: C:\rowan\mig\bfields\GENGRND\C1U_0A1A.BF
File Copy: C:\rowan\mig\bfields\GENGRND\C1U_0B1B.BF
File Copy: C:\rowan\mig\bfields\GENGRND\C2R_0A1A.BF
File Copy: C:\rowan\mig\bfields\GENGRND\C2R_1A2A.BF
File Copy: C:\rowan\mig\bfields\GENGRND\DIR.DIR
File Copy: C:\rowan\mig\bfields\GENGRND\GENATT00.BF
File Copy: C:\rowan\mig\bfields\GENGRND\GENATT01.BF
File Copy: C:\rowan\mig\bfields\GENGRND\GENATT02.BF
File Copy: C:\rowan\mig\bfields\GENGRND\GENATT03.BF
File Copy: C:\rowan\mig\bfields\GENGRND\GENATT04.BF
File Copy: C:\rowan\mig\bfields\GENGRND\GENATT05.BF
File Copy: C:\rowan\mig\bfields\GENGRND\GENATT06.BF
File Copy: C:\rowan\mig\bfields\GENGRND\GENATT07.BF
File Copy: C:\rowan\mig\bfields\GENGRND\GENATT08.BF
File Copy: C:\rowan\mig\bfields\GENGRND\GENBAT00.BF
File Copy: C:\rowan\mig\bfields\GENGRND\GENBAT01.BF
File Copy: C:\rowan\mig\bfields\GENGRND\GENDEF00.BF
File Copy: C:\rowan\mig\bfields\GENGRND\GENDEF01.BF
File Copy: C:\rowan\mig\bfields\GENGRND\GENDEF02.BF
File Copy: C:\rowan\mig\bfields\GENGRND\GENDEF03.BF
File Copy: C:\rowan\mig\bfields\GENGRND\GENDEF04.BF
File Copy: C:\rowan\mig\bfields\GENGRND\GENDEF05.BF
File Copy: C:\rowan\mig\bfields\GENGRND\GENDEF06.BF
File Copy: C:\rowan\mig\bfields\GENGRND\GENDEF07.BF
File Copy: C:\rowan\mig\bfields\GENGRND\GENDEF08.BF
File Copy: C:\rowan\mig\bfields\GENGRND\GENDEF09.BF
File Copy: C:\rowan\mig\bfields\GENGRND\GENDEF10.BF
File Copy: C:\rowan\mig\bfields\GENGRND\GENDEF11.BF
File Copy: C:\rowan\mig\bfields\GENGRND\GENDEF12.BF
File Copy: C:\rowan\mig\bfields\GENGRND\GENDEF13.BF
File Copy: C:\rowan\mig\bfields\GENGRND\GENDEF14.BF
File Copy: C:\rowan\mig\bfields\GENGRND\GENDEF15.BF
File Copy: C:\rowan\mig\bfields\GENGRND\GENDEF16.BF
File Copy: C:\rowan\mig\bfields\GENGRND\GENDEF17.BF
File Copy: C:\rowan\mig\bfields\GENGRND\GENDEF20.BF
File Copy: C:\rowan\mig\bfields\GENGRND\GENHLD00.BF
File Copy: C:\rowan\mig\bfields\GENGRND\GENHLD01.BF
File Copy: C:\rowan\mig\bfields\GENGRND\GENMOV00.BF
File Copy: C:\rowan\mig\bfields\GENGRND\GENMOV01.BF
File Copy: C:\rowan\mig\bfields\GENGRND\GENMOV02.BF
File Copy: C:\rowan\mig\bfields\GENGRND\GENMOV03.BF
File Copy: C:\rowan\mig\bfields\GENGRND\GENMOV04.BF
File Copy: C:\rowan\mig\bfields\GENGRND\GENRET00.BF
File Copy: C:\rowan\mig\bfields\GENGRND\GENRET01.BF
File Copy: C:\rowan\mig\bfields\GENGRND\GENRET02.BF
File Copy: C:\rowan\mig\bfields\GENGRND\GENRET03.BF
File Copy: C:\rowan\mig\bfields\GENGRND\GENSKIP.BF
Made Dir: C:\rowan\mig\bfields\INTRBFLD
File Copy: C:\rowan\mig\bfields\INTRBFLD\AFBUZZ00.BF
File Copy: C:\rowan\mig\bfields\INTRBFLD\AFBUZZ01.BF
File Copy: C:\rowan\mig\bfields\INTRBFLD\AFBUZZ02.BF
File Copy: C:\rowan\mig\bfields\INTRBFLD\AFBUZZ03.BF
File Copy: C:\rowan\mig\bfields\INTRBFLD\BF51NKAF.BF
File Copy: C:\rowan\mig\bfields\INTRBFLD\BF51NKCL.BF
File Copy: C:\rowan\mig\bfields\INTRBFLD\BF80ALLY.BF
File Copy: C:\rowan\mig\bfields\INTRBFLD\BF80BRKT.BF
File Copy: C:\rowan\mig\bfields\INTRBFLD\BF80NKHQ.BF
File Copy: C:\rowan\mig\bfields\INTRBFLD\BF84YALU.BF
File Copy: C:\rowan\mig\bfields\INTRBFLD\BF86BMIG.BF
File Copy: C:\rowan\mig\bfields\INTRBFLD\BF86SWEP.BF
File Copy: C:\rowan\mig\bfields\INTRBFLD\BFF51AIR.BF
File Copy: C:\rowan\mig\bfields\INTRBFLD\BFTEMP_0.BF
File Copy: C:\rowan\mig\bfields\INTRBFLD\DIR.DIR
File Copy: C:\rowan\mig\bfields\INTRBFLD\MainWld.BF
File Copy: C:\rowan\mig\bfields\INTRBFLD\Paintshp.BF
File Copy: C:\rowan\mig\bfields\INTRBFLD\QUICKM00.BF
File Copy: C:\rowan\mig\bfields\INTRBFLD\QUICKM01.BF
File Copy: C:\rowan\mig\bfields\INTRBFLD\QUICKM02.BF
File Copy: C:\rowan\mig\bfields\INTRBFLD\QUICKM03.BF
File Copy: C:\rowan\mig\bfields\INTRBFLD\QUICKM04.BF
File Copy: C:\rowan\mig\bfields\INTRBFLD\QUICKM05.BF
File Copy: C:\rowan\mig\bfields\INTRBFLD\QUICKM06.BF
File Copy: C:\rowan\mig\bfields\INTRBFLD\QUICKM07.BF
File Copy: C:\rowan\mig\bfields\INTRBFLD\QUICKM08.BF
File Copy: C:\rowan\mig\bfields\INTRBFLD\QUICKM09.BF
File Copy: C:\rowan\mig\bfields\INTRBFLD\QUICKM10.BF
File Copy: C:\rowan\mig\bfields\INTRBFLD\QUICKM11.BF
File Copy: C:\rowan\mig\bfields\INTRBFLD\QUICKM12.BF
File Copy: C:\rowan\mig\bfields\INTRBFLD\QUICKM13.BF
File Copy: C:\rowan\mig\bfields\INTRBFLD\QUICKM14.BF
File Copy: C:\rowan\mig\bfields\INTRBFLD\QUICKM15.BF
File Copy: C:\rowan\mig\bfields\INTRBFLD\QUICKM16.BF
File Copy: C:\rowan\mig\bfields\INTRBFLD\QUICKM17.BF
File Copy: C:\rowan\mig\bfields\INTRBFLD\QUICKM18.BF
File Copy: C:\rowan\mig\bfields\INTRBFLD\QUICKM19.BF
File Copy: C:\rowan\mig\bfields\INTRBFLD\QUICKM20.BF
File Copy: C:\rowan\mig\bfields\INTRBFLD\RVBUZZ00.BF
File Copy: C:\rowan\mig\bfields\INTRBFLD\RVBUZZ01.BF
File Copy: C:\rowan\mig\bfields\INTRBFLD\SCRM04AL.BF
File Copy: C:\rowan\mig\bfields\INTRBFLD\death0.BF
File Copy: C:\rowan\mig\bfields\INTRBFLD\death1.BF
File Copy: C:\rowan\mig\bfields\INTRBFLD\death2.BF
File Copy: C:\rowan\mig\bfields\INTRBFLD\death3.BF
File Copy: C:\rowan\mig\bfields\INTRBFLD\death4.BF
File Copy: C:\rowan\mig\bfields\INTRBFLD\death5.BF
File Copy: C:\rowan\mig\bfields\INTRBFLD\death6.BF
File Copy: C:\rowan\mig\bfields\INTRBFLD\death7.BF
File Copy: C:\rowan\mig\bfields\INTRBFLD\fac_1.BF
File Copy: C:\rowan\mig\bfields\INTRBFLD\fac_2.BF
File Copy: C:\rowan\mig\bfields\INTRBFLD\fac_3.BF
File Copy: C:\rowan\mig\bfields\INTRBFLD\mainevnt.BF
File Copy: C:\rowan\mig\bfields\INTRBFLD\subplot0.BF
File Copy: C:\rowan\mig\bfields\INTRBFLD\subplot1.BF
File Copy: C:\rowan\mig\bfields\INTRBFLD\subplot2.BF
File Copy: C:\rowan\mig\bfields\INTRBFLD\subplot3.BF
File Copy: C:\rowan\mig\bfields\INTRBFLD\tac_1.BF
File Copy: C:\rowan\mig\bfields\INTRBFLD\tac_2.BF
File Copy: C:\rowan\mig\bfields\INTRBFLD\tac_3.BF
File Copy: C:\rowan\mig\bfields\INTRBFLD\teamply0.BF
File Copy: C:\rowan\mig\bfields\INTRBFLD\teamply1.BF
File Copy: C:\rowan\mig\bfields\INTRBFLD\teamply2.BF
File Copy: C:\rowan\mig\bfields\INTRBFLD\teamply3.BF
File Copy: C:\rowan\mig\bfields\INTRBFLD\teamply4.BF
File Copy: C:\rowan\mig\bfields\INTRBFLD\teamply5.BF
File Copy: C:\rowan\mig\bfields\INTRBFLD\teamply6.BF
File Copy: C:\rowan\mig\bfields\INTRBFLD\teamply7.BF
File Copy: C:\rowan\mig\bfields\INTRBFLD\BFCHAN00.BF
File Copy: C:\rowan\mig\bfields\INTRBFLD\H2HRAND.BF
File Copy: C:\rowan\mig\bfields\INTRBFLD\H2HEXP.BF
File Copy: C:\rowan\mig\bfields\INTRBFLD\H2HIMP.BF
File Copy: C:\rowan\mig\bfields\INTRBFLD\EVlost00.BF
File Copy: C:\rowan\mig\bfields\INTRBFLD\EVlost01.BF
File Copy: C:\rowan\mig\bfields\INTRBFLD\evblln00.BF
File Copy: C:\rowan\mig\bfields\INTRBFLD\evblln01.BF
File Copy: C:\rowan\mig\bfields\INTRBFLD\evblln03.BF
File Copy: C:\rowan\mig\bfields\INTRBFLD\evblln04.BF
File Copy: C:\rowan\mig\bfields\INTRBFLD\EVbomb04.BF
File Copy: C:\rowan\mig\bfields\INTRBFLD\EVbomb05.BF
File Copy: C:\rowan\mig\bfields\INTRBFLD\EVbomb06.BF
File Copy: C:\rowan\mig\bfields\INTRBFLD\EVBomb16.BF
File Copy: C:\rowan\mig\bfields\INTRBFLD\CHBomb12.BF
File Copy: C:\rowan\mig\bfields\INTRBFLD\EVrecy04.BF
File Copy: C:\rowan\mig\bfields\INTRBFLD\EVrecy05.BF
File Copy: C:\rowan\mig\bfields\INTRBFLD\EVrecy06.BF
File Copy: C:\rowan\mig\bfields\INTRBFLD\EVrecy00.BF
File Copy: C:\rowan\mig\bfields\INTRBFLD\EVrecy01.BF
File Copy: C:\rowan\mig\bfields\INTRBFLD\EVrecy02.BF
File Copy: C:\rowan\mig\bfields\INTRBFLD\EVrecy03.BF
File Copy: C:\rowan\mig\bfields\INTRBFLD\cblate05.BF
File Copy: C:\rowan\mig\bfields\INTRBFLD\EVrecy08.BF
File Copy: C:\rowan\mig\bfields\INTRBFLD\EVrecy09.BF
File Copy: C:\rowan\mig\bfields\INTRBFLD\EVrecy10.BF
File Copy: C:\rowan\mig\bfields\INTRBFLD\EVrecy11.BF
File Copy: C:\rowan\mig\bfields\INTRBFLD\EVrecy12.BF
File Copy: C:\rowan\mig\bfields\INTRBFLD\EVrecy13.BF
File Copy: C:\rowan\mig\bfields\INTRBFLD\EVspot04.BF
File Copy: C:\rowan\mig\bfields\INTRBFLD\EVspot05.BF
File Copy: C:\rowan\mig\bfields\INTRBFLD\EVspot06.BF
File Copy: C:\rowan\mig\bfields\INTRBFLD\EVspot00.BF
File Copy: C:\rowan\mig\bfields\INTRBFLD\EVspot01.BF
File Copy: C:\rowan\mig\bfields\INTRBFLD\EVspot02.BF
File Copy: C:\rowan\mig\bfields\INTRBFLD\EVspot03.BF
File Copy: C:\rowan\mig\bfields\INTRBFLD\EVspot08.BF
File Copy: C:\rowan\mig\bfields\INTRBFLD\EVspot09.BF
File Copy: C:\rowan\mig\bfields\INTRBFLD\EVspot10.BF
File Copy: C:\rowan\mig\bfields\INTRBFLD\EVspot11.BF
File Copy: C:\rowan\mig\bfields\INTRBFLD\EVspot12.BF
File Copy: C:\rowan\mig\bfields\INTRBFLD\EVspot13.BF
File Copy: C:\rowan\mig\bfields\INTRBFLD\cblate08.BF
File Copy: C:\rowan\mig\bfields\INTRBFLD\EVbomb00.BF
File Copy: C:\rowan\mig\bfields\INTRBFLD\EVbomb01.BF
File Copy: C:\rowan\mig\bfields\INTRBFLD\EVbomb02.BF
File Copy: C:\rowan\mig\bfields\INTRBFLD\EVbomb03.BF
File Copy: C:\rowan\mig\bfields\INTRBFLD\cblate01.BF
File Copy: C:\rowan\mig\bfields\INTRBFLD\EVbomb08.BF
File Copy: C:\rowan\mig\bfields\INTRBFLD\EVbomb09.BF
File Copy: C:\rowan\mig\bfields\INTRBFLD\EVbomb10.BF
File Copy: C:\rowan\mig\bfields\INTRBFLD\EVbomb11.BF
File Copy: C:\rowan\mig\bfields\INTRBFLD\EVbomb12.BF
File Copy: C:\rowan\mig\bfields\INTRBFLD\EVbomb13.BF
File Copy: C:\rowan\mig\bfields\INTRBFLD\EVpath00.BF
File Copy: C:\rowan\mig\bfields\INTRBFLD\EVpath01.BF
File Copy: C:\rowan\mig\bfields\INTRBFLD\rescue01.BF
File Copy: C:\rowan\mig\bfields\INTRBFLD\rescue02.BF
File Copy: C:\rowan\mig\bfields\INTRBFLD\EVfrac01.BF
File Copy: C:\rowan\mig\bfields\INTRBFLD\EVfrac02.BF
File Copy: C:\rowan\mig\bfields\INTRBFLD\EVfrac03.BF
File Copy: C:\rowan\mig\bfields\INTRBFLD\EVfrac04.BF
File Copy: C:\rowan\mig\bfields\INTRBFLD\fracas05.BF
File Copy: C:\rowan\mig\bfields\INTRBFLD\cbfrac05.BF
File Copy: C:\rowan\mig\bfields\INTRBFLD\EVfrac06.BF
File Copy: C:\rowan\mig\bfields\INTRBFLD\cbfrac01.BF
File Copy: C:\rowan\mig\bfields\INTRBFLD\cbfrac02.BF
File Copy: C:\rowan\mig\bfields\INTRBFLD\EVfrac08.BF
File Copy: C:\rowan\mig\bfields\INTRBFLD\EVagrs00.BF
File Copy: C:\rowan\mig\bfields\INTRBFLD\EVagrs01.BF
File Copy: C:\rowan\mig\bfields\INTRBFLD\EVagrs03.BF
File Copy: C:\rowan\mig\bfields\INTRBFLD\EVpara00.BF
File Copy: C:\rowan\mig\bfields\INTRBFLD\EVdamg00.BF
File Copy: C:\rowan\mig\bfields\INTRBFLD\EVdamg01.BF
File Copy: C:\rowan\mig\bfields\INTRBFLD\EVskim00.BF
File Copy: C:\rowan\mig\bfields\INTRBFLD\EVaces00.BF
File Copy: C:\rowan\mig\bfields\INTRBFLD\EV_low00.BF
File Copy: C:\rowan\mig\bfields\INTRBFLD\EVrscu03.BF
File Copy: C:\rowan\mig\bfields\INTRBFLD\EVrscu05.BF
File Copy: C:\rowan\mig\bfields\INTRBFLD\EVrscu06.BF
File Copy: C:\rowan\mig\bfields\INTRBFLD\EVrscu07.BF
File Copy: C:\rowan\mig\bfields\INTRBFLD\EVrscu08.BF
File Copy: C:\rowan\mig\bfields\INTRBFLD\EVbeat00.BF
File Copy: C:\rowan\mig\bfields\INTRBFLD\EVbeat01.BF
File Copy: C:\rowan\mig\bfields\INTRBFLD\EVbeat02.BF
File Copy: C:\rowan\mig\bfields\INTRBFLD\EVbeat03.BF
File Copy: C:\rowan\mig\bfields\INTRBFLD\EVbeat04.BF
File Copy: C:\rowan\mig\bfields\INTRBFLD\EVbait00.BF
File Copy: C:\rowan\mig\bfields\INTRBFLD\EVwnch00.BF
File Copy: C:\rowan\mig\bfields\INTRBFLD\EVwnch01.BF
File Copy: C:\rowan\mig\bfields\INTRBFLD\EVwnch03.BF
File Copy: C:\rowan\mig\bfields\INTRBFLD\EVwnch04.BF
File Copy: C:\rowan\mig\bfields\INTRBFLD\EVFrds00.BF
File Copy: C:\rowan\mig\bfields\INTRBFLD\EVFrds05.BF
File Copy: C:\rowan\mig\bfields\INTRBFLD\EVFrds04.BF
File Copy: C:\rowan\mig\bfields\INTRBFLD\EVEnmy00.BF
File Copy: C:\rowan\mig\bfields\INTRBFLD\EVFrds02.BF
File Copy: C:\rowan\mig\bfields\INTRBFLD\EVland00.BF
File Copy: C:\rowan\mig\bfields\INTRBFLD\EVFrds03.BF
File Copy: C:\rowan\mig\bfields\INTRBFLD\EVMeat00.BF
File Copy: C:\rowan\mig\bfields\INTRBFLD\EVMeat01.BF
File Copy: C:\rowan\mig\bfields\INTRBFLD\EVtemp01.BF
File Copy: C:\rowan\mig\bfields\INTRBFLD\EVtemp03.BF
File Copy: C:\rowan\mig\bfields\INTRBFLD\EVdcoy00.BF
File Copy: C:\rowan\mig\bfields\INTRBFLD\EVdcoy01.BF
File Copy: C:\rowan\mig\bfields\INTRBFLD\EVdcoy02.BF
File Copy: C:\rowan\mig\bfields\INTRBFLD\EVdcoy03.BF
File Copy: C:\rowan\mig\bfields\INTRBFLD\CHdcoy03.BF
File Copy: C:\rowan\mig\bfields\INTRBFLD\EVSun00.BF
File Copy: C:\rowan\mig\bfields\INTRBFLD\EVraws00.BF
File Copy: C:\rowan\mig\bfields\INTRBFLD\EVstrf00.BF
File Copy: C:\rowan\mig\bfields\INTRBFLD\EVdfnd00.BF
File Copy: C:\rowan\mig\bfields\INTRBFLD\EVdfnd02.BF
File Copy: C:\rowan\mig\bfields\INTRBFLD\EVdfnd03.BF
File Copy: C:\rowan\mig\bfields\INTRBFLD\EVdfnd04.BF
File Copy: C:\rowan\mig\bfields\INTRBFLD\EVdfnd05.BF
File Copy: C:\rowan\mig\bfields\INTRBFLD\EVdfnd06.BF
File Copy: C:\rowan\mig\bfields\INTRBFLD\EVdfnd07.BF
File Copy: C:\rowan\mig\bfields\INTRBFLD\EVdfnd09.BF
File Copy: C:\rowan\mig\bfields\INTRBFLD\EVmeat02.BF
File Copy: C:\rowan\mig\bfields\INTRBFLD\EVagrs02.BF
File Copy: C:\rowan\mig\bfields\INTRBFLD\EVfrnd00.BF
File Copy: C:\rowan\mig\bfields\INTRBFLD\BFevnt01.BF
File Copy: C:\rowan\mig\bfields\INTRBFLD\BFevnt02.BF
File Copy: C:\rowan\mig\bfields\INTRBFLD\BFPOOOa2.BF
File Copy: C:\rowan\mig\bfields\INTRBFLD\BFPOOOa3.BF
File Copy: C:\rowan\mig\bfields\INTRBFLD\BFPOOOa5.BF
File Copy: C:\rowan\mig\bfields\INTRBFLD\BFevnt03.BF
File Copy: C:\rowan\mig\bfields\INTRBFLD\BFevnt04.BF
File Copy: C:\rowan\mig\bfields\INTRBFLD\BFPOOOa8.BF
File Copy: C:\rowan\mig\bfields\INTRBFLD\BFPOOOb1.BF
File Copy: C:\rowan\mig\bfields\INTRBFLD\BFPOOOb3.BF
File Copy: C:\rowan\mig\bfields\INTRBFLD\BFPOOOb4.BF
File Copy: C:\rowan\mig\bfields\INTRBFLD\BFPOOOb7.BF
File Copy: C:\rowan\mig\bfields\INTRBFLD\EvTrap00.BF
File Copy: C:\rowan\mig\bfields\INTRBFLD\CHtrap00.BF
File Copy: C:\rowan\mig\bfields\INTRBFLD\BFevnt00.BF
File Copy: C:\rowan\mig\bfields\INTRBFLD\BFPOOOc0.BF
File Copy: C:\rowan\mig\bfields\INTRBFLD\BFfrnd10.BF
File Copy: C:\rowan\mig\bfields\INTRBFLD\BFPOOOc1.BF
File Copy: C:\rowan\mig\bfields\INTRBFLD\BFPOOOc9.BF
File Copy: C:\rowan\mig\bfields\INTRBFLD\BFPOOOc2.BF
File Copy: C:\rowan\mig\bfields\INTRBFLD\BFPOOOc3.BF
File Copy: C:\rowan\mig\bfields\INTRBFLD\BFPOOOc4.BF
File Copy: C:\rowan\mig\bfields\INTRBFLD\BFPOOOc5.BF
File Copy: C:\rowan\mig\bfields\INTRBFLD\BFPOOOc6.BF
File Copy: C:\rowan\mig\bfields\INTRBFLD\BFPOOOc8.BF
File Copy: C:\rowan\mig\bfields\INTRBFLD\BFPOOOd1.BF
Made Dir: C:\rowan\mig\bfields\MIGS
File Copy: C:\rowan\mig\bfields\MIGS\DIR.DIR
File Copy: C:\rowan\mig\bfields\MIGS\MigHold.BF
File Copy: C:\rowan\mig\bfields\MIGS\MigPre.BF
File Copy: C:\rowan\mig\bfields\MIGS\MigRes01.BF
File Copy: C:\rowan\mig\bfields\MIGS\MigRes02.BF
File Copy: C:\rowan\mig\bfields\MIGS\MigRes03.BF
File Copy: C:\rowan\mig\bfields\MIGS\MigRes04.BF
File Copy: C:\rowan\mig\bfields\MIGS\MigRes05.BF
File Copy: C:\rowan\mig\bfields\MIGS\MigRes06.BF
File Copy: C:\rowan\mig\bfields\MIGS\MigRes07.BF
File Copy: C:\rowan\mig\bfields\MIGS\MigRes08.BF
File Copy: C:\rowan\mig\bfields\MIGS\MigRes09.BF
File Copy: C:\rowan\mig\bfields\MIGS\MigRes10.BF
File Copy: C:\rowan\mig\bfields\MIGS\MigRes11.BF
File Copy: C:\rowan\mig\bfields\MIGS\MigRes12.BF
File Copy: C:\rowan\mig\bfields\MIGS\MigRes13.BF
File Copy: C:\rowan\mig\bfields\MIGS\MigRes14.BF
File Copy: C:\rowan\mig\bfields\MIGS\MigRes15.BF
File Copy: C:\rowan\mig\bfields\MIGS\MigRes16.BF
File Copy: C:\rowan\mig\bfields\MIGS\MigRes17.BF
File Copy: C:\rowan\mig\bfields\MIGS\MigRes18.BF
File Copy: C:\rowan\mig\bfields\MIGS\MigRes19.BF
File Copy: C:\rowan\mig\bfields\MIGS\MigRes20.BF
File Copy: C:\rowan\mig\bfields\MIGS\MigRes21.BF
File Copy: C:\rowan\mig\bfields\MIGS\MigRes22.BF
File Copy: C:\rowan\mig\bfields\MIGS\MigRes23.BF
File Copy: C:\rowan\mig\bfields\MIGS\MigRes24.BF
File Copy: C:\rowan\mig\bfields\MIGS\MigRes25.BF
File Copy: C:\rowan\mig\bfields\MIGS\MigRes26.BF
File Copy: C:\rowan\mig\bfields\MIGS\MigRes27.BF
File Copy: C:\rowan\mig\bfields\MIGS\MigRes28.BF
File Copy: C:\rowan\mig\bfields\MIGS\MigRes29.BF
File Copy: C:\rowan\mig\bfields\MIGS\MigRes30.BF
File Copy: C:\rowan\mig\bfields\MIGS\MigRes31.BF
File Copy: C:\rowan\mig\bfields\MIGS\MigRes32.BF
File Copy: C:\rowan\mig\bfields\MIGS\MigRes33.BF
File Copy: C:\rowan\mig\bfields\MIGS\MigRes34.BF
File Copy: C:\rowan\mig\bfields\MIGS\MigSAF.BF
Made Dir: C:\rowan\mig\bfields\NODES
File Copy: C:\rowan\mig\bfields\NODES\.BF
File Copy: C:\rowan\mig\bfields\NODES\Andong.BF
File Copy: C:\rowan\mig\bfields\NODES\CHAERYON.BF
File Copy: C:\rowan\mig\bfields\NODES\CHOCHIWO.BF
File Copy: C:\rowan\mig\bfields\NODES\CHOMCHON.BF
File Copy: C:\rowan\mig\bfields\NODES\CHONAN.BF
File Copy: C:\rowan\mig\bfields\NODES\CHONGJIN.BF
File Copy: C:\rowan\mig\bfields\NODES\CHONGJU.BF
File Copy: C:\rowan\mig\bfields\NODES\CHORWON.BF
File Copy: C:\rowan\mig\bfields\NODES\CHOSAN.BF
File Copy: C:\rowan\mig\bfields\NODES\CHUNCHON.BF
File Copy: C:\rowan\mig\bfields\NODES\CHUNGJU.BF
File Copy: C:\rowan\mig\bfields\NODES\Changhow.BF
File Copy: C:\rowan\mig\bfields\NODES\Changyon.BF
File Copy: C:\rowan\mig\bfields\NODES\Chechon.BF
File Copy: C:\rowan\mig\bfields\NODES\Chinchon.BF
File Copy: C:\rowan\mig\bfields\NODES\Chongson.BF
File Copy: C:\rowan\mig\bfields\NODES\Chongsup.BF
File Copy: C:\rowan\mig\bfields\NODES\Chosin.BF
File Copy: C:\rowan\mig\bfields\NODES\Chungpyo.BF
File Copy: C:\rowan\mig\bfields\NODES\DIR.DIR
File Copy: C:\rowan\mig\bfields\NODES\HAEJU.BF
File Copy: C:\rowan\mig\bfields\NODES\HAMHUNG.BF
File Copy: C:\rowan\mig\bfields\NODES\HOENSONG.BF
File Copy: C:\rowan\mig\bfields\NODES\HOEYANG.BF
File Copy: C:\rowan\mig\bfields\NODES\HONGCHON.BF
File Copy: C:\rowan\mig\bfields\NODES\HUICHON.BF
File Copy: C:\rowan\mig\bfields\NODES\HWACHON.BF
File Copy: C:\rowan\mig\bfields\NODES\HWANGJU.BF
File Copy: C:\rowan\mig\bfields\NODES\HYESAN.BF
File Copy: C:\rowan\mig\bfields\NODES\Hannae.BF
File Copy: C:\rowan\mig\bfields\NODES\Hongsong.BF
File Copy: C:\rowan\mig\bfields\NODES\ICHON.BF
File Copy: C:\rowan\mig\bfields\NODES\INCHON.BF
File Copy: C:\rowan\mig\bfields\NODES\Icho.BF
File Copy: C:\rowan\mig\bfields\NODES\Inje.BF
File Copy: C:\rowan\mig\bfields\NODES\KAESONG.BF
File Copy: C:\rowan\mig\bfields\NODES\KANGDONG.BF
File Copy: C:\rowan\mig\bfields\NODES\KANGNUNG.BF
File Copy: C:\rowan\mig\bfields\NODES\KANSANG.BF
File Copy: C:\rowan\mig\bfields\NODES\KAPSAN.BF
File Copy: C:\rowan\mig\bfields\NODES\KILCHU.BF
File Copy: C:\rowan\mig\bfields\NODES\KIMCHAEK.BF
File Copy: C:\rowan\mig\bfields\NODES\KIMCHON.BF
File Copy: C:\rowan\mig\bfields\NODES\KOJO.BF
File Copy: C:\rowan\mig\bfields\NODES\KOKSAN.BF
File Copy: C:\rowan\mig\bfields\NODES\KONGJU.BF
File Copy: C:\rowan\mig\bfields\NODES\KOSAN.BF
File Copy: C:\rowan\mig\bfields\NODES\KOWON.BF
File Copy: C:\rowan\mig\bfields\NODES\KUJANG.BF
File Copy: C:\rowan\mig\bfields\NODES\KUMCHON.BF
File Copy: C:\rowan\mig\bfields\NODES\KUMI.BF
File Copy: C:\rowan\mig\bfields\NODES\KURI.BF
File Copy: C:\rowan\mig\bfields\NODES\KUSONG.BF
File Copy: C:\rowan\mig\bfields\NODES\KYONGSON.BF
File Copy: C:\rowan\mig\bfields\NODES\Kalmal.BF
File Copy: C:\rowan\mig\bfields\NODES\Kanda.BF
File Copy: C:\rowan\mig\bfields\NODES\Kangye.BF
File Copy: C:\rowan\mig\bfields\NODES\Kimpo.BF
File Copy: C:\rowan\mig\bfields\NODES\Koesan.BF
File Copy: C:\rowan\mig\bfields\NODES\Kojin.BF
File Copy: C:\rowan\mig\bfields\NODES\Kumhwa.BF
File Copy: C:\rowan\mig\bfields\NODES\Kunsan.BF
File Copy: C:\rowan\mig\bfields\NODES\Kwanghey.BF
File Copy: C:\rowan\mig\bfields\NODES\MANPO.BF
File Copy: C:\rowan\mig\bfields\NODES\Maenjung.BF
File Copy: C:\rowan\mig\bfields\NODES\Maesan.BF
File Copy: C:\rowan\mig\bfields\NODES\Mokkye.BF
File Copy: C:\rowan\mig\bfields\NODES\Mungyong.BF
File Copy: C:\rowan\mig\bfields\NODES\Munsan.BF
File Copy: C:\rowan\mig\bfields\NODES\NAMPO.BF
File Copy: C:\rowan\mig\bfields\NODES\NAMSANNI.BF
File Copy: C:\rowan\mig\bfields\NODES\Noktong.BF
File Copy: C:\rowan\mig\bfields\NODES\Nonsan.BF
File Copy: C:\rowan\mig\bfields\NODES\Nuang.BF
File Copy: C:\rowan\mig\bfields\NODES\OSAN.BF
File Copy: C:\rowan\mig\bfields\NODES\POHANG.BF
File Copy: C:\rowan\mig\bfields\NODES\PUKCHONG.BF
File Copy: C:\rowan\mig\bfields\NODES\PUNGGI.BF
File Copy: C:\rowan\mig\bfields\NODES\PUNGSAN.BF
File Copy: C:\rowan\mig\bfields\NODES\PYONGSAN.BF
File Copy: C:\rowan\mig\bfields\NODES\PYONGYAN.BF
File Copy: C:\rowan\mig\bfields\NODES\Pochon.BF
File Copy: C:\rowan\mig\bfields\NODES\Pyongcha.BF
File Copy: C:\rowan\mig\bfields\NODES\Pyonggan.BF
File Copy: C:\rowan\mig\bfields\NODES\Pyongtae.BF
File Copy: C:\rowan\mig\bfields\NODES\SAKCHU.BF
File Copy: C:\rowan\mig\bfields\NODES\SAMCHOK.BF
File Copy: C:\rowan\mig\bfields\NODES\SAMDUNG.BF
File Copy: C:\rowan\mig\bfields\NODES\SANGWON.BF
File Copy: C:\rowan\mig\bfields\NODES\SARIWON.BF
File Copy: C:\rowan\mig\bfields\NODES\SEPO.BF
File Copy: C:\rowan\mig\bfields\NODES\SINAJU.BF
File Copy: C:\rowan\mig\bfields\NODES\SINGYE.BF
File Copy: C:\rowan\mig\bfields\NODES\SONGNAM.BF
File Copy: C:\rowan\mig\bfields\NODES\SUAN.BF
File Copy: C:\rowan\mig\bfields\NODES\SUKCHON.BF
File Copy: C:\rowan\mig\bfields\NODES\SUNCHON.BF
File Copy: C:\rowan\mig\bfields\NODES\SUWON.BF
File Copy: C:\rowan\mig\bfields\NODES\Sangju.BF
File Copy: C:\rowan\mig\bfields\NODES\Sangnam.BF
File Copy: C:\rowan\mig\bfields\NODES\Seoul.BF
File Copy: C:\rowan\mig\bfields\NODES\SinmiDo.BF
File Copy: C:\rowan\mig\bfields\NODES\Sinuiju.BF
File Copy: C:\rowan\mig\bfields\NODES\Sonchon.BF
File Copy: C:\rowan\mig\bfields\NODES\Songnam2.BF
File Copy: C:\rowan\mig\bfields\NODES\Suiho.BF
File Copy: C:\rowan\mig\bfields\NODES\TAEJON.BF
File Copy: C:\rowan\mig\bfields\NODES\TANCHON.BF
File Copy: C:\rowan\mig\bfields\NODES\TOKCHON.BF
File Copy: C:\rowan\mig\bfields\NODES\Taechon.BF
File Copy: C:\rowan\mig\bfields\NODES\Taegu.BF
File Copy: C:\rowan\mig\bfields\NODES\Taepaek.BF
File Copy: C:\rowan\mig\bfields\NODES\Tanyang.BF
File Copy: C:\rowan\mig\bfields\NODES\UIJONGBU.BF
File Copy: C:\rowan\mig\bfields\NODES\Uisong.BF
File Copy: C:\rowan\mig\bfields\NODES\Ulhin.BF
File Copy: C:\rowan\mig\bfields\NODES\WONSAN.BF
File Copy: C:\rowan\mig\bfields\NODES\WaDong.BF
File Copy: C:\rowan\mig\bfields\NODES\Wonju.BF
File Copy: C:\rowan\mig\bfields\NODES\YANGDOK.BF
File Copy: C:\rowan\mig\bfields\NODES\YANGPYON.BF
File Copy: C:\rowan\mig\bfields\NODES\YANGYANG.BF
File Copy: C:\rowan\mig\bfields\NODES\YOMJU.BF
File Copy: C:\rowan\mig\bfields\NODES\YONAN.BF
File Copy: C:\rowan\mig\bfields\NODES\YONCHON.BF
File Copy: C:\rowan\mig\bfields\NODES\YONGHAE.BF
File Copy: C:\rowan\mig\bfields\NODES\YONGHUNG.BF
File Copy: C:\rowan\mig\bfields\NODES\YULCHON.BF
File Copy: C:\rowan\mig\bfields\NODES\YULLI.BF
File Copy: C:\rowan\mig\bfields\NODES\Yechon.BF
File Copy: C:\rowan\mig\bfields\NODES\Yongdok.BF
File Copy: C:\rowan\mig\bfields\NODES\Yongdong.BF
File Copy: C:\rowan\mig\bfields\NODES\Yongju.BF
File Copy: C:\rowan\mig\bfields\NODES\Yongpyon.BF
Made Dir: C:\rowan\mig\bfields\PREPACK
File Copy: C:\rowan\mig\bfields\PREPACK\DIR.DIR
Made Dir: C:\rowan\mig\bfields\RAILAREA
File Copy: C:\rowan\mig\bfields\RAILAREA\DIR.DIR
Made Dir: C:\rowan\mig\bfields\ROADAREA
File Copy: C:\rowan\mig\bfields\ROADAREA\DIR.DIR
Made Dir: C:\rowan\mig\bfields\RUNPACK
File Copy: C:\rowan\mig\bfields\RUNPACK\DIR.DIR
File Copy: C:\rowan\mig\bfields\RUNPACK\runpack0.bf
File Copy: C:\rowan\mig\bfields\RUNPACK\runpack1.bf
File Copy: C:\rowan\mig\bfields\RUNPACK\runpack2.bf
File Copy: C:\rowan\mig\bfields\RUNPACK\runpack3.bf
File Copy: C:\rowan\mig\bfields\RUNPACK\runpack4.bf
File Copy: C:\rowan\mig\bfields\RUNPACK\runpack5.bf
Made Dir: C:\rowan\mig\bfields\USERPACK
File Copy: C:\rowan\mig\bfields\USERPACK\DIR.DIR
Made Dir: C:\rowan\mig\bfields\BRIDGES
File Copy: C:\rowan\mig\bfields\BRIDGES\DIR.DIR
Made Dir: C:\rowan\mig\COCKMASK
File Copy: C:\rowan\mig\COCKMASK\CMIGCAN.X8
File Copy: C:\rowan\mig\COCKMASK\CMIGCAN2.X8
File Copy: C:\rowan\mig\COCKMASK\CMIGCAN3.X8
File Copy: C:\rowan\mig\COCKMASK\CMIGCAN4.X8
File Copy: C:\rowan\mig\COCKMASK\CPITBLUR.X8
File Copy: C:\rowan\mig\COCKMASK\CPTF5112.X8
File Copy: C:\rowan\mig\COCKMASK\CPTF51D7.X8
File Copy: C:\rowan\mig\COCKMASK\CPTF51HD.X8
File Copy: C:\rowan\mig\COCKMASK\CPTF80AT.X8
File Copy: C:\rowan\mig\COCKMASK\CPTF8614.X8
File Copy: C:\rowan\mig\COCKMASK\CPTF86BT.X8
File Copy: C:\rowan\mig\COCKMASK\CPTF86M8.X8
File Copy: C:\rowan\mig\COCKMASK\CPTF86WL.X8
File Copy: C:\rowan\mig\COCKMASK\CPTM15AM.X8
File Copy: C:\rowan\mig\COCKMASK\CPTM15D5.X8
File Copy: C:\rowan\mig\COCKMASK\CPTM15D6.X8
File Copy: C:\rowan\mig\COCKMASK\CPTM15G.X8
File Copy: C:\rowan\mig\COCKMASK\CPTM15HD.X8
File Copy: C:\rowan\mig\COCKMASK\CPTM15WL.X8
File Copy: C:\rowan\mig\COCKMASK\DIR.DIR
Made Dir: C:\rowan\mig\COCKPITS
File Copy: C:\rowan\mig\COCKPITS\CMIGBWL.X8
File Copy: C:\rowan\mig\COCKPITS\CMIGBWL2.X8
File Copy: C:\rowan\mig\COCKPITS\CMIGBWL3.X8
File Copy: C:\rowan\mig\COCKPITS\CMIGBWL4.X8
File Copy: C:\rowan\mig\COCKPITS\CMIGBWL5.X8
File Copy: C:\rowan\mig\COCKPITS\CMIGBWL6.X8
File Copy: C:\rowan\mig\COCKPITS\CMIGBWL7.X8
File Copy: C:\rowan\mig\COCKPITS\CMIGBWL8.X8
File Copy: C:\rowan\mig\COCKPITS\CMIGBWR.X8
File Copy: C:\rowan\mig\COCKPITS\CMIGBWR2.X8
File Copy: C:\rowan\mig\COCKPITS\CMIGBWR3.X8
File Copy: C:\rowan\mig\COCKPITS\CMIGBWR4.X8
File Copy: C:\rowan\mig\COCKPITS\CMIGBWR5.X8
File Copy: C:\rowan\mig\COCKPITS\CMIGBWR6.X8
File Copy: C:\rowan\mig\COCKPITS\CMIGBWR7.X8
File Copy: C:\rowan\mig\COCKPITS\CMIGBWR8.X8
File Copy: C:\rowan\mig\COCKPITS\CMIGFIN.X8
File Copy: C:\rowan\mig\COCKPITS\CMIGFIN2.X8
File Copy: C:\rowan\mig\COCKPITS\CMIGFIN3.X8
File Copy: C:\rowan\mig\COCKPITS\CMIGFIN4.X8
File Copy: C:\rowan\mig\COCKPITS\CMIGFIN5.X8
File Copy: C:\rowan\mig\COCKPITS\CMIGFIN6.X8
File Copy: C:\rowan\mig\COCKPITS\CMIGFIN7.X8
File Copy: C:\rowan\mig\COCKPITS\CMIGFIN8.X8
File Copy: C:\rowan\mig\COCKPITS\CMIGFSE.X8
File Copy: C:\rowan\mig\COCKPITS\CMIGFSE2.X8
File Copy: C:\rowan\mig\COCKPITS\CMIGFSE3.X8
File Copy: C:\rowan\mig\COCKPITS\CMIGFSE4.X8
File Copy: C:\rowan\mig\COCKPITS\CMIGNOSE.X8
File Copy: C:\rowan\mig\COCKPITS\CMIGTAL.X8
File Copy: C:\rowan\mig\COCKPITS\CMIGTAL2.X8
File Copy: C:\rowan\mig\COCKPITS\CMIGTAL3.X8
File Copy: C:\rowan\mig\COCKPITS\CMIGTAL4.X8
File Copy: C:\rowan\mig\COCKPITS\CMIGTAL5.X8
File Copy: C:\rowan\mig\COCKPITS\CMIGTAL6.X8
File Copy: C:\rowan\mig\COCKPITS\CMIGTAL7.X8
File Copy: C:\rowan\mig\COCKPITS\CMIGTAL8.X8
File Copy: C:\rowan\mig\COCKPITS\CMIGTWL.X8
File Copy: C:\rowan\mig\COCKPITS\CMIGTWL2.X8
File Copy: C:\rowan\mig\COCKPITS\CMIGTWL3.X8
File Copy: C:\rowan\mig\COCKPITS\CMIGTWL4.X8
File Copy: C:\rowan\mig\COCKPITS\CMIGTWL5.X8
File Copy: C:\rowan\mig\COCKPITS\CMIGTWL6.X8
File Copy: C:\rowan\mig\COCKPITS\CMIGTWL7.X8
File Copy: C:\rowan\mig\COCKPITS\CMIGTWL8.X8
File Copy: C:\rowan\mig\COCKPITS\CMIGTWR.X8
File Copy: C:\rowan\mig\COCKPITS\CMIGTWR2.X8
File Copy: C:\rowan\mig\COCKPITS\CMIGTWR3.X8
File Copy: C:\rowan\mig\COCKPITS\CMIGTWR4.X8
File Copy: C:\rowan\mig\COCKPITS\CMIGTWR5.X8
File Copy: C:\rowan\mig\COCKPITS\CMIGTWR6.X8
File Copy: C:\rowan\mig\COCKPITS\CMIGTWR7.X8
File Copy: C:\rowan\mig\COCKPITS\CMIGTWR8.X8
File Copy: C:\rowan\mig\COCKPITS\CPITF511.X8
File Copy: C:\rowan\mig\COCKPITS\CPITF512.X8
File Copy: C:\rowan\mig\COCKPITS\CPITF513.X8
File Copy: C:\rowan\mig\COCKPITS\CPITF514.X8
File Copy: C:\rowan\mig\COCKPITS\CPITF801.X8
File Copy: C:\rowan\mig\COCKPITS\CPITF802.X8
File Copy: C:\rowan\mig\COCKPITS\CPITF841.X8
File Copy: C:\rowan\mig\COCKPITS\CPITF842.X8
File Copy: C:\rowan\mig\COCKPITS\CPITF861.X8
File Copy: C:\rowan\mig\COCKPITS\CPITF862.X8
File Copy: C:\rowan\mig\COCKPITS\CPITF863.X8
File Copy: C:\rowan\mig\COCKPITS\CPITF864.X8
File Copy: C:\rowan\mig\COCKPITS\CPTF5111.X8
File Copy: C:\rowan\mig\COCKPITS\CPTF5113.X8
File Copy: C:\rowan\mig\COCKPITS\CPTF5114.X8
File Copy: C:\rowan\mig\COCKPITS\CPTF5115.X8
File Copy: C:\rowan\mig\COCKPITS\CPTF5116.X8
File Copy: C:\rowan\mig\COCKPITS\CPTF51BT.X8
File Copy: C:\rowan\mig\COCKPITS\CPTF51C.X8
File Copy: C:\rowan\mig\COCKPITS\CPTF51D1.X8
File Copy: C:\rowan\mig\COCKPITS\CPTF51D2.X8
File Copy: C:\rowan\mig\COCKPITS\CPTF51D3.X8
File Copy: C:\rowan\mig\COCKPITS\CPTF51D4.X8
File Copy: C:\rowan\mig\COCKPITS\CPTF51D5.X8
File Copy: C:\rowan\mig\COCKPITS\CPTF51D8.X8
File Copy: C:\rowan\mig\COCKPITS\CPTF51D9.X8
File Copy: C:\rowan\mig\COCKPITS\CPTF51LH.X8
File Copy: C:\rowan\mig\COCKPITS\CPTF51W.X8
File Copy: C:\rowan\mig\COCKPITS\CPTF80DR.X8
File Copy: C:\rowan\mig\COCKPITS\CPTF80RM.X8
File Copy: C:\rowan\mig\COCKPITS\CPTF84D3.X8
File Copy: C:\rowan\mig\COCKPITS\CPTF84R.X8
File Copy: C:\rowan\mig\COCKPITS\CPTF84RM.X8
File Copy: C:\rowan\mig\COCKPITS\CPTF8610.X8
File Copy: C:\rowan\mig\COCKPITS\CPTF8611.X8
File Copy: C:\rowan\mig\COCKPITS\CPTF8612.X8
File Copy: C:\rowan\mig\COCKPITS\CPTF8613.X8
File Copy: C:\rowan\mig\COCKPITS\CPTF8615.X8
File Copy: C:\rowan\mig\COCKPITS\CPTF8616.X8
File Copy: C:\rowan\mig\COCKPITS\CPTF8617.X8
File Copy: C:\rowan\mig\COCKPITS\CPTF8618.X8
File Copy: C:\rowan\mig\COCKPITS\CPTF8619.X8
File Copy: C:\rowan\mig\COCKPITS\CPTF8620.X8
File Copy: C:\rowan\mig\COCKPITS\CPTF8621.X8
File Copy: C:\rowan\mig\COCKPITS\CPTF86AM.X8
File Copy: C:\rowan\mig\COCKPITS\CPTF86BK.X8
File Copy: C:\rowan\mig\COCKPITS\CPTF86D1.X8
File Copy: C:\rowan\mig\COCKPITS\CPTF86D2.X8
File Copy: C:\rowan\mig\COCKPITS\CPTF86D3.X8
File Copy: C:\rowan\mig\COCKPITS\CPTF86D4.X8
File Copy: C:\rowan\mig\COCKPITS\CPTF86D5.X8
File Copy: C:\rowan\mig\COCKPITS\CPTF86D6.X8
File Copy: C:\rowan\mig\COCKPITS\CPTF86D7.X8
File Copy: C:\rowan\mig\COCKPITS\CPTF86D8.X8
File Copy: C:\rowan\mig\COCKPITS\CPTF86D9.X8
File Copy: C:\rowan\mig\COCKPITS\CPTF86EW.X8
File Copy: C:\rowan\mig\COCKPITS\CPTF86FR.X8
File Copy: C:\rowan\mig\COCKPITS\CPTF86HD.X8
File Copy: C:\rowan\mig\COCKPITS\CPTF86WB.X8
File Copy: C:\rowan\mig\COCKPITS\CPTF86WD.X8
File Copy: C:\rowan\mig\COCKPITS\CPTF86WF.X8
File Copy: C:\rowan\mig\COCKPITS\CPTM1510.X8
File Copy: C:\rowan\mig\COCKPITS\CPTM1511.X8
File Copy: C:\rowan\mig\COCKPITS\CPTM1512.X8
File Copy: C:\rowan\mig\COCKPITS\CPTM1513.X8
File Copy: C:\rowan\mig\COCKPITS\CPTM1514.X8
File Copy: C:\rowan\mig\COCKPITS\CPTM1515.X8
File Copy: C:\rowan\mig\COCKPITS\CPTM1516.X8
File Copy: C:\rowan\mig\COCKPITS\CPTM1517.X8
File Copy: C:\rowan\mig\COCKPITS\CPTM15BE.X8
File Copy: C:\rowan\mig\COCKPITS\CPTM15BW.X8
File Copy: C:\rowan\mig\COCKPITS\CPTM15D1.X8
File Copy: C:\rowan\mig\COCKPITS\CPTM15D2.X8
File Copy: C:\rowan\mig\COCKPITS\CPTM15D3.X8
File Copy: C:\rowan\mig\COCKPITS\CPTM15D4.X8
File Copy: C:\rowan\mig\COCKPITS\CPTM15D7.X8
File Copy: C:\rowan\mig\COCKPITS\CPTM15D8.X8
File Copy: C:\rowan\mig\COCKPITS\CPTM15D9.X8
File Copy: C:\rowan\mig\COCKPITS\CPTM15DT.X8
File Copy: C:\rowan\mig\COCKPITS\CPTM15EW.X8
File Copy: C:\rowan\mig\COCKPITS\CPTM15TE.X8
File Copy: C:\rowan\mig\COCKPITS\CPTM15TW.X8
File Copy: C:\rowan\mig\COCKPITS\CPTM15WW.X8
File Copy: C:\rowan\mig\COCKPITS\DIR.DIR
Made Dir: C:\rowan\mig\COCKPM16
File Copy: C:\rowan\mig\COCKPM16\CMIGCAN.X8
File Copy: C:\rowan\mig\COCKPM16\CMIGCAN2.X8
File Copy: C:\rowan\mig\COCKPM16\CMIGCAN3.X8
File Copy: C:\rowan\mig\COCKPM16\CMIGCAN4.X8
File Copy: C:\rowan\mig\COCKPM16\CPITBLUR.X8
File Copy: C:\rowan\mig\COCKPM16\CPTM15G.X8
File Copy: C:\rowan\mig\COCKPM16\DIR.DIR
Made Dir: C:\rowan\mig\COCKPT16
File Copy: C:\rowan\mig\COCKPT16\CMIGBWL.X8
File Copy: C:\rowan\mig\COCKPT16\CMIGBWL2.X8
File Copy: C:\rowan\mig\COCKPT16\CMIGBWL3.X8
File Copy: C:\rowan\mig\COCKPT16\CMIGBWL4.X8
File Copy: C:\rowan\mig\COCKPT16\CMIGBWL5.X8
File Copy: C:\rowan\mig\COCKPT16\CMIGBWL6.X8
File Copy: C:\rowan\mig\COCKPT16\CMIGBWL7.X8
File Copy: C:\rowan\mig\COCKPT16\CMIGBWL8.X8
File Copy: C:\rowan\mig\COCKPT16\CMIGBWR.X8
File Copy: C:\rowan\mig\COCKPT16\CMIGBWR2.X8
File Copy: C:\rowan\mig\COCKPT16\CMIGBWR3.X8
File Copy: C:\rowan\mig\COCKPT16\CMIGBWR4.X8
File Copy: C:\rowan\mig\COCKPT16\CMIGBWR5.X8
File Copy: C:\rowan\mig\COCKPT16\CMIGBWR6.X8
File Copy: C:\rowan\mig\COCKPT16\CMIGBWR7.X8
File Copy: C:\rowan\mig\COCKPT16\CMIGBWR8.X8
File Copy: C:\rowan\mig\COCKPT16\CMIGFIN.X8
File Copy: C:\rowan\mig\COCKPT16\CMIGFIN2.X8
File Copy: C:\rowan\mig\COCKPT16\CMIGFIN3.X8
File Copy: C:\rowan\mig\COCKPT16\CMIGFIN4.X8
File Copy: C:\rowan\mig\COCKPT16\CMIGFIN5.X8
File Copy: C:\rowan\mig\COCKPT16\CMIGFIN6.X8
File Copy: C:\rowan\mig\COCKPT16\CMIGFIN7.X8
File Copy: C:\rowan\mig\COCKPT16\CMIGFIN8.X8
File Copy: C:\rowan\mig\COCKPT16\CMIGFSE.X8
File Copy: C:\rowan\mig\COCKPT16\CMIGFSE2.X8
File Copy: C:\rowan\mig\COCKPT16\CMIGFSE3.X8
File Copy: C:\rowan\mig\COCKPT16\CMIGFSE4.X8
File Copy: C:\rowan\mig\COCKPT16\CMIGNOSE.X8
File Copy: C:\rowan\mig\COCKPT16\CMIGTAL.X8
File Copy: C:\rowan\mig\COCKPT16\CMIGTAL2.X8
File Copy: C:\rowan\mig\COCKPT16\CMIGTAL3.X8
File Copy: C:\rowan\mig\COCKPT16\CMIGTAL4.X8
File Copy: C:\rowan\mig\COCKPT16\CMIGTAL5.X8
File Copy: C:\rowan\mig\COCKPT16\CMIGTAL6.X8
File Copy: C:\rowan\mig\COCKPT16\CMIGTAL7.X8
File Copy: C:\rowan\mig\COCKPT16\CMIGTAL8.X8
File Copy: C:\rowan\mig\COCKPT16\CMIGTWL.X8
File Copy: C:\rowan\mig\COCKPT16\CMIGTWL2.X8
File Copy: C:\rowan\mig\COCKPT16\CMIGTWL3.X8
File Copy: C:\rowan\mig\COCKPT16\CMIGTWL4.X8
File Copy: C:\rowan\mig\COCKPT16\CMIGTWL5.X8
File Copy: C:\rowan\mig\COCKPT16\CMIGTWL6.X8
File Copy: C:\rowan\mig\COCKPT16\CMIGTWL7.X8
File Copy: C:\rowan\mig\COCKPT16\CMIGTWL8.X8
File Copy: C:\rowan\mig\COCKPT16\CMIGTWR.X8
File Copy: C:\rowan\mig\COCKPT16\CMIGTWR2.X8
File Copy: C:\rowan\mig\COCKPT16\CMIGTWR3.X8
File Copy: C:\rowan\mig\COCKPT16\CMIGTWR4.X8
File Copy: C:\rowan\mig\COCKPT16\CMIGTWR5.X8
File Copy: C:\rowan\mig\COCKPT16\CMIGTWR6.X8
File Copy: C:\rowan\mig\COCKPT16\CMIGTWR7.X8
File Copy: C:\rowan\mig\COCKPT16\CMIGTWR8.X8
File Copy: C:\rowan\mig\COCKPT16\DIR.DIR
Made Dir: C:\rowan\mig\GRPBIN
File Copy: C:\rowan\mig\GRPBIN\AFDL.bin
File Copy: C:\rowan\mig\GRPBIN\AFDS.bin
File Copy: C:\rowan\mig\GRPBIN\BREW.bin
File Copy: C:\rowan\mig\GRPBIN\BRIDGE1.bin
File Copy: C:\rowan\mig\GRPBIN\BRIDGE10.bin
File Copy: C:\rowan\mig\GRPBIN\BRIDGE11.bin
File Copy: C:\rowan\mig\GRPBIN\BRIDGE12.bin
File Copy: C:\rowan\mig\GRPBIN\BRIDGE13.bin
File Copy: C:\rowan\mig\GRPBIN\BRIDGE14.bin
File Copy: C:\rowan\mig\GRPBIN\BRIDGE15.bin
File Copy: C:\rowan\mig\GRPBIN\BRIDGE16.bin
File Copy: C:\rowan\mig\GRPBIN\BRIDGE17.bin
File Copy: C:\rowan\mig\GRPBIN\BRIDGE18.bin
File Copy: C:\rowan\mig\GRPBIN\BRIDGE19.bin
File Copy: C:\rowan\mig\GRPBIN\BRIDGE2.bin
File Copy: C:\rowan\mig\GRPBIN\BRIDGE20.bin
File Copy: C:\rowan\mig\GRPBIN\BRIDGE21.bin
File Copy: C:\rowan\mig\GRPBIN\BRIDGE22.bin
File Copy: C:\rowan\mig\GRPBIN\BRIDGE23.bin
File Copy: C:\rowan\mig\GRPBIN\BRIDGE24.bin
File Copy: C:\rowan\mig\GRPBIN\BRIDGE25.bin
File Copy: C:\rowan\mig\GRPBIN\BRIDGE26.bin
File Copy: C:\rowan\mig\GRPBIN\BRIDGE27.bin
File Copy: C:\rowan\mig\GRPBIN\BRIDGE28.bin
File Copy: C:\rowan\mig\GRPBIN\BRIDGE29.bin
File Copy: C:\rowan\mig\GRPBIN\BRIDGE3.bin
File Copy: C:\rowan\mig\GRPBIN\BRIDGE30.bin
File Copy: C:\rowan\mig\GRPBIN\BRIDGE31.bin
File Copy: C:\rowan\mig\GRPBIN\BRIDGE32.bin
File Copy: C:\rowan\mig\GRPBIN\BRIDGE33.bin
File Copy: C:\rowan\mig\GRPBIN\BRIDGE34.bin
File Copy: C:\rowan\mig\GRPBIN\BRIDGE35.bin
File Copy: C:\rowan\mig\GRPBIN\BRIDGE36.bin
File Copy: C:\rowan\mig\GRPBIN\BRIDGE37.bin
File Copy: C:\rowan\mig\GRPBIN\BRIDGE38.bin
File Copy: C:\rowan\mig\GRPBIN\BRIDGE39.bin
File Copy: C:\rowan\mig\GRPBIN\BRIDGE4.bin
File Copy: C:\rowan\mig\GRPBIN\BRIDGE40.bin
File Copy: C:\rowan\mig\GRPBIN\BRIDGE5.bin
File Copy: C:\rowan\mig\GRPBIN\BRIDGE6.bin
File Copy: C:\rowan\mig\GRPBIN\BRIDGE7.bin
File Copy: C:\rowan\mig\GRPBIN\BRIDGE8.bin
File Copy: C:\rowan\mig\GRPBIN\BRIDGE9.bin
File Copy: C:\rowan\mig\GRPBIN\BRNS.bin
File Copy: C:\rowan\mig\GRPBIN\BUNKN.bin
File Copy: C:\rowan\mig\GRPBIN\BUNKNE.bin
File Copy: C:\rowan\mig\GRPBIN\BUNKNW.bin
File Copy: C:\rowan\mig\GRPBIN\BUNKS.bin
File Copy: C:\rowan\mig\GRPBIN\BUNKSE.bin
File Copy: C:\rowan\mig\GRPBIN\BUNKSW.bin
File Copy: C:\rowan\mig\GRPBIN\CHIM.bin
File Copy: C:\rowan\mig\GRPBIN\CITY1.bin
File Copy: C:\rowan\mig\GRPBIN\CITY2.bin
File Copy: C:\rowan\mig\GRPBIN\CTL.bin
File Copy: C:\rowan\mig\GRPBIN\CTS.bin
File Copy: C:\rowan\mig\GRPBIN\DIR.DIR
File Copy: C:\rowan\mig\GRPBIN\EMPTY.bin
File Copy: C:\rowan\mig\GRPBIN\FLKTRP1.bin
File Copy: C:\rowan\mig\GRPBIN\FLKTRP2.bin
File Copy: C:\rowan\mig\GRPBIN\FLKTRP3.bin
File Copy: C:\rowan\mig\GRPBIN\FOREST1.bin
File Copy: C:\rowan\mig\GRPBIN\FOREST2.bin
File Copy: C:\rowan\mig\GRPBIN\HREW.bin
File Copy: C:\rowan\mig\GRPBIN\HRNS.bin
File Copy: C:\rowan\mig\GRPBIN\KIMPO.bin
File Copy: C:\rowan\mig\GRPBIN\LAREA.bin
File Copy: C:\rowan\mig\GRPBIN\LAREA2.bin
File Copy: C:\rowan\mig\GRPBIN\LBFLAK.bin
File Copy: C:\rowan\mig\GRPBIN\LBFLAK2.bin
File Copy: C:\rowan\mig\GRPBIN\MDL.bin
File Copy: C:\rowan\mig\GRPBIN\MDM.bin
File Copy: C:\rowan\mig\GRPBIN\MDXL.bin
File Copy: C:\rowan\mig\GRPBIN\MHQ.bin
File Copy: C:\rowan\mig\GRPBIN\OPPSL.bin
File Copy: C:\rowan\mig\GRPBIN\OPPSM.bin
File Copy: C:\rowan\mig\GRPBIN\OPPSS.bin
File Copy: C:\rowan\mig\GRPBIN\RDLEW.bin
File Copy: C:\rowan\mig\GRPBIN\RDLNS.bin
File Copy: C:\rowan\mig\GRPBIN\RDSEW.bin
File Copy: C:\rowan\mig\GRPBIN\RDSNS.bin
File Copy: C:\rowan\mig\GRPBIN\RLL1EW.bin
File Copy: C:\rowan\mig\GRPBIN\RLL1NS.bin
File Copy: C:\rowan\mig\GRPBIN\RLL2EW.bin
File Copy: C:\rowan\mig\GRPBIN\RLL2NS.bin
File Copy: C:\rowan\mig\GRPBIN\RLL3EW.bin
File Copy: C:\rowan\mig\GRPBIN\RLL3NS.bin
File Copy: C:\rowan\mig\GRPBIN\RLL4EW.bin
File Copy: C:\rowan\mig\GRPBIN\RLL4NS.bin
File Copy: C:\rowan\mig\GRPBIN\RLS1EW.bin
File Copy: C:\rowan\mig\GRPBIN\RLS1NS.bin
File Copy: C:\rowan\mig\GRPBIN\RLS2EW.bin
File Copy: C:\rowan\mig\GRPBIN\RLS2NS.bin
File Copy: C:\rowan\mig\GRPBIN\RLS3EW.bin
File Copy: C:\rowan\mig\GRPBIN\RLS3NS.bin
File Copy: C:\rowan\mig\GRPBIN\RLS4EW.bin
File Copy: C:\rowan\mig\GRPBIN\RLS4NS.bin
File Copy: C:\rowan\mig\GRPBIN\RPCTL.bin
File Copy: C:\rowan\mig\GRPBIN\RPCTS.bin
File Copy: C:\rowan\mig\GRPBIN\RPHREW.bin
File Copy: C:\rowan\mig\GRPBIN\RPHRNS.bin
File Copy: C:\rowan\mig\GRPBIN\RPMHQ.bin
File Copy: C:\rowan\mig\GRPBIN\RPOPPSL.bin
File Copy: C:\rowan\mig\GRPBIN\RPOPPSM.bin
File Copy: C:\rowan\mig\GRPBIN\RREW.bin
File Copy: C:\rowan\mig\GRPBIN\RRNESW.bin
File Copy: C:\rowan\mig\GRPBIN\RRNS.bin
File Copy: C:\rowan\mig\GRPBIN\RRNWSE.bin
File Copy: C:\rowan\mig\GRPBIN\RUNWAY00.bin
File Copy: C:\rowan\mig\GRPBIN\RUNWAY01.bin
File Copy: C:\rowan\mig\GRPBIN\RUNWAY02.bin
File Copy: C:\rowan\mig\GRPBIN\RUNWAY03.bin
File Copy: C:\rowan\mig\GRPBIN\RUNWAY04.bin
File Copy: C:\rowan\mig\GRPBIN\RUNWAY05.bin
File Copy: C:\rowan\mig\GRPBIN\RUNWAY06.bin
File Copy: C:\rowan\mig\GRPBIN\RUNWAY07.bin
File Copy: C:\rowan\mig\GRPBIN\RUNWAY08.bin
File Copy: C:\rowan\mig\GRPBIN\RUNWAY09.bin
File Copy: C:\rowan\mig\GRPBIN\RUNWAY10.bin
File Copy: C:\rowan\mig\GRPBIN\RUNWAY11.bin
File Copy: C:\rowan\mig\GRPBIN\RUNWAY12.bin
File Copy: C:\rowan\mig\GRPBIN\RUNWAY13.bin
File Copy: C:\rowan\mig\GRPBIN\RUNWAY14.bin
File Copy: C:\rowan\mig\GRPBIN\RUNWAY15.bin
File Copy: C:\rowan\mig\GRPBIN\RUNWAY16.bin
File Copy: C:\rowan\mig\GRPBIN\RUNWAY17.bin
File Copy: C:\rowan\mig\GRPBIN\RUNWAY18.bin
File Copy: C:\rowan\mig\GRPBIN\RUNWAY19.bin
File Copy: C:\rowan\mig\GRPBIN\RUNWAY20.bin
File Copy: C:\rowan\mig\GRPBIN\RUNWAY21.bin
File Copy: C:\rowan\mig\GRPBIN\RUNWAY22.bin
File Copy: C:\rowan\mig\GRPBIN\RUNWAY23.bin
File Copy: C:\rowan\mig\GRPBIN\RUNWAY24.bin
File Copy: C:\rowan\mig\GRPBIN\RUNWAY25.bin
File Copy: C:\rowan\mig\GRPBIN\RUNWAY26.bin
File Copy: C:\rowan\mig\GRPBIN\RUNWAY27.bin
File Copy: C:\rowan\mig\GRPBIN\RUNWAY28.bin
File Copy: C:\rowan\mig\GRPBIN\RUNWAY29.bin
File Copy: C:\rowan\mig\GRPBIN\RUNWAY30.bin
File Copy: C:\rowan\mig\GRPBIN\SAAA.bin
File Copy: C:\rowan\mig\GRPBIN\SAAA2.bin
File Copy: C:\rowan\mig\GRPBIN\SDISP1.bin
File Copy: C:\rowan\mig\GRPBIN\SDISP2.bin
File Copy: C:\rowan\mig\GRPBIN\SDISP3.bin
File Copy: C:\rowan\mig\GRPBIN\SLITN.bin
File Copy: C:\rowan\mig\GRPBIN\SLITNE.bin
File Copy: C:\rowan\mig\GRPBIN\SLITNW.bin
File Copy: C:\rowan\mig\GRPBIN\SLITS.bin
File Copy: C:\rowan\mig\GRPBIN\SLITSE.bin
File Copy: C:\rowan\mig\GRPBIN\SLITSW.bin
File Copy: C:\rowan\mig\GRPBIN\SYARD.bin
File Copy: C:\rowan\mig\GRPBIN\TF.bin
File Copy: C:\rowan\mig\GRPBIN\TWN1.bin
File Copy: C:\rowan\mig\GRPBIN\TWN1A.bin
File Copy: C:\rowan\mig\GRPBIN\TWN2.bin
File Copy: C:\rowan\mig\GRPBIN\TWN2A.bin
File Copy: C:\rowan\mig\GRPBIN\TWN3.bin
File Copy: C:\rowan\mig\GRPBIN\TWN3EW.bin
File Copy: C:\rowan\mig\GRPBIN\TWN4.bin
File Copy: C:\rowan\mig\GRPBIN\TWNB.bin
File Copy: C:\rowan\mig\GRPBIN\V1NS.bin
File Copy: C:\rowan\mig\GRPBIN\V2EW.bin
File Copy: C:\rowan\mig\GRPBIN\V3NESW.bin
File Copy: C:\rowan\mig\GRPBIN\V4NWSE.bin
File Copy: C:\rowan\mig\GRPBIN\WF1S.bin
File Copy: C:\rowan\mig\GRPBIN\WF2S.bin
File Copy: C:\rowan\mig\GRPBIN\WF3M.bin
File Copy: C:\rowan\mig\GRPBIN\WF4M.bin
File Copy: C:\rowan\mig\GRPBIN\WF5M.bin
File Copy: C:\rowan\mig\GRPBIN\WF6L.bin
File Copy: C:\rowan\mig\GRPBIN\WF7L.bin
File Copy: C:\rowan\mig\GRPBIN\WOOD1.bin
File Copy: C:\rowan\mig\GRPBIN\WOOD2.bin
File Copy: C:\rowan\mig\GRPBIN\WOOD3.bin
Date/Time: Following file not copied.
 File Copy: C:\rowan\mig\H\DIR.DIR
File Copy: C:\rowan\mig\H\KEYMAPS.H
Made Dir: C:\rowan\mig\IMAGEMAP
File Copy: C:\rowan\mig\IMAGEMAP\B26BLTL.X8
File Copy: C:\rowan\mig\IMAGEMAP\B26BLWI.X8
File Copy: C:\rowan\mig\IMAGEMAP\B26BRTL.X8
File Copy: C:\rowan\mig\IMAGEMAP\B26BRWI.X8
File Copy: C:\rowan\mig\IMAGEMAP\B26ENG.X8
File Copy: C:\rowan\mig\IMAGEMAP\B26FREN.X8
File Copy: C:\rowan\mig\IMAGEMAP\B26FUSE.X8
File Copy: C:\rowan\mig\IMAGEMAP\B26LTL.X8
File Copy: C:\rowan\mig\IMAGEMAP\B26LWIN.X8
File Copy: C:\rowan\mig\IMAGEMAP\B26LWING.X8
File Copy: C:\rowan\mig\IMAGEMAP\B26RTL.X8
File Copy: C:\rowan\mig\IMAGEMAP\B26RWIN.X8
File Copy: C:\rowan\mig\IMAGEMAP\B26RWING.X8
File Copy: C:\rowan\mig\IMAGEMAP\B26SNSE.X8
File Copy: C:\rowan\mig\IMAGEMAP\B26VTAL.X8
File Copy: C:\rowan\mig\IMAGEMAP\B29FRENG.X8
File Copy: C:\rowan\mig\IMAGEMAP\B29LWING.X8
File Copy: C:\rowan\mig\IMAGEMAP\B29NSES.X8
File Copy: C:\rowan\mig\IMAGEMAP\B29PARTS.X8
File Copy: C:\rowan\mig\IMAGEMAP\B29RWING.X8
File Copy: C:\rowan\mig\IMAGEMAP\B29TAILS.X8
File Copy: C:\rowan\mig\IMAGEMAP\B29VTAIL.X8
File Copy: C:\rowan\mig\IMAGEMAP\BALL01.X8
File Copy: C:\rowan\mig\IMAGEMAP\BALL03.X8
File Copy: C:\rowan\mig\IMAGEMAP\BARRELD.X8
File Copy: C:\rowan\mig\IMAGEMAP\BARRELL.X8
File Copy: C:\rowan\mig\IMAGEMAP\BARRELM.X8
File Copy: C:\rowan\mig\IMAGEMAP\BARRELT.X8
File Copy: C:\rowan\mig\IMAGEMAP\BOXD.X8
File Copy: C:\rowan\mig\IMAGEMAP\BOXL.X8
File Copy: C:\rowan\mig\IMAGEMAP\BOXM.X8
File Copy: C:\rowan\mig\IMAGEMAP\BRIBASE.X8
File Copy: C:\rowan\mig\IMAGEMAP\BRIBITS.X8
File Copy: C:\rowan\mig\IMAGEMAP\C47FUSEL.X8
File Copy: C:\rowan\mig\IMAGEMAP\C47TAILS.X8
File Copy: C:\rowan\mig\IMAGEMAP\C54FUSEL.X8
File Copy: C:\rowan\mig\IMAGEMAP\C54LWIN.X8
File Copy: C:\rowan\mig\IMAGEMAP\C54NOSE.X8
File Copy: C:\rowan\mig\IMAGEMAP\C54RWIN.X8
File Copy: C:\rowan\mig\IMAGEMAP\C54TAILS.X8
File Copy: C:\rowan\mig\IMAGEMAP\C54VBITS.X8
File Copy: C:\rowan\mig\IMAGEMAP\CANVAS.X8
File Copy: C:\rowan\mig\IMAGEMAP\CHMBRCK.X8
File Copy: C:\rowan\mig\IMAGEMAP\CITY1.X8
File Copy: C:\rowan\mig\IMAGEMAP\CITY2.X8
File Copy: C:\rowan\mig\IMAGEMAP\CITY3.X8
File Copy: C:\rowan\mig\IMAGEMAP\CITYDAM1.X8
File Copy: C:\rowan\mig\IMAGEMAP\CITYDAM2.X8
File Copy: C:\rowan\mig\IMAGEMAP\CLOUD.X8
File Copy: C:\rowan\mig\IMAGEMAP\CMIGBWL.X8
File Copy: C:\rowan\mig\IMAGEMAP\CMIGBWR.X8
File Copy: C:\rowan\mig\IMAGEMAP\CMIGFIN.X8
File Copy: C:\rowan\mig\IMAGEMAP\CMIGFUSE.X8
File Copy: C:\rowan\mig\IMAGEMAP\CMIGNOSE.X8
File Copy: C:\rowan\mig\IMAGEMAP\CMIGTAIL.X8
File Copy: C:\rowan\mig\IMAGEMAP\CMIGTWL.X8
File Copy: C:\rowan\mig\IMAGEMAP\CMIGTWR.X8
File Copy: C:\rowan\mig\IMAGEMAP\COMPASS.X8
File Copy: C:\rowan\mig\IMAGEMAP\CONAIR.X8
File Copy: C:\rowan\mig\IMAGEMAP\CONCRE.X8
File Copy: C:\rowan\mig\IMAGEMAP\CORSBITS.X8
File Copy: C:\rowan\mig\IMAGEMAP\COVER1.X8
File Copy: C:\rowan\mig\IMAGEMAP\COVER2.X8
File Copy: C:\rowan\mig\IMAGEMAP\COVER3.X8
File Copy: C:\rowan\mig\IMAGEMAP\COVER4.X8
File Copy: C:\rowan\mig\IMAGEMAP\CRATE.X8
File Copy: C:\rowan\mig\IMAGEMAP\CRATED.X8
File Copy: C:\rowan\mig\IMAGEMAP\CRATEL.X8
File Copy: C:\rowan\mig\IMAGEMAP\DEDBRCK.X8
File Copy: C:\rowan\mig\IMAGEMAP\DIR.DIR
File Copy: C:\rowan\mig\IMAGEMAP\ERTRUCK.X8
File Copy: C:\rowan\mig\IMAGEMAP\F51FIN.X8
File Copy: C:\rowan\mig\IMAGEMAP\F51FINB.X8
File Copy: C:\rowan\mig\IMAGEMAP\F51FUEL.X8
File Copy: C:\rowan\mig\IMAGEMAP\F51FUSEL.X8
File Copy: C:\rowan\mig\IMAGEMAP\F51INT.X8
File Copy: C:\rowan\mig\IMAGEMAP\F51NOSE.X8
File Copy: C:\rowan\mig\IMAGEMAP\F51PIT.X8
File Copy: C:\rowan\mig\IMAGEMAP\F51TAIL.X8
File Copy: C:\rowan\mig\IMAGEMAP\F51WBL.X8
File Copy: C:\rowan\mig\IMAGEMAP\F51WBR.X8
File Copy: C:\rowan\mig\IMAGEMAP\F51WTL.X8
File Copy: C:\rowan\mig\IMAGEMAP\F51WTR.X8
File Copy: C:\rowan\mig\IMAGEMAP\F80BTL.X8
File Copy: C:\rowan\mig\IMAGEMAP\F80BTR.X8
File Copy: C:\rowan\mig\IMAGEMAP\F80BWL.X8
File Copy: C:\rowan\mig\IMAGEMAP\F80BWR.X8
File Copy: C:\rowan\mig\IMAGEMAP\F80CPIT.X8
File Copy: C:\rowan\mig\IMAGEMAP\F80EXHST.X8
File Copy: C:\rowan\mig\IMAGEMAP\F80FUEL.X8
File Copy: C:\rowan\mig\IMAGEMAP\F80FUSEL.X8
File Copy: C:\rowan\mig\IMAGEMAP\F80INT.X8
File Copy: C:\rowan\mig\IMAGEMAP\F80TAIL.X8
File Copy: C:\rowan\mig\IMAGEMAP\F80TTL.X8
File Copy: C:\rowan\mig\IMAGEMAP\F80TTR.X8
File Copy: C:\rowan\mig\IMAGEMAP\F80TWL.X8
File Copy: C:\rowan\mig\IMAGEMAP\F80TWR.X8
File Copy: C:\rowan\mig\IMAGEMAP\F82BLWNG.X8
File Copy: C:\rowan\mig\IMAGEMAP\F82BOTC.X8
File Copy: C:\rowan\mig\IMAGEMAP\F82BRWNG.X8
File Copy: C:\rowan\mig\IMAGEMAP\F82CPIT.X8
File Copy: C:\rowan\mig\IMAGEMAP\F82FUSEL.X8
File Copy: C:\rowan\mig\IMAGEMAP\F82NOSE.X8
File Copy: C:\rowan\mig\IMAGEMAP\F82TAILB.X8
File Copy: C:\rowan\mig\IMAGEMAP\F82TAILT.X8
File Copy: C:\rowan\mig\IMAGEMAP\F82TLWNG.X8
File Copy: C:\rowan\mig\IMAGEMAP\F82TOPC.X8
File Copy: C:\rowan\mig\IMAGEMAP\F82TRWNG.X8
File Copy: C:\rowan\mig\IMAGEMAP\F84BTL.X8
File Copy: C:\rowan\mig\IMAGEMAP\F84BTR.X8
File Copy: C:\rowan\mig\IMAGEMAP\F84BWL.X8
File Copy: C:\rowan\mig\IMAGEMAP\F84BWR.X8
File Copy: C:\rowan\mig\IMAGEMAP\F84CPIT.X8
File Copy: C:\rowan\mig\IMAGEMAP\F84EXHST.X8
File Copy: C:\rowan\mig\IMAGEMAP\F84FUEL.X8
File Copy: C:\rowan\mig\IMAGEMAP\F84FUSEL.X8
File Copy: C:\rowan\mig\IMAGEMAP\F84NOSE.X8
File Copy: C:\rowan\mig\IMAGEMAP\F84TAIL.X8
File Copy: C:\rowan\mig\IMAGEMAP\F84TTL.X8
File Copy: C:\rowan\mig\IMAGEMAP\F84TTR.X8
File Copy: C:\rowan\mig\IMAGEMAP\F84TWL.X8
File Copy: C:\rowan\mig\IMAGEMAP\F84TWR.X8
File Copy: C:\rowan\mig\IMAGEMAP\F86BWL.X8
File Copy: C:\rowan\mig\IMAGEMAP\F86BWR.X8
File Copy: C:\rowan\mig\IMAGEMAP\F86CPIT.X8
File Copy: C:\rowan\mig\IMAGEMAP\F86EXHST.X8
File Copy: C:\rowan\mig\IMAGEMAP\F86FUEL.X8
File Copy: C:\rowan\mig\IMAGEMAP\F86FUSEL.X8
File Copy: C:\rowan\mig\IMAGEMAP\F86IN.X8
File Copy: C:\rowan\mig\IMAGEMAP\F86LFINB.X8
File Copy: C:\rowan\mig\IMAGEMAP\F86LFINT.X8
File Copy: C:\rowan\mig\IMAGEMAP\F86NOSE.X8
File Copy: C:\rowan\mig\IMAGEMAP\F86RFINB.X8
File Copy: C:\rowan\mig\IMAGEMAP\F86RFINT.X8
File Copy: C:\rowan\mig\IMAGEMAP\F86TAIL.X8
File Copy: C:\rowan\mig\IMAGEMAP\F86TWL.X8
File Copy: C:\rowan\mig\IMAGEMAP\F86TWR.X8
File Copy: C:\rowan\mig\IMAGEMAP\FOODS.X8
File Copy: C:\rowan\mig\IMAGEMAP\GL_MET.X8
File Copy: C:\rowan\mig\IMAGEMAP\GL_MET1.X8
File Copy: C:\rowan\mig\IMAGEMAP\GRNSHDS.X8
File Copy: C:\rowan\mig\IMAGEMAP\GRNSHED.X8
File Copy: C:\rowan\mig\IMAGEMAP\HALFTRK.X8
File Copy: C:\rowan\mig\IMAGEMAP\HQ.X8
File Copy: C:\rowan\mig\IMAGEMAP\HUTTOP.X8
File Copy: C:\rowan\mig\IMAGEMAP\INSIDE.X8
File Copy: C:\rowan\mig\IMAGEMAP\M15BTL.X8
File Copy: C:\rowan\mig\IMAGEMAP\M15BTR.X8
File Copy: C:\rowan\mig\IMAGEMAP\M15BWL.X8
File Copy: C:\rowan\mig\IMAGEMAP\M15BWR.X8
File Copy: C:\rowan\mig\IMAGEMAP\M15CPIT.X8
File Copy: C:\rowan\mig\IMAGEMAP\M15EXHST.X8
File Copy: C:\rowan\mig\IMAGEMAP\M15FUEL.X8
File Copy: C:\rowan\mig\IMAGEMAP\M15FUSEL.X8
File Copy: C:\rowan\mig\IMAGEMAP\M15NOSE.X8
File Copy: C:\rowan\mig\IMAGEMAP\M15TAIL.X8
File Copy: C:\rowan\mig\IMAGEMAP\M15TTL.X8
File Copy: C:\rowan\mig\IMAGEMAP\M15TTR.X8
File Copy: C:\rowan\mig\IMAGEMAP\M15TWL.X8
File Copy: C:\rowan\mig\IMAGEMAP\M15TWR.X8
File Copy: C:\rowan\mig\IMAGEMAP\MAP1.X8
File Copy: C:\rowan\mig\IMAGEMAP\MAP2.X8
File Copy: C:\rowan\mig\IMAGEMAP\MAPICN2.X8
File Copy: C:\rowan\mig\IMAGEMAP\MAPICNS.X8
File Copy: C:\rowan\mig\IMAGEMAP\MEN.X8
File Copy: C:\rowan\mig\IMAGEMAP\MUSHYPEA.X8
File Copy: C:\rowan\mig\IMAGEMAP\NUMD.X8
File Copy: C:\rowan\mig\IMAGEMAP\NUMS.X8
File Copy: C:\rowan\mig\IMAGEMAP\PILOT1.X8
File Copy: C:\rowan\mig\IMAGEMAP\PIT01.X8
File Copy: C:\rowan\mig\IMAGEMAP\RAIL2.X8
File Copy: C:\rowan\mig\IMAGEMAP\RANGE.X8
File Copy: C:\rowan\mig\IMAGEMAP\REVCON.X8
File Copy: C:\rowan\mig\IMAGEMAP\REVCOND.X8
File Copy: C:\rowan\mig\IMAGEMAP\REVCONR.X8
File Copy: C:\rowan\mig\IMAGEMAP\ROCKET.X8
File Copy: C:\rowan\mig\IMAGEMAP\RPLYICN2.X8
File Copy: C:\rowan\mig\IMAGEMAP\RPLYICNS.X8
File Copy: C:\rowan\mig\IMAGEMAP\SANDY.X8
File Copy: C:\rowan\mig\IMAGEMAP\SANDYD.X8
File Copy: C:\rowan\mig\IMAGEMAP\SANDYDR.X8
File Copy: C:\rowan\mig\IMAGEMAP\SHIPBIT.X8
File Copy: C:\rowan\mig\IMAGEMAP\SKY1.X8
File Copy: C:\rowan\mig\IMAGEMAP\SLATS.X8
File Copy: C:\rowan\mig\IMAGEMAP\SLIT.X8
File Copy: C:\rowan\mig\IMAGEMAP\SOOT.X8
File Copy: C:\rowan\mig\IMAGEMAP\STACKED.X8
File Copy: C:\rowan\mig\IMAGEMAP\SURFAC10.X8
File Copy: C:\rowan\mig\IMAGEMAP\SURFAC11.X8
File Copy: C:\rowan\mig\IMAGEMAP\SURFAC12.X8
File Copy: C:\rowan\mig\IMAGEMAP\SURFAC14.X8
File Copy: C:\rowan\mig\IMAGEMAP\SURFAC15.X8
File Copy: C:\rowan\mig\IMAGEMAP\SURFAC16.X8
File Copy: C:\rowan\mig\IMAGEMAP\SURFAC18.X8
File Copy: C:\rowan\mig\IMAGEMAP\SURFAC20.X8
File Copy: C:\rowan\mig\IMAGEMAP\SURFAC21.X8
File Copy: C:\rowan\mig\IMAGEMAP\SURFAC22.X8
File Copy: C:\rowan\mig\IMAGEMAP\SURFAC23.X8
File Copy: C:\rowan\mig\IMAGEMAP\SURFAC24.X8
File Copy: C:\rowan\mig\IMAGEMAP\SURFAC25.X8
File Copy: C:\rowan\mig\IMAGEMAP\SURFACE1.X8
File Copy: C:\rowan\mig\IMAGEMAP\SURFACE2.X8
File Copy: C:\rowan\mig\IMAGEMAP\SURFACE3.X8
File Copy: C:\rowan\mig\IMAGEMAP\SURFACE5.X8
File Copy: C:\rowan\mig\IMAGEMAP\SURFACE6.X8
File Copy: C:\rowan\mig\IMAGEMAP\SURFACE8.X8
File Copy: C:\rowan\mig\IMAGEMAP\SURFACE9.X8
File Copy: C:\rowan\mig\IMAGEMAP\T6TAIL.X8
File Copy: C:\rowan\mig\IMAGEMAP\TBITS.X8
File Copy: C:\rowan\mig\IMAGEMAP\TENGINE.X8
File Copy: C:\rowan\mig\IMAGEMAP\THUMBBOT.X8
File Copy: C:\rowan\mig\IMAGEMAP\THUMBTOP.X8
File Copy: C:\rowan\mig\IMAGEMAP\TOPBRIC.X8
File Copy: C:\rowan\mig\IMAGEMAP\VILRTILE.X8
File Copy: C:\rowan\mig\IMAGEMAP\VILTILE.X8
File Copy: C:\rowan\mig\IMAGEMAP\WDROAD.X8
File Copy: C:\rowan\mig\IMAGEMAP\WINDOWS.X8
File Copy: C:\rowan\mig\IMAGEMAP\WOOD.X8
File Copy: C:\rowan\mig\IMAGEMAP\WRECK.X8
File Copy: C:\rowan\mig\IMAGEMAP\YAKBLWNG.X8
File Copy: C:\rowan\mig\IMAGEMAP\YAKBRWNG.X8
File Copy: C:\rowan\mig\IMAGEMAP\YAKBTAIL.X8
File Copy: C:\rowan\mig\IMAGEMAP\YAKCPIT.X8
File Copy: C:\rowan\mig\IMAGEMAP\YAKFIN.X8
File Copy: C:\rowan\mig\IMAGEMAP\YAKFUSEL.X8
File Copy: C:\rowan\mig\IMAGEMAP\YAKTAIL.X8
File Copy: C:\rowan\mig\IMAGEMAP\YAKTLWNG.X8
File Copy: C:\rowan\mig\IMAGEMAP\YAKTRWNG.X8
File Copy: C:\rowan\mig\IMAGEMAP\SMAP0_0.X8
File Copy: C:\rowan\mig\IMAGEMAP\SMAP0_1.X8
File Copy: C:\rowan\mig\IMAGEMAP\SMAP0_2.X8
File Copy: C:\rowan\mig\IMAGEMAP\SMAP0_3.X8
File Copy: C:\rowan\mig\IMAGEMAP\SMAP0_4.X8
File Copy: C:\rowan\mig\IMAGEMAP\SMAP0_5.X8
File Copy: C:\rowan\mig\IMAGEMAP\SMAP0_6.X8
File Copy: C:\rowan\mig\IMAGEMAP\SMAP0_7.X8
File Copy: C:\rowan\mig\IMAGEMAP\SMAP1_0.X8
File Copy: C:\rowan\mig\IMAGEMAP\SMAP1_1.X8
File Copy: C:\rowan\mig\IMAGEMAP\SMAP1_2.X8
File Copy: C:\rowan\mig\IMAGEMAP\SMAP1_3.X8
File Copy: C:\rowan\mig\IMAGEMAP\SMAP1_4.X8
File Copy: C:\rowan\mig\IMAGEMAP\SMAP1_5.X8
File Copy: C:\rowan\mig\IMAGEMAP\SMAP1_6.X8
File Copy: C:\rowan\mig\IMAGEMAP\SMAP1_7.X8
File Copy: C:\rowan\mig\IMAGEMAP\SMAP2_0.X8
File Copy: C:\rowan\mig\IMAGEMAP\SMAP2_1.X8
File Copy: C:\rowan\mig\IMAGEMAP\SMAP2_2.X8
File Copy: C:\rowan\mig\IMAGEMAP\SMAP2_3.X8
File Copy: C:\rowan\mig\IMAGEMAP\SMAP2_4.X8
File Copy: C:\rowan\mig\IMAGEMAP\SMAP2_5.X8
File Copy: C:\rowan\mig\IMAGEMAP\SMAP2_6.X8
File Copy: C:\rowan\mig\IMAGEMAP\SMAP2_7.X8
File Copy: C:\rowan\mig\IMAGEMAP\SMAP3_0.X8
File Copy: C:\rowan\mig\IMAGEMAP\SMAP3_1.X8
File Copy: C:\rowan\mig\IMAGEMAP\SMAP3_2.X8
File Copy: C:\rowan\mig\IMAGEMAP\SMAP3_3.X8
File Copy: C:\rowan\mig\IMAGEMAP\SMAP3_4.X8
File Copy: C:\rowan\mig\IMAGEMAP\SMAP3_5.X8
File Copy: C:\rowan\mig\IMAGEMAP\SMAP3_6.X8
File Copy: C:\rowan\mig\IMAGEMAP\SMAP3_7.X8
Made Dir: C:\rowan\mig\IMGMAP16
File Copy: C:\rowan\mig\IMGMAP16\BALL03.X8
File Copy: C:\rowan\mig\IMGMAP16\DIR.DIR
File Copy: C:\rowan\mig\IMGMAP16\F51FIN.X8
File Copy: C:\rowan\mig\IMGMAP16\F51FINB.X8
File Copy: C:\rowan\mig\IMGMAP16\F51FUEL.X8
File Copy: C:\rowan\mig\IMGMAP16\F51FUSEL.X8
File Copy: C:\rowan\mig\IMGMAP16\F51INT.X8
File Copy: C:\rowan\mig\IMGMAP16\F51NOSE.X8
File Copy: C:\rowan\mig\IMGMAP16\F51TAIL.X8
File Copy: C:\rowan\mig\IMGMAP16\F51WBL.X8
File Copy: C:\rowan\mig\IMGMAP16\F51WBR.X8
File Copy: C:\rowan\mig\IMGMAP16\F51WTL.X8
File Copy: C:\rowan\mig\IMGMAP16\F51WTR.X8
File Copy: C:\rowan\mig\IMGMAP16\F80BTL.X8
File Copy: C:\rowan\mig\IMGMAP16\F80BTR.X8
File Copy: C:\rowan\mig\IMGMAP16\F80BWL.X8
File Copy: C:\rowan\mig\IMGMAP16\F80BWR.X8
File Copy: C:\rowan\mig\IMGMAP16\F80EXHST.X8
File Copy: C:\rowan\mig\IMGMAP16\F80FUEL.X8
File Copy: C:\rowan\mig\IMGMAP16\F80FUSEL.X8
File Copy: C:\rowan\mig\IMGMAP16\F80INT.X8
File Copy: C:\rowan\mig\IMGMAP16\F80TAIL.X8
File Copy: C:\rowan\mig\IMGMAP16\F80TTL.X8
File Copy: C:\rowan\mig\IMGMAP16\F80TTR.X8
File Copy: C:\rowan\mig\IMGMAP16\F80TWL.X8
File Copy: C:\rowan\mig\IMGMAP16\F80TWR.X8
File Copy: C:\rowan\mig\IMGMAP16\F84BTL.X8
File Copy: C:\rowan\mig\IMGMAP16\F84BTR.X8
File Copy: C:\rowan\mig\IMGMAP16\F84BWL.X8
File Copy: C:\rowan\mig\IMGMAP16\F84BWR.X8
File Copy: C:\rowan\mig\IMGMAP16\F84EXHST.X8
File Copy: C:\rowan\mig\IMGMAP16\F84FUEL.X8
File Copy: C:\rowan\mig\IMGMAP16\F84FUSEL.X8
File Copy: C:\rowan\mig\IMGMAP16\F84NOSE.X8
File Copy: C:\rowan\mig\IMGMAP16\F84TAIL.X8
File Copy: C:\rowan\mig\IMGMAP16\F84TTL.X8
File Copy: C:\rowan\mig\IMGMAP16\F84TTR.X8
File Copy: C:\rowan\mig\IMGMAP16\F84TWL.X8
File Copy: C:\rowan\mig\IMGMAP16\F84TWR.X8
File Copy: C:\rowan\mig\IMGMAP16\F86BWL.X8
File Copy: C:\rowan\mig\IMGMAP16\F86BWR.X8
File Copy: C:\rowan\mig\IMGMAP16\F86EXHST.X8
File Copy: C:\rowan\mig\IMGMAP16\F86FUEL.X8
File Copy: C:\rowan\mig\IMGMAP16\F86FUSEL.X8
File Copy: C:\rowan\mig\IMGMAP16\F86LFINB.X8
File Copy: C:\rowan\mig\IMGMAP16\F86LFINT.X8
File Copy: C:\rowan\mig\IMGMAP16\F86NOSE.X8
File Copy: C:\rowan\mig\IMGMAP16\F86RFINB.X8
File Copy: C:\rowan\mig\IMGMAP16\F86RFINT.X8
File Copy: C:\rowan\mig\IMGMAP16\F86TAIL.X8
File Copy: C:\rowan\mig\IMGMAP16\F86TWL.X8
File Copy: C:\rowan\mig\IMGMAP16\F86TWR.X8
File Copy: C:\rowan\mig\IMGMAP16\M15BTL.X8
File Copy: C:\rowan\mig\IMGMAP16\M15BTR.X8
File Copy: C:\rowan\mig\IMGMAP16\M15BWL.X8
File Copy: C:\rowan\mig\IMGMAP16\M15BWR.X8
File Copy: C:\rowan\mig\IMGMAP16\M15EXHST.X8
File Copy: C:\rowan\mig\IMGMAP16\M15FUEL.X8
File Copy: C:\rowan\mig\IMGMAP16\M15FUSEL.X8
File Copy: C:\rowan\mig\IMGMAP16\M15NOSE.X8
File Copy: C:\rowan\mig\IMGMAP16\M15TAIL.X8
File Copy: C:\rowan\mig\IMGMAP16\M15TTL.X8
File Copy: C:\rowan\mig\IMGMAP16\M15TTR.X8
File Copy: C:\rowan\mig\IMGMAP16\M15TWL.X8
File Copy: C:\rowan\mig\IMGMAP16\M15TWR.X8
File Copy: C:\rowan\mig\IMGMAP16\MUSHYPEA.X8
File Copy: C:\rowan\mig\IMGMAP16\SOOT.X8
File Copy: C:\rowan\mig\IMGMAP16\WOOD.X8
Made Dir: C:\rowan\mig\KEYBOARD
File Copy: C:\rowan\mig\KEYBOARD\DIR.DIR
File Copy: C:\rowan\mig\KEYBOARD\keyb3d.bin
Made Dir: C:\rowan\mig\LANDMAP2
File Copy: C:\rowan\mig\LANDMAP2\BADSky1.x8
File Copy: C:\rowan\mig\LANDMAP2\CLDCNTR.x8
File Copy: C:\rowan\mig\LANDMAP2\CLOUD.x8
File Copy: C:\rowan\mig\LANDMAP2\DIR.DIR
File Copy: C:\rowan\mig\LANDMAP2\HORIZ.x8
File Copy: C:\rowan\mig\LANDMAP2\IMG10000.X8
File Copy: C:\rowan\mig\LANDMAP2\IMG10001.X8
File Copy: C:\rowan\mig\LANDMAP2\IMG10002.X8
File Copy: C:\rowan\mig\LANDMAP2\IMG10003.X8
File Copy: C:\rowan\mig\LANDMAP2\IMG10004.X8
File Copy: C:\rowan\mig\LANDMAP2\IMG10005.X8
File Copy: C:\rowan\mig\LANDMAP2\IMG10006.X8
File Copy: C:\rowan\mig\LANDMAP2\IMG10007.X8
File Copy: C:\rowan\mig\LANDMAP2\IMG10008.X8
File Copy: C:\rowan\mig\LANDMAP2\IMG10009.X8
File Copy: C:\rowan\mig\LANDMAP2\IMG10010.X8
File Copy: C:\rowan\mig\LANDMAP2\IMG10011.X8
File Copy: C:\rowan\mig\LANDMAP2\IMG10012.X8
File Copy: C:\rowan\mig\LANDMAP2\IMG10013.X8
File Copy: C:\rowan\mig\LANDMAP2\IMG10014.X8
File Copy: C:\rowan\mig\LANDMAP2\IMG10015.X8
File Copy: C:\rowan\mig\LANDMAP2\IMG10016.X8
File Copy: C:\rowan\mig\LANDMAP2\IMG10017.X8
File Copy: C:\rowan\mig\LANDMAP2\IMG10018.X8
File Copy: C:\rowan\mig\LANDMAP2\IMG10019.X8
File Copy: C:\rowan\mig\LANDMAP2\IMG10020.X8
File Copy: C:\rowan\mig\LANDMAP2\IMG10021.X8
File Copy: C:\rowan\mig\LANDMAP2\IMG10022.X8
File Copy: C:\rowan\mig\LANDMAP2\IMG10023.X8
File Copy: C:\rowan\mig\LANDMAP2\IMG10024.X8
File Copy: C:\rowan\mig\LANDMAP2\IMG10025.X8
File Copy: C:\rowan\mig\LANDMAP2\IMG10026.X8
File Copy: C:\rowan\mig\LANDMAP2\IMG10027.X8
File Copy: C:\rowan\mig\LANDMAP2\IMG10028.X8
File Copy: C:\rowan\mig\LANDMAP2\IMG10029.X8
File Copy: C:\rowan\mig\LANDMAP2\IMG10030.X8
File Copy: C:\rowan\mig\LANDMAP2\IMG10031.X8
File Copy: C:\rowan\mig\LANDMAP2\IMG20000.X8
File Copy: C:\rowan\mig\LANDMAP2\IMG20001.X8
File Copy: C:\rowan\mig\LANDMAP2\IMG20002.X8
File Copy: C:\rowan\mig\LANDMAP2\IMG20003.X8
File Copy: C:\rowan\mig\LANDMAP2\IMG20004.X8
File Copy: C:\rowan\mig\LANDMAP2\IMG20005.X8
File Copy: C:\rowan\mig\LANDMAP2\IMG20006.X8
File Copy: C:\rowan\mig\LANDMAP2\IMG20007.X8
File Copy: C:\rowan\mig\LANDMAP2\IMG20008.X8
File Copy: C:\rowan\mig\LANDMAP2\IMG20009.X8
File Copy: C:\rowan\mig\LANDMAP2\IMG20010.X8
File Copy: C:\rowan\mig\LANDMAP2\IMG20011.X8
File Copy: C:\rowan\mig\LANDMAP2\IMG20012.X8
File Copy: C:\rowan\mig\LANDMAP2\IMG20013.X8
File Copy: C:\rowan\mig\LANDMAP2\IMG20014.X8
File Copy: C:\rowan\mig\LANDMAP2\IMG20015.X8
File Copy: C:\rowan\mig\LANDMAP2\IMG20016.X8
File Copy: C:\rowan\mig\LANDMAP2\IMG20017.X8
File Copy: C:\rowan\mig\LANDMAP2\IMG20018.X8
File Copy: C:\rowan\mig\LANDMAP2\IMG20019.X8
File Copy: C:\rowan\mig\LANDMAP2\IMG20020.X8
File Copy: C:\rowan\mig\LANDMAP2\IMG20021.X8
File Copy: C:\rowan\mig\LANDMAP2\IMG20022.X8
File Copy: C:\rowan\mig\LANDMAP2\IMG20023.X8
File Copy: C:\rowan\mig\LANDMAP2\IMG20024.X8
File Copy: C:\rowan\mig\LANDMAP2\IMG20025.X8
File Copy: C:\rowan\mig\LANDMAP2\IMG20026.X8
File Copy: C:\rowan\mig\LANDMAP2\IMG20027.X8
File Copy: C:\rowan\mig\LANDMAP2\IMG20028.X8
File Copy: C:\rowan\mig\LANDMAP2\IMG20029.X8
File Copy: C:\rowan\mig\LANDMAP2\IMG20030.X8
File Copy: C:\rowan\mig\LANDMAP2\IMG20031.X8
File Copy: C:\rowan\mig\LANDMAP2\PALCLUST.x8
File Copy: C:\rowan\mig\LANDMAP2\SKY1.x8
File Copy: C:\rowan\mig\LANDMAP2\aliaspal.x8
File Copy: C:\rowan\mig\LANDMAP2\alspal75.x8
File Copy: C:\rowan\mig\LANDMAP2\cloudpal.x8
File Copy: C:\rowan\mig\LANDMAP2\horizpal.x8
File Copy: C:\rowan\mig\LANDMAP2\lumpal.x8
Made Dir: C:\rowan\mig\LANDMAPS
File Copy: C:\rowan\mig\LANDMAPS\ALIASPAL.X8
File Copy: C:\rowan\mig\LANDMAPS\ALSPAL75.X8
File Copy: C:\rowan\mig\LANDMAPS\BADSKY1.X8
File Copy: C:\rowan\mig\LANDMAPS\CLDCNTR.X8
File Copy: C:\rowan\mig\LANDMAPS\CLOUD.X8
File Copy: C:\rowan\mig\LANDMAPS\CLOUDPAL.X8
File Copy: C:\rowan\mig\LANDMAPS\DIR.DIR
File Copy: C:\rowan\mig\LANDMAPS\HORIZ.X8
File Copy: C:\rowan\mig\LANDMAPS\HORIZPAL.X8
File Copy: C:\rowan\mig\LANDMAPS\LUMPAL.X8
File Copy: C:\rowan\mig\LANDMAPS\PALCLUST.X8
File Copy: C:\rowan\mig\LANDMAPS\SKY1.X8
File Copy: C:\rowan\mig\LANDMAPS\daypal.pal
Made Dir: C:\rowan\mig\MASKMAP
File Copy: C:\rowan\mig\MASKMAP\ACLET.X8
File Copy: C:\rowan\mig\MASKMAP\ACNUM.X8
File Copy: C:\rowan\mig\MASKMAP\B26GEND.X8
File Copy: C:\rowan\mig\MASKMAP\B26GENP.X8
File Copy: C:\rowan\mig\MASKMAP\B26GLNP.X8
File Copy: C:\rowan\mig\MASKMAP\B26GLNS.X8
File Copy: C:\rowan\mig\MASKMAP\B26NAM.X8
File Copy: C:\rowan\mig\MASKMAP\B26NUM.X8
File Copy: C:\rowan\mig\MASKMAP\B26TURI.X8
File Copy: C:\rowan\mig\MASKMAP\B26USA.X8
File Copy: C:\rowan\mig\MASKMAP\B29LETS.X8
File Copy: C:\rowan\mig\MASKMAP\B29NUM.X8
File Copy: C:\rowan\mig\MASKMAP\B29WIN.X8
File Copy: C:\rowan\mig\MASKMAP\BALFIRE.X8
File Copy: C:\rowan\mig\MASKMAP\BALL02.X8
File Copy: C:\rowan\mig\MASKMAP\BALLLINE.X8
File Copy: C:\rowan\mig\MASKMAP\BHOLE.X8
File Copy: C:\rowan\mig\MASKMAP\BIGEX.X8
File Copy: C:\rowan\mig\MASKMAP\BLANK.X8
File Copy: C:\rowan\mig\MASKMAP\BLBRED.X8
File Copy: C:\rowan\mig\MASKMAP\BLBWIT.X8
File Copy: C:\rowan\mig\MASKMAP\BLOKEMAP.X8
File Copy: C:\rowan\mig\MASKMAP\BMBHOLE.X8
File Copy: C:\rowan\mig\MASKMAP\BMONKS.X8
File Copy: C:\rowan\mig\MASKMAP\BOMB.X8
File Copy: C:\rowan\mig\MASKMAP\BREAK.X8
File Copy: C:\rowan\mig\MASKMAP\BRID.X8
File Copy: C:\rowan\mig\MASKMAP\BRID2.X8
File Copy: C:\rowan\mig\MASKMAP\BRIDEAD.X8
File Copy: C:\rowan\mig\MASKMAP\BRIDGE.X8
File Copy: C:\rowan\mig\MASKMAP\C54NUM.X8
File Copy: C:\rowan\mig\MASKMAP\CANBLOB.X8
File Copy: C:\rowan\mig\MASKMAP\CBLADE.X8
File Copy: C:\rowan\mig\MASKMAP\CHINA.X8
File Copy: C:\rowan\mig\MASKMAP\CHOPER.X8
File Copy: C:\rowan\mig\MASKMAP\CIVIBITS.X8
File Copy: C:\rowan\mig\MASKMAP\CLOUDX.X8
File Copy: C:\rowan\mig\MASKMAP\CLOUDY.X8
File Copy: C:\rowan\mig\MASKMAP\CLOUDZ.X8
File Copy: C:\rowan\mig\MASKMAP\CORSCAN.X8
File Copy: C:\rowan\mig\MASKMAP\CORSFUSE.X8
File Copy: C:\rowan\mig\MASKMAP\CORSNAM.X8
File Copy: C:\rowan\mig\MASKMAP\CRATER.X8
File Copy: C:\rowan\mig\MASKMAP\DAMAGE.X8
File Copy: C:\rowan\mig\MASKMAP\DEBRIS1.X8
File Copy: C:\rowan\mig\MASKMAP\DIR.DIR
File Copy: C:\rowan\mig\MASKMAP\DIRT.X8
File Copy: C:\rowan\mig\MASKMAP\DIRT2.X8
File Copy: C:\rowan\mig\MASKMAP\DIRT3.X8
File Copy: C:\rowan\mig\MASKMAP\DIRT4.X8
File Copy: C:\rowan\mig\MASKMAP\DIRT5.X8
File Copy: C:\rowan\mig\MASKMAP\DIRT6.X8
File Copy: C:\rowan\mig\MASKMAP\DIRT7.X8
File Copy: C:\rowan\mig\MASKMAP\DIRTY.X8
File Copy: C:\rowan\mig\MASKMAP\DITHER.X8
File Copy: C:\rowan\mig\MASKMAP\DITHER1.X8
File Copy: C:\rowan\mig\MASKMAP\DITHER2.X8
File Copy: C:\rowan\mig\MASKMAP\DITHER3.X8
File Copy: C:\rowan\mig\MASKMAP\DITHER4.X8
File Copy: C:\rowan\mig\MASKMAP\DITHER5.X8
File Copy: C:\rowan\mig\MASKMAP\DITHER6.X8
File Copy: C:\rowan\mig\MASKMAP\DITHER7.X8
File Copy: C:\rowan\mig\MASKMAP\DITHER8.X8
File Copy: C:\rowan\mig\MASKMAP\DRKBRI2.X8
File Copy: C:\rowan\mig\MASKMAP\DRKBRID.X8
File Copy: C:\rowan\mig\MASKMAP\DROPS.X8
File Copy: C:\rowan\mig\MASKMAP\DUSTMAP.X8
File Copy: C:\rowan\mig\MASKMAP\EXHAUST.X8
File Copy: C:\rowan\mig\MASKMAP\EXHAUST2.X8
File Copy: C:\rowan\mig\MASKMAP\EXPFLASH.X8
File Copy: C:\rowan\mig\MASKMAP\EXPLOMAP.X8
File Copy: C:\rowan\mig\MASKMAP\EXPOL1.X8
File Copy: C:\rowan\mig\MASKMAP\EXPOL2.X8
File Copy: C:\rowan\mig\MASKMAP\F51BLANK.X8
File Copy: C:\rowan\mig\MASKMAP\F51CAN.X8
File Copy: C:\rowan\mig\MASKMAP\F51WHEEL.X8
File Copy: C:\rowan\mig\MASKMAP\F80CAN.X8
File Copy: C:\rowan\mig\MASKMAP\F80WHEEL.X8
File Copy: C:\rowan\mig\MASKMAP\F82CAN.X8
File Copy: C:\rowan\mig\MASKMAP\F82INSIG.X8
File Copy: C:\rowan\mig\MASKMAP\F84BRAKE.X8
File Copy: C:\rowan\mig\MASKMAP\F84CAN.X8
File Copy: C:\rowan\mig\MASKMAP\F84STRUT.X8
File Copy: C:\rowan\mig\MASKMAP\F84WHEEL.X8
File Copy: C:\rowan\mig\MASKMAP\F86CAN.X8
File Copy: C:\rowan\mig\MASKMAP\F86WHEEL.X8
File Copy: C:\rowan\mig\MASKMAP\FAKE.X8
File Copy: C:\rowan\mig\MASKMAP\FBALL.X8
File Copy: C:\rowan\mig\MASKMAP\FIRE.X8
File Copy: C:\rowan\mig\MASKMAP\FIRE2.X8
File Copy: C:\rowan\mig\MASKMAP\FIREFAD1.X8
File Copy: C:\rowan\mig\MASKMAP\FIRTRAIL.X8
File Copy: C:\rowan\mig\MASKMAP\FLAK1.X8
File Copy: C:\rowan\mig\MASKMAP\FLAK2.X8
File Copy: C:\rowan\mig\MASKMAP\FLASHER.X8
File Copy: C:\rowan\mig\MASKMAP\FLAT.X8
File Copy: C:\rowan\mig\MASKMAP\FLAT1.X8
File Copy: C:\rowan\mig\MASKMAP\FLAT2.X8
File Copy: C:\rowan\mig\MASKMAP\FLAT3.X8
File Copy: C:\rowan\mig\MASKMAP\FLMEOUT1.X8
File Copy: C:\rowan\mig\MASKMAP\FONT.X8
File Copy: C:\rowan\mig\MASKMAP\GFIRE2.X8
File Copy: C:\rowan\mig\MASKMAP\GL_MCAN.X8
File Copy: C:\rowan\mig\MASKMAP\GROUNDD.X8
File Copy: C:\rowan\mig\MASKMAP\GROUNDD2.X8
File Copy: C:\rowan\mig\MASKMAP\GUNGLOW.X8
File Copy: C:\rowan\mig\MASKMAP\GUNHIT.X8
File Copy: C:\rowan\mig\MASKMAP\GUNHIT2.X8
File Copy: C:\rowan\mig\MASKMAP\HHAZE.X8
File Copy: C:\rowan\mig\MASKMAP\HO3S.X8
File Copy: C:\rowan\mig\MASKMAP\HOLE.X8
File Copy: C:\rowan\mig\MASKMAP\IL10CAN.X8
File Copy: C:\rowan\mig\MASKMAP\LENSFX.X8
File Copy: C:\rowan\mig\MASKMAP\LENSFX2.X8
File Copy: C:\rowan\mig\MASKMAP\M15ART.X8
File Copy: C:\rowan\mig\MASKMAP\M15CAN.X8
File Copy: C:\rowan\mig\MASKMAP\M15GLASS.X8
File Copy: C:\rowan\mig\MASKMAP\M15WHEEL.X8
File Copy: C:\rowan\mig\MASKMAP\MANSHD.X8
File Copy: C:\rowan\mig\MASKMAP\MAPCHAP.X8
File Copy: C:\rowan\mig\MASKMAP\MM15D11.X8
File Copy: C:\rowan\mig\MASKMAP\MUSHYPEE.X8
File Copy: C:\rowan\mig\MASKMAP\NEXPLO.X8
File Copy: C:\rowan\mig\MASKMAP\NK.X8
File Copy: C:\rowan\mig\MASKMAP\OCSSHAIR.X8
File Copy: C:\rowan\mig\MASKMAP\PERIPH.X8
File Copy: C:\rowan\mig\MASKMAP\PFAST.X8
File Copy: C:\rowan\mig\MASKMAP\PFIRE.X8
File Copy: C:\rowan\mig\MASKMAP\PILOT2.X8
File Copy: C:\rowan\mig\MASKMAP\PLUME1.X8
File Copy: C:\rowan\mig\MASKMAP\PLUME2.X8
File Copy: C:\rowan\mig\MASKMAP\PLUME3.X8
File Copy: C:\rowan\mig\MASKMAP\PRFAST.X8
File Copy: C:\rowan\mig\MASKMAP\RADIO.X8
File Copy: C:\rowan\mig\MASKMAP\RAIL.X8
File Copy: C:\rowan\mig\MASKMAP\REAR.X8
File Copy: C:\rowan\mig\MASKMAP\REPLACE.X8
File Copy: C:\rowan\mig\MASKMAP\RPLUME1.X8
File Copy: C:\rowan\mig\MASKMAP\RVAPBLOB.X8
File Copy: C:\rowan\mig\MASKMAP\SCORCH.X8
File Copy: C:\rowan\mig\MASKMAP\SETDECAL.X8
File Copy: C:\rowan\mig\MASKMAP\SHOCK.X8
File Copy: C:\rowan\mig\MASKMAP\SLIP.X8
File Copy: C:\rowan\mig\MASKMAP\SMKMAP.X8
File Copy: C:\rowan\mig\MASKMAP\SMKMAP2.X8
File Copy: C:\rowan\mig\MASKMAP\SMKMAP3.X8
File Copy: C:\rowan\mig\MASKMAP\SMKMAPDK.X8
File Copy: C:\rowan\mig\MASKMAP\SMKMAPMD.X8
File Copy: C:\rowan\mig\MASKMAP\SMKSTAK.X8
File Copy: C:\rowan\mig\MASKMAP\SMKTRAIL.X8
File Copy: C:\rowan\mig\MASKMAP\SPLASH.X8
File Copy: C:\rowan\mig\MASKMAP\SPLUME1.X8
File Copy: C:\rowan\mig\MASKMAP\SPLUME2.X8
File Copy: C:\rowan\mig\MASKMAP\SPLUME3.X8
File Copy: C:\rowan\mig\MASKMAP\SPLUME4.X8
File Copy: C:\rowan\mig\MASKMAP\SQUEAK.X8
File Copy: C:\rowan\mig\MASKMAP\SUNMAP.X8
File Copy: C:\rowan\mig\MASKMAP\SURFAC13.X8
File Copy: C:\rowan\mig\MASKMAP\SURFAC17.X8
File Copy: C:\rowan\mig\MASKMAP\SURFAC19.X8
File Copy: C:\rowan\mig\MASKMAP\SURFACE4.X8
File Copy: C:\rowan\mig\MASKMAP\SURFACE7.X8
File Copy: C:\rowan\mig\MASKMAP\T6CAN.X8
File Copy: C:\rowan\mig\MASKMAP\THREAT01.X8
File Copy: C:\rowan\mig\MASKMAP\TRACER1.X8
File Copy: C:\rowan\mig\MASKMAP\TREES.X8
File Copy: C:\rowan\mig\MASKMAP\TREES2.X8
File Copy: C:\rowan\mig\MASKMAP\TROOPS.X8
File Copy: C:\rowan\mig\MASKMAP\USA.X8
File Copy: C:\rowan\mig\MASKMAP\USRDECAL.X8
File Copy: C:\rowan\mig\MASKMAP\VAPBLOB.X8
File Copy: C:\rowan\mig\MASKMAP\VAPOUR.X8
File Copy: C:\rowan\mig\MASKMAP\WATMAP.X8
File Copy: C:\rowan\mig\MASKMAP\WHITEX.X8
File Copy: C:\rowan\mig\MASKMAP\YAKCAN.X8
File Copy: C:\rowan\mig\MASKMAP\YAKWHEEL.X8
File Copy: C:\rowan\mig\MASKMAP\YCSSHAIR.X8
Made Dir: C:\rowan\mig\MILES
File Copy: C:\rowan\mig\MILES\DIR.DIR
File Copy: C:\rowan\mig\MILES\adlib.mdi
File Copy: C:\rowan\mig\MILES\adlibg.mdi
File Copy: C:\rowan\mig\MILES\adrv688.dig
File Copy: C:\rowan\mig\MILES\aildrvr.lst
File Copy: C:\rowan\mig\MILES\jammer.dig
File Copy: C:\rowan\mig\MILES\mpu401.mdi
File Copy: C:\rowan\mig\MILES\mt32mpu.mdi
File Copy: C:\rowan\mig\MILES\null.mdi
File Copy: C:\rowan\mig\MILES\opl3.mdi
File Copy: C:\rowan\mig\MILES\pas.mdi
File Copy: C:\rowan\mig\MILES\pasplus.mdi
File Copy: C:\rowan\mig\MILES\pcspkr.mdi
File Copy: C:\rowan\mig\MILES\proaudio.dig
File Copy: C:\rowan\mig\MILES\rap10.dig
File Copy: C:\rowan\mig\MILES\sample.ad
File Copy: C:\rowan\mig\MILES\sample.bnk
File Copy: C:\rowan\mig\MILES\sample.cat
File Copy: C:\rowan\mig\MILES\sample.opl
File Copy: C:\rowan\mig\MILES\sample2.opl
File Copy: C:\rowan\mig\MILES\sb16.dig
File Copy: C:\rowan\mig\MILES\sbawe32.mdi
File Copy: C:\rowan\mig\MILES\sblaster.dig
File Copy: C:\rowan\mig\MILES\sblaster.mdi
File Copy: C:\rowan\mig\MILES\sbpro.dig
File Copy: C:\rowan\mig\MILES\sbpro1.mdi
File Copy: C:\rowan\mig\MILES\sbpro2.mdi
File Copy: C:\rowan\mig\MILES\sndscape.dig
File Copy: C:\rowan\mig\MILES\sndscape.mdi
File Copy: C:\rowan\mig\MILES\tandy.mdi
File Copy: C:\rowan\mig\MILES\ultra.dig
File Copy: C:\rowan\mig\MILES\ultra.mdi
Made Dir: C:\rowan\mig\MSKMAP16
File Copy: C:\rowan\mig\MSKMAP16\BALFIRE.X8
File Copy: C:\rowan\mig\MSKMAP16\BIGEX.X8
File Copy: C:\rowan\mig\MSKMAP16\BLBRED.X8
File Copy: C:\rowan\mig\MSKMAP16\BLBWIT.X8
File Copy: C:\rowan\mig\MSKMAP16\CANBLOB.X8
File Copy: C:\rowan\mig\MSKMAP16\CBLADE.X8
File Copy: C:\rowan\mig\MSKMAP16\CHOPER.X8
File Copy: C:\rowan\mig\MSKMAP16\CORSCAN.X8
File Copy: C:\rowan\mig\MSKMAP16\DIR.DIR
File Copy: C:\rowan\mig\MSKMAP16\DIRT.X8
File Copy: C:\rowan\mig\MSKMAP16\DIRT2.X8
File Copy: C:\rowan\mig\MSKMAP16\DIRT3.X8
File Copy: C:\rowan\mig\MSKMAP16\DIRT4.X8
File Copy: C:\rowan\mig\MSKMAP16\DIRT5.X8
File Copy: C:\rowan\mig\MSKMAP16\DIRT6.X8
File Copy: C:\rowan\mig\MSKMAP16\DIRT7.X8
File Copy: C:\rowan\mig\MSKMAP16\DITHER.X8
File Copy: C:\rowan\mig\MSKMAP16\DITHER1.X8
File Copy: C:\rowan\mig\MSKMAP16\DITHER2.X8
File Copy: C:\rowan\mig\MSKMAP16\DITHER3.X8
File Copy: C:\rowan\mig\MSKMAP16\DITHER4.X8
File Copy: C:\rowan\mig\MSKMAP16\DITHER5.X8
File Copy: C:\rowan\mig\MSKMAP16\DITHER6.X8
File Copy: C:\rowan\mig\MSKMAP16\DITHER7.X8
File Copy: C:\rowan\mig\MSKMAP16\DITHER8.X8
File Copy: C:\rowan\mig\MSKMAP16\DROPS.X8
File Copy: C:\rowan\mig\MSKMAP16\DUSTMAP.X8
File Copy: C:\rowan\mig\MSKMAP16\EXHAUST.X8
File Copy: C:\rowan\mig\MSKMAP16\EXHAUST2.X8
File Copy: C:\rowan\mig\MSKMAP16\EXPFLASH.X8
File Copy: C:\rowan\mig\MSKMAP16\EXPLOMAP.X8
File Copy: C:\rowan\mig\MSKMAP16\F51CAN.X8
File Copy: C:\rowan\mig\MSKMAP16\F80CAN.X8
File Copy: C:\rowan\mig\MSKMAP16\F82CAN.X8
File Copy: C:\rowan\mig\MSKMAP16\F84BRAKE.X8
File Copy: C:\rowan\mig\MSKMAP16\F84CAN.X8
File Copy: C:\rowan\mig\MSKMAP16\F86CAN.X8
File Copy: C:\rowan\mig\MSKMAP16\FBALL.X8
File Copy: C:\rowan\mig\MSKMAP16\FIRE.X8
File Copy: C:\rowan\mig\MSKMAP16\FIRE2.X8
File Copy: C:\rowan\mig\MSKMAP16\FIREFAD1.X8
File Copy: C:\rowan\mig\MSKMAP16\FLAK1.X8
File Copy: C:\rowan\mig\MSKMAP16\FLAK2.X8
File Copy: C:\rowan\mig\MSKMAP16\FLASHER.X8
File Copy: C:\rowan\mig\MSKMAP16\FLAT.X8
File Copy: C:\rowan\mig\MSKMAP16\FLAT1.X8
File Copy: C:\rowan\mig\MSKMAP16\FLAT2.X8
File Copy: C:\rowan\mig\MSKMAP16\FLAT3.X8
File Copy: C:\rowan\mig\MSKMAP16\FONT.X8
File Copy: C:\rowan\mig\MSKMAP16\GL_MCAN.X8
File Copy: C:\rowan\mig\MSKMAP16\GUNGLOW.X8
File Copy: C:\rowan\mig\MSKMAP16\GUNHIT.X8
File Copy: C:\rowan\mig\MSKMAP16\GUNHIT2.X8
File Copy: C:\rowan\mig\MSKMAP16\HHAZE.X8
File Copy: C:\rowan\mig\MSKMAP16\IL10CAN.X8
File Copy: C:\rowan\mig\MSKMAP16\LENSFX2.X8
File Copy: C:\rowan\mig\MSKMAP16\M15CAN.X8
File Copy: C:\rowan\mig\MSKMAP16\MANSHD.X8
File Copy: C:\rowan\mig\MSKMAP16\NEXPLO.X8
File Copy: C:\rowan\mig\MSKMAP16\OCSSHAIR.X8
File Copy: C:\rowan\mig\MSKMAP16\PERIPH.X8
File Copy: C:\rowan\mig\MSKMAP16\PFAST.X8
File Copy: C:\rowan\mig\MSKMAP16\PLUME1.X8
File Copy: C:\rowan\mig\MSKMAP16\PLUME2.X8
File Copy: C:\rowan\mig\MSKMAP16\PLUME3.X8
File Copy: C:\rowan\mig\MSKMAP16\RADIO.X8
File Copy: C:\rowan\mig\MSKMAP16\REAR.X8
File Copy: C:\rowan\mig\MSKMAP16\RPLUME1.X8
File Copy: C:\rowan\mig\MSKMAP16\RVAPBLOB.X8
File Copy: C:\rowan\mig\MSKMAP16\SHOCK.X8
File Copy: C:\rowan\mig\MSKMAP16\SMKMAP.X8
File Copy: C:\rowan\mig\MSKMAP16\SMKMAP2.X8
File Copy: C:\rowan\mig\MSKMAP16\SMKMAP3.X8
File Copy: C:\rowan\mig\MSKMAP16\SMKMAPDK.X8
File Copy: C:\rowan\mig\MSKMAP16\SMKMAPMD.X8
File Copy: C:\rowan\mig\MSKMAP16\SMKSTAK.X8
File Copy: C:\rowan\mig\MSKMAP16\SPLUME1.X8
File Copy: C:\rowan\mig\MSKMAP16\SPLUME2.X8
File Copy: C:\rowan\mig\MSKMAP16\SPLUME3.X8
File Copy: C:\rowan\mig\MSKMAP16\SPLUME4.X8
File Copy: C:\rowan\mig\MSKMAP16\SUNMAP.X8
File Copy: C:\rowan\mig\MSKMAP16\T6CAN.X8
File Copy: C:\rowan\mig\MSKMAP16\THREAT01.X8
File Copy: C:\rowan\mig\MSKMAP16\TRACER1.X8
File Copy: C:\rowan\mig\MSKMAP16\VAPBLOB.X8
File Copy: C:\rowan\mig\MSKMAP16\VAPOUR.X8
File Copy: C:\rowan\mig\MSKMAP16\WATMAP.X8
File Copy: C:\rowan\mig\MSKMAP16\WHITEX.X8
File Copy: C:\rowan\mig\MSKMAP16\YAKCAN.X8
File Copy: C:\rowan\mig\MSKMAP16\YCSSHAIR.X8
Made Dir: C:\rowan\mig\MUSIC
File Copy: C:\rowan\mig\MUSIC\DIR.DIR
File Copy: C:\rowan\mig\MUSIC\WAVETAB.WVL
File Copy: C:\rowan\mig\MUSIC\anxiou2.xmi
File Copy: C:\rowan\mig\MUSIC\anxious.xmi
File Copy: C:\rowan\mig\MUSIC\apath2.xmi
File Copy: C:\rowan\mig\MUSIC\apath3.xmi
File Copy: C:\rowan\mig\MUSIC\base.xmi
File Copy: C:\rowan\mig\MUSIC\comba2.xmi
File Copy: C:\rowan\mig\MUSIC\combat.xmi
File Copy: C:\rowan\mig\MUSIC\fieldsnr.sf2
File Copy: C:\rowan\mig\MUSIC\fla2.xmi
File Copy: C:\rowan\mig\MUSIC\flak.xmi
File Copy: C:\rowan\mig\MUSIC\init.xmi
File Copy: C:\rowan\mig\MUSIC\init2.xmi
File Copy: C:\rowan\mig\MUSIC\objcomp2.xmi
File Copy: C:\rowan\mig\MUSIC\objcompl.xmi
File Copy: C:\rowan\mig\MUSIC\objfail2.xmi
File Copy: C:\rowan\mig\MUSIC\objfaild.xmi
File Copy: C:\rowan\mig\MUSIC\objsigh2.xmi
File Copy: C:\rowan\mig\MUSIC\objsight.xmi
File Copy: C:\rowan\mig\MUSIC\parachu2.xmi
File Copy: C:\rowan\mig\MUSIC\parachut.xmi
File Copy: C:\rowan\mig\MUSIC\relie2.xmi
File Copy: C:\rowan\mig\MUSIC\relief.xmi
File Copy: C:\rowan\mig\MUSIC\sadsnst2.xmi
File Copy: C:\rowan\mig\MUSIC\sadsnstr.xmi
File Copy: C:\rowan\mig\MUSIC\spira2.xmi
File Copy: C:\rowan\mig\MUSIC\spiral.xmi
File Copy: C:\rowan\mig\MUSIC\wavetabh.txt
Made Dir: C:\rowan\mig\MUSICLOW
File Copy: C:\rowan\mig\MUSICLOW\DIR.DIR
File Copy: C:\rowan\mig\MUSICLOW\anxiou2.xmi
File Copy: C:\rowan\mig\MUSICLOW\anxious.xmi
File Copy: C:\rowan\mig\MUSICLOW\apath2.xmi
File Copy: C:\rowan\mig\MUSICLOW\apath3.xmi
File Copy: C:\rowan\mig\MUSICLOW\base.xmi
File Copy: C:\rowan\mig\MUSICLOW\comba2.xmi
File Copy: C:\rowan\mig\MUSICLOW\combat.xmi
File Copy: C:\rowan\mig\MUSICLOW\fla2.xmi
File Copy: C:\rowan\mig\MUSICLOW\flak.xmi
File Copy: C:\rowan\mig\MUSICLOW\init.xmi
File Copy: C:\rowan\mig\MUSICLOW\init2.xmi
File Copy: C:\rowan\mig\MUSICLOW\objcomp2.xmi
File Copy: C:\rowan\mig\MUSICLOW\objcompl.xmi
File Copy: C:\rowan\mig\MUSICLOW\objfail2.xmi
File Copy: C:\rowan\mig\MUSICLOW\objfaild.xmi
File Copy: C:\rowan\mig\MUSICLOW\objsigh2.xmi
File Copy: C:\rowan\mig\MUSICLOW\objsight.xmi
File Copy: C:\rowan\mig\MUSICLOW\parachu2.xmi
File Copy: C:\rowan\mig\MUSICLOW\parachut.xmi
File Copy: C:\rowan\mig\MUSICLOW\relie2.xmi
File Copy: C:\rowan\mig\MUSICLOW\relief.xmi
File Copy: C:\rowan\mig\MUSICLOW\sadsnst2.xmi
File Copy: C:\rowan\mig\MUSICLOW\sadsnstr.xmi
File Copy: C:\rowan\mig\MUSICLOW\sama.wav
File Copy: C:\rowan\mig\MUSICLOW\samb.wav
File Copy: C:\rowan\mig\MUSICLOW\samc.wav
File Copy: C:\rowan\mig\MUSICLOW\samd.wav
File Copy: C:\rowan\mig\MUSICLOW\same.wav
File Copy: C:\rowan\mig\MUSICLOW\samf.wav
File Copy: C:\rowan\mig\MUSICLOW\samg.wav
File Copy: C:\rowan\mig\MUSICLOW\samh.wav
File Copy: C:\rowan\mig\MUSICLOW\sami.wav
File Copy: C:\rowan\mig\MUSICLOW\spira2.xmi
File Copy: C:\rowan\mig\MUSICLOW\spiral.xmi
Made Dir: C:\rowan\mig\MUSICMED
File Copy: C:\rowan\mig\MUSICMED\DIR.DIR
File Copy: C:\rowan\mig\MUSICMED\anxiou2.xmi
File Copy: C:\rowan\mig\MUSICMED\anxious.xmi
File Copy: C:\rowan\mig\MUSICMED\apath2.xmi
File Copy: C:\rowan\mig\MUSICMED\apath3.xmi
File Copy: C:\rowan\mig\MUSICMED\base.xmi
File Copy: C:\rowan\mig\MUSICMED\comba2.xmi
File Copy: C:\rowan\mig\MUSICMED\combat.xmi
File Copy: C:\rowan\mig\MUSICMED\fla2.xmi
File Copy: C:\rowan\mig\MUSICMED\flak.xmi
File Copy: C:\rowan\mig\MUSICMED\init.xmi
File Copy: C:\rowan\mig\MUSICMED\init2.xmi
File Copy: C:\rowan\mig\MUSICMED\objcomp2.xmi
File Copy: C:\rowan\mig\MUSICMED\objcompl.xmi
File Copy: C:\rowan\mig\MUSICMED\objfail2.xmi
File Copy: C:\rowan\mig\MUSICMED\objfaild.xmi
File Copy: C:\rowan\mig\MUSICMED\objsigh2.xmi
File Copy: C:\rowan\mig\MUSICMED\objsight.xmi
File Copy: C:\rowan\mig\MUSICMED\parachu2.xmi
File Copy: C:\rowan\mig\MUSICMED\parachut.xmi
File Copy: C:\rowan\mig\MUSICMED\relie2.xmi
File Copy: C:\rowan\mig\MUSICMED\relief.xmi
File Copy: C:\rowan\mig\MUSICMED\sadsnst2.xmi
File Copy: C:\rowan\mig\MUSICMED\sadsnstr.xmi
File Copy: C:\rowan\mig\MUSICMED\spira2.xmi
File Copy: C:\rowan\mig\MUSICMED\spiral.xmi
Made Dir: C:\rowan\mig\Dentist
File Copy: C:\rowan\mig\Dentist\DIR.DIR
File Copy: C:\rowan\mig\Dentist\Lgrpcmb.wav
File Copy: C:\rowan\mig\Dentist\Lgrphome.wav
File Copy: C:\rowan\mig\Dentist\Lgrpinfo.wav
File Copy: C:\rowan\mig\Dentist\Lgrpptcm.wav
File Copy: C:\rowan\mig\Dentist\Lgrprcmb.wav
File Copy: C:\rowan\mig\Dentist\Tsmlnm.wav
File Copy: C:\rowan\mig\Dentist\airflds.wav
File Copy: C:\rowan\mig\Dentist\bearings.wav
File Copy: C:\rowan\mig\Dentist\bignums.wav
File Copy: C:\rowan\mig\Dentist\cgroups.wav
File Copy: C:\rowan\mig\Dentist\commspcl.wav
File Copy: C:\rowan\mig\Dentist\csgns0.wav
File Copy: C:\rowan\mig\Dentist\factac.wav
File Copy: C:\rowan\mig\Dentist\fnums.wav
File Copy: C:\rowan\mig\Dentist\grpcmb.wav
File Copy: C:\rowan\mig\Dentist\grpinfo.wav
File Copy: C:\rowan\mig\Dentist\grpptcmb.wav
File Copy: C:\rowan\mig\Dentist\lparts6.wav
File Copy: C:\rowan\mig\Dentist\namedac.wav
File Copy: C:\rowan\mig\Dentist\namedacs.wav
File Copy: C:\rowan\mig\Dentist\parts.wav
File Copy: C:\rowan\mig\Dentist\parts2.wav
File Copy: C:\rowan\mig\Dentist\parts3.wav
File Copy: C:\rowan\mig\Dentist\parts4.wav
File Copy: C:\rowan\mig\Dentist\parts5.wav
File Copy: C:\rowan\mig\Dentist\parts6.wav
File Copy: C:\rowan\mig\Dentist\placedir.wav
File Copy: C:\rowan\mig\Dentist\placnams.wav
File Copy: C:\rowan\mig\Dentist\punctuat.wav
File Copy: C:\rowan\mig\Dentist\qnamedac.wav
File Copy: C:\rowan\mig\Dentist\randband.wav
File Copy: C:\rowan\mig\Dentist\ranges.wav
File Copy: C:\rowan\mig\Dentist\relbring.wav
File Copy: C:\rowan\mig\Dentist\smlnums.wav
File Copy: C:\rowan\mig\Dentist\specrad.wav
File Copy: C:\rowan\mig\Dentist\spectwr.wav
File Copy: C:\rowan\mig\Dentist\tofac.wav
File Copy: C:\rowan\mig\Dentist\totower.wav
File Copy: C:\rowan\mig\Dentist\travdir.wav
File Copy: C:\rowan\mig\Dentist\trgmov.wav
File Copy: C:\rowan\mig\Dentist\trgname.wav
File Copy: C:\rowan\mig\Dentist\trgtype.wav
File Copy: C:\rowan\mig\Dentist\userdef.wav
File Copy: C:\rowan\mig\Dentist\voice2.wav
File Copy: C:\rowan\mig\Dentist\weapons.wav
File Copy: C:\rowan\mig\Dentist\xparts2.wav
Made Dir: C:\rowan\mig\FacTac0
File Copy: C:\rowan\mig\FacTac0\DIR.DIR
File Copy: C:\rowan\mig\FacTac0\Lgrpcmb.wav
File Copy: C:\rowan\mig\FacTac0\Lgrphome.wav
File Copy: C:\rowan\mig\FacTac0\Lgrpinfo.wav
File Copy: C:\rowan\mig\FacTac0\Lgrpptcm.wav
File Copy: C:\rowan\mig\FacTac0\Lgrprcmb.wav
File Copy: C:\rowan\mig\FacTac0\Tsmlnm.wav
File Copy: C:\rowan\mig\FacTac0\airflds.wav
File Copy: C:\rowan\mig\FacTac0\bearings.wav
File Copy: C:\rowan\mig\FacTac0\bignums.wav
File Copy: C:\rowan\mig\FacTac0\cgroups.wav
File Copy: C:\rowan\mig\FacTac0\commspcl.wav
File Copy: C:\rowan\mig\FacTac0\csgns0.wav
File Copy: C:\rowan\mig\FacTac0\factac.wav
File Copy: C:\rowan\mig\FacTac0\fnums.wav
File Copy: C:\rowan\mig\FacTac0\grpcmb.wav
File Copy: C:\rowan\mig\FacTac0\grpinfo.wav
File Copy: C:\rowan\mig\FacTac0\grpptcmb.wav
File Copy: C:\rowan\mig\FacTac0\lparts6.wav
File Copy: C:\rowan\mig\FacTac0\namedac.wav
File Copy: C:\rowan\mig\FacTac0\namedacs.wav
File Copy: C:\rowan\mig\FacTac0\parts.wav
File Copy: C:\rowan\mig\FacTac0\parts2.wav
File Copy: C:\rowan\mig\FacTac0\parts3.wav
File Copy: C:\rowan\mig\FacTac0\parts4.wav
File Copy: C:\rowan\mig\FacTac0\parts5.wav
File Copy: C:\rowan\mig\FacTac0\parts6.wav
File Copy: C:\rowan\mig\FacTac0\placedir.wav
File Copy: C:\rowan\mig\FacTac0\placnams.wav
File Copy: C:\rowan\mig\FacTac0\punctuat.wav
File Copy: C:\rowan\mig\FacTac0\qnamedac.wav
File Copy: C:\rowan\mig\FacTac0\randband.wav
File Copy: C:\rowan\mig\FacTac0\ranges.wav
File Copy: C:\rowan\mig\FacTac0\relbring.wav
File Copy: C:\rowan\mig\FacTac0\smlnums.wav
File Copy: C:\rowan\mig\FacTac0\specrad.wav
File Copy: C:\rowan\mig\FacTac0\spectwr.wav
File Copy: C:\rowan\mig\FacTac0\tofac.wav
File Copy: C:\rowan\mig\FacTac0\totower.wav
File Copy: C:\rowan\mig\FacTac0\travdir.wav
File Copy: C:\rowan\mig\FacTac0\trgmov.wav
File Copy: C:\rowan\mig\FacTac0\trgname.wav
File Copy: C:\rowan\mig\FacTac0\trgtype.wav
File Copy: C:\rowan\mig\FacTac0\userdef.wav
File Copy: C:\rowan\mig\FacTac0\voice2.wav
File Copy: C:\rowan\mig\FacTac0\weapons.wav
File Copy: C:\rowan\mig\FacTac0\xparts2.wav
Made Dir: C:\rowan\mig\FacTac1
File Copy: C:\rowan\mig\FacTac1\DIR.DIR
File Copy: C:\rowan\mig\FacTac1\Lgrpcmb.wav
File Copy: C:\rowan\mig\FacTac1\Lgrphome.wav
File Copy: C:\rowan\mig\FacTac1\Lgrpinfo.wav
File Copy: C:\rowan\mig\FacTac1\Lgrpptcm.wav
File Copy: C:\rowan\mig\FacTac1\Lgrprcmb.wav
File Copy: C:\rowan\mig\FacTac1\Tsmlnm.wav
File Copy: C:\rowan\mig\FacTac1\airflds.wav
File Copy: C:\rowan\mig\FacTac1\bearings.wav
File Copy: C:\rowan\mig\FacTac1\bignums.wav
File Copy: C:\rowan\mig\FacTac1\cgroups.wav
File Copy: C:\rowan\mig\FacTac1\commspcl.wav
File Copy: C:\rowan\mig\FacTac1\csgns0.wav
File Copy: C:\rowan\mig\FacTac1\factac.wav
File Copy: C:\rowan\mig\FacTac1\fnums.wav
File Copy: C:\rowan\mig\FacTac1\grpcmb.wav
File Copy: C:\rowan\mig\FacTac1\grpinfo.wav
File Copy: C:\rowan\mig\FacTac1\grpptcmb.wav
File Copy: C:\rowan\mig\FacTac1\lparts6.wav
File Copy: C:\rowan\mig\FacTac1\namedac.wav
File Copy: C:\rowan\mig\FacTac1\namedacs.wav
File Copy: C:\rowan\mig\FacTac1\parts.wav
File Copy: C:\rowan\mig\FacTac1\parts2.wav
File Copy: C:\rowan\mig\FacTac1\parts3.wav
File Copy: C:\rowan\mig\FacTac1\parts4.wav
File Copy: C:\rowan\mig\FacTac1\parts5.wav
File Copy: C:\rowan\mig\FacTac1\parts6.wav
File Copy: C:\rowan\mig\FacTac1\placedir.wav
File Copy: C:\rowan\mig\FacTac1\placnams.wav
File Copy: C:\rowan\mig\FacTac1\punctuat.wav
File Copy: C:\rowan\mig\FacTac1\qnamedac.wav
File Copy: C:\rowan\mig\FacTac1\randband.wav
File Copy: C:\rowan\mig\FacTac1\ranges.wav
File Copy: C:\rowan\mig\FacTac1\relbring.wav
File Copy: C:\rowan\mig\FacTac1\smlnums.wav
File Copy: C:\rowan\mig\FacTac1\specrad.wav
File Copy: C:\rowan\mig\FacTac1\spectwr.wav
File Copy: C:\rowan\mig\FacTac1\tofac.wav
File Copy: C:\rowan\mig\FacTac1\totower.wav
File Copy: C:\rowan\mig\FacTac1\travdir.wav
File Copy: C:\rowan\mig\FacTac1\trgmov.wav
File Copy: C:\rowan\mig\FacTac1\trgname.wav
File Copy: C:\rowan\mig\FacTac1\trgtype.wav
File Copy: C:\rowan\mig\FacTac1\userdef.wav
File Copy: C:\rowan\mig\FacTac1\voice2.wav
File Copy: C:\rowan\mig\FacTac1\weapons.wav
File Copy: C:\rowan\mig\FacTac1\xparts2.wav
Made Dir: C:\rowan\mig\Oexcite
File Copy: C:\rowan\mig\Oexcite\DIR.DIR
File Copy: C:\rowan\mig\Oexcite\Lgrpcmb.wav
File Copy: C:\rowan\mig\Oexcite\Lgrphome.wav
File Copy: C:\rowan\mig\Oexcite\Lgrpinfo.wav
File Copy: C:\rowan\mig\Oexcite\Lgrpptcm.wav
File Copy: C:\rowan\mig\Oexcite\Lgrprcmb.wav
File Copy: C:\rowan\mig\Oexcite\Tsmlnm.wav
File Copy: C:\rowan\mig\Oexcite\airflds.wav
File Copy: C:\rowan\mig\Oexcite\bearings.wav
File Copy: C:\rowan\mig\Oexcite\bignums.wav
File Copy: C:\rowan\mig\Oexcite\cgroups.wav
File Copy: C:\rowan\mig\Oexcite\commspcl.wav
File Copy: C:\rowan\mig\Oexcite\csgns0.wav
File Copy: C:\rowan\mig\Oexcite\factac.wav
File Copy: C:\rowan\mig\Oexcite\fnums.wav
File Copy: C:\rowan\mig\Oexcite\grpcmb.wav
File Copy: C:\rowan\mig\Oexcite\grpinfo.wav
File Copy: C:\rowan\mig\Oexcite\grpptcmb.wav
File Copy: C:\rowan\mig\Oexcite\lparts6.wav
File Copy: C:\rowan\mig\Oexcite\namedac.wav
File Copy: C:\rowan\mig\Oexcite\namedacs.wav
File Copy: C:\rowan\mig\Oexcite\parts.wav
File Copy: C:\rowan\mig\Oexcite\parts2.wav
File Copy: C:\rowan\mig\Oexcite\parts3.wav
File Copy: C:\rowan\mig\Oexcite\parts4.wav
File Copy: C:\rowan\mig\Oexcite\parts5.wav
File Copy: C:\rowan\mig\Oexcite\parts6.wav
File Copy: C:\rowan\mig\Oexcite\placedir.wav
File Copy: C:\rowan\mig\Oexcite\placnams.wav
File Copy: C:\rowan\mig\Oexcite\punctuat.wav
File Copy: C:\rowan\mig\Oexcite\qnamedac.wav
File Copy: C:\rowan\mig\Oexcite\randband.wav
File Copy: C:\rowan\mig\Oexcite\ranges.wav
File Copy: C:\rowan\mig\Oexcite\relbring.wav
File Copy: C:\rowan\mig\Oexcite\smlnums.wav
File Copy: C:\rowan\mig\Oexcite\specrad.wav
File Copy: C:\rowan\mig\Oexcite\spectwr.wav
File Copy: C:\rowan\mig\Oexcite\tofac.wav
File Copy: C:\rowan\mig\Oexcite\totower.wav
File Copy: C:\rowan\mig\Oexcite\travdir.wav
File Copy: C:\rowan\mig\Oexcite\trgmov.wav
File Copy: C:\rowan\mig\Oexcite\trgname.wav
File Copy: C:\rowan\mig\Oexcite\trgtype.wav
File Copy: C:\rowan\mig\Oexcite\userdef.wav
File Copy: C:\rowan\mig\Oexcite\voice2.wav
File Copy: C:\rowan\mig\Oexcite\weapons.wav
File Copy: C:\rowan\mig\Oexcite\xparts2.wav
Made Dir: C:\rowan\mig\Other
File Copy: C:\rowan\mig\Other\DIR.DIR
File Copy: C:\rowan\mig\Other\Lgrpcmb.wav
File Copy: C:\rowan\mig\Other\Lgrphome.wav
File Copy: C:\rowan\mig\Other\Lgrpinfo.wav
File Copy: C:\rowan\mig\Other\Lgrpptcm.wav
File Copy: C:\rowan\mig\Other\Lgrprcmb.wav
File Copy: C:\rowan\mig\Other\Tsmlnm.wav
File Copy: C:\rowan\mig\Other\airflds.wav
File Copy: C:\rowan\mig\Other\bearings.wav
File Copy: C:\rowan\mig\Other\bignums.wav
File Copy: C:\rowan\mig\Other\cgroups.wav
File Copy: C:\rowan\mig\Other\commspcl.wav
File Copy: C:\rowan\mig\Other\csgns0.wav
File Copy: C:\rowan\mig\Other\factac.wav
File Copy: C:\rowan\mig\Other\fnums.wav
File Copy: C:\rowan\mig\Other\grpcmb.wav
File Copy: C:\rowan\mig\Other\grpinfo.wav
File Copy: C:\rowan\mig\Other\grpptcmb.wav
File Copy: C:\rowan\mig\Other\lparts6.wav
File Copy: C:\rowan\mig\Other\namedac.wav
File Copy: C:\rowan\mig\Other\namedacs.wav
File Copy: C:\rowan\mig\Other\parts.wav
File Copy: C:\rowan\mig\Other\parts2.wav
File Copy: C:\rowan\mig\Other\parts3.wav
File Copy: C:\rowan\mig\Other\parts4.wav
File Copy: C:\rowan\mig\Other\parts5.wav
File Copy: C:\rowan\mig\Other\parts6.wav
File Copy: C:\rowan\mig\Other\placedir.wav
File Copy: C:\rowan\mig\Other\placnams.wav
File Copy: C:\rowan\mig\Other\punctuat.wav
File Copy: C:\rowan\mig\Other\qnamedac.wav
File Copy: C:\rowan\mig\Other\randband.wav
File Copy: C:\rowan\mig\Other\ranges.wav
File Copy: C:\rowan\mig\Other\relbring.wav
File Copy: C:\rowan\mig\Other\smlnums.wav
File Copy: C:\rowan\mig\Other\specrad.wav
File Copy: C:\rowan\mig\Other\spectwr.wav
File Copy: C:\rowan\mig\Other\tofac.wav
File Copy: C:\rowan\mig\Other\totower.wav
File Copy: C:\rowan\mig\Other\travdir.wav
File Copy: C:\rowan\mig\Other\trgmov.wav
File Copy: C:\rowan\mig\Other\trgname.wav
File Copy: C:\rowan\mig\Other\trgtype.wav
File Copy: C:\rowan\mig\Other\userdef.wav
File Copy: C:\rowan\mig\Other\voice2.wav
File Copy: C:\rowan\mig\Other\weapons.wav
File Copy: C:\rowan\mig\Other\xparts2.wav
Made Dir: C:\rowan\mig\Pexcite
File Copy: C:\rowan\mig\Pexcite\DIR.DIR
File Copy: C:\rowan\mig\Pexcite\Lgrpcmb.wav
File Copy: C:\rowan\mig\Pexcite\Lgrphome.wav
File Copy: C:\rowan\mig\Pexcite\Lgrpinfo.wav
File Copy: C:\rowan\mig\Pexcite\Lgrpptcm.wav
File Copy: C:\rowan\mig\Pexcite\Lgrprcmb.wav
File Copy: C:\rowan\mig\Pexcite\Tsmlnm.wav
File Copy: C:\rowan\mig\Pexcite\airflds.wav
File Copy: C:\rowan\mig\Pexcite\bearings.wav
File Copy: C:\rowan\mig\Pexcite\bignums.wav
File Copy: C:\rowan\mig\Pexcite\cgroups.wav
File Copy: C:\rowan\mig\Pexcite\commspcl.wav
File Copy: C:\rowan\mig\Pexcite\csgns0.wav
File Copy: C:\rowan\mig\Pexcite\factac.wav
File Copy: C:\rowan\mig\Pexcite\fnums.wav
File Copy: C:\rowan\mig\Pexcite\grpcmb.wav
File Copy: C:\rowan\mig\Pexcite\grpinfo.wav
File Copy: C:\rowan\mig\Pexcite\grpptcmb.wav
File Copy: C:\rowan\mig\Pexcite\lparts6.wav
File Copy: C:\rowan\mig\Pexcite\namedac.wav
File Copy: C:\rowan\mig\Pexcite\namedacs.wav
File Copy: C:\rowan\mig\Pexcite\parts.wav
File Copy: C:\rowan\mig\Pexcite\parts2.wav
File Copy: C:\rowan\mig\Pexcite\parts3.wav
File Copy: C:\rowan\mig\Pexcite\parts4.wav
File Copy: C:\rowan\mig\Pexcite\parts5.wav
File Copy: C:\rowan\mig\Pexcite\parts6.wav
File Copy: C:\rowan\mig\Pexcite\placedir.wav
File Copy: C:\rowan\mig\Pexcite\placnams.wav
File Copy: C:\rowan\mig\Pexcite\punctuat.wav
File Copy: C:\rowan\mig\Pexcite\qnamedac.wav
File Copy: C:\rowan\mig\Pexcite\randband.wav
File Copy: C:\rowan\mig\Pexcite\ranges.wav
File Copy: C:\rowan\mig\Pexcite\relbring.wav
File Copy: C:\rowan\mig\Pexcite\smlnums.wav
File Copy: C:\rowan\mig\Pexcite\specrad.wav
File Copy: C:\rowan\mig\Pexcite\spectwr.wav
File Copy: C:\rowan\mig\Pexcite\tofac.wav
File Copy: C:\rowan\mig\Pexcite\totower.wav
File Copy: C:\rowan\mig\Pexcite\travdir.wav
File Copy: C:\rowan\mig\Pexcite\trgmov.wav
File Copy: C:\rowan\mig\Pexcite\trgname.wav
File Copy: C:\rowan\mig\Pexcite\trgtype.wav
File Copy: C:\rowan\mig\Pexcite\userdef.wav
File Copy: C:\rowan\mig\Pexcite\voice2.wav
File Copy: C:\rowan\mig\Pexcite\weapons.wav
File Copy: C:\rowan\mig\Pexcite\xparts2.wav
Made Dir: C:\rowan\mig\Player
File Copy: C:\rowan\mig\Player\DIR.DIR
File Copy: C:\rowan\mig\Player\Lgrpcmb.wav
File Copy: C:\rowan\mig\Player\Lgrphome.wav
File Copy: C:\rowan\mig\Player\Lgrpinfo.wav
File Copy: C:\rowan\mig\Player\Lgrpptcm.wav
File Copy: C:\rowan\mig\Player\Lgrprcmb.wav
File Copy: C:\rowan\mig\Player\Tsmlnm.wav
File Copy: C:\rowan\mig\Player\airflds.wav
File Copy: C:\rowan\mig\Player\bearings.wav
File Copy: C:\rowan\mig\Player\bignums.wav
File Copy: C:\rowan\mig\Player\cgroups.wav
File Copy: C:\rowan\mig\Player\commspcl.wav
File Copy: C:\rowan\mig\Player\csgns0.wav
File Copy: C:\rowan\mig\Player\factac.wav
File Copy: C:\rowan\mig\Player\fnums.wav
File Copy: C:\rowan\mig\Player\grpcmb.wav
File Copy: C:\rowan\mig\Player\grpinfo.wav
File Copy: C:\rowan\mig\Player\grpptcmb.wav
File Copy: C:\rowan\mig\Player\lparts6.wav
File Copy: C:\rowan\mig\Player\namedac.wav
File Copy: C:\rowan\mig\Player\namedacs.wav
File Copy: C:\rowan\mig\Player\parts.wav
File Copy: C:\rowan\mig\Player\parts2.wav
File Copy: C:\rowan\mig\Player\parts3.wav
File Copy: C:\rowan\mig\Player\parts4.wav
File Copy: C:\rowan\mig\Player\parts5.wav
File Copy: C:\rowan\mig\Player\parts6.wav
File Copy: C:\rowan\mig\Player\placedir.wav
File Copy: C:\rowan\mig\Player\placnams.wav
File Copy: C:\rowan\mig\Player\punctuat.wav
File Copy: C:\rowan\mig\Player\qnamedac.wav
File Copy: C:\rowan\mig\Player\randband.wav
File Copy: C:\rowan\mig\Player\ranges.wav
File Copy: C:\rowan\mig\Player\relbring.wav
File Copy: C:\rowan\mig\Player\smlnums.wav
File Copy: C:\rowan\mig\Player\specrad.wav
File Copy: C:\rowan\mig\Player\spectwr.wav
File Copy: C:\rowan\mig\Player\tofac.wav
File Copy: C:\rowan\mig\Player\totower.wav
File Copy: C:\rowan\mig\Player\travdir.wav
File Copy: C:\rowan\mig\Player\trgmov.wav
File Copy: C:\rowan\mig\Player\trgname.wav
File Copy: C:\rowan\mig\Player\trgtype.wav
File Copy: C:\rowan\mig\Player\userdef.wav
File Copy: C:\rowan\mig\Player\voice2.wav
File Copy: C:\rowan\mig\Player\weapons.wav
File Copy: C:\rowan\mig\Player\xparts2.wav
Made Dir: C:\rowan\mig\Tower0
File Copy: C:\rowan\mig\Tower0\DIR.DIR
File Copy: C:\rowan\mig\Tower0\Lgrpcmb.wav
File Copy: C:\rowan\mig\Tower0\Lgrphome.wav
File Copy: C:\rowan\mig\Tower0\Lgrpinfo.wav
File Copy: C:\rowan\mig\Tower0\Lgrpptcm.wav
File Copy: C:\rowan\mig\Tower0\Lgrprcmb.wav
File Copy: C:\rowan\mig\Tower0\Tsmlnm.wav
File Copy: C:\rowan\mig\Tower0\airflds.wav
File Copy: C:\rowan\mig\Tower0\bearings.wav
File Copy: C:\rowan\mig\Tower0\bignums.wav
File Copy: C:\rowan\mig\Tower0\cgroups.wav
File Copy: C:\rowan\mig\Tower0\commspcl.wav
File Copy: C:\rowan\mig\Tower0\csgns0.wav
File Copy: C:\rowan\mig\Tower0\factac.wav
File Copy: C:\rowan\mig\Tower0\fnums.wav
File Copy: C:\rowan\mig\Tower0\grpcmb.wav
File Copy: C:\rowan\mig\Tower0\grpinfo.wav
File Copy: C:\rowan\mig\Tower0\grpptcmb.wav
File Copy: C:\rowan\mig\Tower0\lparts6.wav
File Copy: C:\rowan\mig\Tower0\namedac.wav
File Copy: C:\rowan\mig\Tower0\namedacs.wav
File Copy: C:\rowan\mig\Tower0\parts.wav
File Copy: C:\rowan\mig\Tower0\parts2.wav
File Copy: C:\rowan\mig\Tower0\parts3.wav
File Copy: C:\rowan\mig\Tower0\parts4.wav
File Copy: C:\rowan\mig\Tower0\parts5.wav
File Copy: C:\rowan\mig\Tower0\parts6.wav
File Copy: C:\rowan\mig\Tower0\placedir.wav
File Copy: C:\rowan\mig\Tower0\placnams.wav
File Copy: C:\rowan\mig\Tower0\punctuat.wav
File Copy: C:\rowan\mig\Tower0\qnamedac.wav
File Copy: C:\rowan\mig\Tower0\randband.wav
File Copy: C:\rowan\mig\Tower0\ranges.wav
File Copy: C:\rowan\mig\Tower0\relbring.wav
File Copy: C:\rowan\mig\Tower0\smlnums.wav
File Copy: C:\rowan\mig\Tower0\specrad.wav
File Copy: C:\rowan\mig\Tower0\spectwr.wav
File Copy: C:\rowan\mig\Tower0\tofac.wav
File Copy: C:\rowan\mig\Tower0\totower.wav
File Copy: C:\rowan\mig\Tower0\travdir.wav
File Copy: C:\rowan\mig\Tower0\trgmov.wav
File Copy: C:\rowan\mig\Tower0\trgname.wav
File Copy: C:\rowan\mig\Tower0\trgtype.wav
File Copy: C:\rowan\mig\Tower0\userdef.wav
File Copy: C:\rowan\mig\Tower0\voice2.wav
File Copy: C:\rowan\mig\Tower0\weapons.wav
File Copy: C:\rowan\mig\Tower0\xparts2.wav
Made Dir: C:\rowan\mig\Tower1
File Copy: C:\rowan\mig\Tower1\DIR.DIR
File Copy: C:\rowan\mig\Tower1\Lgrpcmb.wav
File Copy: C:\rowan\mig\Tower1\Lgrphome.wav
File Copy: C:\rowan\mig\Tower1\Lgrpinfo.wav
File Copy: C:\rowan\mig\Tower1\Lgrpptcm.wav
File Copy: C:\rowan\mig\Tower1\Lgrprcmb.wav
File Copy: C:\rowan\mig\Tower1\Tsmlnm.wav
File Copy: C:\rowan\mig\Tower1\airflds.wav
File Copy: C:\rowan\mig\Tower1\bearings.wav
File Copy: C:\rowan\mig\Tower1\bignums.wav
File Copy: C:\rowan\mig\Tower1\cgroups.wav
File Copy: C:\rowan\mig\Tower1\commspcl.wav
File Copy: C:\rowan\mig\Tower1\csgns0.wav
File Copy: C:\rowan\mig\Tower1\factac.wav
File Copy: C:\rowan\mig\Tower1\fnums.wav
File Copy: C:\rowan\mig\Tower1\grpcmb.wav
File Copy: C:\rowan\mig\Tower1\grpinfo.wav
File Copy: C:\rowan\mig\Tower1\grpptcmb.wav
File Copy: C:\rowan\mig\Tower1\lparts6.wav
File Copy: C:\rowan\mig\Tower1\namedac.wav
File Copy: C:\rowan\mig\Tower1\namedacs.wav
File Copy: C:\rowan\mig\Tower1\parts.wav
File Copy: C:\rowan\mig\Tower1\parts2.wav
File Copy: C:\rowan\mig\Tower1\parts3.wav
File Copy: C:\rowan\mig\Tower1\parts4.wav
File Copy: C:\rowan\mig\Tower1\parts5.wav
File Copy: C:\rowan\mig\Tower1\parts6.wav
File Copy: C:\rowan\mig\Tower1\placedir.wav
File Copy: C:\rowan\mig\Tower1\placnams.wav
File Copy: C:\rowan\mig\Tower1\punctuat.wav
File Copy: C:\rowan\mig\Tower1\qnamedac.wav
File Copy: C:\rowan\mig\Tower1\randband.wav
File Copy: C:\rowan\mig\Tower1\ranges.wav
File Copy: C:\rowan\mig\Tower1\relbring.wav
File Copy: C:\rowan\mig\Tower1\smlnums.wav
File Copy: C:\rowan\mig\Tower1\specrad.wav
File Copy: C:\rowan\mig\Tower1\spectwr.wav
File Copy: C:\rowan\mig\Tower1\tofac.wav
File Copy: C:\rowan\mig\Tower1\totower.wav
File Copy: C:\rowan\mig\Tower1\travdir.wav
File Copy: C:\rowan\mig\Tower1\trgmov.wav
File Copy: C:\rowan\mig\Tower1\trgname.wav
File Copy: C:\rowan\mig\Tower1\trgtype.wav
File Copy: C:\rowan\mig\Tower1\userdef.wav
File Copy: C:\rowan\mig\Tower1\voice2.wav
File Copy: C:\rowan\mig\Tower1\weapons.wav
File Copy: C:\rowan\mig\Tower1\xparts2.wav
Made Dir: C:\rowan\mig\Tower2
File Copy: C:\rowan\mig\Tower2\DIR.DIR
File Copy: C:\rowan\mig\Tower2\Lgrpcmb.wav
File Copy: C:\rowan\mig\Tower2\Lgrphome.wav
File Copy: C:\rowan\mig\Tower2\Lgrpinfo.wav
File Copy: C:\rowan\mig\Tower2\Lgrpptcm.wav
File Copy: C:\rowan\mig\Tower2\Lgrprcmb.wav
File Copy: C:\rowan\mig\Tower2\Tsmlnm.wav
File Copy: C:\rowan\mig\Tower2\airflds.wav
File Copy: C:\rowan\mig\Tower2\bearings.wav
File Copy: C:\rowan\mig\Tower2\bignums.wav
File Copy: C:\rowan\mig\Tower2\cgroups.wav
File Copy: C:\rowan\mig\Tower2\commspcl.wav
File Copy: C:\rowan\mig\Tower2\csgns0.wav
File Copy: C:\rowan\mig\Tower2\factac.wav
File Copy: C:\rowan\mig\Tower2\fnums.wav
File Copy: C:\rowan\mig\Tower2\grpcmb.wav
File Copy: C:\rowan\mig\Tower2\grpinfo.wav
File Copy: C:\rowan\mig\Tower2\grpptcmb.wav
File Copy: C:\rowan\mig\Tower2\lparts6.wav
File Copy: C:\rowan\mig\Tower2\namedac.wav
File Copy: C:\rowan\mig\Tower2\namedacs.wav
File Copy: C:\rowan\mig\Tower2\parts.wav
File Copy: C:\rowan\mig\Tower2\parts2.wav
File Copy: C:\rowan\mig\Tower2\parts3.wav
File Copy: C:\rowan\mig\Tower2\parts4.wav
File Copy: C:\rowan\mig\Tower2\parts5.wav
File Copy: C:\rowan\mig\Tower2\parts6.wav
File Copy: C:\rowan\mig\Tower2\placedir.wav
File Copy: C:\rowan\mig\Tower2\placnams.wav
File Copy: C:\rowan\mig\Tower2\punctuat.wav
File Copy: C:\rowan\mig\Tower2\qnamedac.wav
File Copy: C:\rowan\mig\Tower2\randband.wav
File Copy: C:\rowan\mig\Tower2\ranges.wav
File Copy: C:\rowan\mig\Tower2\relbring.wav
File Copy: C:\rowan\mig\Tower2\smlnums.wav
File Copy: C:\rowan\mig\Tower2\specrad.wav
File Copy: C:\rowan\mig\Tower2\spectwr.wav
File Copy: C:\rowan\mig\Tower2\tofac.wav
File Copy: C:\rowan\mig\Tower2\totower.wav
File Copy: C:\rowan\mig\Tower2\travdir.wav
File Copy: C:\rowan\mig\Tower2\trgmov.wav
File Copy: C:\rowan\mig\Tower2\trgname.wav
File Copy: C:\rowan\mig\Tower2\trgtype.wav
File Copy: C:\rowan\mig\Tower2\userdef.wav
File Copy: C:\rowan\mig\Tower2\voice2.wav
File Copy: C:\rowan\mig\Tower2\weapons.wav
File Copy: C:\rowan\mig\Tower2\xparts2.wav
Made Dir: C:\rowan\mig\SAMPLES
File Copy: C:\rowan\mig\SAMPLES\DIR.DIR
File Copy: C:\rowan\mig\SAMPLES\airxplo1.wav
File Copy: C:\rowan\mig\SAMPLES\airxplo2.wav
File Copy: C:\rowan\mig\SAMPLES\altrif4.wav
File Copy: C:\rowan\mig\SAMPLES\ammoclck.wav
File Copy: C:\rowan\mig\SAMPLES\balnignt.wav
File Copy: C:\rowan\mig\SAMPLES\battlelp.wav
File Copy: C:\rowan\mig\SAMPLES\bbbls1.wav
File Copy: C:\rowan\mig\SAMPLES\bmbuncp1.wav
File Copy: C:\rowan\mig\SAMPLES\bmbwstl2.wav
File Copy: C:\rowan\mig\SAMPLES\book1.wav
File Copy: C:\rowan\mig\SAMPLES\book2.wav
File Copy: C:\rowan\mig\SAMPLES\book3.wav
File Copy: C:\rowan\mig\SAMPLES\breath7.wav
File Copy: C:\rowan\mig\SAMPLES\buffloo1.wav
File Copy: C:\rowan\mig\SAMPLES\buffloo2.wav
File Copy: C:\rowan\mig\SAMPLES\buffloo3.wav
File Copy: C:\rowan\mig\SAMPLES\buffmod1.wav
File Copy: C:\rowan\mig\SAMPLES\button1.wav
File Copy: C:\rowan\mig\SAMPLES\button2.wav
File Copy: C:\rowan\mig\SAMPLES\button3.wav
File Copy: C:\rowan\mig\SAMPLES\cnpyblow.wav
File Copy: C:\rowan\mig\SAMPLES\cnpysld5.wav
File Copy: C:\rowan\mig\SAMPLES\cpycrack.wav
File Copy: C:\rowan\mig\SAMPLES\dbrs-16.wav
File Copy: C:\rowan\mig\SAMPLES\dbrs-wtr.wav
File Copy: C:\rowan\mig\SAMPLES\debris-1.wav
File Copy: C:\rowan\mig\SAMPLES\debris-5.wav
File Copy: C:\rowan\mig\SAMPLES\drawer1.wav
File Copy: C:\rowan\mig\SAMPLES\drawer2.wav
File Copy: C:\rowan\mig\SAMPLES\dronlp.wav
File Copy: C:\rowan\mig\SAMPLES\drwrsld3.wav
File Copy: C:\rowan\mig\SAMPLES\dstalrm1.wav
File Copy: C:\rowan\mig\SAMPLES\dstalrm2.wav
File Copy: C:\rowan\mig\SAMPLES\dstjtkof.wav
File Copy: C:\rowan\mig\SAMPLES\ejctseat.wav
File Copy: C:\rowan\mig\SAMPLES\engnxplo.wav
File Copy: C:\rowan\mig\SAMPLES\field1.wav
File Copy: C:\rowan\mig\SAMPLES\field2.wav
File Copy: C:\rowan\mig\SAMPLES\fireloop.wav
File Copy: C:\rowan\mig\SAMPLES\flak-3.wav
File Copy: C:\rowan\mig\SAMPLES\flak-4.wav
File Copy: C:\rowan\mig\SAMPLES\flak-6.wav
File Copy: C:\rowan\mig\SAMPLES\flak-7.wav
File Copy: C:\rowan\mig\SAMPLES\flaps.wav
File Copy: C:\rowan\mig\SAMPLES\gasp-1.wav
File Copy: C:\rowan\mig\SAMPLES\gfcecrk7.wav
File Copy: C:\rowan\mig\SAMPLES\gfrcmtl.wav
File Copy: C:\rowan\mig\SAMPLES\glass.wav
File Copy: C:\rowan\mig\SAMPLES\gncckng3.wav
File Copy: C:\rowan\mig\SAMPLES\gncckng4.wav
File Copy: C:\rowan\mig\SAMPLES\gnclck1.wav
File Copy: C:\rowan\mig\SAMPLES\gnclck4.wav
File Copy: C:\rowan\mig\SAMPLES\gndloop.wav
File Copy: C:\rowan\mig\SAMPLES\grndxpls.wav
File Copy: C:\rowan\mig\SAMPLES\grslnd2.wav
File Copy: C:\rowan\mig\SAMPLES\heliclp1.wav
File Copy: C:\rowan\mig\SAMPLES\heliclp2.wav
File Copy: C:\rowan\mig\SAMPLES\helloop1.wav
File Copy: C:\rowan\mig\SAMPLES\henscuff.wav
File Copy: C:\rowan\mig\SAMPLES\jetflyba.wav
File Copy: C:\rowan\mig\SAMPLES\jetflybf.wav
File Copy: C:\rowan\mig\SAMPLES\jetflybs.wav
File Copy: C:\rowan\mig\SAMPLES\jetgear.wav
File Copy: C:\rowan\mig\SAMPLES\jextloo1.wav
File Copy: C:\rowan\mig\SAMPLES\jextwsl1.wav
File Copy: C:\rowan\mig\SAMPLES\jintloo1.wav
File Copy: C:\rowan\mig\SAMPLES\jintwsl1.wav
File Copy: C:\rowan\mig\SAMPLES\jtakeof1.wav
File Copy: C:\rowan\mig\SAMPLES\jtstart1.wav
File Copy: C:\rowan\mig\SAMPLES\key1.wav
File Copy: C:\rowan\mig\SAMPLES\key2.wav
File Copy: C:\rowan\mig\SAMPLES\key3.wav
File Copy: C:\rowan\mig\SAMPLES\ktroop1.wav
File Copy: C:\rowan\mig\SAMPLES\ktroop2.wav
File Copy: C:\rowan\mig\SAMPLES\ktroop3.wav
File Copy: C:\rowan\mig\SAMPLES\ktroop4.wav
File Copy: C:\rowan\mig\SAMPLES\mgcanlp1.wav
File Copy: C:\rowan\mig\SAMPLES\mgcanlp3.wav
File Copy: C:\rowan\mig\SAMPLES\mgunlp1.wav
File Copy: C:\rowan\mig\SAMPLES\mgunlp2.wav
File Copy: C:\rowan\mig\SAMPLES\mgunlp3.wav
File Copy: C:\rowan\mig\SAMPLES\mgunlp4.wav
File Copy: C:\rowan\mig\SAMPLES\missile.wav
File Copy: C:\rowan\mig\SAMPLES\missile2.wav
File Copy: C:\rowan\mig\SAMPLES\missile3.wav
File Copy: C:\rowan\mig\SAMPLES\missile5.wav
File Copy: C:\rowan\mig\SAMPLES\nplmrls.wav
File Copy: C:\rowan\mig\SAMPLES\nstlclg1.wav
File Copy: C:\rowan\mig\SAMPLES\oilexp-1.wav
File Copy: C:\rowan\mig\SAMPLES\oilexp-2.wav
File Copy: C:\rowan\mig\SAMPLES\ovrevlp1.wav
File Copy: C:\rowan\mig\SAMPLES\p51burp1.wav
File Copy: C:\rowan\mig\SAMPLES\p51burp2.wav
File Copy: C:\rowan\mig\SAMPLES\p51exlp.wav
File Copy: C:\rowan\mig\SAMPLES\p51flyba.wav
File Copy: C:\rowan\mig\SAMPLES\p51flybf.wav
File Copy: C:\rowan\mig\SAMPLES\p51flybs.wav
File Copy: C:\rowan\mig\SAMPLES\p51gear.wav
File Copy: C:\rowan\mig\SAMPLES\p51inlp.wav
File Copy: C:\rowan\mig\SAMPLES\p51next.wav
File Copy: C:\rowan\mig\SAMPLES\p51nint.wav
File Copy: C:\rowan\mig\SAMPLES\p51start.wav
File Copy: C:\rowan\mig\SAMPLES\p51texlp.wav
File Copy: C:\rowan\mig\SAMPLES\p51tinlp.wav
File Copy: C:\rowan\mig\SAMPLES\paper1.wav
File Copy: C:\rowan\mig\SAMPLES\paper2.wav
File Copy: C:\rowan\mig\SAMPLES\paper3.wav
File Copy: C:\rowan\mig\SAMPLES\paraoof4.wav
File Copy: C:\rowan\mig\SAMPLES\paraoof8.wav
File Copy: C:\rowan\mig\SAMPLES\pflaploo.wav
File Copy: C:\rowan\mig\SAMPLES\plandgnd.wav
File Copy: C:\rowan\mig\SAMPLES\plandwat.wav
File Copy: C:\rowan\mig\SAMPLES\plnbldn2.wav
File Copy: C:\rowan\mig\SAMPLES\plncrsh.wav
File Copy: C:\rowan\mig\SAMPLES\plncrsh2.wav
File Copy: C:\rowan\mig\SAMPLES\plncrsh3.wav
File Copy: C:\rowan\mig\SAMPLES\plncrsh4.wav
File Copy: C:\rowan\mig\SAMPLES\plngrnd2.wav
File Copy: C:\rowan\mig\SAMPLES\plnwtr1.wav
File Copy: C:\rowan\mig\SAMPLES\popen.wav
File Copy: C:\rowan\mig\SAMPLES\rainloo.wav
File Copy: C:\rowan\mig\SAMPLES\rico-1.wav
File Copy: C:\rowan\mig\SAMPLES\rico-10.wav
File Copy: C:\rowan\mig\SAMPLES\rico-2.wav
File Copy: C:\rowan\mig\SAMPLES\rico-3.wav
File Copy: C:\rowan\mig\SAMPLES\rico-4.wav
File Copy: C:\rowan\mig\SAMPLES\rico-5.wav
File Copy: C:\rowan\mig\SAMPLES\rico-8.wav
File Copy: C:\rowan\mig\SAMPLES\rico-9.wav
File Copy: C:\rowan\mig\SAMPLES\rico11.wav
File Copy: C:\rowan\mig\SAMPLES\rico12.wav
File Copy: C:\rowan\mig\SAMPLES\rico13.wav
File Copy: C:\rowan\mig\SAMPLES\rico14.wav
File Copy: C:\rowan\mig\SAMPLES\rico15.wav
File Copy: C:\rowan\mig\SAMPLES\rico16.wav
File Copy: C:\rowan\mig\SAMPLES\rico18.wav
File Copy: C:\rowan\mig\SAMPLES\ricocnvs.wav
File Copy: C:\rowan\mig\SAMPLES\ricowat1.wav
File Copy: C:\rowan\mig\SAMPLES\rmngtn1.wav
File Copy: C:\rowan\mig\SAMPLES\rmngtn2.wav
File Copy: C:\rowan\mig\SAMPLES\siren1.wav
File Copy: C:\rowan\mig\SAMPLES\sizzle.wav
File Copy: C:\rowan\mig\SAMPLES\slide1.wav
File Copy: C:\rowan\mig\SAMPLES\smlflp1.wav
File Copy: C:\rowan\mig\SAMPLES\snglgasp.wav
File Copy: C:\rowan\mig\SAMPLES\stmwst1a.wav
File Copy: C:\rowan\mig\SAMPLES\tankgun1.wav
File Copy: C:\rowan\mig\SAMPLES\tankgun2.wav
File Copy: C:\rowan\mig\SAMPLES\tick1.wav
File Copy: C:\rowan\mig\SAMPLES\tloop2.wav
File Copy: C:\rowan\mig\SAMPLES\tnkxplsn.wav
File Copy: C:\rowan\mig\SAMPLES\trainlo1.wav
File Copy: C:\rowan\mig\SAMPLES\trknrmlp.wav
File Copy: C:\rowan\mig\SAMPLES\tug.wav
File Copy: C:\rowan\mig\SAMPLES\tyrscrh1.wav
File Copy: C:\rowan\mig\SAMPLES\tyrscrh2.wav
File Copy: C:\rowan\mig\SAMPLES\tyrscrh3.wav
File Copy: C:\rowan\mig\SAMPLES\tyrscrh4.wav
File Copy: C:\rowan\mig\SAMPLES\unclamp1.wav
File Copy: C:\rowan\mig\SAMPLES\volumes.bin
File Copy: C:\rowan\mig\SAMPLES\volumes.txt
File Copy: C:\rowan\mig\SAMPLES\watloo.wav
File Copy: C:\rowan\mig\SAMPLES\wloop1.wav
File Copy: C:\rowan\mig\SAMPLES\wloop2.wav
File Copy: C:\rowan\mig\SAMPLES\wngsnap.wav
File Copy: C:\rowan\mig\SAMPLES\woodbrk1.wav
File Copy: C:\rowan\mig\SAMPLES\woodbrk2.wav
File Copy: C:\rowan\mig\SAMPLES\xplode-1.wav
File Copy: C:\rowan\mig\SAMPLES\xplode-2.wav
File Copy: C:\rowan\mig\SAMPLES\xplode-8.wav
File Copy: C:\rowan\mig\SAMPLES\yelp1.wav
File Copy: C:\rowan\mig\SAMPLES\yelp2.wav
File Copy: C:\rowan\mig\SAMPLES\yelp3.wav
File Copy: C:\rowan\mig\SAMPLES\yelp4.wav
File Copy: C:\rowan\mig\SAMPLES\yelp5.wav
Made Dir: C:\rowan\mig\SHPBIN
File Copy: C:\rowan\mig\SHPBIN\AIREXP.bin
File Copy: C:\rowan\mig\SHPBIN\AMMOC.bin
File Copy: C:\rowan\mig\SHPBIN\AMMOS.bin
File Copy: C:\rowan\mig\SHPBIN\BDUST.bin
File Copy: C:\rowan\mig\SHPBIN\BEXP.bin
File Copy: C:\rowan\mig\SHPBIN\BFLAK.bin
File Copy: C:\rowan\mig\SHPBIN\BOMB29.bin
File Copy: C:\rowan\mig\SHPBIN\BSMKE.bin
File Copy: C:\rowan\mig\SHPBIN\BULCSE.bin
File Copy: C:\rowan\mig\SHPBIN\BULGND.bin
File Copy: C:\rowan\mig\SHPBIN\BULL.bin
File Copy: C:\rowan\mig\SHPBIN\BULWAT.bin
File Copy: C:\rowan\mig\SHPBIN\BUNK.bin
File Copy: C:\rowan\mig\SHPBIN\CARGO.bin
File Copy: C:\rowan\mig\SHPBIN\CARNE2.bin
File Copy: C:\rowan\mig\SHPBIN\CH12ML.bin
File Copy: C:\rowan\mig\SHPBIN\CH37ML.bin
File Copy: C:\rowan\mig\SHPBIN\CHART.bin
File Copy: C:\rowan\mig\SHPBIN\CHBATT.bin
File Copy: C:\rowan\mig\SHPBIN\CHINFT.bin
File Copy: C:\rowan\mig\SHPBIN\CHLBAA.bin
File Copy: C:\rowan\mig\SHPBIN\CHMORT.bin
File Copy: C:\rowan\mig\SHPBIN\CHSBAA.bin
File Copy: C:\rowan\mig\SHPBIN\CIVI01.bin
File Copy: C:\rowan\mig\SHPBIN\CIVI02.bin
File Copy: C:\rowan\mig\SHPBIN\CIVI03.bin
File Copy: C:\rowan\mig\SHPBIN\CIVI04.bin
File Copy: C:\rowan\mig\SHPBIN\CIVI05.bin
File Copy: C:\rowan\mig\SHPBIN\CIVI06.bin
File Copy: C:\rowan\mig\SHPBIN\CIVI07.bin
File Copy: C:\rowan\mig\SHPBIN\CIVI08.bin
File Copy: C:\rowan\mig\SHPBIN\CIVI09.bin
File Copy: C:\rowan\mig\SHPBIN\CIVI10.bin
File Copy: C:\rowan\mig\SHPBIN\CLLFIR.bin
File Copy: C:\rowan\mig\SHPBIN\CLOUD1.bin
File Copy: C:\rowan\mig\SHPBIN\CLOUD2.bin
File Copy: C:\rowan\mig\SHPBIN\CLOUD3.bin
File Copy: C:\rowan\mig\SHPBIN\CLOUD4.bin
File Copy: C:\rowan\mig\SHPBIN\CLSFIR.bin
File Copy: C:\rowan\mig\SHPBIN\CLUSTA.bin
File Copy: C:\rowan\mig\SHPBIN\CLUSTF.bin
File Copy: C:\rowan\mig\SHPBIN\CONSHP.bin
File Copy: C:\rowan\mig\SHPBIN\COOLIE.bin
File Copy: C:\rowan\mig\SHPBIN\COVER1.bin
File Copy: C:\rowan\mig\SHPBIN\COVER2.bin
File Copy: C:\rowan\mig\SHPBIN\COVER3.bin
File Copy: C:\rowan\mig\SHPBIN\COVER4.bin
File Copy: C:\rowan\mig\SHPBIN\CRANE.bin
File Copy: C:\rowan\mig\SHPBIN\CRATER.bin
File Copy: C:\rowan\mig\SHPBIN\CTWR1.bin
File Copy: C:\rowan\mig\SHPBIN\CTWR2.bin
File Copy: C:\rowan\mig\SHPBIN\DEB1.bin
File Copy: C:\rowan\mig\SHPBIN\DEB2.bin
File Copy: C:\rowan\mig\SHPBIN\DEB3.bin
File Copy: C:\rowan\mig\SHPBIN\DEB4.bin
File Copy: C:\rowan\mig\SHPBIN\DEB5.bin
File Copy: C:\rowan\mig\SHPBIN\DEB6.bin
File Copy: C:\rowan\mig\SHPBIN\DEB7.bin
File Copy: C:\rowan\mig\SHPBIN\DIR.DIR
File Copy: C:\rowan\mig\SHPBIN\DOT.bin
File Copy: C:\rowan\mig\SHPBIN\DRIFTR.bin
File Copy: C:\rowan\mig\SHPBIN\DSPARK.bin
File Copy: C:\rowan\mig\SHPBIN\DSTNAP.bin
File Copy: C:\rowan\mig\SHPBIN\DUMMY1.bin
File Copy: C:\rowan\mig\SHPBIN\DUMMY2.bin
File Copy: C:\rowan\mig\SHPBIN\DUMMY3.bin
File Copy: C:\rowan\mig\SHPBIN\DUMMY4.bin
File Copy: C:\rowan\mig\SHPBIN\DUMMY5.bin
File Copy: C:\rowan\mig\SHPBIN\DUMMY6.bin
File Copy: C:\rowan\mig\SHPBIN\DUMMY7.bin
File Copy: C:\rowan\mig\SHPBIN\DUMMY9.bin
File Copy: C:\rowan\mig\SHPBIN\DUMY11.bin
File Copy: C:\rowan\mig\SHPBIN\DUMY12.bin
File Copy: C:\rowan\mig\SHPBIN\DUMY13.bin
File Copy: C:\rowan\mig\SHPBIN\DUMY14.bin
File Copy: C:\rowan\mig\SHPBIN\DUMY15.bin
File Copy: C:\rowan\mig\SHPBIN\DUMY16.bin
File Copy: C:\rowan\mig\SHPBIN\DUMY17.bin
File Copy: C:\rowan\mig\SHPBIN\DUMY18.bin
File Copy: C:\rowan\mig\SHPBIN\DUMY19.bin
File Copy: C:\rowan\mig\SHPBIN\DUMY20.bin
File Copy: C:\rowan\mig\SHPBIN\DUSSHP.bin
File Copy: C:\rowan\mig\SHPBIN\EXPLO.bin
File Copy: C:\rowan\mig\SHPBIN\F51B10.bin
File Copy: C:\rowan\mig\SHPBIN\F51BMB.bin
File Copy: C:\rowan\mig\SHPBIN\F51FU.bin
File Copy: C:\rowan\mig\SHPBIN\F51NAP.bin
File Copy: C:\rowan\mig\SHPBIN\F51RTL.bin
File Copy: C:\rowan\mig\SHPBIN\F51RTR.bin
File Copy: C:\rowan\mig\SHPBIN\F80B10.bin
File Copy: C:\rowan\mig\SHPBIN\F80BMB.bin
File Copy: C:\rowan\mig\SHPBIN\F80FUL.bin
File Copy: C:\rowan\mig\SHPBIN\F80FUR.bin
File Copy: C:\rowan\mig\SHPBIN\F80NAP.bin
File Copy: C:\rowan\mig\SHPBIN\F80RT.bin
File Copy: C:\rowan\mig\SHPBIN\F84B10.bin
File Copy: C:\rowan\mig\SHPBIN\F84BMB.bin
File Copy: C:\rowan\mig\SHPBIN\F84FUL.bin
File Copy: C:\rowan\mig\SHPBIN\F84FUR.bin
File Copy: C:\rowan\mig\SHPBIN\F84NAP.bin
File Copy: C:\rowan\mig\SHPBIN\F84RT.bin
File Copy: C:\rowan\mig\SHPBIN\F86BMB.bin
File Copy: C:\rowan\mig\SHPBIN\F86FU.bin
File Copy: C:\rowan\mig\SHPBIN\F86RTL.bin
File Copy: C:\rowan\mig\SHPBIN\F86RTR.bin
File Copy: C:\rowan\mig\SHPBIN\FAKEC.bin
File Copy: C:\rowan\mig\SHPBIN\FAKER.bin
File Copy: C:\rowan\mig\SHPBIN\FIRE.bin
File Copy: C:\rowan\mig\SHPBIN\FIREB2.bin
File Copy: C:\rowan\mig\SHPBIN\FISHR.bin
File Copy: C:\rowan\mig\SHPBIN\FLUTTR.bin
File Copy: C:\rowan\mig\SHPBIN\FOODB.bin
File Copy: C:\rowan\mig\SHPBIN\FOODS.bin
File Copy: C:\rowan\mig\SHPBIN\FOX.bin
File Copy: C:\rowan\mig\SHPBIN\FUELD.bin
File Copy: C:\rowan\mig\SHPBIN\FUELDE.bin
File Copy: C:\rowan\mig\SHPBIN\FUELS.bin
File Copy: C:\rowan\mig\SHPBIN\GHANDI.bin
File Copy: C:\rowan\mig\SHPBIN\GNDEXP.bin
File Copy: C:\rowan\mig\SHPBIN\GRNDD1.bin
File Copy: C:\rowan\mig\SHPBIN\GRNDD2.bin
File Copy: C:\rowan\mig\SHPBIN\GRNDD3.bin
File Copy: C:\rowan\mig\SHPBIN\GRNDD4.bin
File Copy: C:\rowan\mig\SHPBIN\GRNDD5.bin
File Copy: C:\rowan\mig\SHPBIN\GRNDD6.bin
File Copy: C:\rowan\mig\SHPBIN\GRNDD7.bin
File Copy: C:\rowan\mig\SHPBIN\GRNDD8.bin
File Copy: C:\rowan\mig\SHPBIN\HANGER.bin
File Copy: C:\rowan\mig\SHPBIN\HNGK14.bin
File Copy: C:\rowan\mig\SHPBIN\HO3S.bin
File Copy: C:\rowan\mig\SHPBIN\HOLE.bin
File Copy: C:\rowan\mig\SHPBIN\HUT.bin
File Copy: C:\rowan\mig\SHPBIN\HUT01.bin
File Copy: C:\rowan\mig\SHPBIN\HUT02.bin
File Copy: C:\rowan\mig\SHPBIN\HUT03.bin
File Copy: C:\rowan\mig\SHPBIN\LCRANE.bin
File Copy: C:\rowan\mig\SHPBIN\LNHALB.bin
File Copy: C:\rowan\mig\SHPBIN\LNHALS.bin
File Copy: C:\rowan\mig\SHPBIN\LNSOLS.bin
File Copy: C:\rowan\mig\SHPBIN\M15FU.bin
File Copy: C:\rowan\mig\SHPBIN\MAP.bin
File Copy: C:\rowan\mig\SHPBIN\MAPZ.bin
File Copy: C:\rowan\mig\SHPBIN\METAL1.bin
File Copy: C:\rowan\mig\SHPBIN\MORSEL.bin
File Copy: C:\rowan\mig\SHPBIN\PDEATH.bin
File Copy: C:\rowan\mig\SHPBIN\PLUME1.bin
File Copy: C:\rowan\mig\SHPBIN\PLUME2.bin
File Copy: C:\rowan\mig\SHPBIN\PMAST.bin
File Copy: C:\rowan\mig\SHPBIN\PUFF.bin
File Copy: C:\rowan\mig\SHPBIN\PUFF2.bin
File Copy: C:\rowan\mig\SHPBIN\RDSEG1.bin
File Copy: C:\rowan\mig\SHPBIN\RDSEG2.bin
File Copy: C:\rowan\mig\SHPBIN\RDSEG3.bin
File Copy: C:\rowan\mig\SHPBIN\REDR2.bin
File Copy: C:\rowan\mig\SHPBIN\REDREV.bin
File Copy: C:\rowan\mig\SHPBIN\RLSE10.bin
File Copy: C:\rowan\mig\SHPBIN\RLSEG1.bin
File Copy: C:\rowan\mig\SHPBIN\RLSEG2.bin
File Copy: C:\rowan\mig\SHPBIN\RLSEG3.bin
File Copy: C:\rowan\mig\SHPBIN\RLSEG4.bin
File Copy: C:\rowan\mig\SHPBIN\RLSEG5.bin
File Copy: C:\rowan\mig\SHPBIN\RLSEG6.bin
File Copy: C:\rowan\mig\SHPBIN\RLSEG7.bin
File Copy: C:\rowan\mig\SHPBIN\RLSEG8.bin
File Copy: C:\rowan\mig\SHPBIN\RLSEG9.bin
File Copy: C:\rowan\mig\SHPBIN\RMAST.bin
File Copy: C:\rowan\mig\SHPBIN\ROKSHP.bin
File Copy: C:\rowan\mig\SHPBIN\RPLAY.bin
File Copy: C:\rowan\mig\SHPBIN\RUNEND.bin
File Copy: C:\rowan\mig\SHPBIN\RUNLIT.bin
File Copy: C:\rowan\mig\SHPBIN\RUNSEC.bin
File Copy: C:\rowan\mig\SHPBIN\SAMPAN.bin
File Copy: C:\rowan\mig\SHPBIN\SBAG.bin
File Copy: C:\rowan\mig\SHPBIN\SCAFF.bin
File Copy: C:\rowan\mig\SHPBIN\SCNSHP.bin
File Copy: C:\rowan\mig\SHPBIN\SCORCH.bin
File Copy: C:\rowan\mig\SHPBIN\SDUST.bin
File Copy: C:\rowan\mig\SHPBIN\SHDK14.bin
File Copy: C:\rowan\mig\SHPBIN\SHED.bin
File Copy: C:\rowan\mig\SHPBIN\SLIT.bin
File Copy: C:\rowan\mig\SHPBIN\SMKSHP.bin
File Copy: C:\rowan\mig\SHPBIN\SMKTRL.bin
File Copy: C:\rowan\mig\SHPBIN\SMLFIR.bin
File Copy: C:\rowan\mig\SHPBIN\SOOT.bin
File Copy: C:\rowan\mig\SHPBIN\SOOT2.bin
File Copy: C:\rowan\mig\SHPBIN\SOOTY.bin
File Copy: C:\rowan\mig\SHPBIN\SPARK.bin
File Copy: C:\rowan\mig\SHPBIN\START.bin
File Copy: C:\rowan\mig\SHPBIN\STBOMB.bin
File Copy: C:\rowan\mig\SHPBIN\SUN.bin
File Copy: C:\rowan\mig\SHPBIN\SUPPLY.bin
File Copy: C:\rowan\mig\SHPBIN\T6RT.bin
File Copy: C:\rowan\mig\SHPBIN\TBACK.bin
File Copy: C:\rowan\mig\SHPBIN\TCABLE.bin
File Copy: C:\rowan\mig\SHPBIN\TCOAL.bin
File Copy: C:\rowan\mig\SHPBIN\TEMPTY.bin
File Copy: C:\rowan\mig\SHPBIN\TENT1.bin
File Copy: C:\rowan\mig\SHPBIN\TENT2.bin
File Copy: C:\rowan\mig\SHPBIN\TENT3.bin
File Copy: C:\rowan\mig\SHPBIN\TENT4.bin
File Copy: C:\rowan\mig\SHPBIN\TENT5.bin
File Copy: C:\rowan\mig\SHPBIN\TGOODS.bin
File Copy: C:\rowan\mig\SHPBIN\THAUL.bin
File Copy: C:\rowan\mig\SHPBIN\TPINC.bin
File Copy: C:\rowan\mig\SHPBIN\TPIPE.bin
File Copy: C:\rowan\mig\SHPBIN\TREE1.bin
File Copy: C:\rowan\mig\SHPBIN\TREE2.bin
File Copy: C:\rowan\mig\SHPBIN\TREE3.bin
File Copy: C:\rowan\mig\SHPBIN\TREE4.bin
File Copy: C:\rowan\mig\SHPBIN\TREES.bin
File Copy: C:\rowan\mig\SHPBIN\TROLL.bin
File Copy: C:\rowan\mig\SHPBIN\TROOP1.bin
File Copy: C:\rowan\mig\SHPBIN\TROOPC.bin
File Copy: C:\rowan\mig\SHPBIN\TWOOD.bin
File Copy: C:\rowan\mig\SHPBIN\UNBATT.bin
File Copy: C:\rowan\mig\SHPBIN\UNHOW.bin
File Copy: C:\rowan\mig\SHPBIN\UNINFT.bin
File Copy: C:\rowan\mig\SHPBIN\UNLBAA.bin
File Copy: C:\rowan\mig\SHPBIN\UNMORT.bin
File Copy: C:\rowan\mig\SHPBIN\UNSBAA.bin
File Copy: C:\rowan\mig\SHPBIN\VAPSHP.bin
File Copy: C:\rowan\mig\SHPBIN\VSBSMK.bin
File Copy: C:\rowan\mig\SHPBIN\VSCON.bin
File Copy: C:\rowan\mig\SHPBIN\VSDUST.bin
File Copy: C:\rowan\mig\SHPBIN\VSFSMK.bin
File Copy: C:\rowan\mig\SHPBIN\VSGSMK.bin
File Copy: C:\rowan\mig\SHPBIN\VSMUD.bin
File Copy: C:\rowan\mig\SHPBIN\VSROCK.bin
File Copy: C:\rowan\mig\SHPBIN\VSSCON.bin
File Copy: C:\rowan\mig\SHPBIN\VSVAP.bin
File Copy: C:\rowan\mig\SHPBIN\VSWVAP.bin
File Copy: C:\rowan\mig\SHPBIN\WFLAK.bin
File Copy: C:\rowan\mig\SHPBIN\WINDSC.bin
File Copy: C:\rowan\mig\SHPBIN\WORSEL.bin
Made Dir: C:\rowan\mig\SHPBIN2
File Copy: C:\rowan\mig\SHPBIN2\B26.bin
File Copy: C:\rowan\mig\SHPBIN2\B26SHD.bin
File Copy: C:\rowan\mig\SHPBIN2\B29.bin
File Copy: C:\rowan\mig\SHPBIN2\B29SHD.bin
File Copy: C:\rowan\mig\SHPBIN2\BARAGL.bin
File Copy: C:\rowan\mig\SHPBIN2\BARGE.bin
File Copy: C:\rowan\mig\SHPBIN2\BLOKFR.bin
File Copy: C:\rowan\mig\SHPBIN2\BLOKFY.bin
File Copy: C:\rowan\mig\SHPBIN2\BLOKRN.bin
File Copy: C:\rowan\mig\SHPBIN2\BMB100.bin
File Copy: C:\rowan\mig\SHPBIN2\BMB129.bin
File Copy: C:\rowan\mig\SHPBIN2\BMB500.bin
File Copy: C:\rowan\mig\SHPBIN2\BOAT.bin
File Copy: C:\rowan\mig\SHPBIN2\BOMB.bin
File Copy: C:\rowan\mig\SHPBIN2\BULLET.bin
File Copy: C:\rowan\mig\SHPBIN2\C47.bin
File Copy: C:\rowan\mig\SHPBIN2\C47SHD.bin
File Copy: C:\rowan\mig\SHPBIN2\C54.bin
File Copy: C:\rowan\mig\SHPBIN2\C54SHD.bin
File Copy: C:\rowan\mig\SHPBIN2\CART1.bin
File Copy: C:\rowan\mig\SHPBIN2\CHTRCK.bin
File Copy: C:\rowan\mig\SHPBIN2\CHUTE2.bin
File Copy: C:\rowan\mig\SHPBIN2\CMIG15.bin
File Copy: C:\rowan\mig\SHPBIN2\CORS.bin
File Copy: C:\rowan\mig\SHPBIN2\CORSHD.bin
File Copy: C:\rowan\mig\SHPBIN2\CPTF51.bin
File Copy: C:\rowan\mig\SHPBIN2\CPTF80.bin
File Copy: C:\rowan\mig\SHPBIN2\CPTF84.bin
File Copy: C:\rowan\mig\SHPBIN2\CPTF86.bin
File Copy: C:\rowan\mig\SHPBIN2\CPTM15.bin
File Copy: C:\rowan\mig\SHPBIN2\DIR.DIR
File Copy: C:\rowan\mig\SHPBIN2\DRTYX.bin
File Copy: C:\rowan\mig\SHPBIN2\DUMMY8.bin
File Copy: C:\rowan\mig\SHPBIN2\DUMY10.bin
File Copy: C:\rowan\mig\SHPBIN2\EMPTY2.bin
File Copy: C:\rowan\mig\SHPBIN2\ETRUCK.bin
File Copy: C:\rowan\mig\SHPBIN2\F51.bin
File Copy: C:\rowan\mig\SHPBIN2\F51SHD.bin
File Copy: C:\rowan\mig\SHPBIN2\F80.bin
File Copy: C:\rowan\mig\SHPBIN2\F80SHD.bin
File Copy: C:\rowan\mig\SHPBIN2\F82.bin
File Copy: C:\rowan\mig\SHPBIN2\F82SHD.bin
File Copy: C:\rowan\mig\SHPBIN2\F84.bin
File Copy: C:\rowan\mig\SHPBIN2\F84SHD.bin
File Copy: C:\rowan\mig\SHPBIN2\F86.bin
File Copy: C:\rowan\mig\SHPBIN2\F86SHD.bin
File Copy: C:\rowan\mig\SHPBIN2\F9F.bin
File Copy: C:\rowan\mig\SHPBIN2\FIREB.bin
File Copy: C:\rowan\mig\SHPBIN2\FIRYX.bin
File Copy: C:\rowan\mig\SHPBIN2\FIST.bin
File Copy: C:\rowan\mig\SHPBIN2\FLASH.bin
File Copy: C:\rowan\mig\SHPBIN2\FLMONN.bin
File Copy: C:\rowan\mig\SHPBIN2\FLY.bin
File Copy: C:\rowan\mig\SHPBIN2\FTANK.bin
File Copy: C:\rowan\mig\SHPBIN2\FTRUCK.bin
File Copy: C:\rowan\mig\SHPBIN2\FURY.bin
File Copy: C:\rowan\mig\SHPBIN2\GCLONE.bin
File Copy: C:\rowan\mig\SHPBIN2\HALFT.bin
File Copy: C:\rowan\mig\SHPBIN2\HARLEY.bin
File Copy: C:\rowan\mig\SHPBIN2\HO3SHD.bin
File Copy: C:\rowan\mig\SHPBIN2\HTRUCK.bin
File Copy: C:\rowan\mig\SHPBIN2\IL10.bin
File Copy: C:\rowan\mig\SHPBIN2\ILSHD.bin
File Copy: C:\rowan\mig\SHPBIN2\JEEP1.bin
File Copy: C:\rowan\mig\SHPBIN2\JEEP2.bin
File Copy: C:\rowan\mig\SHPBIN2\M15SHD.bin
File Copy: C:\rowan\mig\SHPBIN2\MAPBLU.bin
File Copy: C:\rowan\mig\SHPBIN2\MAPRED.bin
File Copy: C:\rowan\mig\SHPBIN2\MET.bin
File Copy: C:\rowan\mig\SHPBIN2\METSHD.bin
File Copy: C:\rowan\mig\SHPBIN2\MIG15.bin
File Copy: C:\rowan\mig\SHPBIN2\MOBILA.bin
File Copy: C:\rowan\mig\SHPBIN2\MUSHY.bin
File Copy: C:\rowan\mig\SHPBIN2\PCHUTE.bin
File Copy: C:\rowan\mig\SHPBIN2\PO2.bin
File Copy: C:\rowan\mig\SHPBIN2\ROCKET.bin
File Copy: C:\rowan\mig\SHPBIN2\RSMOKE.bin
File Copy: C:\rowan\mig\SHPBIN2\RTRUCK.bin
File Copy: C:\rowan\mig\SHPBIN2\SFTRCK.bin
File Copy: C:\rowan\mig\SHPBIN2\SHUNT.bin
File Copy: C:\rowan\mig\SHPBIN2\SKYR.bin
File Copy: C:\rowan\mig\SHPBIN2\SMKDRK.bin
File Copy: C:\rowan\mig\SHPBIN2\SMKFIR.bin
File Copy: C:\rowan\mig\SHPBIN2\SMKMED.bin
File Copy: C:\rowan\mig\SHPBIN2\SMOKE.bin
File Copy: C:\rowan\mig\SHPBIN2\SPLASH.bin
File Copy: C:\rowan\mig\SHPBIN2\STEPTO.bin
File Copy: C:\rowan\mig\SHPBIN2\SUPMIG.bin
File Copy: C:\rowan\mig\SHPBIN2\T34.bin
File Copy: C:\rowan\mig\SHPBIN2\T6.bin
File Copy: C:\rowan\mig\SHPBIN2\T6SHD.bin
File Copy: C:\rowan\mig\SHPBIN2\TANKC.bin
File Copy: C:\rowan\mig\SHPBIN2\TANKER.bin
File Copy: C:\rowan\mig\SHPBIN2\TPF51.bin
File Copy: C:\rowan\mig\SHPBIN2\TPF80L.bin
File Copy: C:\rowan\mig\SHPBIN2\TPF80R.bin
File Copy: C:\rowan\mig\SHPBIN2\TPF84L.bin
File Copy: C:\rowan\mig\SHPBIN2\TPF84R.bin
File Copy: C:\rowan\mig\SHPBIN2\TPF86.bin
File Copy: C:\rowan\mig\SHPBIN2\TPM15.bin
File Copy: C:\rowan\mig\SHPBIN2\TRACER.bin
File Copy: C:\rowan\mig\SHPBIN2\TRAM.bin
File Copy: C:\rowan\mig\SHPBIN2\TTRUCK.bin
File Copy: C:\rowan\mig\SHPBIN2\UNTANK.bin
File Copy: C:\rowan\mig\SHPBIN2\UNTRCK.bin
File Copy: C:\rowan\mig\SHPBIN2\VSDSMK.bin
File Copy: C:\rowan\mig\SHPBIN2\VSEHST.bin
File Copy: C:\rowan\mig\SHPBIN2\VSTRAC.bin
File Copy: C:\rowan\mig\SHPBIN2\VSWATR.bin
File Copy: C:\rowan\mig\SHPBIN2\WATSHP.bin
File Copy: C:\rowan\mig\SHPBIN2\WRECK.bin
File Copy: C:\rowan\mig\SHPBIN2\WRECKB.bin
File Copy: C:\rowan\mig\SHPBIN2\WRECKP.bin
File Copy: C:\rowan\mig\SHPBIN2\WRECKT.bin
File Copy: C:\rowan\mig\SHPBIN2\WSMOKE.bin
File Copy: C:\rowan\mig\SHPBIN2\YAK9.bin
File Copy: C:\rowan\mig\SHPBIN2\YAKSHD.bin
Made Dir: C:\rowan\mig\userobj
File Copy: C:\rowan\mig\userobj\DIR.DIR
Made Dir: C:\rowan\mig\USERPROF
File Copy: C:\rowan\mig\USERPROF\DIR.DIR
File Copy: C:\rowan\mig\USERPROF\Vía férrea Munsan-Seoul.prf
File Copy: C:\rowan\mig\readme.txt
File Overwrite: C:\rowan\mig\Dos4GW.exe
File Copy: C:\rowan\mig\MSVCRT.DLL
File Copy: C:\rowan\mig\RSpinBut.ocx
File Copy: C:\rowan\mig\RTickBox.ocx
File Copy: C:\rowan\mig\RTabs.ocx
File Copy: C:\rowan\mig\RStatic.ocx
File Copy: C:\rowan\mig\RSpltBar.ocx
File Copy: C:\rowan\mig\Rscrlbar.ocx
File Copy: C:\rowan\mig\RRadio.ocx
File Copy: C:\rowan\mig\RListBox.ocx
File Copy: C:\rowan\mig\RJoyCfg.ocx
File Copy: C:\rowan\mig\REdtBt.ocx
File Copy: C:\rowan\mig\Redit.ocx
File Copy: C:\rowan\mig\RCombo.ocx
File Copy: C:\rowan\mig\Rbutton.ocx
Made Dir: C:\rowan\mig\English
Made Dir: C:\rowan\mig\English\STDPROF
File Copy: C:\rowan\mig\English\STDPROF\ALPHASTR.PRD
File Copy: C:\rowan\mig\English\STDPROF\ARCONN.PRD
File Copy: C:\rowan\mig\English\STDPROF\Alpha Strike.prf
File Copy: C:\rowan\mig\English\STDPROF\Armed Reconn.prf
File Copy: C:\rowan\mig\English\STDPROF\BARCAP.PRD
File Copy: C:\rowan\mig\English\STDPROF\BARCAP.PRF
File Copy: C:\rowan\mig\English\STDPROF\CAS.PRD
File Copy: C:\rowan\mig\English\STDPROF\CASPUSAN.PRD
File Copy: C:\rowan\mig\English\STDPROF\CRACK.PRD
File Copy: C:\rowan\mig\English\STDPROF\Close Air Support.prf
File Copy: C:\rowan\mig\English\STDPROF\Crack 'n' Burn.prf
File Copy: C:\rowan\mig\English\STDPROF\DIR.DIR
File Copy: C:\rowan\mig\English\STDPROF\FBSTRIKE.PRD
File Copy: C:\rowan\mig\English\STDPROF\Fighter Bomber Strike.prf
File Copy: C:\rowan\mig\English\STDPROF\MBSTRIKE.PRD
File Copy: C:\rowan\mig\English\STDPROF\Medium Bomber Strike.prf
File Copy: C:\rowan\mig\English\STDPROF\Minimum Strike.prf
File Copy: C:\rowan\mig\English\STDPROF\NAPALM.PRD
File Copy: C:\rowan\mig\English\STDPROF\Napalm Strike.prf
File Copy: C:\rowan\mig\English\STDPROF\c1m1.PRD
File Copy: C:\rowan\mig\English\STDPROF\c1m3.PRD
File Copy: C:\rowan\mig\English\STDPROF\minstrike.prd
Made Dir: C:\rowan\mig\English\TEXT
File Copy: C:\rowan\mig\English\TEXT\DIR.DIR
File Copy: C:\rowan\mig\English\TEXT\MIG.HLP
File Copy: C:\rowan\mig\English\TEXT\mig.cnt
File Copy: C:\rowan\mig\English\TEXT\miglang.dll
File Copy: C:\rowan\mig\English\TEXT\radnames.bin
File Copy: C:\rowan\mig\English\TEXT\radscrpt.bin
File Copy: C:\rowan\mig\UNWISE.EXE
RegDB Key: Software\Microsoft\Windows\CurrentVersion\Uninstall\Mig Alley 1.1
RegDB Val: Mig Alley 1.1
RegDB Name: DisplayName
RegDB Root: 2
RegDB Key: Software\Microsoft\Windows\CurrentVersion\Uninstall\Mig Alley 1.1
RegDB Val: C:\rowan\mig\UNWISE.EXE C:\rowan\mig\INSTALL.LOG
RegDB Name: UninstallString
RegDB Root: 2
Made Dir: C:\users\admin\AppData\Roaming\Microsoft\Windows\Start Menu\Programs\Empire Interactive
Made Dir: C:\users\admin\AppData\Roaming\Microsoft\Windows\Start Menu\Programs\Empire Interactive\Mig Alley
Shell Link: C:\users\admin\AppData\Roaming\Microsoft\Windows\Start Menu\Programs\Empire Interactive\Mig Alley\Mig Alley.lnk
Shell Link: C:\users\admin\AppData\Roaming\Microsoft\Windows\Start Menu\Programs\Empire Interactive\Mig Alley\ReadMe.lnk
Shell Link: C:\users\admin\AppData\Roaming\Microsoft\Windows\Start Menu\Programs\Empire Interactive\Mig Alley\Uninstall.lnk
Shell Link: C:\users\admin\AppData\Roaming\Microsoft\Windows\Start Menu\Programs\Empire Interactive\Mig Alley\Nose_Art.lnk
Shell Link: C:\users\admin\AppData\Roaming\Microsoft\Windows\Start Menu\Programs\Empire Interactive\Mig Alley\Connect to the Mplayer.com Web Site.lnk
Shell Link: C:\users\admin\AppData\Roaming\Microsoft\Windows\Start Menu\Programs\Empire Interactive\Mig Alley\Free Internet play on mplayer.com.lnk
RegDB Key: SOFTWARE\Rowan Software\Mig Alley
RegDB Val: Yes
RegDB Name: Installed
RegDB Root: 2
RegDB Key: SOFTWARE\Rowan Software\Mig Alley
RegDB Val: C:\rowan\mig
RegDB Name: Root
RegDB Root: 2
RegDB Key: SOFTWARE\Microsoft\DirectPlay\Applications\MigAlley
RegDB Val: {38305683-01EB-11d2-B1A4-004005247C3D}
RegDB Name: Guid
RegDB Root: 2
RegDB Key: SOFTWARE\Microsoft\DirectPlay\Applications\MigAlley
RegDB Val: Mig.exe
RegDB Name: File
RegDB Root: 2
RegDB Key: SOFTWARE\Microsoft\DirectPlay\Applications\MigAlley
RegDB Val: 
RegDB Name: CommandLine
RegDB Root: 2
RegDB Key: SOFTWARE\Microsoft\DirectPlay\Applications\MigAlley
RegDB Val: C:\rowan\mig
RegDB Name: Path
RegDB Root: 2
RegDB Key: SOFTWARE\Microsoft\DirectPlay\Applications\MigAlley
RegDB Val: C:\rowan\mig
RegDB Name: CurrentDirectory
RegDB Root: 2
Self-Register: C:\rowan\mig\RSpinBut.ocx
Self-Register: C:\rowan\mig\RTickBox.ocx
Self-Register: C:\rowan\mig\RTabs.ocx
Self-Register: C:\rowan\mig\RStatic.ocx
Self-Register: C:\rowan\mig\RSpltBar.ocx
Self-Register: C:\rowan\mig\Rscrlbar.ocx
Self-Register: C:\rowan\mig\RRadio.ocx
Self-Register: C:\rowan\mig\RListBox.ocx
Self-Register: C:\rowan\mig\RJoyCfg.ocx
Self-Register: C:\rowan\mig\REdtBt.ocx
Self-Register: C:\rowan\mig\Redit.ocx
Self-Register: C:\rowan\mig\RCombo.ocx
Self-Register: C:\rowan\mig\Rbutton.ocx
User Rights: Admin
